DBRep_DrawableShape

CASCADE Topology V1, (c) Matra-Datavision
Locations 0
Curve2ds 804
1 0 10.282675438704587 1 0 
2 0 0 1 0 -0 1 4
1 6.2831853071795862 -0 0 1 
1 0 -0 0 1 
1 0 0 1 0 
2 0 0 1 0 -0 1 4
1 0 10.033114035192966 1 0 
2 0 0 1 0 -0 1 4
1 6.2831853071795862 -0 0 1 
1 0 -0 0 1 
1 0 0 1 0 
2 0 0 1 0 -0 1 4
1 0 9.7835526316814594 1 0 
2 0 0 1 0 -0 1 4
1 6.2831853071795862 -0 0 1 
1 0 -0 0 1 
1 0 0 1 0 
2 0 0 1 0 -0 1 4
1 0 9.5339912281699526 1 0 
2 0 0 1 0 -0 1 4
1 6.2831853071795862 -0 0 1 
1 0 -0 0 1 
1 0 0 1 0 
2 0 0 1 0 -0 1 4
1 0 9.2844298246585595 1 0 
2 0 0 1 0 -0 1 4
1 6.2831853071795862 -0 0 1 
1 0 -0 0 1 
1 0 0 1 0 
2 0 0 1 0 -0 1 4
1 0 9.0348684211470527 1 0 
2 0 0 1 0 -0 1 4
1 6.2831853071795862 -0 0 1 
1 0 -0 0 1 
1 0 0 1 0 
2 0 0 1 0 -0 1 4
1 0 8.7853070176354322 1 0 
2 0 0 1 0 -0 1 4
1 6.2831853071795862 -0 0 1 
1 0 -0 0 1 
1 0 0 1 0 
2 0 0 1 0 -0 1 4
1 0 8.5357456141239254 1 0 
2 0 0 1 0 -0 1 4
1 6.2831853071795862 -0 0 1 
1 0 -0 0 1 
1 0 0 1 0 
2 0 0 1 0 -0 1 4
1 0 8.2861842106124186 1 0 
2 0 0 1 0 -0 1 4
1 6.2831853071795862 -0 0 1 
1 0 -0 0 1 
1 0 0 1 0 
2 0 0 1 0 -0 1 4
1 0 8.0366228071010255 1 0 
2 0 0 1 0 -0 1 4
1 6.2831853071795862 -0 0 1 
1 0 -0 0 1 
1 0 0 1 0 
2 0 0 1 0 -0 1 4
1 0 7.7870614035895187 1 0 
2 0 0 1 0 -0 1 4
1 6.2831853071795862 -0 0 1 
1 0 -0 0 1 
1 0 0 1 0 
2 0 0 1 0 -0 1 4
1 0 7.5375000000777845 1 0 
2 0 0 1 0 -0 1 4
1 6.2831853071795862 -0 0 1 
1 0 -0 0 1 
1 0 0 1 0 
2 0 0 1 0 -0 1 4
1 0 7.2879385965666188 1 0 
2 0 0 1 0 -0 1 4
1 6.2831853071795862 -0 0 1 
1 0 -0 0 1 
1 0 0 1 0 
2 0 0 1 0 -0 1 4
1 0 7.0383771930548846 1 0 
2 0 0 1 0 -0 1 4
1 6.2831853071795862 -0 0 1 
1 0 -0 0 1 
1 0 0 1 0 
2 0 0 1 0 -0 1 4
1 0 6.7888157895433778 1 0 
2 0 0 1 0 -0 1 4
1 6.2831853071795862 -0 0 1 
1 0 -0 0 1 
1 0 0 1 0 
2 0 0 1 0 -0 1 4
1 0 6.539254386031871 1 0 
2 0 0 1 0 -0 1 4
1 6.2831853071795862 -0 0 1 
1 0 -0 0 1 
1 0 0 1 0 
2 0 0 1 0 -0 1 4
1 0 6.2896929825203642 1 0 
2 0 0 1 0 -0 1 4
1 6.2831853071795862 -0 0 1 
1 0 -0 0 1 
1 0 0 1 0 
2 0 0 1 0 -0 1 4
1 0 6.0401315790090848 1 0 
2 0 0 1 0 -0 1 4
1 6.2831853071795862 -0 0 1 
1 0 -0 0 1 
1 0 0 1 0 
2 0 0 1 0 -0 1 4
1 0 5.7905701754973506 1 0 
2 0 0 1 0 -0 1 4
1 6.2831853071795862 -0 0 1 
1 0 -0 0 1 
1 0 0 1 0 
2 0 0 1 0 -0 1 4
1 0 5.5410087719858439 1 0 
2 0 0 1 0 -0 1 4
1 6.2831853071795862 -0 0 1 
1 0 -0 0 1 
1 0 0 1 0 
2 0 0 1 0 -0 1 4
1 0 5.2914473684743371 1 0 
2 0 0 1 0 -0 1 4
1 6.2831853071795862 -0 0 1 
1 0 -0 0 1 
1 0 0 1 0 
2 0 0 1 0 -0 1 4
1 0 5.0418859649628303 1 0 
2 0 0 1 0 -0 1 4
1 6.2831853071795862 -0 0 1 
1 0 -0 0 1 
1 0 0 1 0 
2 0 0 1 0 -0 1 4
1 0 4.7923245614515508 1 0 
2 0 0 1 0 -0 1 4
1 6.2831853071795862 -0 0 1 
1 0 -0 0 1 
1 0 0 1 0 
2 0 0 1 0 -0 1 4
1 0 4.5427631579398167 1 0 
2 0 0 1 0 -0 1 4
1 6.2831853071795862 -0 0 1 
1 0 -0 0 1 
1 0 0 1 0 
2 0 0 1 0 -0 1 4
1 0 4.2932017544283099 1 0 
2 0 0 1 0 -0 1 4
1 6.2831853071795862 -0 0 1 
1 0 -0 0 1 
1 0 0 1 0 
2 0 0 1 0 -0 1 4
1 0 4.0436403509168031 1 0 
2 0 0 1 0 -0 1 4
1 6.2831853071795862 -0 0 1 
1 0 -0 0 1 
1 0 0 1 0 
2 0 0 1 0 -0 1 4
1 0 3.7940789474052963 1 0 
2 0 0 1 0 -0 1 4
1 6.2831853071795862 -0 0 1 
1 0 -0 0 1 
1 0 0 1 0 
2 0 0 1 0 -0 1 4
1 0 3.5445175438940169 1 0 
2 0 0 1 0 -0 1 4
1 6.2831853071795862 -0 0 1 
1 0 -0 0 1 
1 0 0 1 0 
2 0 0 1 0 -0 1 4
1 0 3.2949561403822827 1 0 
2 0 0 1 0 -0 1 4
1 6.2831853071795862 -0 0 1 
1 0 -0 0 1 
1 0 0 1 0 
2 0 0 1 0 -0 1 4
1 0 3.0453947368707759 1 0 
2 0 0 1 0 -0 1 4
1 6.2831853071795862 -0 0 1 
1 0 -0 0 1 
1 0 0 1 0 
2 0 0 1 0 -0 1 4
1 0 2.7958333333592691 1 0 
2 0 0 1 0 -0 1 4
1 6.2831853071795862 -0 0 1 
1 0 -0 0 1 
1 0 0 1 0 
2 0 0 1 0 -0 1 4
1 0 2.5462719298477623 1 0 
2 0 0 1 0 -0 1 4
1 6.2831853071795862 -0 0 1 
1 0 -0 0 1 
1 0 0 1 0 
2 0 0 1 0 -0 1 4
1 0 2.2967105263364829 1 0 
2 0 0 1 0 -0 1 4
1 6.2831853071795862 -0 0 1 
1 0 -0 0 1 
1 0 0 1 0 
2 0 0 1 0 -0 1 4
1 0 2.0471491228247487 1 0 
2 0 0 1 0 -0 1 4
1 6.2831853071795862 -0 0 1 
1 0 -0 0 1 
1 0 0 1 0 
2 0 0 1 0 -0 1 4
1 0 1.7975877193132419 1 0 
2 0 0 1 0 -0 1 4
1 6.2831853071795862 -0 0 1 
1 0 -0 0 1 
1 0 0 1 0 
2 0 0 1 0 -0 1 4
1 0 1.5480263158017351 1 0 
2 0 0 1 0 -0 1 4
1 6.2831853071795862 -0 0 1 
1 0 -0 0 1 
1 0 0 1 0 
2 0 0 1 0 -0 1 4
1 0 1.2984649122902283 1 0 
2 0 0 1 0 -0 1 4
1 6.2831853071795862 -0 0 1 
1 0 -0 0 1 
1 0 0 1 0 
2 0 0 1 0 -0 1 4
1 0 1.0489035087789489 1 0 
2 0 0 1 0 -0 1 4
1 6.2831853071795862 -0 0 1 
1 0 -0 0 1 
1 0 0 1 0 
2 0 0 1 0 -0 1 4
1 0 0.79934210526721472 1 0 
2 0 0 1 0 -0 1 4
1 6.2831853071795862 -0 0 1 
1 0 -0 0 1 
1 0 0 1 0 
2 0 0 1 0 -0 1 4
1 0 0.54978070175570792 1 0 
2 0 0 1 0 -0 1 4
1 6.2831853071795862 -0 0 1 
1 0 -0 0 1 
1 0 0 1 0 
2 0 0 1 0 -0 1 4
1 0 0.30021929824420113 1 0 
2 0 0 1 0 -0 1 4
1 6.2831853071795862 -0 0 1 
1 0 -0 0 1 
1 0 0 1 0 
2 0 0 1 0 -0 1 4
1 0 0.050657894732694331 1 0 
2 0 0 1 0 -0 1 4
1 6.2831853071795862 -0 0 1 
1 0 -0 0 1 
1 0 0 1 0 
2 0 0 1 0 -0 1 4
1 0 0.19890350877858509 1 0 
2 0 0 1 0 -0 1 4
1 6.2831853071795862 -0 0 1 
1 0 -0 0 1 
1 0 0 1 0 
2 0 0 1 0 -0 1 4
1 0 0.44846491229031926 1 0 
2 0 0 1 0 -0 1 4
1 6.2831853071795862 -0 0 1 
1 0 -0 0 1 
1 0 0 1 0 
2 0 0 1 0 -0 1 4
1 0 0.69802631580182606 1 0 
2 0 0 1 0 -0 1 4
1 6.2831853071795862 -0 0 1 
1 0 -0 0 1 
1 0 0 1 0 
2 0 0 1 0 -0 1 4
1 0 0.94758771931321917 1 0 
2 0 0 1 0 -0 1 4
1 6.2831853071795862 -0 0 1 
1 0 -0 0 1 
1 0 0 1 0 
2 0 0 1 0 -0 1 4
1 0 1.1971491228248397 1 0 
2 0 0 1 0 -0 1 4
1 6.2831853071795862 -0 0 1 
1 0 -0 0 1 
1 0 0 1 0 
2 0 0 1 0 -0 1 4
1 0 1.4467105263363464 1 0 
2 0 0 1 0 -0 1 4
1 6.2831853071795862 -0 0 1 
1 0 -0 0 1 
1 0 0 1 0 
2 0 0 1 0 -0 1 4
1 0 1.6962719298478532 1 0 
2 0 0 1 0 -0 1 4
1 6.2831853071795862 -0 0 1 
1 0 -0 0 1 
1 0 0 1 0 
2 0 0 1 0 -0 1 4
1 0 1.9458333333592464 1 0 
2 0 0 1 0 -0 1 4
1 6.2831853071795862 -0 0 1 
1 0 -0 0 1 
1 0 0 1 0 
2 0 0 1 0 -0 1 4
1 0 2.1953947368707531 1 0 
2 0 0 1 0 -0 1 4
1 6.2831853071795862 -0 0 1 
1 0 -0 0 1 
1 0 0 1 0 
2 0 0 1 0 -0 1 4
1 0 2.4449561403823736 1 0 
2 0 0 1 0 -0 1 4
1 6.2831853071795862 -0 0 1 
1 0 -0 0 1 
1 0 0 1 0 
2 0 0 1 0 -0 1 4
1 0 2.6945175438938804 1 0 
2 0 0 1 0 -0 1 4
1 6.2831853071795862 -0 0 1 
1 0 -0 0 1 
1 0 0 1 0 
2 0 0 1 0 -0 1 4
1 0 2.9440789474053872 1 0 
2 0 0 1 0 -0 1 4
1 6.2831853071795862 -0 0 1 
1 0 -0 0 1 
1 0 0 1 0 
2 0 0 1 0 -0 1 4
1 0 3.1936403509167803 1 0 
2 0 0 1 0 -0 1 4
1 6.2831853071795862 -0 0 1 
1 0 -0 0 1 
1 0 0 1 0 
2 0 0 1 0 -0 1 4
1 0 3.4432017544282871 1 0 
2 0 0 1 0 -0 1 4
1 6.2831853071795862 -0 0 1 
1 0 -0 0 1 
1 0 0 1 0 
2 0 0 1 0 -0 1 4
1 0 3.6927631579399076 1 0 
2 0 0 1 0 -0 1 4
1 6.2831853071795862 -0 0 1 
1 0 -0 0 1 
1 0 0 1 0 
2 0 0 1 0 -0 1 4
1 0 3.9423245614514144 1 0 
2 0 0 1 0 -0 1 4
1 6.2831853071795862 -0 0 1 
1 0 -0 0 1 
1 0 0 1 0 
2 0 0 1 0 -0 1 4
1 0 4.1918859649629212 1 0 
2 0 0 1 0 -0 1 4
1 6.2831853071795862 -0 0 1 
1 0 -0 0 1 
1 0 0 1 0 
2 0 0 1 0 -0 1 4
1 0 4.4414473684743143 1 0 
2 0 0 1 0 -0 1 4
1 6.2831853071795862 -0 0 1 
1 0 -0 0 1 
1 0 0 1 0 
2 0 0 1 0 -0 1 4
1 0 4.6910087719858211 1 0 
2 0 0 1 0 -0 1 4
1 6.2831853071795862 -0 0 1 
1 0 -0 0 1 
1 0 0 1 0 
2 0 0 1 0 -0 1 4
1 0 4.9405701754974416 1 0 
2 0 0 1 0 -0 1 4
1 6.2831853071795862 -0 0 1 
1 0 -0 0 1 
1 0 0 1 0 
2 0 0 1 0 -0 1 4
1 0 5.1901315790089484 1 0 
2 0 0 1 0 -0 1 4
1 6.2831853071795862 -0 0 1 
1 0 -0 0 1 
1 0 0 1 0 
2 0 0 1 0 -0 1 4
1 0 5.4396929825204552 1 0 
2 0 0 1 0 -0 1 4
1 6.2831853071795862 -0 0 1 
1 0 -0 0 1 
1 0 0 1 0 
2 0 0 1 0 -0 1 4
1 0 5.6892543860318483 1 0 
2 0 0 1 0 -0 1 4
1 6.2831853071795862 -0 0 1 
1 0 -0 0 1 
1 0 0 1 0 
2 0 0 1 0 -0 1 4
1 0 5.9388157895433551 1 0 
2 0 0 1 0 -0 1 4
1 6.2831853071795862 -0 0 1 
1 0 -0 0 1 
1 0 0 1 0 
2 0 0 1 0 -0 1 4
1 0 6.1883771930549756 1 0 
2 0 0 1 0 -0 1 4
1 6.2831853071795862 -0 0 1 
1 0 -0 0 1 
1 0 0 1 0 
2 0 0 1 0 -0 1 4
1 0 6.4379385965664824 1 0 
2 0 0 1 0 -0 1 4
1 6.2831853071795862 -0 0 1 
1 0 -0 0 1 
1 0 0 1 0 
2 0 0 1 0 -0 1 4
1 0 6.6875000000779892 1 0 
2 0 0 1 0 -0 1 4
1 6.2831853071795862 -0 0 1 
1 0 -0 0 1 
1 0 0 1 0 
2 0 0 1 0 -0 1 4
1 0 6.9370614035893823 1 0 
2 0 0 1 0 -0 1 4
1 6.2831853071795862 -0 0 1 
1 0 -0 0 1 
1 0 0 1 0 
2 0 0 1 0 -0 1 4
1 0 7.1866228071008891 1 0 
2 0 0 1 0 -0 1 4
1 6.2831853071795862 -0 0 1 
1 0 -0 0 1 
1 0 0 1 0 
2 0 0 1 0 -0 1 4
1 0 7.4361842106125096 1 0 
2 0 0 1 0 -0 1 4
1 6.2831853071795862 -0 0 1 
1 0 -0 0 1 
1 0 0 1 0 
2 0 0 1 0 -0 1 4
1 0 7.6857456141240164 1 0 
2 0 0 1 0 -0 1 4
1 6.2831853071795862 -0 0 1 
1 0 -0 0 1 
1 0 0 1 0 
2 0 0 1 0 -0 1 4
1 0 7.9353070176355232 1 0 
2 0 0 1 0 -0 1 4
1 6.2831853071795862 -0 0 1 
1 0 -0 0 1 
1 0 0 1 0 
2 0 0 1 0 -0 1 4
1 0 8.1848684211469163 1 0 
2 0 0 1 0 -0 1 4
1 6.2831853071795862 -0 0 1 
1 0 -0 0 1 
1 0 0 1 0 
2 0 0 1 0 -0 1 4
1 0 8.4344298246584231 1 0 
2 0 0 1 0 -0 1 4
1 6.2831853071795862 -0 0 1 
1 0 -0 0 1 
1 0 0 1 0 
2 0 0 1 0 -0 1 4
1 0 8.6839912281700435 1 0 
2 0 0 1 0 -0 1 4
1 6.2831853071795862 -0 0 1 
1 0 -0 0 1 
1 0 0 1 0 
2 0 0 1 0 -0 1 4
1 0 8.9335526316815503 1 0 
2 0 0 1 0 -0 1 4
1 6.2831853071795862 -0 0 1 
1 0 -0 0 1 
1 0 0 1 0 
2 0 0 1 0 -0 1 4
1 0 9.1831140351930571 1 0 
2 0 0 1 0 -0 1 4
1 6.2831853071795862 -0 0 1 
1 0 -0 0 1 
1 0 0 1 0 
2 0 0 1 0 -0 1 4
1 0 9.4326754387044502 1 0 
2 0 0 1 0 -0 1 4
1 6.2831853071795862 -0 0 1 
1 0 -0 0 1 
1 0 0 1 0 
2 0 0 1 0 -0 1 4
1 0 1.5707963267948966 1 0 
1 6.2831853071795862 -6.2831853071795862 0 1 
1 0 -6.2831853071795862 0 1 
1 0 -1.5707963267948966 1 0 
1 0 1.5707963267948966 1 0 
1 6.2831853071795862 -6.2831853071795862 0 1 
1 0 -6.2831853071795862 0 1 
1 0 -1.5707963267948966 1 0 
1 0 1.5707963267948966 1 0 
1 6.2831853071795862 -6.2831853071795862 0 1 
1 0 -6.2831853071795862 0 1 
1 0 -1.5707963267948966 1 0 
1 0 1.5707963267948966 1 0 
1 6.2831853071795862 -6.2831853071795862 0 1 
1 0 -6.2831853071795862 0 1 
1 0 -1.5707963267948966 1 0 
1 0 1.5707963267948966 1 0 
1 6.2831853071795862 -6.2831853071795862 0 1 
1 0 -6.2831853071795862 0 1 
1 0 -1.5707963267948966 1 0 
1 0 1.5707963267948966 1 0 
1 6.2831853071795862 -6.2831853071795862 0 1 
1 0 -6.2831853071795862 0 1 
1 0 -1.5707963267948966 1 0 
1 0 1.5707963267948966 1 0 
1 6.2831853071795862 -6.2831853071795862 0 1 
1 0 -6.2831853071795862 0 1 
1 0 -1.5707963267948966 1 0 
1 0 1.5707963267948966 1 0 
1 6.2831853071795862 -6.2831853071795862 0 1 
1 0 -6.2831853071795862 0 1 
1 0 -1.5707963267948966 1 0 
1 0 1.5707963267948966 1 0 
1 6.2831853071795862 -6.2831853071795862 0 1 
1 0 -6.2831853071795862 0 1 
1 0 -1.5707963267948966 1 0 
1 0 1.5707963267948966 1 0 
1 6.2831853071795862 -6.2831853071795862 0 1 
1 0 -6.2831853071795862 0 1 
1 0 -1.5707963267948966 1 0 
1 0 1.5707963267948966 1 0 
1 6.2831853071795862 -6.2831853071795862 0 1 
1 0 -6.2831853071795862 0 1 
1 0 -1.5707963267948966 1 0 
1 0 1.5707963267948966 1 0 
1 6.2831853071795862 -6.2831853071795862 0 1 
1 0 -6.2831853071795862 0 1 
1 0 -1.5707963267948966 1 0 
1 0 1.5707963267948966 1 0 
1 6.2831853071795862 -6.2831853071795862 0 1 
1 0 -6.2831853071795862 0 1 
1 0 -1.5707963267948966 1 0 
1 0 1.5707963267948966 1 0 
1 6.2831853071795862 -6.2831853071795862 0 1 
1 0 -6.2831853071795862 0 1 
1 0 -1.5707963267948966 1 0 
1 0 1.5707963267948966 1 0 
1 6.2831853071795862 -6.2831853071795862 0 1 
1 0 -6.2831853071795862 0 1 
1 0 -1.5707963267948966 1 0 
1 0 1.5707963267948966 1 0 
1 6.2831853071795862 -6.2831853071795862 0 1 
1 0 -6.2831853071795862 0 1 
1 0 -1.5707963267948966 1 0 
1 0 1.5707963267948966 1 0 
1 6.2831853071795862 -6.2831853071795862 0 1 
1 0 -6.2831853071795862 0 1 
1 0 -1.5707963267948966 1 0 
1 0 1.5707963267948966 1 0 
1 6.2831853071795862 -6.2831853071795862 0 1 
1 0 -6.2831853071795862 0 1 
1 0 -1.5707963267948966 1 0 
1 0 1.5707963267948966 1 0 
1 6.2831853071795862 -6.2831853071795862 0 1 
1 0 -6.2831853071795862 0 1 
1 0 -1.5707963267948966 1 0 
1 0 1.5707963267948966 1 0 
1 6.2831853071795862 -6.2831853071795862 0 1 
1 0 -6.2831853071795862 0 1 
1 0 -1.5707963267948966 1 0 
1 0 1.5707963267948966 1 0 
1 6.2831853071795862 -6.2831853071795862 0 1 
1 0 -6.2831853071795862 0 1 
1 0 -1.5707963267948966 1 0 
1 0 1.5707963267948966 1 0 
1 6.2831853071795862 -6.2831853071795862 0 1 
1 0 -6.2831853071795862 0 1 
1 0 -1.5707963267948966 1 0 
1 0 1.5707963267948966 1 0 
1 6.2831853071795862 -6.2831853071795862 0 1 
1 0 -6.2831853071795862 0 1 
1 0 -1.5707963267948966 1 0 
1 0 1.5707963267948966 1 0 
1 6.2831853071795862 -6.2831853071795862 0 1 
1 0 -6.2831853071795862 0 1 
1 0 -1.5707963267948966 1 0 
1 0 1.5707963267948966 1 0 
1 6.2831853071795862 -6.2831853071795862 0 1 
1 0 -6.2831853071795862 0 1 
1 0 -1.5707963267948966 1 0 
1 0 1.5707963267948966 1 0 
1 6.2831853071795862 -6.2831853071795862 0 1 
1 0 -6.2831853071795862 0 1 
1 0 -1.5707963267948966 1 0 
1 0 1.5707963267948966 1 0 
1 6.2831853071795862 -6.2831853071795862 0 1 
1 0 -6.2831853071795862 0 1 
1 0 -1.5707963267948966 1 0 
1 0 1.5707963267948966 1 0 
1 6.2831853071795862 -6.2831853071795862 0 1 
1 0 -6.2831853071795862 0 1 
1 0 -1.5707963267948966 1 0 
1 0 1.5707963267948966 1 0 
1 6.2831853071795862 -6.2831853071795862 0 1 
1 0 -6.2831853071795862 0 1 
1 0 -1.5707963267948966 1 0 
1 0 1.5707963267948966 1 0 
1 6.2831853071795862 -6.2831853071795862 0 1 
1 0 -6.2831853071795862 0 1 
1 0 -1.5707963267948966 1 0 
1 0 1.5707963267948966 1 0 
1 6.2831853071795862 -6.2831853071795862 0 1 
1 0 -6.2831853071795862 0 1 
1 0 -1.5707963267948966 1 0 
1 0 1.5707963267948966 1 0 
1 6.2831853071795862 -6.2831853071795862 0 1 
1 0 -6.2831853071795862 0 1 
1 0 -1.5707963267948966 1 0 
1 0 1.5707963267948966 1 0 
1 6.2831853071795862 -6.2831853071795862 0 1 
1 0 -6.2831853071795862 0 1 
1 0 -1.5707963267948966 1 0 
1 0 1.5707963267948966 1 0 
1 6.2831853071795862 -6.2831853071795862 0 1 
1 0 -6.2831853071795862 0 1 
1 0 -1.5707963267948966 1 0 
1 0 1.5707963267948966 1 0 
1 6.2831853071795862 -6.2831853071795862 0 1 
1 0 -6.2831853071795862 0 1 
1 0 -1.5707963267948966 1 0 
1 0 1.5707963267948966 1 0 
1 6.2831853071795862 -6.2831853071795862 0 1 
1 0 -6.2831853071795862 0 1 
1 0 -1.5707963267948966 1 0 
1 0 1.5707963267948966 1 0 
1 6.2831853071795862 -6.2831853071795862 0 1 
1 0 -6.2831853071795862 0 1 
1 0 -1.5707963267948966 1 0 
1 0 1.5707963267948966 1 0 
1 6.2831853071795862 -6.2831853071795862 0 1 
1 0 -6.2831853071795862 0 1 
1 0 -1.5707963267948966 1 0 
1 0 1.5707963267948966 1 0 
1 6.2831853071795862 -6.2831853071795862 0 1 
1 0 -6.2831853071795862 0 1 
1 0 -1.5707963267948966 1 0 
1 0 1.5707963267948966 1 0 
1 6.2831853071795862 -6.2831853071795862 0 1 
1 0 -6.2831853071795862 0 1 
1 0 -1.5707963267948966 1 0 
1 0 1.5707963267948966 1 0 
1 6.2831853071795862 -6.2831853071795862 0 1 
1 0 -6.2831853071795862 0 1 
1 0 -1.5707963267948966 1 0 
1 0 1.5707963267948966 1 0 
1 6.2831853071795862 -6.2831853071795862 0 1 
1 0 -6.2831853071795862 0 1 
1 0 -1.5707963267948966 1 0 
1 0 1.5707963267948966 1 0 
1 6.2831853071795862 -6.2831853071795862 0 1 
1 0 -6.2831853071795862 0 1 
1 0 -1.5707963267948966 1 0 
1 0 1.5707963267948966 1 0 
1 6.2831853071795862 -6.2831853071795862 0 1 
1 0 -6.2831853071795862 0 1 
1 0 -1.5707963267948966 1 0 
1 0 1.5707963267948966 1 0 
1 6.2831853071795862 -6.2831853071795862 0 1 
1 0 -6.2831853071795862 0 1 
1 0 -1.5707963267948966 1 0 
1 0 1.5707963267948966 1 0 
1 6.2831853071795862 -6.2831853071795862 0 1 
1 0 -6.2831853071795862 0 1 
1 0 -1.5707963267948966 1 0 
1 0 1.5707963267948966 1 0 
1 6.2831853071795862 -6.2831853071795862 0 1 
1 0 -6.2831853071795862 0 1 
1 0 -1.5707963267948966 1 0 
1 0 1.5707963267948966 1 0 
1 6.2831853071795862 -6.2831853071795862 0 1 
1 0 -6.2831853071795862 0 1 
1 0 -1.5707963267948966 1 0 
1 0 1.5707963267948966 1 0 
1 6.2831853071795862 -6.2831853071795862 0 1 
1 0 -6.2831853071795862 0 1 
1 0 -1.5707963267948966 1 0 
1 0 1.5707963267948966 1 0 
1 6.2831853071795862 -6.2831853071795862 0 1 
1 0 -6.2831853071795862 0 1 
1 0 -1.5707963267948966 1 0 
1 0 1.5707963267948966 1 0 
1 6.2831853071795862 -6.2831853071795862 0 1 
1 0 -6.2831853071795862 0 1 
1 0 -1.5707963267948966 1 0 
1 0 1.5707963267948966 1 0 
1 6.2831853071795862 -6.2831853071795862 0 1 
1 0 -6.2831853071795862 0 1 
1 0 -1.5707963267948966 1 0 
1 0 1.5707963267948966 1 0 
1 6.2831853071795862 -6.2831853071795862 0 1 
1 0 -6.2831853071795862 0 1 
1 0 -1.5707963267948966 1 0 
1 0 1.5707963267948966 1 0 
1 6.2831853071795862 -6.2831853071795862 0 1 
1 0 -6.2831853071795862 0 1 
1 0 -1.5707963267948966 1 0 
1 0 1.5707963267948966 1 0 
1 6.2831853071795862 -6.2831853071795862 0 1 
1 0 -6.2831853071795862 0 1 
1 0 -1.5707963267948966 1 0 
1 0 1.5707963267948966 1 0 
1 6.2831853071795862 -6.2831853071795862 0 1 
1 0 -6.2831853071795862 0 1 
1 0 -1.5707963267948966 1 0 
1 0 1.5707963267948966 1 0 
1 6.2831853071795862 -6.2831853071795862 0 1 
1 0 -6.2831853071795862 0 1 
1 0 -1.5707963267948966 1 0 
1 0 1.5707963267948966 1 0 
1 6.2831853071795862 -6.2831853071795862 0 1 
1 0 -6.2831853071795862 0 1 
1 0 -1.5707963267948966 1 0 
1 0 1.5707963267948966 1 0 
1 6.2831853071795862 -6.2831853071795862 0 1 
1 0 -6.2831853071795862 0 1 
1 0 -1.5707963267948966 1 0 
1 0 1.5707963267948966 1 0 
1 6.2831853071795862 -6.2831853071795862 0 1 
1 0 -6.2831853071795862 0 1 
1 0 -1.5707963267948966 1 0 
1 0 1.5707963267948966 1 0 
1 6.2831853071795862 -6.2831853071795862 0 1 
1 0 -6.2831853071795862 0 1 
1 0 -1.5707963267948966 1 0 
1 0 1.5707963267948966 1 0 
1 6.2831853071795862 -6.2831853071795862 0 1 
1 0 -6.2831853071795862 0 1 
1 0 -1.5707963267948966 1 0 
1 0 1.5707963267948966 1 0 
1 6.2831853071795862 -6.2831853071795862 0 1 
1 0 -6.2831853071795862 0 1 
1 0 -1.5707963267948966 1 0 
1 0 1.5707963267948966 1 0 
1 6.2831853071795862 -6.2831853071795862 0 1 
1 0 -6.2831853071795862 0 1 
1 0 -1.5707963267948966 1 0 
1 0 1.5707963267948966 1 0 
1 6.2831853071795862 -6.2831853071795862 0 1 
1 0 -6.2831853071795862 0 1 
1 0 -1.5707963267948966 1 0 
1 0 1.5707963267948966 1 0 
1 6.2831853071795862 -6.2831853071795862 0 1 
1 0 -6.2831853071795862 0 1 
1 0 -1.5707963267948966 1 0 
1 0 1.5707963267948966 1 0 
1 6.2831853071795862 -6.2831853071795862 0 1 
1 0 -6.2831853071795862 0 1 
1 0 -1.5707963267948966 1 0 
1 0 1.5707963267948966 1 0 
1 6.2831853071795862 -6.2831853071795862 0 1 
1 0 -6.2831853071795862 0 1 
1 0 -1.5707963267948966 1 0 
1 0 1.5707963267948966 1 0 
1 6.2831853071795862 -6.2831853071795862 0 1 
1 0 -6.2831853071795862 0 1 
1 0 -1.5707963267948966 1 0 
1 0 1.5707963267948966 1 0 
1 6.2831853071795862 -6.2831853071795862 0 1 
1 0 -6.2831853071795862 0 1 
1 0 -1.5707963267948966 1 0 
1 0 1.5707963267948966 1 0 
1 6.2831853071795862 -6.2831853071795862 0 1 
1 0 -6.2831853071795862 0 1 
1 0 -1.5707963267948966 1 0 
1 0 1.5707963267948966 1 0 
1 6.2831853071795862 -6.2831853071795862 0 1 
1 0 -6.2831853071795862 0 1 
1 0 -1.5707963267948966 1 0 
1 0 1.5707963267948966 1 0 
1 6.2831853071795862 -6.2831853071795862 0 1 
1 0 -6.2831853071795862 0 1 
1 0 -1.5707963267948966 1 0 
1 0 1.5707963267948966 1 0 
1 6.2831853071795862 -6.2831853071795862 0 1 
1 0 -6.2831853071795862 0 1 
1 0 -1.5707963267948966 1 0 
1 0 1.5707963267948966 1 0 
1 6.2831853071795862 -6.2831853071795862 0 1 
1 0 -6.2831853071795862 0 1 
1 0 -1.5707963267948966 1 0 
1 0 1.5707963267948966 1 0 
1 6.2831853071795862 -6.2831853071795862 0 1 
1 0 -6.2831853071795862 0 1 
1 0 -1.5707963267948966 1 0 
1 0 1.5707963267948966 1 0 
1 6.2831853071795862 -6.2831853071795862 0 1 
1 0 -6.2831853071795862 0 1 
1 0 -1.5707963267948966 1 0 
1 0 1.5707963267948966 1 0 
1 6.2831853071795862 -6.2831853071795862 0 1 
1 0 -6.2831853071795862 0 1 
1 0 -1.5707963267948966 1 0 
1 0 1.5707963267948966 1 0 
1 6.2831853071795862 -6.2831853071795862 0 1 
1 0 -6.2831853071795862 0 1 
1 0 -1.5707963267948966 1 0 
1 0 1.5707963267948966 1 0 
1 6.2831853071795862 -6.2831853071795862 0 1 
1 0 -6.2831853071795862 0 1 
1 0 -1.5707963267948966 1 0 
1 0 1.5707963267948966 1 0 
1 6.2831853071795862 -6.2831853071795862 0 1 
1 0 -6.2831853071795862 0 1 
1 0 -1.5707963267948966 1 0 
Curves 321
2 300 1238 606.28267543870459 0 0 1 1 0 -0 -0 1 0 4
1 304 1238 596 0 0 1 
2 300 1238 596 0 0 1 1 0 -0 -0 1 0 4
2 300 1238 616.31578947389755 0 0 1 1 0 -0 -0 1 0 4
1 304 1238 606.28267543870459 0 0 1 
2 300 1238 606.28267543870459 0 0 1 1 0 -0 -0 1 0 4
2 300 1238 626.09934210557901 0 0 1 1 0 -0 -0 1 0 4
1 304 1238 616.31578947389755 0 0 1 
2 300 1238 616.31578947389755 0 0 1 1 0 -0 -0 1 0 4
2 300 1238 635.63333333374896 0 0 1 1 0 -0 -0 1 0 4
1 304 1238 626.09934210557901 0 0 1 
2 300 1238 626.09934210557901 0 0 1 1 0 -0 -0 1 0 4
2 300 1238 644.91776315840752 0 0 1 1 0 -0 -0 1 0 4
1 304 1238 635.63333333374896 0 0 1 
2 300 1238 635.63333333374896 0 0 1 1 0 -0 -0 1 0 4
2 300 1238 653.95263157955458 0 0 1 1 0 -0 -0 1 0 4
1 304 1238 644.91776315840752 0 0 1 
2 300 1238 644.91776315840752 0 0 1 1 0 -0 -0 1 0 4
2 300 1238 662.73793859719001 0 0 1 1 0 -0 -0 1 0 4
1 304 1238 653.95263157955458 0 0 1 
2 300 1238 653.95263157955458 0 0 1 1 0 -0 -0 1 0 4
2 300 1238 671.27368421131393 0 0 1 1 0 -0 -0 1 0 4
1 304 1238 662.73793859719001 0 0 1 
2 300 1238 662.73793859719001 0 0 1 1 0 -0 -0 1 0 4
2 300 1238 679.55986842192635 0 0 1 1 0 -0 -0 1 0 4
1 304 1238 671.27368421131393 0 0 1 
2 300 1238 671.27368421131393 0 0 1 1 0 -0 -0 1 0 4
2 300 1238 687.59649122902738 0 0 1 1 0 -0 -0 1 0 4
1 304 1238 679.55986842192635 0 0 1 
2 300 1238 679.55986842192635 0 0 1 1 0 -0 -0 1 0 4
2 300 1238 695.3835526326169 0 0 1 1 0 -0 -0 1 0 4
1 304 1238 687.59649122902738 0 0 1 
2 300 1238 687.59649122902738 0 0 1 1 0 -0 -0 1 0 4
2 300 1238 702.92105263269468 0 0 1 1 0 -0 -0 1 0 4
1 304 1238 695.3835526326169 0 0 1 
2 300 1238 695.3835526326169 0 0 1 1 0 -0 -0 1 0 4
2 300 1238 710.2089912292613 0 0 1 1 0 -0 -0 1 0 4
1 304 1238 702.92105263269468 0 0 1 
2 300 1238 702.92105263269468 0 0 1 1 0 -0 -0 1 0 4
2 300 1238 717.24736842231619 0 0 1 1 0 -0 -0 1 0 4
1 304 1238 710.2089912292613 0 0 1 
2 300 1238 710.2089912292613 0 0 1 1 0 -0 -0 1 0 4
2 300 1238 724.03618421185956 0 0 1 1 0 -0 -0 1 0 4
1 304 1238 717.24736842231619 0 0 1 
2 300 1238 717.24736842231619 0 0 1 1 0 -0 -0 1 0 4
2 300 1238 730.57543859789143 0 0 1 1 0 -0 -0 1 0 4
1 304 1238 724.03618421185956 0 0 1 
2 300 1238 724.03618421185956 0 0 1 1 0 -0 -0 1 0 4
2 300 1238 736.8651315804118 0 0 1 1 0 -0 -0 1 0 4
1 304 1238 730.57543859789143 0 0 1 
2 300 1238 730.57543859789143 0 0 1 1 0 -0 -0 1 0 4
2 300 1238 742.90526315942088 0 0 1 1 0 -0 -0 1 0 4
1 304 1238 736.8651315804118 0 0 1 
2 300 1238 736.8651315804118 0 0 1 1 0 -0 -0 1 0 4
2 300 1238 748.69583333491823 0 0 1 1 0 -0 -0 1 0 4
1 304 1238 742.90526315942088 0 0 1 
2 300 1238 742.90526315942088 0 0 1 1 0 -0 -0 1 0 4
2 300 1238 754.23684210690408 0 0 1 1 0 -0 -0 1 0 4
1 304 1238 748.69583333491823 0 0 1 
2 300 1238 748.69583333491823 0 0 1 1 0 -0 -0 1 0 4
2 300 1238 759.52828947537841 0 0 1 1 0 -0 -0 1 0 4
1 304 1238 754.23684210690408 0 0 1 
2 300 1238 754.23684210690408 0 0 1 1 0 -0 -0 1 0 4
2 300 1238 764.57017544034125 0 0 1 1 0 -0 -0 1 0 4
1 304 1238 759.52828947537841 0 0 1 
2 300 1238 759.52828947537841 0 0 1 1 0 -0 -0 1 0 4
2 300 1238 769.3625000017928 0 0 1 1 0 -0 -0 1 0 4
1 304 1238 764.57017544034125 0 0 1 
2 300 1238 764.57017544034125 0 0 1 1 0 -0 -0 1 0 4
2 300 1238 773.90526315973261 0 0 1 1 0 -0 -0 1 0 4
1 304 1238 769.3625000017928 0 0 1 
2 300 1238 769.3625000017928 0 0 1 1 0 -0 -0 1 0 4
2 300 1238 778.19846491416092 0 0 1 1 0 -0 -0 1 0 4
1 304 1238 773.90526315973261 0 0 1 
2 300 1238 773.90526315973261 0 0 1 1 0 -0 -0 1 0 4
2 300 1238 782.24210526507773 0 0 1 1 0 -0 -0 1 0 4
1 304 1238 778.19846491416092 0 0 1 
2 300 1238 778.19846491416092 0 0 1 1 0 -0 -0 1 0 4
2 300 1238 786.03618421248302 0 0 1 1 0 -0 -0 1 0 4
1 304 1238 782.24210526507773 0 0 1 
2 300 1238 782.24210526507773 0 0 1 1 0 -0 -0 1 0 4
2 300 1238 789.58070175637704 0 0 1 1 0 -0 -0 1 0 4
1 304 1238 786.03618421248302 0 0 1 
2 300 1238 786.03618421248302 0 0 1 1 0 -0 -0 1 0 4
2 300 1238 792.87565789675932 0 0 1 1 0 -0 -0 1 0 4
1 304 1238 789.58070175637704 0 0 1 
2 300 1238 789.58070175637704 0 0 1 1 0 -0 -0 1 0 4
2 300 1238 795.9210526336301 0 0 1 1 0 -0 -0 1 0 4
1 304 1238 792.87565789675932 0 0 1 
2 300 1238 792.87565789675932 0 0 1 1 0 -0 -0 1 0 4
2 300 1238 798.71688596698937 0 0 1 1 0 -0 -0 1 0 4
1 304 1238 795.9210526336301 0 0 1 
2 300 1238 795.9210526336301 0 0 1 1 0 -0 -0 1 0 4
2 300 1238 801.26315789683713 0 0 1 1 0 -0 -0 1 0 4
1 304 1238 798.71688596698937 0 0 1 
2 300 1238 798.71688596698937 0 0 1 1 0 -0 -0 1 0 4
2 300 1238 803.55986842317361 0 0 1 1 0 -0 -0 1 0 4
1 304 1238 801.26315789683713 0 0 1 
2 300 1238 801.26315789683713 0 0 1 1 0 -0 -0 1 0 4
2 300 1238 805.60701754599836 0 0 1 1 0 -0 -0 1 0 4
1 304 1238 803.55986842317361 0 0 1 
2 300 1238 803.55986842317361 0 0 1 1 0 -0 -0 1 0 4
2 300 1238 807.4046052653116 0 0 1 1 0 -0 -0 1 0 4
1 304 1238 805.60701754599836 0 0 1 
2 300 1238 805.60701754599836 0 0 1 1 0 -0 -0 1 0 4
2 300 1238 808.95263158111334 0 0 1 1 0 -0 -0 1 0 4
1 304 1238 807.4046052653116 0 0 1 
2 300 1238 807.4046052653116 0 0 1 1 0 -0 -0 1 0 4
2 300 1238 810.25109649340357 0 0 1 1 0 -0 -0 1 0 4
1 304 1238 808.95263158111334 0 0 1 
2 300 1238 808.95263158111334 0 0 1 1 0 -0 -0 1 0 4
2 300 1238 811.30000000218251 0 0 1 1 0 -0 -0 1 0 4
1 304 1238 810.25109649340357 0 0 1 
2 300 1238 810.25109649340357 0 0 1 1 0 -0 -0 1 0 4
2 300 1238 812.09934210744973 0 0 1 1 0 -0 -0 1 0 4
1 304 1238 811.30000000218251 0 0 1 
2 300 1238 811.30000000218251 0 0 1 1 0 -0 -0 1 0 4
2 300 1238 812.64912280920544 0 0 1 1 0 -0 -0 1 0 4
1 304 1238 812.09934210744973 0 0 1 
2 300 1238 812.09934210744973 0 0 1 1 0 -0 -0 1 0 4
2 300 1238 812.94934210744964 0 0 1 1 0 -0 -0 1 0 4
1 304 1238 812.64912280920544 0 0 1 
2 300 1238 812.64912280920544 0 0 1 1 0 -0 -0 1 0 4
2 300 1238 813.00000000218233 0 0 1 1 0 -0 -0 1 0 4
1 304 1238 812.94934210744964 0 0 1 
2 300 1238 812.94934210744964 0 0 1 1 0 -0 -0 1 0 4
2 300 1238 812.80109649340375 0 0 -1 -1 0 -0 0 1 0 4
1 296 1238 813.00000000218233 0 0 -1 
2 300 1238 813.00000000218233 0 0 -1 -1 0 -0 0 1 0 4
2 300 1238 812.35263158111343 0 0 -1 -1 0 -0 0 1 0 4
1 296 1238 812.80109649340375 0 0 -1 
2 300 1238 812.80109649340375 0 0 -1 -1 0 -0 0 1 0 4
2 300 1238 811.6546052653116 0 0 -1 -1 0 -0 0 1 0 4
1 296 1238 812.35263158111343 0 0 -1 
2 300 1238 812.35263158111343 0 0 -1 -1 0 -0 0 1 0 4
2 300 1238 810.70701754599838 0 0 -1 -1 0 -0 0 1 0 4
1 296 1238 811.6546052653116 0 0 -1 
2 300 1238 811.6546052653116 0 0 -1 -1 0 -0 0 1 0 4
2 300 1238 809.50986842317354 0 0 -1 -1 0 -0 0 1 0 4
1 296 1238 810.70701754599838 0 0 -1 
2 300 1238 810.70701754599838 0 0 -1 -1 0 -0 0 1 0 4
2 300 1238 808.0631578968372 0 0 -1 -1 0 -0 0 1 0 4
1 296 1238 809.50986842317354 0 0 -1 
2 300 1238 809.50986842317354 0 0 -1 -1 0 -0 0 1 0 4
2 300 1238 806.36688596698934 0 0 -1 -1 0 -0 0 1 0 4
1 296 1238 808.0631578968372 0 0 -1 
2 300 1238 808.0631578968372 0 0 -1 -1 0 -0 0 1 0 4
2 300 1238 804.4210526336301 0 0 -1 -1 0 -0 0 1 0 4
1 296 1238 806.36688596698934 0 0 -1 
2 300 1238 806.36688596698934 0 0 -1 -1 0 -0 0 1 0 4
2 300 1238 802.22565789675934 0 0 -1 -1 0 -0 0 1 0 4
1 296 1238 804.4210526336301 0 0 -1 
2 300 1238 804.4210526336301 0 0 -1 -1 0 -0 0 1 0 4
2 300 1238 799.78070175637697 0 0 -1 -1 0 -0 0 1 0 4
1 296 1238 802.22565789675934 0 0 -1 
2 300 1238 802.22565789675934 0 0 -1 -1 0 -0 0 1 0 4
2 300 1238 797.08618421248309 0 0 -1 -1 0 -0 0 1 0 4
1 296 1238 799.78070175637697 0 0 -1 
2 300 1238 799.78070175637697 0 0 -1 -1 0 -0 0 1 0 4
2 300 1238 794.1421052650777 0 0 -1 -1 0 -0 0 1 0 4
1 296 1238 797.08618421248309 0 0 -1 
2 300 1238 797.08618421248309 0 0 -1 -1 0 -0 0 1 0 4
2 300 1238 790.94846491416092 0 0 -1 -1 0 -0 0 1 0 4
1 296 1238 794.1421052650777 0 0 -1 
2 300 1238 794.1421052650777 0 0 -1 -1 0 -0 0 1 0 4
2 300 1238 787.50526315973264 0 0 -1 -1 0 -0 0 1 0 4
1 296 1238 790.94846491416092 0 0 -1 
2 300 1238 790.94846491416092 0 0 -1 -1 0 -0 0 1 0 4
2 300 1238 783.81250000179273 0 0 -1 -1 0 -0 0 1 0 4
1 296 1238 787.50526315973264 0 0 -1 
2 300 1238 787.50526315973264 0 0 -1 -1 0 -0 0 1 0 4
2 300 1238 779.87017544034131 0 0 -1 -1 0 -0 0 1 0 4
1 296 1238 783.81250000179273 0 0 -1 
2 300 1238 783.81250000179273 0 0 -1 -1 0 -0 0 1 0 4
2 300 1238 775.67828947537839 0 0 -1 -1 0 -0 0 1 0 4
1 296 1238 779.87017544034131 0 0 -1 
2 300 1238 779.87017544034131 0 0 -1 -1 0 -0 0 1 0 4
2 300 1238 771.23684210690408 0 0 -1 -1 0 -0 0 1 0 4
1 296 1238 775.67828947537839 0 0 -1 
2 300 1238 775.67828947537839 0 0 -1 -1 0 -0 0 1 0 4
2 300 1238 766.54583333491826 0 0 -1 -1 0 -0 0 1 0 4
1 296 1238 771.23684210690408 0 0 -1 
2 300 1238 771.23684210690408 0 0 -1 -1 0 -0 0 1 0 4
2 300 1238 761.60526315942082 0 0 -1 -1 0 -0 0 1 0 4
1 296 1238 766.54583333491826 0 0 -1 
2 300 1238 766.54583333491826 0 0 -1 -1 0 -0 0 1 0 4
2 300 1238 756.41513158041187 0 0 -1 -1 0 -0 0 1 0 4
1 296 1238 761.60526315942082 0 0 -1 
2 300 1238 761.60526315942082 0 0 -1 -1 0 -0 0 1 0 4
2 300 1238 750.97543859789141 0 0 -1 -1 0 -0 0 1 0 4
1 296 1238 756.41513158041187 0 0 -1 
2 300 1238 756.41513158041187 0 0 -1 -1 0 -0 0 1 0 4
2 300 1238 745.28618421185956 0 0 -1 -1 0 -0 0 1 0 4
1 296 1238 750.97543859789141 0 0 -1 
2 300 1238 750.97543859789141 0 0 -1 -1 0 -0 0 1 0 4
2 300 1238 739.34736842231621 0 0 -1 -1 0 -0 0 1 0 4
1 296 1238 745.28618421185956 0 0 -1 
2 300 1238 745.28618421185956 0 0 -1 -1 0 -0 0 1 0 4
2 300 1238 733.15899122926123 0 0 -1 -1 0 -0 0 1 0 4
1 296 1238 739.34736842231621 0 0 -1 
2 300 1238 739.34736842231621 0 0 -1 -1 0 -0 0 1 0 4
2 300 1238 726.72105263269475 0 0 -1 -1 0 -0 0 1 0 4
1 296 1238 733.15899122926123 0 0 -1 
2 300 1238 733.15899122926123 0 0 -1 -1 0 -0 0 1 0 4
2 300 1238 720.03355263261676 0 0 -1 -1 0 -0 0 1 0 4
1 296 1238 726.72105263269475 0 0 -1 
2 300 1238 726.72105263269475 0 0 -1 -1 0 -0 0 1 0 4
2 300 1238 713.09649122902738 0 0 -1 -1 0 -0 0 1 0 4
1 296 1238 720.03355263261676 0 0 -1 
2 300 1238 720.03355263261676 0 0 -1 -1 0 -0 0 1 0 4
2 300 1238 705.90986842192649 0 0 -1 -1 0 -0 0 1 0 4
1 296 1238 713.09649122902738 0 0 -1 
2 300 1238 713.09649122902738 0 0 -1 -1 0 -0 0 1 0 4
2 300 1238 698.47368421131398 0 0 -1 -1 0 -0 0 1 0 4
1 296 1238 705.90986842192649 0 0 -1 
2 300 1238 705.90986842192649 0 0 -1 -1 0 -0 0 1 0 4
2 300 1238 690.78793859718996 0 0 -1 -1 0 -0 0 1 0 4
1 296 1238 698.47368421131398 0 0 -1 
2 300 1238 698.47368421131398 0 0 -1 -1 0 -0 0 1 0 4
2 300 1238 682.85263157955444 0 0 -1 -1 0 -0 0 1 0 4
1 296 1238 690.78793859718996 0 0 -1 
2 300 1238 690.78793859718996 0 0 -1 -1 0 -0 0 1 0 4
2 300 1238 674.66776315840752 0 0 -1 -1 0 -0 0 1 0 4
1 296 1238 682.85263157955444 0 0 -1 
2 300 1238 682.85263157955444 0 0 -1 -1 0 -0 0 1 0 4
2 300 1238 666.2333333337491 0 0 -1 -1 0 -0 0 1 0 4
1 296 1238 674.66776315840752 0 0 -1 
2 300 1238 674.66776315840752 0 0 -1 -1 0 -0 0 1 0 4
2 300 1238 657.54934210557906 0 0 -1 -1 0 -0 0 1 0 4
1 296 1238 666.2333333337491 0 0 -1 
2 300 1238 666.2333333337491 0 0 -1 -1 0 -0 0 1 0 4
2 300 1238 648.61578947389751 0 0 -1 -1 0 -0 0 1 0 4
1 296 1238 657.54934210557906 0 0 -1 
2 300 1238 657.54934210557906 0 0 -1 -1 0 -0 0 1 0 4
2 300 1238 639.43267543870445 0 0 -1 -1 0 -0 0 1 0 4
1 296 1238 648.61578947389751 0 0 -1 
2 300 1238 648.61578947389751 0 0 -1 -1 0 -0 0 1 0 4
2 300 1238 630 0 0 -1 -1 0 -0 0 1 0 4
1 296 1238 639.43267543870445 0 0 -1 
2 300 1238 639.43267543870445 0 0 -1 -1 0 -0 0 1 0 4
2 300 1238 596 -2.4492935982947064e-16 -1 0 1 -2.4492935982947064e-16 0 0 0 1 4
2 300 1238 606.28267543870459 -2.4492935982947064e-16 -1 0 1 -2.4492935982947064e-16 0 0 0 1 4
2 300 1238 616.31578947389755 -2.4492935982947064e-16 -1 0 1 -2.4492935982947064e-16 0 0 0 1 4
2 300 1238 626.09934210557901 -2.4492935982947064e-16 -1 0 1 -2.4492935982947064e-16 0 0 0 1 4
2 300 1238 635.63333333374896 -2.4492935982947064e-16 -1 0 1 -2.4492935982947064e-16 0 0 0 1 4
2 300 1238 644.91776315840752 -2.4492935982947064e-16 -1 0 1 -2.4492935982947064e-16 0 0 0 1 4
2 300 1238 653.95263157955458 -2.4492935982947064e-16 -1 0 1 -2.4492935982947064e-16 0 0 0 1 4
2 300 1238 662.73793859719001 -2.4492935982947064e-16 -1 0 1 -2.4492935982947064e-16 0 0 0 1 4
2 300 1238 671.27368421131393 -2.4492935982947064e-16 -1 0 1 -2.4492935982947064e-16 0 0 0 1 4
2 300 1238 679.55986842192635 -2.4492935982947064e-16 -1 0 1 -2.4492935982947064e-16 0 0 0 1 4
2 300 1238 687.59649122902738 -2.4492935982947064e-16 -1 0 1 -2.4492935982947064e-16 0 0 0 1 4
2 300 1238 695.3835526326169 -2.4492935982947064e-16 -1 0 1 -2.4492935982947064e-16 0 0 0 1 4
2 300 1238 702.92105263269468 -2.4492935982947064e-16 -1 0 1 -2.4492935982947064e-16 0 0 0 1 4
2 300 1238 710.2089912292613 -2.4492935982947064e-16 -1 0 1 -2.4492935982947064e-16 0 0 0 1 4
2 300 1238 717.24736842231619 -2.4492935982947064e-16 -1 0 1 -2.4492935982947064e-16 0 0 0 1 4
2 300 1238 724.03618421185956 -2.4492935982947064e-16 -1 0 1 -2.4492935982947064e-16 0 0 0 1 4
2 300 1238 730.57543859789143 -2.4492935982947064e-16 -1 0 1 -2.4492935982947064e-16 0 0 0 1 4
2 300 1238 736.8651315804118 -2.4492935982947064e-16 -1 0 1 -2.4492935982947064e-16 0 0 0 1 4
2 300 1238 742.90526315942088 -2.4492935982947064e-16 -1 0 1 -2.4492935982947064e-16 0 0 0 1 4
2 300 1238 748.69583333491823 -2.4492935982947064e-16 -1 0 1 -2.4492935982947064e-16 0 0 0 1 4
2 300 1238 754.23684210690408 -2.4492935982947064e-16 -1 0 1 -2.4492935982947064e-16 0 0 0 1 4
2 300 1238 759.52828947537841 -2.4492935982947064e-16 -1 0 1 -2.4492935982947064e-16 0 0 0 1 4
2 300 1238 764.57017544034125 -2.4492935982947064e-16 -1 0 1 -2.4492935982947064e-16 0 0 0 1 4
2 300 1238 769.3625000017928 -2.4492935982947064e-16 -1 0 1 -2.4492935982947064e-16 0 0 0 1 4
2 300 1238 773.90526315973261 -2.4492935982947064e-16 -1 0 1 -2.4492935982947064e-16 0 0 0 1 4
2 300 1238 778.19846491416092 -2.4492935982947064e-16 -1 0 1 -2.4492935982947064e-16 0 0 0 1 4
2 300 1238 782.24210526507773 -2.4492935982947064e-16 -1 0 1 -2.4492935982947064e-16 0 0 0 1 4
2 300 1238 786.03618421248302 -2.4492935982947064e-16 -1 0 1 -2.4492935982947064e-16 0 0 0 1 4
2 300 1238 789.58070175637704 -2.4492935982947064e-16 -1 0 1 -2.4492935982947064e-16 0 0 0 1 4
2 300 1238 792.87565789675932 -2.4492935982947064e-16 -1 0 1 -2.4492935982947064e-16 0 0 0 1 4
2 300 1238 795.9210526336301 -2.4492935982947064e-16 -1 0 1 -2.4492935982947064e-16 0 0 0 1 4
2 300 1238 798.71688596698937 -2.4492935982947064e-16 -1 0 1 -2.4492935982947064e-16 0 0 0 1 4
2 300 1238 801.26315789683713 -2.4492935982947064e-16 -1 0 1 -2.4492935982947064e-16 0 0 0 1 4
2 300 1238 803.55986842317361 -2.4492935982947064e-16 -1 0 1 -2.4492935982947064e-16 0 0 0 1 4
2 300 1238 805.60701754599836 -2.4492935982947064e-16 -1 0 1 -2.4492935982947064e-16 0 0 0 1 4
2 300 1238 807.4046052653116 -2.4492935982947064e-16 -1 0 1 -2.4492935982947064e-16 0 0 0 1 4
2 300 1238 808.95263158111334 -2.4492935982947064e-16 -1 0 1 -2.4492935982947064e-16 0 0 0 1 4
2 300 1238 810.25109649340357 -2.4492935982947064e-16 -1 0 1 -2.4492935982947064e-16 0 0 0 1 4
2 300 1238 811.30000000218251 -2.4492935982947064e-16 -1 0 1 -2.4492935982947064e-16 0 0 0 1 4
2 300 1238 812.09934210744973 -2.4492935982947064e-16 -1 0 1 -2.4492935982947064e-16 0 0 0 1 4
2 300 1238 812.64912280920544 -2.4492935982947064e-16 -1 0 1 -2.4492935982947064e-16 0 0 0 1 4
2 300 1238 812.94934210744964 -2.4492935982947064e-16 -1 0 1 -2.4492935982947064e-16 0 0 0 1 4
2 300 1238 813.00000000218233 -2.4492935982947064e-16 -1 0 1 -2.4492935982947064e-16 0 0 0 1 4
2 300 1238 812.80109649340375 -2.4492935982947064e-16 -1 0 1 -2.4492935982947064e-16 0 0 0 1 4
2 300 1238 812.35263158111343 -2.4492935982947064e-16 -1 0 1 -2.4492935982947064e-16 0 0 0 1 4
2 300 1238 811.6546052653116 -2.4492935982947064e-16 -1 0 1 -2.4492935982947064e-16 0 0 0 1 4
2 300 1238 810.70701754599838 -2.4492935982947064e-16 -1 0 1 -2.4492935982947064e-16 0 0 0 1 4
2 300 1238 809.50986842317354 -2.4492935982947064e-16 -1 0 1 -2.4492935982947064e-16 0 0 0 1 4
2 300 1238 808.0631578968372 -2.4492935982947064e-16 -1 0 1 -2.4492935982947064e-16 0 0 0 1 4
2 300 1238 806.36688596698934 -2.4492935982947064e-16 -1 0 1 -2.4492935982947064e-16 0 0 0 1 4
2 300 1238 804.4210526336301 -2.4492935982947064e-16 -1 0 1 -2.4492935982947064e-16 0 0 0 1 4
2 300 1238 802.22565789675934 -2.4492935982947064e-16 -1 0 1 -2.4492935982947064e-16 0 0 0 1 4
2 300 1238 799.78070175637697 -2.4492935982947064e-16 -1 0 1 -2.4492935982947064e-16 0 0 0 1 4
2 300 1238 797.08618421248309 -2.4492935982947064e-16 -1 0 1 -2.4492935982947064e-16 0 0 0 1 4
2 300 1238 794.1421052650777 -2.4492935982947064e-16 -1 0 1 -2.4492935982947064e-16 0 0 0 1 4
2 300 1238 790.94846491416092 -2.4492935982947064e-16 -1 0 1 -2.4492935982947064e-16 0 0 0 1 4
2 300 1238 787.50526315973264 -2.4492935982947064e-16 -1 0 1 -2.4492935982947064e-16 0 0 0 1 4
2 300 1238 783.81250000179273 -2.4492935982947064e-16 -1 0 1 -2.4492935982947064e-16 0 0 0 1 4
2 300 1238 779.87017544034131 -2.4492935982947064e-16 -1 0 1 -2.4492935982947064e-16 0 0 0 1 4
2 300 1238 775.67828947537839 -2.4492935982947064e-16 -1 0 1 -2.4492935982947064e-16 0 0 0 1 4
2 300 1238 771.23684210690408 -2.4492935982947064e-16 -1 0 1 -2.4492935982947064e-16 0 0 0 1 4
2 300 1238 766.54583333491826 -2.4492935982947064e-16 -1 0 1 -2.4492935982947064e-16 0 0 0 1 4
2 300 1238 761.60526315942082 -2.4492935982947064e-16 -1 0 1 -2.4492935982947064e-16 0 0 0 1 4
2 300 1238 756.41513158041187 -2.4492935982947064e-16 -1 0 1 -2.4492935982947064e-16 0 0 0 1 4
2 300 1238 750.97543859789141 -2.4492935982947064e-16 -1 0 1 -2.4492935982947064e-16 0 0 0 1 4
2 300 1238 745.28618421185956 -2.4492935982947064e-16 -1 0 1 -2.4492935982947064e-16 0 0 0 1 4
2 300 1238 739.34736842231621 -2.4492935982947064e-16 -1 0 1 -2.4492935982947064e-16 0 0 0 1 4
2 300 1238 733.15899122926123 -2.4492935982947064e-16 -1 0 1 -2.4492935982947064e-16 0 0 0 1 4
2 300 1238 726.72105263269475 -2.4492935982947064e-16 -1 0 1 -2.4492935982947064e-16 0 0 0 1 4
2 300 1238 720.03355263261676 -2.4492935982947064e-16 -1 0 1 -2.4492935982947064e-16 0 0 0 1 4
2 300 1238 713.09649122902738 -2.4492935982947064e-16 -1 0 1 -2.4492935982947064e-16 0 0 0 1 4
2 300 1238 705.90986842192649 -2.4492935982947064e-16 -1 0 1 -2.4492935982947064e-16 0 0 0 1 4
2 300 1238 698.47368421131398 -2.4492935982947064e-16 -1 0 1 -2.4492935982947064e-16 0 0 0 1 4
2 300 1238 690.78793859718996 -2.4492935982947064e-16 -1 0 1 -2.4492935982947064e-16 0 0 0 1 4
2 300 1238 682.85263157955444 -2.4492935982947064e-16 -1 0 1 -2.4492935982947064e-16 0 0 0 1 4
2 300 1238 674.66776315840752 -2.4492935982947064e-16 -1 0 1 -2.4492935982947064e-16 0 0 0 1 4
2 300 1238 666.2333333337491 -2.4492935982947064e-16 -1 0 1 -2.4492935982947064e-16 0 0 0 1 4
2 300 1238 657.54934210557906 -2.4492935982947064e-16 -1 0 1 -2.4492935982947064e-16 0 0 0 1 4
2 300 1238 648.61578947389751 -2.4492935982947064e-16 -1 0 1 -2.4492935982947064e-16 0 0 0 1 4
2 300 1238 639.43267543870445 -2.4492935982947064e-16 -1 0 1 -2.4492935982947064e-16 0 0 0 1 4
2 300 1238 630 -2.4492935982947064e-16 -1 0 1 -2.4492935982947064e-16 0 0 0 1 4
Polygon3D 0
PolygonOnTriangulations 0
Surfaces 321
2 300 1238 596 0 0 1 1 0 -0 -0 1 0 4
1 300 1238 606.28267543870459 0 0 1 1 0 -0 -0 1 0 
1 300 1238 596 0 0 1 1 0 -0 -0 1 0 
2 300 1238 606.28267543870459 0 0 1 1 0 -0 -0 1 0 4
1 300 1238 616.31578947389755 0 0 1 1 0 -0 -0 1 0 
1 300 1238 606.28267543870459 0 0 1 1 0 -0 -0 1 0 
2 300 1238 616.31578947389755 0 0 1 1 0 -0 -0 1 0 4
1 300 1238 626.09934210557901 0 0 1 1 0 -0 -0 1 0 
1 300 1238 616.31578947389755 0 0 1 1 0 -0 -0 1 0 
2 300 1238 626.09934210557901 0 0 1 1 0 -0 -0 1 0 4
1 300 1238 635.63333333374896 0 0 1 1 0 -0 -0 1 0 
1 300 1238 626.09934210557901 0 0 1 1 0 -0 -0 1 0 
2 300 1238 635.63333333374896 0 0 1 1 0 -0 -0 1 0 4
1 300 1238 644.91776315840752 0 0 1 1 0 -0 -0 1 0 
1 300 1238 635.63333333374896 0 0 1 1 0 -0 -0 1 0 
2 300 1238 644.91776315840752 0 0 1 1 0 -0 -0 1 0 4
1 300 1238 653.95263157955458 0 0 1 1 0 -0 -0 1 0 
1 300 1238 644.91776315840752 0 0 1 1 0 -0 -0 1 0 
2 300 1238 653.95263157955458 0 0 1 1 0 -0 -0 1 0 4
1 300 1238 662.73793859719001 0 0 1 1 0 -0 -0 1 0 
1 300 1238 653.95263157955458 0 0 1 1 0 -0 -0 1 0 
2 300 1238 662.73793859719001 0 0 1 1 0 -0 -0 1 0 4
1 300 1238 671.27368421131393 0 0 1 1 0 -0 -0 1 0 
1 300 1238 662.73793859719001 0 0 1 1 0 -0 -0 1 0 
2 300 1238 671.27368421131393 0 0 1 1 0 -0 -0 1 0 4
1 300 1238 679.55986842192635 0 0 1 1 0 -0 -0 1 0 
1 300 1238 671.27368421131393 0 0 1 1 0 -0 -0 1 0 
2 300 1238 679.55986842192635 0 0 1 1 0 -0 -0 1 0 4
1 300 1238 687.59649122902738 0 0 1 1 0 -0 -0 1 0 
1 300 1238 679.55986842192635 0 0 1 1 0 -0 -0 1 0 
2 300 1238 687.59649122902738 0 0 1 1 0 -0 -0 1 0 4
1 300 1238 695.3835526326169 0 0 1 1 0 -0 -0 1 0 
1 300 1238 687.59649122902738 0 0 1 1 0 -0 -0 1 0 
2 300 1238 695.3835526326169 0 0 1 1 0 -0 -0 1 0 4
1 300 1238 702.92105263269468 0 0 1 1 0 -0 -0 1 0 
1 300 1238 695.3835526326169 0 0 1 1 0 -0 -0 1 0 
2 300 1238 702.92105263269468 0 0 1 1 0 -0 -0 1 0 4
1 300 1238 710.2089912292613 0 0 1 1 0 -0 -0 1 0 
1 300 1238 702.92105263269468 0 0 1 1 0 -0 -0 1 0 
2 300 1238 710.2089912292613 0 0 1 1 0 -0 -0 1 0 4
1 300 1238 717.24736842231619 0 0 1 1 0 -0 -0 1 0 
1 300 1238 710.2089912292613 0 0 1 1 0 -0 -0 1 0 
2 300 1238 717.24736842231619 0 0 1 1 0 -0 -0 1 0 4
1 300 1238 724.03618421185956 0 0 1 1 0 -0 -0 1 0 
1 300 1238 717.24736842231619 0 0 1 1 0 -0 -0 1 0 
2 300 1238 724.03618421185956 0 0 1 1 0 -0 -0 1 0 4
1 300 1238 730.57543859789143 0 0 1 1 0 -0 -0 1 0 
1 300 1238 724.03618421185956 0 0 1 1 0 -0 -0 1 0 
2 300 1238 730.57543859789143 0 0 1 1 0 -0 -0 1 0 4
1 300 1238 736.8651315804118 0 0 1 1 0 -0 -0 1 0 
1 300 1238 730.57543859789143 0 0 1 1 0 -0 -0 1 0 
2 300 1238 736.8651315804118 0 0 1 1 0 -0 -0 1 0 4
1 300 1238 742.90526315942088 0 0 1 1 0 -0 -0 1 0 
1 300 1238 736.8651315804118 0 0 1 1 0 -0 -0 1 0 
2 300 1238 742.90526315942088 0 0 1 1 0 -0 -0 1 0 4
1 300 1238 748.69583333491823 0 0 1 1 0 -0 -0 1 0 
1 300 1238 742.90526315942088 0 0 1 1 0 -0 -0 1 0 
2 300 1238 748.69583333491823 0 0 1 1 0 -0 -0 1 0 4
1 300 1238 754.23684210690408 0 0 1 1 0 -0 -0 1 0 
1 300 1238 748.69583333491823 0 0 1 1 0 -0 -0 1 0 
2 300 1238 754.23684210690408 0 0 1 1 0 -0 -0 1 0 4
1 300 1238 759.52828947537841 0 0 1 1 0 -0 -0 1 0 
1 300 1238 754.23684210690408 0 0 1 1 0 -0 -0 1 0 
2 300 1238 759.52828947537841 0 0 1 1 0 -0 -0 1 0 4
1 300 1238 764.57017544034125 0 0 1 1 0 -0 -0 1 0 
1 300 1238 759.52828947537841 0 0 1 1 0 -0 -0 1 0 
2 300 1238 764.57017544034125 0 0 1 1 0 -0 -0 1 0 4
1 300 1238 769.3625000017928 0 0 1 1 0 -0 -0 1 0 
1 300 1238 764.57017544034125 0 0 1 1 0 -0 -0 1 0 
2 300 1238 769.3625000017928 0 0 1 1 0 -0 -0 1 0 4
1 300 1238 773.90526315973261 0 0 1 1 0 -0 -0 1 0 
1 300 1238 769.3625000017928 0 0 1 1 0 -0 -0 1 0 
2 300 1238 773.90526315973261 0 0 1 1 0 -0 -0 1 0 4
1 300 1238 778.19846491416092 0 0 1 1 0 -0 -0 1 0 
1 300 1238 773.90526315973261 0 0 1 1 0 -0 -0 1 0 
2 300 1238 778.19846491416092 0 0 1 1 0 -0 -0 1 0 4
1 300 1238 782.24210526507773 0 0 1 1 0 -0 -0 1 0 
1 300 1238 778.19846491416092 0 0 1 1 0 -0 -0 1 0 
2 300 1238 782.24210526507773 0 0 1 1 0 -0 -0 1 0 4
1 300 1238 786.03618421248302 0 0 1 1 0 -0 -0 1 0 
1 300 1238 782.24210526507773 0 0 1 1 0 -0 -0 1 0 
2 300 1238 786.03618421248302 0 0 1 1 0 -0 -0 1 0 4
1 300 1238 789.58070175637704 0 0 1 1 0 -0 -0 1 0 
1 300 1238 786.03618421248302 0 0 1 1 0 -0 -0 1 0 
2 300 1238 789.58070175637704 0 0 1 1 0 -0 -0 1 0 4
1 300 1238 792.87565789675932 0 0 1 1 0 -0 -0 1 0 
1 300 1238 789.58070175637704 0 0 1 1 0 -0 -0 1 0 
2 300 1238 792.87565789675932 0 0 1 1 0 -0 -0 1 0 4
1 300 1238 795.9210526336301 0 0 1 1 0 -0 -0 1 0 
1 300 1238 792.87565789675932 0 0 1 1 0 -0 -0 1 0 
2 300 1238 795.9210526336301 0 0 1 1 0 -0 -0 1 0 4
1 300 1238 798.71688596698937 0 0 1 1 0 -0 -0 1 0 
1 300 1238 795.9210526336301 0 0 1 1 0 -0 -0 1 0 
2 300 1238 798.71688596698937 0 0 1 1 0 -0 -0 1 0 4
1 300 1238 801.26315789683713 0 0 1 1 0 -0 -0 1 0 
1 300 1238 798.71688596698937 0 0 1 1 0 -0 -0 1 0 
2 300 1238 801.26315789683713 0 0 1 1 0 -0 -0 1 0 4
1 300 1238 803.55986842317361 0 0 1 1 0 -0 -0 1 0 
1 300 1238 801.26315789683713 0 0 1 1 0 -0 -0 1 0 
2 300 1238 803.55986842317361 0 0 1 1 0 -0 -0 1 0 4
1 300 1238 805.60701754599836 0 0 1 1 0 -0 -0 1 0 
1 300 1238 803.55986842317361 0 0 1 1 0 -0 -0 1 0 
2 300 1238 805.60701754599836 0 0 1 1 0 -0 -0 1 0 4
1 300 1238 807.4046052653116 0 0 1 1 0 -0 -0 1 0 
1 300 1238 805.60701754599836 0 0 1 1 0 -0 -0 1 0 
2 300 1238 807.4046052653116 0 0 1 1 0 -0 -0 1 0 4
1 300 1238 808.95263158111334 0 0 1 1 0 -0 -0 1 0 
1 300 1238 807.4046052653116 0 0 1 1 0 -0 -0 1 0 
2 300 1238 808.95263158111334 0 0 1 1 0 -0 -0 1 0 4
1 300 1238 810.25109649340357 0 0 1 1 0 -0 -0 1 0 
1 300 1238 808.95263158111334 0 0 1 1 0 -0 -0 1 0 
2 300 1238 810.25109649340357 0 0 1 1 0 -0 -0 1 0 4
1 300 1238 811.30000000218251 0 0 1 1 0 -0 -0 1 0 
1 300 1238 810.25109649340357 0 0 1 1 0 -0 -0 1 0 
2 300 1238 811.30000000218251 0 0 1 1 0 -0 -0 1 0 4
1 300 1238 812.09934210744973 0 0 1 1 0 -0 -0 1 0 
1 300 1238 811.30000000218251 0 0 1 1 0 -0 -0 1 0 
2 300 1238 812.09934210744973 0 0 1 1 0 -0 -0 1 0 4
1 300 1238 812.64912280920544 0 0 1 1 0 -0 -0 1 0 
1 300 1238 812.09934210744973 0 0 1 1 0 -0 -0 1 0 
2 300 1238 812.64912280920544 0 0 1 1 0 -0 -0 1 0 4
1 300 1238 812.94934210744964 0 0 1 1 0 -0 -0 1 0 
1 300 1238 812.64912280920544 0 0 1 1 0 -0 -0 1 0 
2 300 1238 812.94934210744964 0 0 1 1 0 -0 -0 1 0 4
1 300 1238 813.00000000218233 0 0 1 1 0 -0 -0 1 0 
1 300 1238 812.94934210744964 0 0 1 1 0 -0 -0 1 0 
2 300 1238 813.00000000218233 0 0 -1 -1 0 -0 0 1 0 4
1 300 1238 812.80109649340375 0 0 -1 -1 0 -0 0 1 0 
1 300 1238 813.00000000218233 0 0 -1 -1 0 -0 0 1 0 
2 300 1238 812.80109649340375 0 0 -1 -1 0 -0 0 1 0 4
1 300 1238 812.35263158111343 0 0 -1 -1 0 -0 0 1 0 
1 300 1238 812.80109649340375 0 0 -1 -1 0 -0 0 1 0 
2 300 1238 812.35263158111343 0 0 -1 -1 0 -0 0 1 0 4
1 300 1238 811.6546052653116 0 0 -1 -1 0 -0 0 1 0 
1 300 1238 812.35263158111343 0 0 -1 -1 0 -0 0 1 0 
2 300 1238 811.6546052653116 0 0 -1 -1 0 -0 0 1 0 4
1 300 1238 810.70701754599838 0 0 -1 -1 0 -0 0 1 0 
1 300 1238 811.6546052653116 0 0 -1 -1 0 -0 0 1 0 
2 300 1238 810.70701754599838 0 0 -1 -1 0 -0 0 1 0 4
1 300 1238 809.50986842317354 0 0 -1 -1 0 -0 0 1 0 
1 300 1238 810.70701754599838 0 0 -1 -1 0 -0 0 1 0 
2 300 1238 809.50986842317354 0 0 -1 -1 0 -0 0 1 0 4
1 300 1238 808.0631578968372 0 0 -1 -1 0 -0 0 1 0 
1 300 1238 809.50986842317354 0 0 -1 -1 0 -0 0 1 0 
2 300 1238 808.0631578968372 0 0 -1 -1 0 -0 0 1 0 4
1 300 1238 806.36688596698934 0 0 -1 -1 0 -0 0 1 0 
1 300 1238 808.0631578968372 0 0 -1 -1 0 -0 0 1 0 
2 300 1238 806.36688596698934 0 0 -1 -1 0 -0 0 1 0 4
1 300 1238 804.4210526336301 0 0 -1 -1 0 -0 0 1 0 
1 300 1238 806.36688596698934 0 0 -1 -1 0 -0 0 1 0 
2 300 1238 804.4210526336301 0 0 -1 -1 0 -0 0 1 0 4
1 300 1238 802.22565789675934 0 0 -1 -1 0 -0 0 1 0 
1 300 1238 804.4210526336301 0 0 -1 -1 0 -0 0 1 0 
2 300 1238 802.22565789675934 0 0 -1 -1 0 -0 0 1 0 4
1 300 1238 799.78070175637697 0 0 -1 -1 0 -0 0 1 0 
1 300 1238 802.22565789675934 0 0 -1 -1 0 -0 0 1 0 
2 300 1238 799.78070175637697 0 0 -1 -1 0 -0 0 1 0 4
1 300 1238 797.08618421248309 0 0 -1 -1 0 -0 0 1 0 
1 300 1238 799.78070175637697 0 0 -1 -1 0 -0 0 1 0 
2 300 1238 797.08618421248309 0 0 -1 -1 0 -0 0 1 0 4
1 300 1238 794.1421052650777 0 0 -1 -1 0 -0 0 1 0 
1 300 1238 797.08618421248309 0 0 -1 -1 0 -0 0 1 0 
2 300 1238 794.1421052650777 0 0 -1 -1 0 -0 0 1 0 4
1 300 1238 790.94846491416092 0 0 -1 -1 0 -0 0 1 0 
1 300 1238 794.1421052650777 0 0 -1 -1 0 -0 0 1 0 
2 300 1238 790.94846491416092 0 0 -1 -1 0 -0 0 1 0 4
1 300 1238 787.50526315973264 0 0 -1 -1 0 -0 0 1 0 
1 300 1238 790.94846491416092 0 0 -1 -1 0 -0 0 1 0 
2 300 1238 787.50526315973264 0 0 -1 -1 0 -0 0 1 0 4
1 300 1238 783.81250000179273 0 0 -1 -1 0 -0 0 1 0 
1 300 1238 787.50526315973264 0 0 -1 -1 0 -0 0 1 0 
2 300 1238 783.81250000179273 0 0 -1 -1 0 -0 0 1 0 4
1 300 1238 779.87017544034131 0 0 -1 -1 0 -0 0 1 0 
1 300 1238 783.81250000179273 0 0 -1 -1 0 -0 0 1 0 
2 300 1238 779.87017544034131 0 0 -1 -1 0 -0 0 1 0 4
1 300 1238 775.67828947537839 0 0 -1 -1 0 -0 0 1 0 
1 300 1238 779.87017544034131 0 0 -1 -1 0 -0 0 1 0 
2 300 1238 775.67828947537839 0 0 -1 -1 0 -0 0 1 0 4
1 300 1238 771.23684210690408 0 0 -1 -1 0 -0 0 1 0 
1 300 1238 775.67828947537839 0 0 -1 -1 0 -0 0 1 0 
2 300 1238 771.23684210690408 0 0 -1 -1 0 -0 0 1 0 4
1 300 1238 766.54583333491826 0 0 -1 -1 0 -0 0 1 0 
1 300 1238 771.23684210690408 0 0 -1 -1 0 -0 0 1 0 
2 300 1238 766.54583333491826 0 0 -1 -1 0 -0 0 1 0 4
1 300 1238 761.60526315942082 0 0 -1 -1 0 -0 0 1 0 
1 300 1238 766.54583333491826 0 0 -1 -1 0 -0 0 1 0 
2 300 1238 761.60526315942082 0 0 -1 -1 0 -0 0 1 0 4
1 300 1238 756.41513158041187 0 0 -1 -1 0 -0 0 1 0 
1 300 1238 761.60526315942082 0 0 -1 -1 0 -0 0 1 0 
2 300 1238 756.41513158041187 0 0 -1 -1 0 -0 0 1 0 4
1 300 1238 750.97543859789141 0 0 -1 -1 0 -0 0 1 0 
1 300 1238 756.41513158041187 0 0 -1 -1 0 -0 0 1 0 
2 300 1238 750.97543859789141 0 0 -1 -1 0 -0 0 1 0 4
1 300 1238 745.28618421185956 0 0 -1 -1 0 -0 0 1 0 
1 300 1238 750.97543859789141 0 0 -1 -1 0 -0 0 1 0 
2 300 1238 745.28618421185956 0 0 -1 -1 0 -0 0 1 0 4
1 300 1238 739.34736842231621 0 0 -1 -1 0 -0 0 1 0 
1 300 1238 745.28618421185956 0 0 -1 -1 0 -0 0 1 0 
2 300 1238 739.34736842231621 0 0 -1 -1 0 -0 0 1 0 4
1 300 1238 733.15899122926123 0 0 -1 -1 0 -0 0 1 0 
1 300 1238 739.34736842231621 0 0 -1 -1 0 -0 0 1 0 
2 300 1238 733.15899122926123 0 0 -1 -1 0 -0 0 1 0 4
1 300 1238 726.72105263269475 0 0 -1 -1 0 -0 0 1 0 
1 300 1238 733.15899122926123 0 0 -1 -1 0 -0 0 1 0 
2 300 1238 726.72105263269475 0 0 -1 -1 0 -0 0 1 0 4
1 300 1238 720.03355263261676 0 0 -1 -1 0 -0 0 1 0 
1 300 1238 726.72105263269475 0 0 -1 -1 0 -0 0 1 0 
2 300 1238 720.03355263261676 0 0 -1 -1 0 -0 0 1 0 4
1 300 1238 713.09649122902738 0 0 -1 -1 0 -0 0 1 0 
1 300 1238 720.03355263261676 0 0 -1 -1 0 -0 0 1 0 
2 300 1238 713.09649122902738 0 0 -1 -1 0 -0 0 1 0 4
1 300 1238 705.90986842192649 0 0 -1 -1 0 -0 0 1 0 
1 300 1238 713.09649122902738 0 0 -1 -1 0 -0 0 1 0 
2 300 1238 705.90986842192649 0 0 -1 -1 0 -0 0 1 0 4
1 300 1238 698.47368421131398 0 0 -1 -1 0 -0 0 1 0 
1 300 1238 705.90986842192649 0 0 -1 -1 0 -0 0 1 0 
2 300 1238 698.47368421131398 0 0 -1 -1 0 -0 0 1 0 4
1 300 1238 690.78793859718996 0 0 -1 -1 0 -0 0 1 0 
1 300 1238 698.47368421131398 0 0 -1 -1 0 -0 0 1 0 
2 300 1238 690.78793859718996 0 0 -1 -1 0 -0 0 1 0 4
1 300 1238 682.85263157955444 0 0 -1 -1 0 -0 0 1 0 
1 300 1238 690.78793859718996 0 0 -1 -1 0 -0 0 1 0 
2 300 1238 682.85263157955444 0 0 -1 -1 0 -0 0 1 0 4
1 300 1238 674.66776315840752 0 0 -1 -1 0 -0 0 1 0 
1 300 1238 682.85263157955444 0 0 -1 -1 0 -0 0 1 0 
2 300 1238 674.66776315840752 0 0 -1 -1 0 -0 0 1 0 4
1 300 1238 666.2333333337491 0 0 -1 -1 0 -0 0 1 0 
1 300 1238 674.66776315840752 0 0 -1 -1 0 -0 0 1 0 
2 300 1238 666.2333333337491 0 0 -1 -1 0 -0 0 1 0 4
1 300 1238 657.54934210557906 0 0 -1 -1 0 -0 0 1 0 
1 300 1238 666.2333333337491 0 0 -1 -1 0 -0 0 1 0 
2 300 1238 657.54934210557906 0 0 -1 -1 0 -0 0 1 0 4
1 300 1238 648.61578947389751 0 0 -1 -1 0 -0 0 1 0 
1 300 1238 657.54934210557906 0 0 -1 -1 0 -0 0 1 0 
2 300 1238 648.61578947389751 0 0 -1 -1 0 -0 0 1 0 4
1 300 1238 639.43267543870445 0 0 -1 -1 0 -0 0 1 0 
1 300 1238 648.61578947389751 0 0 -1 -1 0 -0 0 1 0 
2 300 1238 639.43267543870445 0 0 -1 -1 0 -0 0 1 0 4
1 300 1238 630 0 0 -1 -1 0 -0 0 1 0 
1 300 1238 639.43267543870445 0 0 -1 -1 0 -0 0 1 0 
4 300 1238 596 0 0 1 1 0 -0 -0 1 0 4
4 300 1238 606.28267543870459 0 0 1 1 0 -0 -0 1 0 4
4 300 1238 616.31578947389755 0 0 1 1 0 -0 -0 1 0 4
4 300 1238 626.09934210557901 0 0 1 1 0 -0 -0 1 0 4
4 300 1238 635.63333333374896 0 0 1 1 0 -0 -0 1 0 4
4 300 1238 644.91776315840752 0 0 1 1 0 -0 -0 1 0 4
4 300 1238 653.95263157955458 0 0 1 1 0 -0 -0 1 0 4
4 300 1238 662.73793859719001 0 0 1 1 0 -0 -0 1 0 4
4 300 1238 671.27368421131393 0 0 1 1 0 -0 -0 1 0 4
4 300 1238 679.55986842192635 0 0 1 1 0 -0 -0 1 0 4
4 300 1238 687.59649122902738 0 0 1 1 0 -0 -0 1 0 4
4 300 1238 695.3835526326169 0 0 1 1 0 -0 -0 1 0 4
4 300 1238 702.92105263269468 0 0 1 1 0 -0 -0 1 0 4
4 300 1238 710.2089912292613 0 0 1 1 0 -0 -0 1 0 4
4 300 1238 717.24736842231619 0 0 1 1 0 -0 -0 1 0 4
4 300 1238 724.03618421185956 0 0 1 1 0 -0 -0 1 0 4
4 300 1238 730.57543859789143 0 0 1 1 0 -0 -0 1 0 4
4 300 1238 736.8651315804118 0 0 1 1 0 -0 -0 1 0 4
4 300 1238 742.90526315942088 0 0 1 1 0 -0 -0 1 0 4
4 300 1238 748.69583333491823 0 0 1 1 0 -0 -0 1 0 4
4 300 1238 754.23684210690408 0 0 1 1 0 -0 -0 1 0 4
4 300 1238 759.52828947537841 0 0 1 1 0 -0 -0 1 0 4
4 300 1238 764.57017544034125 0 0 1 1 0 -0 -0 1 0 4
4 300 1238 769.3625000017928 0 0 1 1 0 -0 -0 1 0 4
4 300 1238 773.90526315973261 0 0 1 1 0 -0 -0 1 0 4
4 300 1238 778.19846491416092 0 0 1 1 0 -0 -0 1 0 4
4 300 1238 782.24210526507773 0 0 1 1 0 -0 -0 1 0 4
4 300 1238 786.03618421248302 0 0 1 1 0 -0 -0 1 0 4
4 300 1238 789.58070175637704 0 0 1 1 0 -0 -0 1 0 4
4 300 1238 792.87565789675932 0 0 1 1 0 -0 -0 1 0 4
4 300 1238 795.9210526336301 0 0 1 1 0 -0 -0 1 0 4
4 300 1238 798.71688596698937 0 0 1 1 0 -0 -0 1 0 4
4 300 1238 801.26315789683713 0 0 1 1 0 -0 -0 1 0 4
4 300 1238 803.55986842317361 0 0 1 1 0 -0 -0 1 0 4
4 300 1238 805.60701754599836 0 0 1 1 0 -0 -0 1 0 4
4 300 1238 807.4046052653116 0 0 1 1 0 -0 -0 1 0 4
4 300 1238 808.95263158111334 0 0 1 1 0 -0 -0 1 0 4
4 300 1238 810.25109649340357 0 0 1 1 0 -0 -0 1 0 4
4 300 1238 811.30000000218251 0 0 1 1 0 -0 -0 1 0 4
4 300 1238 812.09934210744973 0 0 1 1 0 -0 -0 1 0 4
4 300 1238 812.64912280920544 0 0 1 1 0 -0 -0 1 0 4
4 300 1238 812.94934210744964 0 0 1 1 0 -0 -0 1 0 4
4 300 1238 813.00000000218233 0 0 1 1 0 -0 -0 1 0 4
4 300 1238 812.80109649340375 0 0 1 1 0 -0 -0 1 0 4
4 300 1238 812.35263158111343 0 0 1 1 0 -0 -0 1 0 4
4 300 1238 811.6546052653116 0 0 1 1 0 -0 -0 1 0 4
4 300 1238 810.70701754599838 0 0 1 1 0 -0 -0 1 0 4
4 300 1238 809.50986842317354 0 0 1 1 0 -0 -0 1 0 4
4 300 1238 808.0631578968372 0 0 1 1 0 -0 -0 1 0 4
4 300 1238 806.36688596698934 0 0 1 1 0 -0 -0 1 0 4
4 300 1238 804.4210526336301 0 0 1 1 0 -0 -0 1 0 4
4 300 1238 802.22565789675934 0 0 1 1 0 -0 -0 1 0 4
4 300 1238 799.78070175637697 0 0 1 1 0 -0 -0 1 0 4
4 300 1238 797.08618421248309 0 0 1 1 0 -0 -0 1 0 4
4 300 1238 794.1421052650777 0 0 1 1 0 -0 -0 1 0 4
4 300 1238 790.94846491416092 0 0 1 1 0 -0 -0 1 0 4
4 300 1238 787.50526315973264 0 0 1 1 0 -0 -0 1 0 4
4 300 1238 783.81250000179273 0 0 1 1 0 -0 -0 1 0 4
4 300 1238 779.87017544034131 0 0 1 1 0 -0 -0 1 0 4
4 300 1238 775.67828947537839 0 0 1 1 0 -0 -0 1 0 4
4 300 1238 771.23684210690408 0 0 1 1 0 -0 -0 1 0 4
4 300 1238 766.54583333491826 0 0 1 1 0 -0 -0 1 0 4
4 300 1238 761.60526315942082 0 0 1 1 0 -0 -0 1 0 4
4 300 1238 756.41513158041187 0 0 1 1 0 -0 -0 1 0 4
4 300 1238 750.97543859789141 0 0 1 1 0 -0 -0 1 0 4
4 300 1238 745.28618421185956 0 0 1 1 0 -0 -0 1 0 4
4 300 1238 739.34736842231621 0 0 1 1 0 -0 -0 1 0 4
4 300 1238 733.15899122926123 0 0 1 1 0 -0 -0 1 0 4
4 300 1238 726.72105263269475 0 0 1 1 0 -0 -0 1 0 4
4 300 1238 720.03355263261676 0 0 1 1 0 -0 -0 1 0 4
4 300 1238 713.09649122902738 0 0 1 1 0 -0 -0 1 0 4
4 300 1238 705.90986842192649 0 0 1 1 0 -0 -0 1 0 4
4 300 1238 698.47368421131398 0 0 1 1 0 -0 -0 1 0 4
4 300 1238 690.78793859718996 0 0 1 1 0 -0 -0 1 0 4
4 300 1238 682.85263157955444 0 0 1 1 0 -0 -0 1 0 4
4 300 1238 674.66776315840752 0 0 1 1 0 -0 -0 1 0 4
4 300 1238 666.2333333337491 0 0 1 1 0 -0 -0 1 0 4
4 300 1238 657.54934210557906 0 0 1 1 0 -0 -0 1 0 4
4 300 1238 648.61578947389751 0 0 1 1 0 -0 -0 1 0 4
4 300 1238 639.43267543870445 0 0 1 1 0 -0 -0 1 0 4
4 300 1238 630 0 0 1 1 0 -0 -0 1 0 4
Triangulations 0

TShapes 1770
Ve
1e-07
304 1238 606.282675438705
0 0

0101101
*
Ed
 1e-07 1 1 0
1  1 0 0 6.28318530717959
2  1 1 0 0 6.28318530717959
2  2 2 0 0 6.28318530717959
0

0101000
+1770 0 -1770 0 *
Ve
1e-07
304 1238 596
0 0

0101101
*
Ed
 1e-07 1 1 0
1  2 0 0 10.2826754387046
3  3 4CN 1 0 0 10.2826754387046
0

0101000
-1770 0 +1768 0 *
Ed
 1e-07 1 1 0
1  3 0 0 6.28318530717959
2  5 1 0 0 6.28318530717959
2  6 3 0 0 6.28318530717959
0

0101000
+1768 0 -1768 0 *
Wi

0101100
-1769 0 +1767 0 +1766 0 -1767 0 *
Fa
0  1e-07 1 0

0111000
+1765 0 *
Wi

0101100
+1769 0 *
Fa
0  1e-07 2 0

0111000
+1763 0 *
Wi

0101100
-1766 0 *
Fa
0  1e-07 3 0

0111000
-1761 0 *
Sh

0101100
+1764 0 +1762 0 -1760 0 *
So

0100000
+1759 0 *
Ve
1e-07
304 1238 616.315789473898
0 0

0101101
*
Ed
 1e-07 1 1 0
1  4 0 0 6.28318530717959
2  7 4 0 0 6.28318530717959
2  8 5 0 0 6.28318530717959
0

0101000
+1757 0 -1757 0 *
Ve
1e-07
304 1238 606.282675438705
0 0

0101101
*
Ed
 1e-07 1 1 0
1  5 0 0 10.033114035193
3  9 10CN 4 0 0 10.033114035193
0

0101000
-1757 0 +1755 0 *
Ed
 1e-07 1 1 0
1  6 0 0 6.28318530717959
2  11 4 0 0 6.28318530717959
2  12 6 0 0 6.28318530717959
0

0101000
+1755 0 -1755 0 *
Wi

0101100
-1756 0 +1754 0 +1753 0 -1754 0 *
Fa
0  1e-07 4 0

0111000
+1752 0 *
Wi

0101100
+1756 0 *
Fa
0  1e-07 5 0

0111000
+1750 0 *
Wi

0101100
-1753 0 *
Fa
0  1e-07 6 0

0111000
-1748 0 *
Sh

0101100
+1751 0 +1749 0 -1747 0 *
So

0100000
+1746 0 *
Ve
1e-07
304 1238 626.099342105579
0 0

0101101
*
Ed
 1e-07 1 1 0
1  7 0 0 6.28318530717959
2  13 7 0 0 6.28318530717959
2  14 8 0 0 6.28318530717959
0

0101000
+1744 0 -1744 0 *
Ve
1e-07
304 1238 616.315789473898
0 0

0101101
*
Ed
 1e-07 1 1 0
1  8 0 0 9.78355263168146
3  15 16CN 7 0 0 9.78355263168146
0

0101000
-1744 0 +1742 0 *
Ed
 1e-07 1 1 0
1  9 0 0 6.28318530717959
2  17 7 0 0 6.28318530717959
2  18 9 0 0 6.28318530717959
0

0101000
+1742 0 -1742 0 *
Wi

0101100
-1743 0 +1741 0 +1740 0 -1741 0 *
Fa
0  1e-07 7 0

0111000
+1739 0 *
Wi

0101100
+1743 0 *
Fa
0  1e-07 8 0

0111000
+1737 0 *
Wi

0101100
-1740 0 *
Fa
0  1e-07 9 0

0111000
-1735 0 *
Sh

0101100
+1738 0 +1736 0 -1734 0 *
So

0100000
+1733 0 *
Ve
1e-07
304 1238 635.633333333749
0 0

0101101
*
Ed
 1e-07 1 1 0
1  10 0 0 6.28318530717959
2  19 10 0 0 6.28318530717959
2  20 11 0 0 6.28318530717959
0

0101000
+1731 0 -1731 0 *
Ve
1e-07
304 1238 626.099342105579
0 0

0101101
*
Ed
 1e-07 1 1 0
1  11 0 0 9.53399122816995
3  21 22CN 10 0 0 9.53399122816995
0

0101000
-1731 0 +1729 0 *
Ed
 1e-07 1 1 0
1  12 0 0 6.28318530717959
2  23 10 0 0 6.28318530717959
2  24 12 0 0 6.28318530717959
0

0101000
+1729 0 -1729 0 *
Wi

0101100
-1730 0 +1728 0 +1727 0 -1728 0 *
Fa
0  1e-07 10 0

0111000
+1726 0 *
Wi

0101100
+1730 0 *
Fa
0  1e-07 11 0

0111000
+1724 0 *
Wi

0101100
-1727 0 *
Fa
0  1e-07 12 0

0111000
-1722 0 *
Sh

0101100
+1725 0 +1723 0 -1721 0 *
So

0100000
+1720 0 *
Ve
1e-07
304 1238 644.917763158408
0 0

0101101
*
Ed
 1e-07 1 1 0
1  13 0 0 6.28318530717959
2  25 13 0 0 6.28318530717959
2  26 14 0 0 6.28318530717959
0

0101000
+1718 0 -1718 0 *
Ve
1e-07
304 1238 635.633333333749
0 0

0101101
*
Ed
 1e-07 1 1 0
1  14 0 0 9.28442982465856
3  27 28CN 13 0 0 9.28442982465856
0

0101000
-1718 0 +1716 0 *
Ed
 1e-07 1 1 0
1  15 0 0 6.28318530717959
2  29 13 0 0 6.28318530717959
2  30 15 0 0 6.28318530717959
0

0101000
+1716 0 -1716 0 *
Wi

0101100
-1717 0 +1715 0 +1714 0 -1715 0 *
Fa
0  1e-07 13 0

0111000
+1713 0 *
Wi

0101100
+1717 0 *
Fa
0  1e-07 14 0

0111000
+1711 0 *
Wi

0101100
-1714 0 *
Fa
0  1e-07 15 0

0111000
-1709 0 *
Sh

0101100
+1712 0 +1710 0 -1708 0 *
So

0100000
+1707 0 *
Ve
1e-07
304 1238 653.952631579555
0 0

0101101
*
Ed
 1e-07 1 1 0
1  16 0 0 6.28318530717959
2  31 16 0 0 6.28318530717959
2  32 17 0 0 6.28318530717959
0

0101000
+1705 0 -1705 0 *
Ve
1e-07
304 1238 644.917763158408
0 0

0101101
*
Ed
 1e-07 1 1 0
1  17 0 0 9.03486842114705
3  33 34CN 16 0 0 9.03486842114705
0

0101000
-1705 0 +1703 0 *
Ed
 1e-07 1 1 0
1  18 0 0 6.28318530717959
2  35 16 0 0 6.28318530717959
2  36 18 0 0 6.28318530717959
0

0101000
+1703 0 -1703 0 *
Wi

0101100
-1704 0 +1702 0 +1701 0 -1702 0 *
Fa
0  1e-07 16 0

0111000
+1700 0 *
Wi

0101100
+1704 0 *
Fa
0  1e-07 17 0

0111000
+1698 0 *
Wi

0101100
-1701 0 *
Fa
0  1e-07 18 0

0111000
-1696 0 *
Sh

0101100
+1699 0 +1697 0 -1695 0 *
So

0100000
+1694 0 *
Ve
1e-07
304 1238 662.73793859719
0 0

0101101
*
Ed
 1e-07 1 1 0
1  19 0 0 6.28318530717959
2  37 19 0 0 6.28318530717959
2  38 20 0 0 6.28318530717959
0

0101000
+1692 0 -1692 0 *
Ve
1e-07
304 1238 653.952631579555
0 0

0101101
*
Ed
 1e-07 1 1 0
1  20 0 0 8.78530701763543
3  39 40CN 19 0 0 8.78530701763543
0

0101000
-1692 0 +1690 0 *
Ed
 1e-07 1 1 0
1  21 0 0 6.28318530717959
2  41 19 0 0 6.28318530717959
2  42 21 0 0 6.28318530717959
0

0101000
+1690 0 -1690 0 *
Wi

0101100
-1691 0 +1689 0 +1688 0 -1689 0 *
Fa
0  1e-07 19 0

0111000
+1687 0 *
Wi

0101100
+1691 0 *
Fa
0  1e-07 20 0

0111000
+1685 0 *
Wi

0101100
-1688 0 *
Fa
0  1e-07 21 0

0111000
-1683 0 *
Sh

0101100
+1686 0 +1684 0 -1682 0 *
So

0100000
+1681 0 *
Ve
1e-07
304 1238 671.273684211314
0 0

0101101
*
Ed
 1e-07 1 1 0
1  22 0 0 6.28318530717959
2  43 22 0 0 6.28318530717959
2  44 23 0 0 6.28318530717959
0

0101000
+1679 0 -1679 0 *
Ve
1e-07
304 1238 662.73793859719
0 0

0101101
*
Ed
 1e-07 1 1 0
1  23 0 0 8.53574561412393
3  45 46CN 22 0 0 8.53574561412393
0

0101000
-1679 0 +1677 0 *
Ed
 1e-07 1 1 0
1  24 0 0 6.28318530717959
2  47 22 0 0 6.28318530717959
2  48 24 0 0 6.28318530717959
0

0101000
+1677 0 -1677 0 *
Wi

0101100
-1678 0 +1676 0 +1675 0 -1676 0 *
Fa
0  1e-07 22 0

0111000
+1674 0 *
Wi

0101100
+1678 0 *
Fa
0  1e-07 23 0

0111000
+1672 0 *
Wi

0101100
-1675 0 *
Fa
0  1e-07 24 0

0111000
-1670 0 *
Sh

0101100
+1673 0 +1671 0 -1669 0 *
So

0100000
+1668 0 *
Ve
1e-07
304 1238 679.559868421926
0 0

0101101
*
Ed
 1e-07 1 1 0
1  25 0 0 6.28318530717959
2  49 25 0 0 6.28318530717959
2  50 26 0 0 6.28318530717959
0

0101000
+1666 0 -1666 0 *
Ve
1e-07
304 1238 671.273684211314
0 0

0101101
*
Ed
 1e-07 1 1 0
1  26 0 0 8.28618421061242
3  51 52CN 25 0 0 8.28618421061242
0

0101000
-1666 0 +1664 0 *
Ed
 1e-07 1 1 0
1  27 0 0 6.28318530717959
2  53 25 0 0 6.28318530717959
2  54 27 0 0 6.28318530717959
0

0101000
+1664 0 -1664 0 *
Wi

0101100
-1665 0 +1663 0 +1662 0 -1663 0 *
Fa
0  1e-07 25 0

0111000
+1661 0 *
Wi

0101100
+1665 0 *
Fa
0  1e-07 26 0

0111000
+1659 0 *
Wi

0101100
-1662 0 *
Fa
0  1e-07 27 0

0111000
-1657 0 *
Sh

0101100
+1660 0 +1658 0 -1656 0 *
So

0100000
+1655 0 *
Ve
1e-07
304 1238 687.596491229027
0 0

0101101
*
Ed
 1e-07 1 1 0
1  28 0 0 6.28318530717959
2  55 28 0 0 6.28318530717959
2  56 29 0 0 6.28318530717959
0

0101000
+1653 0 -1653 0 *
Ve
1e-07
304 1238 679.559868421926
0 0

0101101
*
Ed
 1e-07 1 1 0
1  29 0 0 8.03662280710103
3  57 58CN 28 0 0 8.03662280710103
0

0101000
-1653 0 +1651 0 *
Ed
 1e-07 1 1 0
1  30 0 0 6.28318530717959
2  59 28 0 0 6.28318530717959
2  60 30 0 0 6.28318530717959
0

0101000
+1651 0 -1651 0 *
Wi

0101100
-1652 0 +1650 0 +1649 0 -1650 0 *
Fa
0  1e-07 28 0

0111000
+1648 0 *
Wi

0101100
+1652 0 *
Fa
0  1e-07 29 0

0111000
+1646 0 *
Wi

0101100
-1649 0 *
Fa
0  1e-07 30 0

0111000
-1644 0 *
Sh

0101100
+1647 0 +1645 0 -1643 0 *
So

0100000
+1642 0 *
Ve
1e-07
304 1238 695.383552632617
0 0

0101101
*
Ed
 1e-07 1 1 0
1  31 0 0 6.28318530717959
2  61 31 0 0 6.28318530717959
2  62 32 0 0 6.28318530717959
0

0101000
+1640 0 -1640 0 *
Ve
1e-07
304 1238 687.596491229027
0 0

0101101
*
Ed
 1e-07 1 1 0
1  32 0 0 7.78706140358952
3  63 64CN 31 0 0 7.78706140358952
0

0101000
-1640 0 +1638 0 *
Ed
 1e-07 1 1 0
1  33 0 0 6.28318530717959
2  65 31 0 0 6.28318530717959
2  66 33 0 0 6.28318530717959
0

0101000
+1638 0 -1638 0 *
Wi

0101100
-1639 0 +1637 0 +1636 0 -1637 0 *
Fa
0  1e-07 31 0

0111000
+1635 0 *
Wi

0101100
+1639 0 *
Fa
0  1e-07 32 0

0111000
+1633 0 *
Wi

0101100
-1636 0 *
Fa
0  1e-07 33 0

0111000
-1631 0 *
Sh

0101100
+1634 0 +1632 0 -1630 0 *
So

0100000
+1629 0 *
Ve
1e-07
304 1238 702.921052632695
0 0

0101101
*
Ed
 1e-07 1 1 0
1  34 0 0 6.28318530717959
2  67 34 0 0 6.28318530717959
2  68 35 0 0 6.28318530717959
0

0101000
+1627 0 -1627 0 *
Ve
1e-07
304 1238 695.383552632617
0 0

0101101
*
Ed
 1e-07 1 1 0
1  35 0 0 7.53750000007778
3  69 70CN 34 0 0 7.53750000007778
0

0101000
-1627 0 +1625 0 *
Ed
 1e-07 1 1 0
1  36 0 0 6.28318530717959
2  71 34 0 0 6.28318530717959
2  72 36 0 0 6.28318530717959
0

0101000
+1625 0 -1625 0 *
Wi

0101100
-1626 0 +1624 0 +1623 0 -1624 0 *
Fa
0  1e-07 34 0

0111000
+1622 0 *
Wi

0101100
+1626 0 *
Fa
0  1e-07 35 0

0111000
+1620 0 *
Wi

0101100
-1623 0 *
Fa
0  1e-07 36 0

0111000
-1618 0 *
Sh

0101100
+1621 0 +1619 0 -1617 0 *
So

0100000
+1616 0 *
Ve
1e-07
304 1238 710.208991229261
0 0

0101101
*
Ed
 1e-07 1 1 0
1  37 0 0 6.28318530717959
2  73 37 0 0 6.28318530717959
2  74 38 0 0 6.28318530717959
0

0101000
+1614 0 -1614 0 *
Ve
1e-07
304 1238 702.921052632695
0 0

0101101
*
Ed
 1e-07 1 1 0
1  38 0 0 7.28793859656662
3  75 76CN 37 0 0 7.28793859656662
0

0101000
-1614 0 +1612 0 *
Ed
 1e-07 1 1 0
1  39 0 0 6.28318530717959
2  77 37 0 0 6.28318530717959
2  78 39 0 0 6.28318530717959
0

0101000
+1612 0 -1612 0 *
Wi

0101100
-1613 0 +1611 0 +1610 0 -1611 0 *
Fa
0  1e-07 37 0

0111000
+1609 0 *
Wi

0101100
+1613 0 *
Fa
0  1e-07 38 0

0111000
+1607 0 *
Wi

0101100
-1610 0 *
Fa
0  1e-07 39 0

0111000
-1605 0 *
Sh

0101100
+1608 0 +1606 0 -1604 0 *
So

0100000
+1603 0 *
Ve
1e-07
304 1238 717.247368422316
0 0

0101101
*
Ed
 1e-07 1 1 0
1  40 0 0 6.28318530717959
2  79 40 0 0 6.28318530717959
2  80 41 0 0 6.28318530717959
0

0101000
+1601 0 -1601 0 *
Ve
1e-07
304 1238 710.208991229261
0 0

0101101
*
Ed
 1e-07 1 1 0
1  41 0 0 7.03837719305488
3  81 82CN 40 0 0 7.03837719305488
0

0101000
-1601 0 +1599 0 *
Ed
 1e-07 1 1 0
1  42 0 0 6.28318530717959
2  83 40 0 0 6.28318530717959
2  84 42 0 0 6.28318530717959
0

0101000
+1599 0 -1599 0 *
Wi

0101100
-1600 0 +1598 0 +1597 0 -1598 0 *
Fa
0  1e-07 40 0

0111000
+1596 0 *
Wi

0101100
+1600 0 *
Fa
0  1e-07 41 0

0111000
+1594 0 *
Wi

0101100
-1597 0 *
Fa
0  1e-07 42 0

0111000
-1592 0 *
Sh

0101100
+1595 0 +1593 0 -1591 0 *
So

0100000
+1590 0 *
Ve
1e-07
304 1238 724.03618421186
0 0

0101101
*
Ed
 1e-07 1 1 0
1  43 0 0 6.28318530717959
2  85 43 0 0 6.28318530717959
2  86 44 0 0 6.28318530717959
0

0101000
+1588 0 -1588 0 *
Ve
1e-07
304 1238 717.247368422316
0 0

0101101
*
Ed
 1e-07 1 1 0
1  44 0 0 6.78881578954338
3  87 88CN 43 0 0 6.78881578954338
0

0101000
-1588 0 +1586 0 *
Ed
 1e-07 1 1 0
1  45 0 0 6.28318530717959
2  89 43 0 0 6.28318530717959
2  90 45 0 0 6.28318530717959
0

0101000
+1586 0 -1586 0 *
Wi

0101100
-1587 0 +1585 0 +1584 0 -1585 0 *
Fa
0  1e-07 43 0

0111000
+1583 0 *
Wi

0101100
+1587 0 *
Fa
0  1e-07 44 0

0111000
+1581 0 *
Wi

0101100
-1584 0 *
Fa
0  1e-07 45 0

0111000
-1579 0 *
Sh

0101100
+1582 0 +1580 0 -1578 0 *
So

0100000
+1577 0 *
Ve
1e-07
304 1238 730.575438597891
0 0

0101101
*
Ed
 1e-07 1 1 0
1  46 0 0 6.28318530717959
2  91 46 0 0 6.28318530717959
2  92 47 0 0 6.28318530717959
0

0101000
+1575 0 -1575 0 *
Ve
1e-07
304 1238 724.03618421186
0 0

0101101
*
Ed
 1e-07 1 1 0
1  47 0 0 6.53925438603187
3  93 94CN 46 0 0 6.53925438603187
0

0101000
-1575 0 +1573 0 *
Ed
 1e-07 1 1 0
1  48 0 0 6.28318530717959
2  95 46 0 0 6.28318530717959
2  96 48 0 0 6.28318530717959
0

0101000
+1573 0 -1573 0 *
Wi

0101100
-1574 0 +1572 0 +1571 0 -1572 0 *
Fa
0  1e-07 46 0

0111000
+1570 0 *
Wi

0101100
+1574 0 *
Fa
0  1e-07 47 0

0111000
+1568 0 *
Wi

0101100
-1571 0 *
Fa
0  1e-07 48 0

0111000
-1566 0 *
Sh

0101100
+1569 0 +1567 0 -1565 0 *
So

0100000
+1564 0 *
Ve
1e-07
304 1238 736.865131580412
0 0

0101101
*
Ed
 1e-07 1 1 0
1  49 0 0 6.28318530717959
2  97 49 0 0 6.28318530717959
2  98 50 0 0 6.28318530717959
0

0101000
+1562 0 -1562 0 *
Ve
1e-07
304 1238 730.575438597891
0 0

0101101
*
Ed
 1e-07 1 1 0
1  50 0 0 6.28969298252036
3  99 100CN 49 0 0 6.28969298252036
0

0101000
-1562 0 +1560 0 *
Ed
 1e-07 1 1 0
1  51 0 0 6.28318530717959
2  101 49 0 0 6.28318530717959
2  102 51 0 0 6.28318530717959
0

0101000
+1560 0 -1560 0 *
Wi

0101100
-1561 0 +1559 0 +1558 0 -1559 0 *
Fa
0  1e-07 49 0

0111000
+1557 0 *
Wi

0101100
+1561 0 *
Fa
0  1e-07 50 0

0111000
+1555 0 *
Wi

0101100
-1558 0 *
Fa
0  1e-07 51 0

0111000
-1553 0 *
Sh

0101100
+1556 0 +1554 0 -1552 0 *
So

0100000
+1551 0 *
Ve
1e-07
304 1238 742.905263159421
0 0

0101101
*
Ed
 1e-07 1 1 0
1  52 0 0 6.28318530717959
2  103 52 0 0 6.28318530717959
2  104 53 0 0 6.28318530717959
0

0101000
+1549 0 -1549 0 *
Ve
1e-07
304 1238 736.865131580412
0 0

0101101
*
Ed
 1e-07 1 1 0
1  53 0 0 6.04013157900908
3  105 106CN 52 0 0 6.04013157900908
0

0101000
-1549 0 +1547 0 *
Ed
 1e-07 1 1 0
1  54 0 0 6.28318530717959
2  107 52 0 0 6.28318530717959
2  108 54 0 0 6.28318530717959
0

0101000
+1547 0 -1547 0 *
Wi

0101100
-1548 0 +1546 0 +1545 0 -1546 0 *
Fa
0  1e-07 52 0

0111000
+1544 0 *
Wi

0101100
+1548 0 *
Fa
0  1e-07 53 0

0111000
+1542 0 *
Wi

0101100
-1545 0 *
Fa
0  1e-07 54 0

0111000
-1540 0 *
Sh

0101100
+1543 0 +1541 0 -1539 0 *
So

0100000
+1538 0 *
Ve
1e-07
304 1238 748.695833334918
0 0

0101101
*
Ed
 1e-07 1 1 0
1  55 0 0 6.28318530717959
2  109 55 0 0 6.28318530717959
2  110 56 0 0 6.28318530717959
0

0101000
+1536 0 -1536 0 *
Ve
1e-07
304 1238 742.905263159421
0 0

0101101
*
Ed
 1e-07 1 1 0
1  56 0 0 5.79057017549735
3  111 112CN 55 0 0 5.79057017549735
0

0101000
-1536 0 +1534 0 *
Ed
 1e-07 1 1 0
1  57 0 0 6.28318530717959
2  113 55 0 0 6.28318530717959
2  114 57 0 0 6.28318530717959
0

0101000
+1534 0 -1534 0 *
Wi

0101100
-1535 0 +1533 0 +1532 0 -1533 0 *
Fa
0  1e-07 55 0

0111000
+1531 0 *
Wi

0101100
+1535 0 *
Fa
0  1e-07 56 0

0111000
+1529 0 *
Wi

0101100
-1532 0 *
Fa
0  1e-07 57 0

0111000
-1527 0 *
Sh

0101100
+1530 0 +1528 0 -1526 0 *
So

0100000
+1525 0 *
Ve
1e-07
304 1238 754.236842106904
0 0

0101101
*
Ed
 1e-07 1 1 0
1  58 0 0 6.28318530717959
2  115 58 0 0 6.28318530717959
2  116 59 0 0 6.28318530717959
0

0101000
+1523 0 -1523 0 *
Ve
1e-07
304 1238 748.695833334918
0 0

0101101
*
Ed
 1e-07 1 1 0
1  59 0 0 5.54100877198584
3  117 118CN 58 0 0 5.54100877198584
0

0101000
-1523 0 +1521 0 *
Ed
 1e-07 1 1 0
1  60 0 0 6.28318530717959
2  119 58 0 0 6.28318530717959
2  120 60 0 0 6.28318530717959
0

0101000
+1521 0 -1521 0 *
Wi

0101100
-1522 0 +1520 0 +1519 0 -1520 0 *
Fa
0  1e-07 58 0

0111000
+1518 0 *
Wi

0101100
+1522 0 *
Fa
0  1e-07 59 0

0111000
+1516 0 *
Wi

0101100
-1519 0 *
Fa
0  1e-07 60 0

0111000
-1514 0 *
Sh

0101100
+1517 0 +1515 0 -1513 0 *
So

0100000
+1512 0 *
Ve
1e-07
304 1238 759.528289475378
0 0

0101101
*
Ed
 1e-07 1 1 0
1  61 0 0 6.28318530717959
2  121 61 0 0 6.28318530717959
2  122 62 0 0 6.28318530717959
0

0101000
+1510 0 -1510 0 *
Ve
1e-07
304 1238 754.236842106904
0 0

0101101
*
Ed
 1e-07 1 1 0
1  62 0 0 5.29144736847434
3  123 124CN 61 0 0 5.29144736847434
0

0101000
-1510 0 +1508 0 *
Ed
 1e-07 1 1 0
1  63 0 0 6.28318530717959
2  125 61 0 0 6.28318530717959
2  126 63 0 0 6.28318530717959
0

0101000
+1508 0 -1508 0 *
Wi

0101100
-1509 0 +1507 0 +1506 0 -1507 0 *
Fa
0  1e-07 61 0

0111000
+1505 0 *
Wi

0101100
+1509 0 *
Fa
0  1e-07 62 0

0111000
+1503 0 *
Wi

0101100
-1506 0 *
Fa
0  1e-07 63 0

0111000
-1501 0 *
Sh

0101100
+1504 0 +1502 0 -1500 0 *
So

0100000
+1499 0 *
Ve
1e-07
304 1238 764.570175440341
0 0

0101101
*
Ed
 1e-07 1 1 0
1  64 0 0 6.28318530717959
2  127 64 0 0 6.28318530717959
2  128 65 0 0 6.28318530717959
0

0101000
+1497 0 -1497 0 *
Ve
1e-07
304 1238 759.528289475378
0 0

0101101
*
Ed
 1e-07 1 1 0
1  65 0 0 5.04188596496283
3  129 130CN 64 0 0 5.04188596496283
0

0101000
-1497 0 +1495 0 *
Ed
 1e-07 1 1 0
1  66 0 0 6.28318530717959
2  131 64 0 0 6.28318530717959
2  132 66 0 0 6.28318530717959
0

0101000
+1495 0 -1495 0 *
Wi

0101100
-1496 0 +1494 0 +1493 0 -1494 0 *
Fa
0  1e-07 64 0

0111000
+1492 0 *
Wi

0101100
+1496 0 *
Fa
0  1e-07 65 0

0111000
+1490 0 *
Wi

0101100
-1493 0 *
Fa
0  1e-07 66 0

0111000
-1488 0 *
Sh

0101100
+1491 0 +1489 0 -1487 0 *
So

0100000
+1486 0 *
Ve
1e-07
304 1238 769.362500001793
0 0

0101101
*
Ed
 1e-07 1 1 0
1  67 0 0 6.28318530717959
2  133 67 0 0 6.28318530717959
2  134 68 0 0 6.28318530717959
0

0101000
+1484 0 -1484 0 *
Ve
1e-07
304 1238 764.570175440341
0 0

0101101
*
Ed
 1e-07 1 1 0
1  68 0 0 4.79232456145155
3  135 136CN 67 0 0 4.79232456145155
0

0101000
-1484 0 +1482 0 *
Ed
 1e-07 1 1 0
1  69 0 0 6.28318530717959
2  137 67 0 0 6.28318530717959
2  138 69 0 0 6.28318530717959
0

0101000
+1482 0 -1482 0 *
Wi

0101100
-1483 0 +1481 0 +1480 0 -1481 0 *
Fa
0  1e-07 67 0

0111000
+1479 0 *
Wi

0101100
+1483 0 *
Fa
0  1e-07 68 0

0111000
+1477 0 *
Wi

0101100
-1480 0 *
Fa
0  1e-07 69 0

0111000
-1475 0 *
Sh

0101100
+1478 0 +1476 0 -1474 0 *
So

0100000
+1473 0 *
Ve
1e-07
304 1238 773.905263159733
0 0

0101101
*
Ed
 1e-07 1 1 0
1  70 0 0 6.28318530717959
2  139 70 0 0 6.28318530717959
2  140 71 0 0 6.28318530717959
0

0101000
+1471 0 -1471 0 *
Ve
1e-07
304 1238 769.362500001793
0 0

0101101
*
Ed
 1e-07 1 1 0
1  71 0 0 4.54276315793982
3  141 142CN 70 0 0 4.54276315793982
0

0101000
-1471 0 +1469 0 *
Ed
 1e-07 1 1 0
1  72 0 0 6.28318530717959
2  143 70 0 0 6.28318530717959
2  144 72 0 0 6.28318530717959
0

0101000
+1469 0 -1469 0 *
Wi

0101100
-1470 0 +1468 0 +1467 0 -1468 0 *
Fa
0  1e-07 70 0

0111000
+1466 0 *
Wi

0101100
+1470 0 *
Fa
0  1e-07 71 0

0111000
+1464 0 *
Wi

0101100
-1467 0 *
Fa
0  1e-07 72 0

0111000
-1462 0 *
Sh

0101100
+1465 0 +1463 0 -1461 0 *
So

0100000
+1460 0 *
Ve
1e-07
304 1238 778.198464914161
0 0

0101101
*
Ed
 1e-07 1 1 0
1  73 0 0 6.28318530717959
2  145 73 0 0 6.28318530717959
2  146 74 0 0 6.28318530717959
0

0101000
+1458 0 -1458 0 *
Ve
1e-07
304 1238 773.905263159733
0 0

0101101
*
Ed
 1e-07 1 1 0
1  74 0 0 4.29320175442831
3  147 148CN 73 0 0 4.29320175442831
0

0101000
-1458 0 +1456 0 *
Ed
 1e-07 1 1 0
1  75 0 0 6.28318530717959
2  149 73 0 0 6.28318530717959
2  150 75 0 0 6.28318530717959
0

0101000
+1456 0 -1456 0 *
Wi

0101100
-1457 0 +1455 0 +1454 0 -1455 0 *
Fa
0  1e-07 73 0

0111000
+1453 0 *
Wi

0101100
+1457 0 *
Fa
0  1e-07 74 0

0111000
+1451 0 *
Wi

0101100
-1454 0 *
Fa
0  1e-07 75 0

0111000
-1449 0 *
Sh

0101100
+1452 0 +1450 0 -1448 0 *
So

0100000
+1447 0 *
Ve
1e-07
304 1238 782.242105265078
0 0

0101101
*
Ed
 1e-07 1 1 0
1  76 0 0 6.28318530717959
2  151 76 0 0 6.28318530717959
2  152 77 0 0 6.28318530717959
0

0101000
+1445 0 -1445 0 *
Ve
1e-07
304 1238 778.198464914161
0 0

0101101
*
Ed
 1e-07 1 1 0
1  77 0 0 4.0436403509168
3  153 154CN 76 0 0 4.0436403509168
0

0101000
-1445 0 +1443 0 *
Ed
 1e-07 1 1 0
1  78 0 0 6.28318530717959
2  155 76 0 0 6.28318530717959
2  156 78 0 0 6.28318530717959
0

0101000
+1443 0 -1443 0 *
Wi

0101100
-1444 0 +1442 0 +1441 0 -1442 0 *
Fa
0  1e-07 76 0

0111000
+1440 0 *
Wi

0101100
+1444 0 *
Fa
0  1e-07 77 0

0111000
+1438 0 *
Wi

0101100
-1441 0 *
Fa
0  1e-07 78 0

0111000
-1436 0 *
Sh

0101100
+1439 0 +1437 0 -1435 0 *
So

0100000
+1434 0 *
Ve
1e-07
304 1238 786.036184212483
0 0

0101101
*
Ed
 1e-07 1 1 0
1  79 0 0 6.28318530717959
2  157 79 0 0 6.28318530717959
2  158 80 0 0 6.28318530717959
0

0101000
+1432 0 -1432 0 *
Ve
1e-07
304 1238 782.242105265078
0 0

0101101
*
Ed
 1e-07 1 1 0
1  80 0 0 3.7940789474053
3  159 160CN 79 0 0 3.7940789474053
0

0101000
-1432 0 +1430 0 *
Ed
 1e-07 1 1 0
1  81 0 0 6.28318530717959
2  161 79 0 0 6.28318530717959
2  162 81 0 0 6.28318530717959
0

0101000
+1430 0 -1430 0 *
Wi

0101100
-1431 0 +1429 0 +1428 0 -1429 0 *
Fa
0  1e-07 79 0

0111000
+1427 0 *
Wi

0101100
+1431 0 *
Fa
0  1e-07 80 0

0111000
+1425 0 *
Wi

0101100
-1428 0 *
Fa
0  1e-07 81 0

0111000
-1423 0 *
Sh

0101100
+1426 0 +1424 0 -1422 0 *
So

0100000
+1421 0 *
Ve
1e-07
304 1238 789.580701756377
0 0

0101101
*
Ed
 1e-07 1 1 0
1  82 0 0 6.28318530717959
2  163 82 0 0 6.28318530717959
2  164 83 0 0 6.28318530717959
0

0101000
+1419 0 -1419 0 *
Ve
1e-07
304 1238 786.036184212483
0 0

0101101
*
Ed
 1e-07 1 1 0
1  83 0 0 3.54451754389402
3  165 166CN 82 0 0 3.54451754389402
0

0101000
-1419 0 +1417 0 *
Ed
 1e-07 1 1 0
1  84 0 0 6.28318530717959
2  167 82 0 0 6.28318530717959
2  168 84 0 0 6.28318530717959
0

0101000
+1417 0 -1417 0 *
Wi

0101100
-1418 0 +1416 0 +1415 0 -1416 0 *
Fa
0  1e-07 82 0

0111000
+1414 0 *
Wi

0101100
+1418 0 *
Fa
0  1e-07 83 0

0111000
+1412 0 *
Wi

0101100
-1415 0 *
Fa
0  1e-07 84 0

0111000
-1410 0 *
Sh

0101100
+1413 0 +1411 0 -1409 0 *
So

0100000
+1408 0 *
Ve
1e-07
304 1238 792.875657896759
0 0

0101101
*
Ed
 1e-07 1 1 0
1  85 0 0 6.28318530717959
2  169 85 0 0 6.28318530717959
2  170 86 0 0 6.28318530717959
0

0101000
+1406 0 -1406 0 *
Ve
1e-07
304 1238 789.580701756377
0 0

0101101
*
Ed
 1e-07 1 1 0
1  86 0 0 3.29495614038228
3  171 172CN 85 0 0 3.29495614038228
0

0101000
-1406 0 +1404 0 *
Ed
 1e-07 1 1 0
1  87 0 0 6.28318530717959
2  173 85 0 0 6.28318530717959
2  174 87 0 0 6.28318530717959
0

0101000
+1404 0 -1404 0 *
Wi

0101100
-1405 0 +1403 0 +1402 0 -1403 0 *
Fa
0  1e-07 85 0

0111000
+1401 0 *
Wi

0101100
+1405 0 *
Fa
0  1e-07 86 0

0111000
+1399 0 *
Wi

0101100
-1402 0 *
Fa
0  1e-07 87 0

0111000
-1397 0 *
Sh

0101100
+1400 0 +1398 0 -1396 0 *
So

0100000
+1395 0 *
Ve
1e-07
304 1238 795.92105263363
0 0

0101101
*
Ed
 1e-07 1 1 0
1  88 0 0 6.28318530717959
2  175 88 0 0 6.28318530717959
2  176 89 0 0 6.28318530717959
0

0101000
+1393 0 -1393 0 *
Ve
1e-07
304 1238 792.875657896759
0 0

0101101
*
Ed
 1e-07 1 1 0
1  89 0 0 3.04539473687078
3  177 178CN 88 0 0 3.04539473687078
0

0101000
-1393 0 +1391 0 *
Ed
 1e-07 1 1 0
1  90 0 0 6.28318530717959
2  179 88 0 0 6.28318530717959
2  180 90 0 0 6.28318530717959
0

0101000
+1391 0 -1391 0 *
Wi

0101100
-1392 0 +1390 0 +1389 0 -1390 0 *
Fa
0  1e-07 88 0

0111000
+1388 0 *
Wi

0101100
+1392 0 *
Fa
0  1e-07 89 0

0111000
+1386 0 *
Wi

0101100
-1389 0 *
Fa
0  1e-07 90 0

0111000
-1384 0 *
Sh

0101100
+1387 0 +1385 0 -1383 0 *
So

0100000
+1382 0 *
Ve
1e-07
304 1238 798.716885966989
0 0

0101101
*
Ed
 1e-07 1 1 0
1  91 0 0 6.28318530717959
2  181 91 0 0 6.28318530717959
2  182 92 0 0 6.28318530717959
0

0101000
+1380 0 -1380 0 *
Ve
1e-07
304 1238 795.92105263363
0 0

0101101
*
Ed
 1e-07 1 1 0
1  92 0 0 2.79583333335927
3  183 184CN 91 0 0 2.79583333335927
0

0101000
-1380 0 +1378 0 *
Ed
 1e-07 1 1 0
1  93 0 0 6.28318530717959
2  185 91 0 0 6.28318530717959
2  186 93 0 0 6.28318530717959
0

0101000
+1378 0 -1378 0 *
Wi

0101100
-1379 0 +1377 0 +1376 0 -1377 0 *
Fa
0  1e-07 91 0

0111000
+1375 0 *
Wi

0101100
+1379 0 *
Fa
0  1e-07 92 0

0111000
+1373 0 *
Wi

0101100
-1376 0 *
Fa
0  1e-07 93 0

0111000
-1371 0 *
Sh

0101100
+1374 0 +1372 0 -1370 0 *
So

0100000
+1369 0 *
Ve
1e-07
304 1238 801.263157896837
0 0

0101101
*
Ed
 1e-07 1 1 0
1  94 0 0 6.28318530717959
2  187 94 0 0 6.28318530717959
2  188 95 0 0 6.28318530717959
0

0101000
+1367 0 -1367 0 *
Ve
1e-07
304 1238 798.716885966989
0 0

0101101
*
Ed
 1e-07 1 1 0
1  95 0 0 2.54627192984776
3  189 190CN 94 0 0 2.54627192984776
0

0101000
-1367 0 +1365 0 *
Ed
 1e-07 1 1 0
1  96 0 0 6.28318530717959
2  191 94 0 0 6.28318530717959
2  192 96 0 0 6.28318530717959
0

0101000
+1365 0 -1365 0 *
Wi

0101100
-1366 0 +1364 0 +1363 0 -1364 0 *
Fa
0  1e-07 94 0

0111000
+1362 0 *
Wi

0101100
+1366 0 *
Fa
0  1e-07 95 0

0111000
+1360 0 *
Wi

0101100
-1363 0 *
Fa
0  1e-07 96 0

0111000
-1358 0 *
Sh

0101100
+1361 0 +1359 0 -1357 0 *
So

0100000
+1356 0 *
Ve
1e-07
304 1238 803.559868423174
0 0

0101101
*
Ed
 1e-07 1 1 0
1  97 0 0 6.28318530717959
2  193 97 0 0 6.28318530717959
2  194 98 0 0 6.28318530717959
0

0101000
+1354 0 -1354 0 *
Ve
1e-07
304 1238 801.263157896837
0 0

0101101
*
Ed
 1e-07 1 1 0
1  98 0 0 2.29671052633648
3  195 196CN 97 0 0 2.29671052633648
0

0101000
-1354 0 +1352 0 *
Ed
 1e-07 1 1 0
1  99 0 0 6.28318530717959
2  197 97 0 0 6.28318530717959
2  198 99 0 0 6.28318530717959
0

0101000
+1352 0 -1352 0 *
Wi

0101100
-1353 0 +1351 0 +1350 0 -1351 0 *
Fa
0  1e-07 97 0

0111000
+1349 0 *
Wi

0101100
+1353 0 *
Fa
0  1e-07 98 0

0111000
+1347 0 *
Wi

0101100
-1350 0 *
Fa
0  1e-07 99 0

0111000
-1345 0 *
Sh

0101100
+1348 0 +1346 0 -1344 0 *
So

0100000
+1343 0 *
Ve
1e-07
304 1238 805.607017545998
0 0

0101101
*
Ed
 1e-07 1 1 0
1  100 0 0 6.28318530717959
2  199 100 0 0 6.28318530717959
2  200 101 0 0 6.28318530717959
0

0101000
+1341 0 -1341 0 *
Ve
1e-07
304 1238 803.559868423174
0 0

0101101
*
Ed
 1e-07 1 1 0
1  101 0 0 2.04714912282475
3  201 202CN 100 0 0 2.04714912282475
0

0101000
-1341 0 +1339 0 *
Ed
 1e-07 1 1 0
1  102 0 0 6.28318530717959
2  203 100 0 0 6.28318530717959
2  204 102 0 0 6.28318530717959
0

0101000
+1339 0 -1339 0 *
Wi

0101100
-1340 0 +1338 0 +1337 0 -1338 0 *
Fa
0  1e-07 100 0

0111000
+1336 0 *
Wi

0101100
+1340 0 *
Fa
0  1e-07 101 0

0111000
+1334 0 *
Wi

0101100
-1337 0 *
Fa
0  1e-07 102 0

0111000
-1332 0 *
Sh

0101100
+1335 0 +1333 0 -1331 0 *
So

0100000
+1330 0 *
Ve
1e-07
304 1238 807.404605265312
0 0

0101101
*
Ed
 1e-07 1 1 0
1  103 0 0 6.28318530717959
2  205 103 0 0 6.28318530717959
2  206 104 0 0 6.28318530717959
0

0101000
+1328 0 -1328 0 *
Ve
1e-07
304 1238 805.607017545998
0 0

0101101
*
Ed
 1e-07 1 1 0
1  104 0 0 1.79758771931324
3  207 208CN 103 0 0 1.79758771931324
0

0101000
-1328 0 +1326 0 *
Ed
 1e-07 1 1 0
1  105 0 0 6.28318530717959
2  209 103 0 0 6.28318530717959
2  210 105 0 0 6.28318530717959
0

0101000
+1326 0 -1326 0 *
Wi

0101100
-1327 0 +1325 0 +1324 0 -1325 0 *
Fa
0  1e-07 103 0

0111000
+1323 0 *
Wi

0101100
+1327 0 *
Fa
0  1e-07 104 0

0111000
+1321 0 *
Wi

0101100
-1324 0 *
Fa
0  1e-07 105 0

0111000
-1319 0 *
Sh

0101100
+1322 0 +1320 0 -1318 0 *
So

0100000
+1317 0 *
Ve
1e-07
304 1238 808.952631581113
0 0

0101101
*
Ed
 1e-07 1 1 0
1  106 0 0 6.28318530717959
2  211 106 0 0 6.28318530717959
2  212 107 0 0 6.28318530717959
0

0101000
+1315 0 -1315 0 *
Ve
1e-07
304 1238 807.404605265312
0 0

0101101
*
Ed
 1e-07 1 1 0
1  107 0 0 1.54802631580174
3  213 214CN 106 0 0 1.54802631580174
0

0101000
-1315 0 +1313 0 *
Ed
 1e-07 1 1 0
1  108 0 0 6.28318530717959
2  215 106 0 0 6.28318530717959
2  216 108 0 0 6.28318530717959
0

0101000
+1313 0 -1313 0 *
Wi

0101100
-1314 0 +1312 0 +1311 0 -1312 0 *
Fa
0  1e-07 106 0

0111000
+1310 0 *
Wi

0101100
+1314 0 *
Fa
0  1e-07 107 0

0111000
+1308 0 *
Wi

0101100
-1311 0 *
Fa
0  1e-07 108 0

0111000
-1306 0 *
Sh

0101100
+1309 0 +1307 0 -1305 0 *
So

0100000
+1304 0 *
Ve
1e-07
304 1238 810.251096493404
0 0

0101101
*
Ed
 1e-07 1 1 0
1  109 0 0 6.28318530717959
2  217 109 0 0 6.28318530717959
2  218 110 0 0 6.28318530717959
0

0101000
+1302 0 -1302 0 *
Ve
1e-07
304 1238 808.952631581113
0 0

0101101
*
Ed
 1e-07 1 1 0
1  110 0 0 1.29846491229023
3  219 220CN 109 0 0 1.29846491229023
0

0101000
-1302 0 +1300 0 *
Ed
 1e-07 1 1 0
1  111 0 0 6.28318530717959
2  221 109 0 0 6.28318530717959
2  222 111 0 0 6.28318530717959
0

0101000
+1300 0 -1300 0 *
Wi

0101100
-1301 0 +1299 0 +1298 0 -1299 0 *
Fa
0  1e-07 109 0

0111000
+1297 0 *
Wi

0101100
+1301 0 *
Fa
0  1e-07 110 0

0111000
+1295 0 *
Wi

0101100
-1298 0 *
Fa
0  1e-07 111 0

0111000
-1293 0 *
Sh

0101100
+1296 0 +1294 0 -1292 0 *
So

0100000
+1291 0 *
Ve
1e-07
304 1238 811.300000002183
0 0

0101101
*
Ed
 1e-07 1 1 0
1  112 0 0 6.28318530717959
2  223 112 0 0 6.28318530717959
2  224 113 0 0 6.28318530717959
0

0101000
+1289 0 -1289 0 *
Ve
1e-07
304 1238 810.251096493404
0 0

0101101
*
Ed
 1e-07 1 1 0
1  113 0 0 1.04890350877895
3  225 226CN 112 0 0 1.04890350877895
0

0101000
-1289 0 +1287 0 *
Ed
 1e-07 1 1 0
1  114 0 0 6.28318530717959
2  227 112 0 0 6.28318530717959
2  228 114 0 0 6.28318530717959
0

0101000
+1287 0 -1287 0 *
Wi

0101100
-1288 0 +1286 0 +1285 0 -1286 0 *
Fa
0  1e-07 112 0

0111000
+1284 0 *
Wi

0101100
+1288 0 *
Fa
0  1e-07 113 0

0111000
+1282 0 *
Wi

0101100
-1285 0 *
Fa
0  1e-07 114 0

0111000
-1280 0 *
Sh

0101100
+1283 0 +1281 0 -1279 0 *
So

0100000
+1278 0 *
Ve
1e-07
304 1238 812.09934210745
0 0

0101101
*
Ed
 1e-07 1 1 0
1  115 0 0 6.28318530717959
2  229 115 0 0 6.28318530717959
2  230 116 0 0 6.28318530717959
0

0101000
+1276 0 -1276 0 *
Ve
1e-07
304 1238 811.300000002183
0 0

0101101
*
Ed
 1e-07 1 1 0
1  116 0 0 0.799342105267215
3  231 232CN 115 0 0 0.799342105267215
0

0101000
-1276 0 +1274 0 *
Ed
 1e-07 1 1 0
1  117 0 0 6.28318530717959
2  233 115 0 0 6.28318530717959
2  234 117 0 0 6.28318530717959
0

0101000
+1274 0 -1274 0 *
Wi

0101100
-1275 0 +1273 0 +1272 0 -1273 0 *
Fa
0  1e-07 115 0

0111000
+1271 0 *
Wi

0101100
+1275 0 *
Fa
0  1e-07 116 0

0111000
+1269 0 *
Wi

0101100
-1272 0 *
Fa
0  1e-07 117 0

0111000
-1267 0 *
Sh

0101100
+1270 0 +1268 0 -1266 0 *
So

0100000
+1265 0 *
Ve
1e-07
304 1238 812.649122809205
0 0

0101101
*
Ed
 1e-07 1 1 0
1  118 0 0 6.28318530717959
2  235 118 0 0 6.28318530717959
2  236 119 0 0 6.28318530717959
0

0101000
+1263 0 -1263 0 *
Ve
1e-07
304 1238 812.09934210745
0 0

0101101
*
Ed
 1e-07 1 1 0
1  119 0 0 0.549780701755708
3  237 238CN 118 0 0 0.549780701755708
0

0101000
-1263 0 +1261 0 *
Ed
 1e-07 1 1 0
1  120 0 0 6.28318530717959
2  239 118 0 0 6.28318530717959
2  240 120 0 0 6.28318530717959
0

0101000
+1261 0 -1261 0 *
Wi

0101100
-1262 0 +1260 0 +1259 0 -1260 0 *
Fa
0  1e-07 118 0

0111000
+1258 0 *
Wi

0101100
+1262 0 *
Fa
0  1e-07 119 0

0111000
+1256 0 *
Wi

0101100
-1259 0 *
Fa
0  1e-07 120 0

0111000
-1254 0 *
Sh

0101100
+1257 0 +1255 0 -1253 0 *
So

0100000
+1252 0 *
Ve
1e-07
304 1238 812.94934210745
0 0

0101101
*
Ed
 1e-07 1 1 0
1  121 0 0 6.28318530717959
2  241 121 0 0 6.28318530717959
2  242 122 0 0 6.28318530717959
0

0101000
+1250 0 -1250 0 *
Ve
1e-07
304 1238 812.649122809205
0 0

0101101
*
Ed
 1e-07 1 1 0
1  122 0 0 0.300219298244201
3  243 244CN 121 0 0 0.300219298244201
0

0101000
-1250 0 +1248 0 *
Ed
 1e-07 1 1 0
1  123 0 0 6.28318530717959
2  245 121 0 0 6.28318530717959
2  246 123 0 0 6.28318530717959
0

0101000
+1248 0 -1248 0 *
Wi

0101100
-1249 0 +1247 0 +1246 0 -1247 0 *
Fa
0  1e-07 121 0

0111000
+1245 0 *
Wi

0101100
+1249 0 *
Fa
0  1e-07 122 0

0111000
+1243 0 *
Wi

0101100
-1246 0 *
Fa
0  1e-07 123 0

0111000
-1241 0 *
Sh

0101100
+1244 0 +1242 0 -1240 0 *
So

0100000
+1239 0 *
Ve
1e-07
304 1238 813.000000002182
0 0

0101101
*
Ed
 1e-07 1 1 0
1  124 0 0 6.28318530717959
2  247 124 0 0 6.28318530717959
2  248 125 0 0 6.28318530717959
0

0101000
+1237 0 -1237 0 *
Ve
1e-07
304 1238 812.94934210745
0 0

0101101
*
Ed
 1e-07 1 1 0
1  125 0 0 0.0506578947326943
3  249 250CN 124 0 0 0.0506578947326943
0

0101000
-1237 0 +1235 0 *
Ed
 1e-07 1 1 0
1  126 0 0 6.28318530717959
2  251 124 0 0 6.28318530717959
2  252 126 0 0 6.28318530717959
0

0101000
+1235 0 -1235 0 *
Wi

0101100
-1236 0 +1234 0 +1233 0 -1234 0 *
Fa
0  1e-07 124 0

0111000
+1232 0 *
Wi

0101100
+1236 0 *
Fa
0  1e-07 125 0

0111000
+1230 0 *
Wi

0101100
-1233 0 *
Fa
0  1e-07 126 0

0111000
-1228 0 *
Sh

0101100
+1231 0 +1229 0 -1227 0 *
So

0100000
+1226 0 *
Ve
1e-07
296 1238 812.801096493404
0 0

0101101
*
Ed
 1e-07 1 1 0
1  127 0 0 6.28318530717959
2  253 127 0 0 6.28318530717959
2  254 128 0 0 6.28318530717959
0

0101000
+1224 0 -1224 0 *
Ve
1e-07
296 1238 813.000000002182
0 0

0101101
*
Ed
 1e-07 1 1 0
1  128 0 0 0.198903508778585
3  255 256CN 127 0 0 0.198903508778585
0

0101000
-1224 0 +1222 0 *
Ed
 1e-07 1 1 0
1  129 0 0 6.28318530717959
2  257 127 0 0 6.28318530717959
2  258 129 0 0 6.28318530717959
0

0101000
+1222 0 -1222 0 *
Wi

0101100
-1223 0 +1221 0 +1220 0 -1221 0 *
Fa
0  1e-07 127 0

0111000
+1219 0 *
Wi

0101100
+1223 0 *
Fa
0  1e-07 128 0

0111000
+1217 0 *
Wi

0101100
-1220 0 *
Fa
0  1e-07 129 0

0111000
-1215 0 *
Sh

0101100
+1218 0 +1216 0 -1214 0 *
So

0100000
+1213 0 *
Ve
1e-07
296 1238 812.352631581113
0 0

0101101
*
Ed
 1e-07 1 1 0
1  130 0 0 6.28318530717959
2  259 130 0 0 6.28318530717959
2  260 131 0 0 6.28318530717959
0

0101000
+1211 0 -1211 0 *
Ve
1e-07
296 1238 812.801096493404
0 0

0101101
*
Ed
 1e-07 1 1 0
1  131 0 0 0.448464912290319
3  261 262CN 130 0 0 0.448464912290319
0

0101000
-1211 0 +1209 0 *
Ed
 1e-07 1 1 0
1  132 0 0 6.28318530717959
2  263 130 0 0 6.28318530717959
2  264 132 0 0 6.28318530717959
0

0101000
+1209 0 -1209 0 *
Wi

0101100
-1210 0 +1208 0 +1207 0 -1208 0 *
Fa
0  1e-07 130 0

0111000
+1206 0 *
Wi

0101100
+1210 0 *
Fa
0  1e-07 131 0

0111000
+1204 0 *
Wi

0101100
-1207 0 *
Fa
0  1e-07 132 0

0111000
-1202 0 *
Sh

0101100
+1205 0 +1203 0 -1201 0 *
So

0100000
+1200 0 *
Ve
1e-07
296 1238 811.654605265312
0 0

0101101
*
Ed
 1e-07 1 1 0
1  133 0 0 6.28318530717959
2  265 133 0 0 6.28318530717959
2  266 134 0 0 6.28318530717959
0

0101000
+1198 0 -1198 0 *
Ve
1e-07
296 1238 812.352631581113
0 0

0101101
*
Ed
 1e-07 1 1 0
1  134 0 0 0.698026315801826
3  267 268CN 133 0 0 0.698026315801826
0

0101000
-1198 0 +1196 0 *
Ed
 1e-07 1 1 0
1  135 0 0 6.28318530717959
2  269 133 0 0 6.28318530717959
2  270 135 0 0 6.28318530717959
0

0101000
+1196 0 -1196 0 *
Wi

0101100
-1197 0 +1195 0 +1194 0 -1195 0 *
Fa
0  1e-07 133 0

0111000
+1193 0 *
Wi

0101100
+1197 0 *
Fa
0  1e-07 134 0

0111000
+1191 0 *
Wi

0101100
-1194 0 *
Fa
0  1e-07 135 0

0111000
-1189 0 *
Sh

0101100
+1192 0 +1190 0 -1188 0 *
So

0100000
+1187 0 *
Ve
1e-07
296 1238 810.707017545998
0 0

0101101
*
Ed
 1e-07 1 1 0
1  136 0 0 6.28318530717959
2  271 136 0 0 6.28318530717959
2  272 137 0 0 6.28318530717959
0

0101000
+1185 0 -1185 0 *
Ve
1e-07
296 1238 811.654605265312
0 0

0101101
*
Ed
 1e-07 1 1 0
1  137 0 0 0.947587719313219
3  273 274CN 136 0 0 0.947587719313219
0

0101000
-1185 0 +1183 0 *
Ed
 1e-07 1 1 0
1  138 0 0 6.28318530717959
2  275 136 0 0 6.28318530717959
2  276 138 0 0 6.28318530717959
0

0101000
+1183 0 -1183 0 *
Wi

0101100
-1184 0 +1182 0 +1181 0 -1182 0 *
Fa
0  1e-07 136 0

0111000
+1180 0 *
Wi

0101100
+1184 0 *
Fa
0  1e-07 137 0

0111000
+1178 0 *
Wi

0101100
-1181 0 *
Fa
0  1e-07 138 0

0111000
-1176 0 *
Sh

0101100
+1179 0 +1177 0 -1175 0 *
So

0100000
+1174 0 *
Ve
1e-07
296 1238 809.509868423174
0 0

0101101
*
Ed
 1e-07 1 1 0
1  139 0 0 6.28318530717959
2  277 139 0 0 6.28318530717959
2  278 140 0 0 6.28318530717959
0

0101000
+1172 0 -1172 0 *
Ve
1e-07
296 1238 810.707017545998
0 0

0101101
*
Ed
 1e-07 1 1 0
1  140 0 0 1.19714912282484
3  279 280CN 139 0 0 1.19714912282484
0

0101000
-1172 0 +1170 0 *
Ed
 1e-07 1 1 0
1  141 0 0 6.28318530717959
2  281 139 0 0 6.28318530717959
2  282 141 0 0 6.28318530717959
0

0101000
+1170 0 -1170 0 *
Wi

0101100
-1171 0 +1169 0 +1168 0 -1169 0 *
Fa
0  1e-07 139 0

0111000
+1167 0 *
Wi

0101100
+1171 0 *
Fa
0  1e-07 140 0

0111000
+1165 0 *
Wi

0101100
-1168 0 *
Fa
0  1e-07 141 0

0111000
-1163 0 *
Sh

0101100
+1166 0 +1164 0 -1162 0 *
So

0100000
+1161 0 *
Ve
1e-07
296 1238 808.063157896837
0 0

0101101
*
Ed
 1e-07 1 1 0
1  142 0 0 6.28318530717959
2  283 142 0 0 6.28318530717959
2  284 143 0 0 6.28318530717959
0

0101000
+1159 0 -1159 0 *
Ve
1e-07
296 1238 809.509868423174
0 0

0101101
*
Ed
 1e-07 1 1 0
1  143 0 0 1.44671052633635
3  285 286CN 142 0 0 1.44671052633635
0

0101000
-1159 0 +1157 0 *
Ed
 1e-07 1 1 0
1  144 0 0 6.28318530717959
2  287 142 0 0 6.28318530717959
2  288 144 0 0 6.28318530717959
0

0101000
+1157 0 -1157 0 *
Wi

0101100
-1158 0 +1156 0 +1155 0 -1156 0 *
Fa
0  1e-07 142 0

0111000
+1154 0 *
Wi

0101100
+1158 0 *
Fa
0  1e-07 143 0

0111000
+1152 0 *
Wi

0101100
-1155 0 *
Fa
0  1e-07 144 0

0111000
-1150 0 *
Sh

0101100
+1153 0 +1151 0 -1149 0 *
So

0100000
+1148 0 *
Ve
1e-07
296 1238 806.366885966989
0 0

0101101
*
Ed
 1e-07 1 1 0
1  145 0 0 6.28318530717959
2  289 145 0 0 6.28318530717959
2  290 146 0 0 6.28318530717959
0

0101000
+1146 0 -1146 0 *
Ve
1e-07
296 1238 808.063157896837
0 0

0101101
*
Ed
 1e-07 1 1 0
1  146 0 0 1.69627192984785
3  291 292CN 145 0 0 1.69627192984785
0

0101000
-1146 0 +1144 0 *
Ed
 1e-07 1 1 0
1  147 0 0 6.28318530717959
2  293 145 0 0 6.28318530717959
2  294 147 0 0 6.28318530717959
0

0101000
+1144 0 -1144 0 *
Wi

0101100
-1145 0 +1143 0 +1142 0 -1143 0 *
Fa
0  1e-07 145 0

0111000
+1141 0 *
Wi

0101100
+1145 0 *
Fa
0  1e-07 146 0

0111000
+1139 0 *
Wi

0101100
-1142 0 *
Fa
0  1e-07 147 0

0111000
-1137 0 *
Sh

0101100
+1140 0 +1138 0 -1136 0 *
So

0100000
+1135 0 *
Ve
1e-07
296 1238 804.42105263363
0 0

0101101
*
Ed
 1e-07 1 1 0
1  148 0 0 6.28318530717959
2  295 148 0 0 6.28318530717959
2  296 149 0 0 6.28318530717959
0

0101000
+1133 0 -1133 0 *
Ve
1e-07
296 1238 806.366885966989
0 0

0101101
*
Ed
 1e-07 1 1 0
1  149 0 0 1.94583333335925
3  297 298CN 148 0 0 1.94583333335925
0

0101000
-1133 0 +1131 0 *
Ed
 1e-07 1 1 0
1  150 0 0 6.28318530717959
2  299 148 0 0 6.28318530717959
2  300 150 0 0 6.28318530717959
0

0101000
+1131 0 -1131 0 *
Wi

0101100
-1132 0 +1130 0 +1129 0 -1130 0 *
Fa
0  1e-07 148 0

0111000
+1128 0 *
Wi

0101100
+1132 0 *
Fa
0  1e-07 149 0

0111000
+1126 0 *
Wi

0101100
-1129 0 *
Fa
0  1e-07 150 0

0111000
-1124 0 *
Sh

0101100
+1127 0 +1125 0 -1123 0 *
So

0100000
+1122 0 *
Ve
1e-07
296 1238 802.225657896759
0 0

0101101
*
Ed
 1e-07 1 1 0
1  151 0 0 6.28318530717959
2  301 151 0 0 6.28318530717959
2  302 152 0 0 6.28318530717959
0

0101000
+1120 0 -1120 0 *
Ve
1e-07
296 1238 804.42105263363
0 0

0101101
*
Ed
 1e-07 1 1 0
1  152 0 0 2.19539473687075
3  303 304CN 151 0 0 2.19539473687075
0

0101000
-1120 0 +1118 0 *
Ed
 1e-07 1 1 0
1  153 0 0 6.28318530717959
2  305 151 0 0 6.28318530717959
2  306 153 0 0 6.28318530717959
0

0101000
+1118 0 -1118 0 *
Wi

0101100
-1119 0 +1117 0 +1116 0 -1117 0 *
Fa
0  1e-07 151 0

0111000
+1115 0 *
Wi

0101100
+1119 0 *
Fa
0  1e-07 152 0

0111000
+1113 0 *
Wi

0101100
-1116 0 *
Fa
0  1e-07 153 0

0111000
-1111 0 *
Sh

0101100
+1114 0 +1112 0 -1110 0 *
So

0100000
+1109 0 *
Ve
1e-07
296 1238 799.780701756377
0 0

0101101
*
Ed
 1e-07 1 1 0
1  154 0 0 6.28318530717959
2  307 154 0 0 6.28318530717959
2  308 155 0 0 6.28318530717959
0

0101000
+1107 0 -1107 0 *
Ve
1e-07
296 1238 802.225657896759
0 0

0101101
*
Ed
 1e-07 1 1 0
1  155 0 0 2.44495614038237
3  309 310CN 154 0 0 2.44495614038237
0

0101000
-1107 0 +1105 0 *
Ed
 1e-07 1 1 0
1  156 0 0 6.28318530717959
2  311 154 0 0 6.28318530717959
2  312 156 0 0 6.28318530717959
0

0101000
+1105 0 -1105 0 *
Wi

0101100
-1106 0 +1104 0 +1103 0 -1104 0 *
Fa
0  1e-07 154 0

0111000
+1102 0 *
Wi

0101100
+1106 0 *
Fa
0  1e-07 155 0

0111000
+1100 0 *
Wi

0101100
-1103 0 *
Fa
0  1e-07 156 0

0111000
-1098 0 *
Sh

0101100
+1101 0 +1099 0 -1097 0 *
So

0100000
+1096 0 *
Ve
1e-07
296 1238 797.086184212483
0 0

0101101
*
Ed
 1e-07 1 1 0
1  157 0 0 6.28318530717959
2  313 157 0 0 6.28318530717959
2  314 158 0 0 6.28318530717959
0

0101000
+1094 0 -1094 0 *
Ve
1e-07
296 1238 799.780701756377
0 0

0101101
*
Ed
 1e-07 1 1 0
1  158 0 0 2.69451754389388
3  315 316CN 157 0 0 2.69451754389388
0

0101000
-1094 0 +1092 0 *
Ed
 1e-07 1 1 0
1  159 0 0 6.28318530717959
2  317 157 0 0 6.28318530717959
2  318 159 0 0 6.28318530717959
0

0101000
+1092 0 -1092 0 *
Wi

0101100
-1093 0 +1091 0 +1090 0 -1091 0 *
Fa
0  1e-07 157 0

0111000
+1089 0 *
Wi

0101100
+1093 0 *
Fa
0  1e-07 158 0

0111000
+1087 0 *
Wi

0101100
-1090 0 *
Fa
0  1e-07 159 0

0111000
-1085 0 *
Sh

0101100
+1088 0 +1086 0 -1084 0 *
So

0100000
+1083 0 *
Ve
1e-07
296 1238 794.142105265078
0 0

0101101
*
Ed
 1e-07 1 1 0
1  160 0 0 6.28318530717959
2  319 160 0 0 6.28318530717959
2  320 161 0 0 6.28318530717959
0

0101000
+1081 0 -1081 0 *
Ve
1e-07
296 1238 797.086184212483
0 0

0101101
*
Ed
 1e-07 1 1 0
1  161 0 0 2.94407894740539
3  321 322CN 160 0 0 2.94407894740539
0

0101000
-1081 0 +1079 0 *
Ed
 1e-07 1 1 0
1  162 0 0 6.28318530717959
2  323 160 0 0 6.28318530717959
2  324 162 0 0 6.28318530717959
0

0101000
+1079 0 -1079 0 *
Wi

0101100
-1080 0 +1078 0 +1077 0 -1078 0 *
Fa
0  1e-07 160 0

0111000
+1076 0 *
Wi

0101100
+1080 0 *
Fa
0  1e-07 161 0

0111000
+1074 0 *
Wi

0101100
-1077 0 *
Fa
0  1e-07 162 0

0111000
-1072 0 *
Sh

0101100
+1075 0 +1073 0 -1071 0 *
So

0100000
+1070 0 *
Ve
1e-07
296 1238 790.948464914161
0 0

0101101
*
Ed
 1e-07 1 1 0
1  163 0 0 6.28318530717959
2  325 163 0 0 6.28318530717959
2  326 164 0 0 6.28318530717959
0

0101000
+1068 0 -1068 0 *
Ve
1e-07
296 1238 794.142105265078
0 0

0101101
*
Ed
 1e-07 1 1 0
1  164 0 0 3.19364035091678
3  327 328CN 163 0 0 3.19364035091678
0

0101000
-1068 0 +1066 0 *
Ed
 1e-07 1 1 0
1  165 0 0 6.28318530717959
2  329 163 0 0 6.28318530717959
2  330 165 0 0 6.28318530717959
0

0101000
+1066 0 -1066 0 *
Wi

0101100
-1067 0 +1065 0 +1064 0 -1065 0 *
Fa
0  1e-07 163 0

0111000
+1063 0 *
Wi

0101100
+1067 0 *
Fa
0  1e-07 164 0

0111000
+1061 0 *
Wi

0101100
-1064 0 *
Fa
0  1e-07 165 0

0111000
-1059 0 *
Sh

0101100
+1062 0 +1060 0 -1058 0 *
So

0100000
+1057 0 *
Ve
1e-07
296 1238 787.505263159733
0 0

0101101
*
Ed
 1e-07 1 1 0
1  166 0 0 6.28318530717959
2  331 166 0 0 6.28318530717959
2  332 167 0 0 6.28318530717959
0

0101000
+1055 0 -1055 0 *
Ve
1e-07
296 1238 790.948464914161
0 0

0101101
*
Ed
 1e-07 1 1 0
1  167 0 0 3.44320175442829
3  333 334CN 166 0 0 3.44320175442829
0

0101000
-1055 0 +1053 0 *
Ed
 1e-07 1 1 0
1  168 0 0 6.28318530717959
2  335 166 0 0 6.28318530717959
2  336 168 0 0 6.28318530717959
0

0101000
+1053 0 -1053 0 *
Wi

0101100
-1054 0 +1052 0 +1051 0 -1052 0 *
Fa
0  1e-07 166 0

0111000
+1050 0 *
Wi

0101100
+1054 0 *
Fa
0  1e-07 167 0

0111000
+1048 0 *
Wi

0101100
-1051 0 *
Fa
0  1e-07 168 0

0111000
-1046 0 *
Sh

0101100
+1049 0 +1047 0 -1045 0 *
So

0100000
+1044 0 *
Ve
1e-07
296 1238 783.812500001793
0 0

0101101
*
Ed
 1e-07 1 1 0
1  169 0 0 6.28318530717959
2  337 169 0 0 6.28318530717959
2  338 170 0 0 6.28318530717959
0

0101000
+1042 0 -1042 0 *
Ve
1e-07
296 1238 787.505263159733
0 0

0101101
*
Ed
 1e-07 1 1 0
1  170 0 0 3.69276315793991
3  339 340CN 169 0 0 3.69276315793991
0

0101000
-1042 0 +1040 0 *
Ed
 1e-07 1 1 0
1  171 0 0 6.28318530717959
2  341 169 0 0 6.28318530717959
2  342 171 0 0 6.28318530717959
0

0101000
+1040 0 -1040 0 *
Wi

0101100
-1041 0 +1039 0 +1038 0 -1039 0 *
Fa
0  1e-07 169 0

0111000
+1037 0 *
Wi

0101100
+1041 0 *
Fa
0  1e-07 170 0

0111000
+1035 0 *
Wi

0101100
-1038 0 *
Fa
0  1e-07 171 0

0111000
-1033 0 *
Sh

0101100
+1036 0 +1034 0 -1032 0 *
So

0100000
+1031 0 *
Ve
1e-07
296 1238 779.870175440341
0 0

0101101
*
Ed
 1e-07 1 1 0
1  172 0 0 6.28318530717959
2  343 172 0 0 6.28318530717959
2  344 173 0 0 6.28318530717959
0

0101000
+1029 0 -1029 0 *
Ve
1e-07
296 1238 783.812500001793
0 0

0101101
*
Ed
 1e-07 1 1 0
1  173 0 0 3.94232456145141
3  345 346CN 172 0 0 3.94232456145141
0

0101000
-1029 0 +1027 0 *
Ed
 1e-07 1 1 0
1  174 0 0 6.28318530717959
2  347 172 0 0 6.28318530717959
2  348 174 0 0 6.28318530717959
0

0101000
+1027 0 -1027 0 *
Wi

0101100
-1028 0 +1026 0 +1025 0 -1026 0 *
Fa
0  1e-07 172 0

0111000
+1024 0 *
Wi

0101100
+1028 0 *
Fa
0  1e-07 173 0

0111000
+1022 0 *
Wi

0101100
-1025 0 *
Fa
0  1e-07 174 0

0111000
-1020 0 *
Sh

0101100
+1023 0 +1021 0 -1019 0 *
So

0100000
+1018 0 *
Ve
1e-07
296 1238 775.678289475378
0 0

0101101
*
Ed
 1e-07 1 1 0
1  175 0 0 6.28318530717959
2  349 175 0 0 6.28318530717959
2  350 176 0 0 6.28318530717959
0

0101000
+1016 0 -1016 0 *
Ve
1e-07
296 1238 779.870175440341
0 0

0101101
*
Ed
 1e-07 1 1 0
1  176 0 0 4.19188596496292
3  351 352CN 175 0 0 4.19188596496292
0

0101000
-1016 0 +1014 0 *
Ed
 1e-07 1 1 0
1  177 0 0 6.28318530717959
2  353 175 0 0 6.28318530717959
2  354 177 0 0 6.28318530717959
0

0101000
+1014 0 -1014 0 *
Wi

0101100
-1015 0 +1013 0 +1012 0 -1013 0 *
Fa
0  1e-07 175 0

0111000
+1011 0 *
Wi

0101100
+1015 0 *
Fa
0  1e-07 176 0

0111000
+1009 0 *
Wi

0101100
-1012 0 *
Fa
0  1e-07 177 0

0111000
-1007 0 *
Sh

0101100
+1010 0 +1008 0 -1006 0 *
So

0100000
+1005 0 *
Ve
1e-07
296 1238 771.236842106904
0 0

0101101
*
Ed
 1e-07 1 1 0
1  178 0 0 6.28318530717959
2  355 178 0 0 6.28318530717959
2  356 179 0 0 6.28318530717959
0

0101000
+1003 0 -1003 0 *
Ve
1e-07
296 1238 775.678289475378
0 0

0101101
*
Ed
 1e-07 1 1 0
1  179 0 0 4.44144736847431
3  357 358CN 178 0 0 4.44144736847431
0

0101000
-1003 0 +1001 0 *
Ed
 1e-07 1 1 0
1  180 0 0 6.28318530717959
2  359 178 0 0 6.28318530717959
2  360 180 0 0 6.28318530717959
0

0101000
+1001 0 -1001 0 *
Wi

0101100
-1002 0 +1000 0 +999 0 -1000 0 *
Fa
0  1e-07 178 0

0111000
+998 0 *
Wi

0101100
+1002 0 *
Fa
0  1e-07 179 0

0111000
+996 0 *
Wi

0101100
-999 0 *
Fa
0  1e-07 180 0

0111000
-994 0 *
Sh

0101100
+997 0 +995 0 -993 0 *
So

0100000
+992 0 *
Ve
1e-07
296 1238 766.545833334918
0 0

0101101
*
Ed
 1e-07 1 1 0
1  181 0 0 6.28318530717959
2  361 181 0 0 6.28318530717959
2  362 182 0 0 6.28318530717959
0

0101000
+990 0 -990 0 *
Ve
1e-07
296 1238 771.236842106904
0 0

0101101
*
Ed
 1e-07 1 1 0
1  182 0 0 4.69100877198582
3  363 364CN 181 0 0 4.69100877198582
0

0101000
-990 0 +988 0 *
Ed
 1e-07 1 1 0
1  183 0 0 6.28318530717959
2  365 181 0 0 6.28318530717959
2  366 183 0 0 6.28318530717959
0

0101000
+988 0 -988 0 *
Wi

0101100
-989 0 +987 0 +986 0 -987 0 *
Fa
0  1e-07 181 0

0111000
+985 0 *
Wi

0101100
+989 0 *
Fa
0  1e-07 182 0

0111000
+983 0 *
Wi

0101100
-986 0 *
Fa
0  1e-07 183 0

0111000
-981 0 *
Sh

0101100
+984 0 +982 0 -980 0 *
So

0100000
+979 0 *
Ve
1e-07
296 1238 761.605263159421
0 0

0101101
*
Ed
 1e-07 1 1 0
1  184 0 0 6.28318530717959
2  367 184 0 0 6.28318530717959
2  368 185 0 0 6.28318530717959
0

0101000
+977 0 -977 0 *
Ve
1e-07
296 1238 766.545833334918
0 0

0101101
*
Ed
 1e-07 1 1 0
1  185 0 0 4.94057017549744
3  369 370CN 184 0 0 4.94057017549744
0

0101000
-977 0 +975 0 *
Ed
 1e-07 1 1 0
1  186 0 0 6.28318530717959
2  371 184 0 0 6.28318530717959
2  372 186 0 0 6.28318530717959
0

0101000
+975 0 -975 0 *
Wi

0101100
-976 0 +974 0 +973 0 -974 0 *
Fa
0  1e-07 184 0

0111000
+972 0 *
Wi

0101100
+976 0 *
Fa
0  1e-07 185 0

0111000
+970 0 *
Wi

0101100
-973 0 *
Fa
0  1e-07 186 0

0111000
-968 0 *
Sh

0101100
+971 0 +969 0 -967 0 *
So

0100000
+966 0 *
Ve
1e-07
296 1238 756.415131580412
0 0

0101101
*
Ed
 1e-07 1 1 0
1  187 0 0 6.28318530717959
2  373 187 0 0 6.28318530717959
2  374 188 0 0 6.28318530717959
0

0101000
+964 0 -964 0 *
Ve
1e-07
296 1238 761.605263159421
0 0

0101101
*
Ed
 1e-07 1 1 0
1  188 0 0 5.19013157900895
3  375 376CN 187 0 0 5.19013157900895
0

0101000
-964 0 +962 0 *
Ed
 1e-07 1 1 0
1  189 0 0 6.28318530717959
2  377 187 0 0 6.28318530717959
2  378 189 0 0 6.28318530717959
0

0101000
+962 0 -962 0 *
Wi

0101100
-963 0 +961 0 +960 0 -961 0 *
Fa
0  1e-07 187 0

0111000
+959 0 *
Wi

0101100
+963 0 *
Fa
0  1e-07 188 0

0111000
+957 0 *
Wi

0101100
-960 0 *
Fa
0  1e-07 189 0

0111000
-955 0 *
Sh

0101100
+958 0 +956 0 -954 0 *
So

0100000
+953 0 *
Ve
1e-07
296 1238 750.975438597891
0 0

0101101
*
Ed
 1e-07 1 1 0
1  190 0 0 6.28318530717959
2  379 190 0 0 6.28318530717959
2  380 191 0 0 6.28318530717959
0

0101000
+951 0 -951 0 *
Ve
1e-07
296 1238 756.415131580412
0 0

0101101
*
Ed
 1e-07 1 1 0
1  191 0 0 5.43969298252046
3  381 382CN 190 0 0 5.43969298252046
0

0101000
-951 0 +949 0 *
Ed
 1e-07 1 1 0
1  192 0 0 6.28318530717959
2  383 190 0 0 6.28318530717959
2  384 192 0 0 6.28318530717959
0

0101000
+949 0 -949 0 *
Wi

0101100
-950 0 +948 0 +947 0 -948 0 *
Fa
0  1e-07 190 0

0111000
+946 0 *
Wi

0101100
+950 0 *
Fa
0  1e-07 191 0

0111000
+944 0 *
Wi

0101100
-947 0 *
Fa
0  1e-07 192 0

0111000
-942 0 *
Sh

0101100
+945 0 +943 0 -941 0 *
So

0100000
+940 0 *
Ve
1e-07
296 1238 745.28618421186
0 0

0101101
*
Ed
 1e-07 1 1 0
1  193 0 0 6.28318530717959
2  385 193 0 0 6.28318530717959
2  386 194 0 0 6.28318530717959
0

0101000
+938 0 -938 0 *
Ve
1e-07
296 1238 750.975438597891
0 0

0101101
*
Ed
 1e-07 1 1 0
1  194 0 0 5.68925438603185
3  387 388CN 193 0 0 5.68925438603185
0

0101000
-938 0 +936 0 *
Ed
 1e-07 1 1 0
1  195 0 0 6.28318530717959
2  389 193 0 0 6.28318530717959
2  390 195 0 0 6.28318530717959
0

0101000
+936 0 -936 0 *
Wi

0101100
-937 0 +935 0 +934 0 -935 0 *
Fa
0  1e-07 193 0

0111000
+933 0 *
Wi

0101100
+937 0 *
Fa
0  1e-07 194 0

0111000
+931 0 *
Wi

0101100
-934 0 *
Fa
0  1e-07 195 0

0111000
-929 0 *
Sh

0101100
+932 0 +930 0 -928 0 *
So

0100000
+927 0 *
Ve
1e-07
296 1238 739.347368422316
0 0

0101101
*
Ed
 1e-07 1 1 0
1  196 0 0 6.28318530717959
2  391 196 0 0 6.28318530717959
2  392 197 0 0 6.28318530717959
0

0101000
+925 0 -925 0 *
Ve
1e-07
296 1238 745.28618421186
0 0

0101101
*
Ed
 1e-07 1 1 0
1  197 0 0 5.93881578954336
3  393 394CN 196 0 0 5.93881578954336
0

0101000
-925 0 +923 0 *
Ed
 1e-07 1 1 0
1  198 0 0 6.28318530717959
2  395 196 0 0 6.28318530717959
2  396 198 0 0 6.28318530717959
0

0101000
+923 0 -923 0 *
Wi

0101100
-924 0 +922 0 +921 0 -922 0 *
Fa
0  1e-07 196 0

0111000
+920 0 *
Wi

0101100
+924 0 *
Fa
0  1e-07 197 0

0111000
+918 0 *
Wi

0101100
-921 0 *
Fa
0  1e-07 198 0

0111000
-916 0 *
Sh

0101100
+919 0 +917 0 -915 0 *
So

0100000
+914 0 *
Ve
1e-07
296 1238 733.158991229261
0 0

0101101
*
Ed
 1e-07 1 1 0
1  199 0 0 6.28318530717959
2  397 199 0 0 6.28318530717959
2  398 200 0 0 6.28318530717959
0

0101000
+912 0 -912 0 *
Ve
1e-07
296 1238 739.347368422316
0 0

0101101
*
Ed
 1e-07 1 1 0
1  200 0 0 6.18837719305498
3  399 400CN 199 0 0 6.18837719305498
0

0101000
-912 0 +910 0 *
Ed
 1e-07 1 1 0
1  201 0 0 6.28318530717959
2  401 199 0 0 6.28318530717959
2  402 201 0 0 6.28318530717959
0

0101000
+910 0 -910 0 *
Wi

0101100
-911 0 +909 0 +908 0 -909 0 *
Fa
0  1e-07 199 0

0111000
+907 0 *
Wi

0101100
+911 0 *
Fa
0  1e-07 200 0

0111000
+905 0 *
Wi

0101100
-908 0 *
Fa
0  1e-07 201 0

0111000
-903 0 *
Sh

0101100
+906 0 +904 0 -902 0 *
So

0100000
+901 0 *
Ve
1e-07
296 1238 726.721052632695
0 0

0101101
*
Ed
 1e-07 1 1 0
1  202 0 0 6.28318530717959
2  403 202 0 0 6.28318530717959
2  404 203 0 0 6.28318530717959
0

0101000
+899 0 -899 0 *
Ve
1e-07
296 1238 733.158991229261
0 0

0101101
*
Ed
 1e-07 1 1 0
1  203 0 0 6.43793859656648
3  405 406CN 202 0 0 6.43793859656648
0

0101000
-899 0 +897 0 *
Ed
 1e-07 1 1 0
1  204 0 0 6.28318530717959
2  407 202 0 0 6.28318530717959
2  408 204 0 0 6.28318530717959
0

0101000
+897 0 -897 0 *
Wi

0101100
-898 0 +896 0 +895 0 -896 0 *
Fa
0  1e-07 202 0

0111000
+894 0 *
Wi

0101100
+898 0 *
Fa
0  1e-07 203 0

0111000
+892 0 *
Wi

0101100
-895 0 *
Fa
0  1e-07 204 0

0111000
-890 0 *
Sh

0101100
+893 0 +891 0 -889 0 *
So

0100000
+888 0 *
Ve
1e-07
296 1238 720.033552632617
0 0

0101101
*
Ed
 1e-07 1 1 0
1  205 0 0 6.28318530717959
2  409 205 0 0 6.28318530717959
2  410 206 0 0 6.28318530717959
0

0101000
+886 0 -886 0 *
Ve
1e-07
296 1238 726.721052632695
0 0

0101101
*
Ed
 1e-07 1 1 0
1  206 0 0 6.68750000007799
3  411 412CN 205 0 0 6.68750000007799
0

0101000
-886 0 +884 0 *
Ed
 1e-07 1 1 0
1  207 0 0 6.28318530717959
2  413 205 0 0 6.28318530717959
2  414 207 0 0 6.28318530717959
0

0101000
+884 0 -884 0 *
Wi

0101100
-885 0 +883 0 +882 0 -883 0 *
Fa
0  1e-07 205 0

0111000
+881 0 *
Wi

0101100
+885 0 *
Fa
0  1e-07 206 0

0111000
+879 0 *
Wi

0101100
-882 0 *
Fa
0  1e-07 207 0

0111000
-877 0 *
Sh

0101100
+880 0 +878 0 -876 0 *
So

0100000
+875 0 *
Ve
1e-07
296 1238 713.096491229027
0 0

0101101
*
Ed
 1e-07 1 1 0
1  208 0 0 6.28318530717959
2  415 208 0 0 6.28318530717959
2  416 209 0 0 6.28318530717959
0

0101000
+873 0 -873 0 *
Ve
1e-07
296 1238 720.033552632617
0 0

0101101
*
Ed
 1e-07 1 1 0
1  209 0 0 6.93706140358938
3  417 418CN 208 0 0 6.93706140358938
0

0101000
-873 0 +871 0 *
Ed
 1e-07 1 1 0
1  210 0 0 6.28318530717959
2  419 208 0 0 6.28318530717959
2  420 210 0 0 6.28318530717959
0

0101000
+871 0 -871 0 *
Wi

0101100
-872 0 +870 0 +869 0 -870 0 *
Fa
0  1e-07 208 0

0111000
+868 0 *
Wi

0101100
+872 0 *
Fa
0  1e-07 209 0

0111000
+866 0 *
Wi

0101100
-869 0 *
Fa
0  1e-07 210 0

0111000
-864 0 *
Sh

0101100
+867 0 +865 0 -863 0 *
So

0100000
+862 0 *
Ve
1e-07
296 1238 705.909868421926
0 0

0101101
*
Ed
 1e-07 1 1 0
1  211 0 0 6.28318530717959
2  421 211 0 0 6.28318530717959
2  422 212 0 0 6.28318530717959
0

0101000
+860 0 -860 0 *
Ve
1e-07
296 1238 713.096491229027
0 0

0101101
*
Ed
 1e-07 1 1 0
1  212 0 0 7.18662280710089
3  423 424CN 211 0 0 7.18662280710089
0

0101000
-860 0 +858 0 *
Ed
 1e-07 1 1 0
1  213 0 0 6.28318530717959
2  425 211 0 0 6.28318530717959
2  426 213 0 0 6.28318530717959
0

0101000
+858 0 -858 0 *
Wi

0101100
-859 0 +857 0 +856 0 -857 0 *
Fa
0  1e-07 211 0

0111000
+855 0 *
Wi

0101100
+859 0 *
Fa
0  1e-07 212 0

0111000
+853 0 *
Wi

0101100
-856 0 *
Fa
0  1e-07 213 0

0111000
-851 0 *
Sh

0101100
+854 0 +852 0 -850 0 *
So

0100000
+849 0 *
Ve
1e-07
296 1238 698.473684211314
0 0

0101101
*
Ed
 1e-07 1 1 0
1  214 0 0 6.28318530717959
2  427 214 0 0 6.28318530717959
2  428 215 0 0 6.28318530717959
0

0101000
+847 0 -847 0 *
Ve
1e-07
296 1238 705.909868421926
0 0

0101101
*
Ed
 1e-07 1 1 0
1  215 0 0 7.43618421061251
3  429 430CN 214 0 0 7.43618421061251
0

0101000
-847 0 +845 0 *
Ed
 1e-07 1 1 0
1  216 0 0 6.28318530717959
2  431 214 0 0 6.28318530717959
2  432 216 0 0 6.28318530717959
0

0101000
+845 0 -845 0 *
Wi

0101100
-846 0 +844 0 +843 0 -844 0 *
Fa
0  1e-07 214 0

0111000
+842 0 *
Wi

0101100
+846 0 *
Fa
0  1e-07 215 0

0111000
+840 0 *
Wi

0101100
-843 0 *
Fa
0  1e-07 216 0

0111000
-838 0 *
Sh

0101100
+841 0 +839 0 -837 0 *
So

0100000
+836 0 *
Ve
1e-07
296 1238 690.78793859719
0 0

0101101
*
Ed
 1e-07 1 1 0
1  217 0 0 6.28318530717959
2  433 217 0 0 6.28318530717959
2  434 218 0 0 6.28318530717959
0

0101000
+834 0 -834 0 *
Ve
1e-07
296 1238 698.473684211314
0 0

0101101
*
Ed
 1e-07 1 1 0
1  218 0 0 7.68574561412402
3  435 436CN 217 0 0 7.68574561412402
0

0101000
-834 0 +832 0 *
Ed
 1e-07 1 1 0
1  219 0 0 6.28318530717959
2  437 217 0 0 6.28318530717959
2  438 219 0 0 6.28318530717959
0

0101000
+832 0 -832 0 *
Wi

0101100
-833 0 +831 0 +830 0 -831 0 *
Fa
0  1e-07 217 0

0111000
+829 0 *
Wi

0101100
+833 0 *
Fa
0  1e-07 218 0

0111000
+827 0 *
Wi

0101100
-830 0 *
Fa
0  1e-07 219 0

0111000
-825 0 *
Sh

0101100
+828 0 +826 0 -824 0 *
So

0100000
+823 0 *
Ve
1e-07
296 1238 682.852631579554
0 0

0101101
*
Ed
 1e-07 1 1 0
1  220 0 0 6.28318530717959
2  439 220 0 0 6.28318530717959
2  440 221 0 0 6.28318530717959
0

0101000
+821 0 -821 0 *
Ve
1e-07
296 1238 690.78793859719
0 0

0101101
*
Ed
 1e-07 1 1 0
1  221 0 0 7.93530701763552
3  441 442CN 220 0 0 7.93530701763552
0

0101000
-821 0 +819 0 *
Ed
 1e-07 1 1 0
1  222 0 0 6.28318530717959
2  443 220 0 0 6.28318530717959
2  444 222 0 0 6.28318530717959
0

0101000
+819 0 -819 0 *
Wi

0101100
-820 0 +818 0 +817 0 -818 0 *
Fa
0  1e-07 220 0

0111000
+816 0 *
Wi

0101100
+820 0 *
Fa
0  1e-07 221 0

0111000
+814 0 *
Wi

0101100
-817 0 *
Fa
0  1e-07 222 0

0111000
-812 0 *
Sh

0101100
+815 0 +813 0 -811 0 *
So

0100000
+810 0 *
Ve
1e-07
296 1238 674.667763158408
0 0

0101101
*
Ed
 1e-07 1 1 0
1  223 0 0 6.28318530717959
2  445 223 0 0 6.28318530717959
2  446 224 0 0 6.28318530717959
0

0101000
+808 0 -808 0 *
Ve
1e-07
296 1238 682.852631579554
0 0

0101101
*
Ed
 1e-07 1 1 0
1  224 0 0 8.18486842114692
3  447 448CN 223 0 0 8.18486842114692
0

0101000
-808 0 +806 0 *
Ed
 1e-07 1 1 0
1  225 0 0 6.28318530717959
2  449 223 0 0 6.28318530717959
2  450 225 0 0 6.28318530717959
0

0101000
+806 0 -806 0 *
Wi

0101100
-807 0 +805 0 +804 0 -805 0 *
Fa
0  1e-07 223 0

0111000
+803 0 *
Wi

0101100
+807 0 *
Fa
0  1e-07 224 0

0111000
+801 0 *
Wi

0101100
-804 0 *
Fa
0  1e-07 225 0

0111000
-799 0 *
Sh

0101100
+802 0 +800 0 -798 0 *
So

0100000
+797 0 *
Ve
1e-07
296 1238 666.233333333749
0 0

0101101
*
Ed
 1e-07 1 1 0
1  226 0 0 6.28318530717959
2  451 226 0 0 6.28318530717959
2  452 227 0 0 6.28318530717959
0

0101000
+795 0 -795 0 *
Ve
1e-07
296 1238 674.667763158408
0 0

0101101
*
Ed
 1e-07 1 1 0
1  227 0 0 8.43442982465842
3  453 454CN 226 0 0 8.43442982465842
0

0101000
-795 0 +793 0 *
Ed
 1e-07 1 1 0
1  228 0 0 6.28318530717959
2  455 226 0 0 6.28318530717959
2  456 228 0 0 6.28318530717959
0

0101000
+793 0 -793 0 *
Wi

0101100
-794 0 +792 0 +791 0 -792 0 *
Fa
0  1e-07 226 0

0111000
+790 0 *
Wi

0101100
+794 0 *
Fa
0  1e-07 227 0

0111000
+788 0 *
Wi

0101100
-791 0 *
Fa
0  1e-07 228 0

0111000
-786 0 *
Sh

0101100
+789 0 +787 0 -785 0 *
So

0100000
+784 0 *
Ve
1e-07
296 1238 657.549342105579
0 0

0101101
*
Ed
 1e-07 1 1 0
1  229 0 0 6.28318530717959
2  457 229 0 0 6.28318530717959
2  458 230 0 0 6.28318530717959
0

0101000
+782 0 -782 0 *
Ve
1e-07
296 1238 666.233333333749
0 0

0101101
*
Ed
 1e-07 1 1 0
1  230 0 0 8.68399122817004
3  459 460CN 229 0 0 8.68399122817004
0

0101000
-782 0 +780 0 *
Ed
 1e-07 1 1 0
1  231 0 0 6.28318530717959
2  461 229 0 0 6.28318530717959
2  462 231 0 0 6.28318530717959
0

0101000
+780 0 -780 0 *
Wi

0101100
-781 0 +779 0 +778 0 -779 0 *
Fa
0  1e-07 229 0

0111000
+777 0 *
Wi

0101100
+781 0 *
Fa
0  1e-07 230 0

0111000
+775 0 *
Wi

0101100
-778 0 *
Fa
0  1e-07 231 0

0111000
-773 0 *
Sh

0101100
+776 0 +774 0 -772 0 *
So

0100000
+771 0 *
Ve
1e-07
296 1238 648.615789473898
0 0

0101101
*
Ed
 1e-07 1 1 0
1  232 0 0 6.28318530717959
2  463 232 0 0 6.28318530717959
2  464 233 0 0 6.28318530717959
0

0101000
+769 0 -769 0 *
Ve
1e-07
296 1238 657.549342105579
0 0

0101101
*
Ed
 1e-07 1 1 0
1  233 0 0 8.93355263168155
3  465 466CN 232 0 0 8.93355263168155
0

0101000
-769 0 +767 0 *
Ed
 1e-07 1 1 0
1  234 0 0 6.28318530717959
2  467 232 0 0 6.28318530717959
2  468 234 0 0 6.28318530717959
0

0101000
+767 0 -767 0 *
Wi

0101100
-768 0 +766 0 +765 0 -766 0 *
Fa
0  1e-07 232 0

0111000
+764 0 *
Wi

0101100
+768 0 *
Fa
0  1e-07 233 0

0111000
+762 0 *
Wi

0101100
-765 0 *
Fa
0  1e-07 234 0

0111000
-760 0 *
Sh

0101100
+763 0 +761 0 -759 0 *
So

0100000
+758 0 *
Ve
1e-07
296 1238 639.432675438704
0 0

0101101
*
Ed
 1e-07 1 1 0
1  235 0 0 6.28318530717959
2  469 235 0 0 6.28318530717959
2  470 236 0 0 6.28318530717959
0

0101000
+756 0 -756 0 *
Ve
1e-07
296 1238 648.615789473898
0 0

0101101
*
Ed
 1e-07 1 1 0
1  236 0 0 9.18311403519306
3  471 472CN 235 0 0 9.18311403519306
0

0101000
-756 0 +754 0 *
Ed
 1e-07 1 1 0
1  237 0 0 6.28318530717959
2  473 235 0 0 6.28318530717959
2  474 237 0 0 6.28318530717959
0

0101000
+754 0 -754 0 *
Wi

0101100
-755 0 +753 0 +752 0 -753 0 *
Fa
0  1e-07 235 0

0111000
+751 0 *
Wi

0101100
+755 0 *
Fa
0  1e-07 236 0

0111000
+749 0 *
Wi

0101100
-752 0 *
Fa
0  1e-07 237 0

0111000
-747 0 *
Sh

0101100
+750 0 +748 0 -746 0 *
So

0100000
+745 0 *
Ve
1e-07
296 1238 630
0 0

0101101
*
Ed
 1e-07 1 1 0
1  238 0 0 6.28318530717959
2  475 238 0 0 6.28318530717959
2  476 239 0 0 6.28318530717959
0

0101000
+743 0 -743 0 *
Ve
1e-07
296 1238 639.432675438704
0 0

0101101
*
Ed
 1e-07 1 1 0
1  239 0 0 9.43267543870445
3  477 478CN 238 0 0 9.43267543870445
0

0101000
-743 0 +741 0 *
Ed
 1e-07 1 1 0
1  240 0 0 6.28318530717959
2  479 238 0 0 6.28318530717959
2  480 240 0 0 6.28318530717959
0

0101000
+741 0 -741 0 *
Wi

0101100
-742 0 +740 0 +739 0 -740 0 *
Fa
0  1e-07 238 0

0111000
+738 0 *
Wi

0101100
+742 0 *
Fa
0  1e-07 239 0

0111000
+736 0 *
Wi

0101100
-739 0 *
Fa
0  1e-07 240 0

0111000
-734 0 *
Sh

0101100
+737 0 +735 0 -733 0 *
So

0100000
+732 0 *
Ve
1e-07
300 1238 600
0 0

0101101
*
Ed
 1e-07 1 1 1
2  481 241 0 0 6.28318530717959
0

0101000
+730 0 -730 0 *
Ve
1e-07
300 1238 592
0 0

0101101
*
Ed
 1e-07 1 1 0
1  241 0 4.71238898038469 7.85398163397448
3  482 483CN 241 0 4.71238898038469 7.85398163397448
0

0101000
-730 0 +728 0 *
Ed
 1e-07 1 1 1
2  484 241 0 0 6.28318530717959
0

0101000
+728 0 -728 0 *
Wi

0101100
-729 0 +727 0 +726 0 -727 0 *
Fa
0  1e-07 241 0

0111000
+725 0 *
Sh

0101100
+724 0 *
So

0100000
+723 0 *
Ve
1e-07
300 1238 610.282675438705
0 0

0101101
*
Ed
 1e-07 1 1 1
2  485 242 0 0 6.28318530717959
0

0101000
+721 0 -721 0 *
Ve
1e-07
300 1238 602.282675438705
0 0

0101101
*
Ed
 1e-07 1 1 0
1  242 0 4.71238898038469 7.85398163397448
3  486 487CN 242 0 4.71238898038469 7.85398163397448
0

0101000
-721 0 +719 0 *
Ed
 1e-07 1 1 1
2  488 242 0 0 6.28318530717959
0

0101000
+719 0 -719 0 *
Wi

0101100
-720 0 +718 0 +717 0 -718 0 *
Fa
0  1e-07 242 0

0111000
+716 0 *
Sh

0101100
+715 0 *
So

0100000
+714 0 *
Ve
1e-07
300 1238 620.315789473898
0 0

0101101
*
Ed
 1e-07 1 1 1
2  489 243 0 0 6.28318530717959
0

0101000
+712 0 -712 0 *
Ve
1e-07
300 1238 612.315789473898
0 0

0101101
*
Ed
 1e-07 1 1 0
1  243 0 4.71238898038469 7.85398163397448
3  490 491CN 243 0 4.71238898038469 7.85398163397448
0

0101000
-712 0 +710 0 *
Ed
 1e-07 1 1 1
2  492 243 0 0 6.28318530717959
0

0101000
+710 0 -710 0 *
Wi

0101100
-711 0 +709 0 +708 0 -709 0 *
Fa
0  1e-07 243 0

0111000
+707 0 *
Sh

0101100
+706 0 *
So

0100000
+705 0 *
Ve
1e-07
300 1238 630.099342105579
0 0

0101101
*
Ed
 1e-07 1 1 1
2  493 244 0 0 6.28318530717959
0

0101000
+703 0 -703 0 *
Ve
1e-07
300 1238 622.099342105579
0 0

0101101
*
Ed
 1e-07 1 1 0
1  244 0 4.71238898038469 7.85398163397448
3  494 495CN 244 0 4.71238898038469 7.85398163397448
0

0101000
-703 0 +701 0 *
Ed
 1e-07 1 1 1
2  496 244 0 0 6.28318530717959
0

0101000
+701 0 -701 0 *
Wi

0101100
-702 0 +700 0 +699 0 -700 0 *
Fa
0  1e-07 244 0

0111000
+698 0 *
Sh

0101100
+697 0 *
So

0100000
+696 0 *
Ve
1e-07
300 1238 639.633333333749
0 0

0101101
*
Ed
 1e-07 1 1 1
2  497 245 0 0 6.28318530717959
0

0101000
+694 0 -694 0 *
Ve
1e-07
300 1238 631.633333333749
0 0

0101101
*
Ed
 1e-07 1 1 0
1  245 0 4.71238898038469 7.85398163397448
3  498 499CN 245 0 4.71238898038469 7.85398163397448
0

0101000
-694 0 +692 0 *
Ed
 1e-07 1 1 1
2  500 245 0 0 6.28318530717959
0

0101000
+692 0 -692 0 *
Wi

0101100
-693 0 +691 0 +690 0 -691 0 *
Fa
0  1e-07 245 0

0111000
+689 0 *
Sh

0101100
+688 0 *
So

0100000
+687 0 *
Ve
1e-07
300 1238 648.917763158408
0 0

0101101
*
Ed
 1e-07 1 1 1
2  501 246 0 0 6.28318530717959
0

0101000
+685 0 -685 0 *
Ve
1e-07
300 1238 640.917763158408
0 0

0101101
*
Ed
 1e-07 1 1 0
1  246 0 4.71238898038469 7.85398163397448
3  502 503CN 246 0 4.71238898038469 7.85398163397448
0

0101000
-685 0 +683 0 *
Ed
 1e-07 1 1 1
2  504 246 0 0 6.28318530717959
0

0101000
+683 0 -683 0 *
Wi

0101100
-684 0 +682 0 +681 0 -682 0 *
Fa
0  1e-07 246 0

0111000
+680 0 *
Sh

0101100
+679 0 *
So

0100000
+678 0 *
Ve
1e-07
300 1238 657.952631579555
0 0

0101101
*
Ed
 1e-07 1 1 1
2  505 247 0 0 6.28318530717959
0

0101000
+676 0 -676 0 *
Ve
1e-07
300 1238 649.952631579555
0 0

0101101
*
Ed
 1e-07 1 1 0
1  247 0 4.71238898038469 7.85398163397448
3  506 507CN 247 0 4.71238898038469 7.85398163397448
0

0101000
-676 0 +674 0 *
Ed
 1e-07 1 1 1
2  508 247 0 0 6.28318530717959
0

0101000
+674 0 -674 0 *
Wi

0101100
-675 0 +673 0 +672 0 -673 0 *
Fa
0  1e-07 247 0

0111000
+671 0 *
Sh

0101100
+670 0 *
So

0100000
+669 0 *
Ve
1e-07
300 1238 666.73793859719
0 0

0101101
*
Ed
 1e-07 1 1 1
2  509 248 0 0 6.28318530717959
0

0101000
+667 0 -667 0 *
Ve
1e-07
300 1238 658.73793859719
0 0

0101101
*
Ed
 1e-07 1 1 0
1  248 0 4.71238898038469 7.85398163397448
3  510 511CN 248 0 4.71238898038469 7.85398163397448
0

0101000
-667 0 +665 0 *
Ed
 1e-07 1 1 1
2  512 248 0 0 6.28318530717959
0

0101000
+665 0 -665 0 *
Wi

0101100
-666 0 +664 0 +663 0 -664 0 *
Fa
0  1e-07 248 0

0111000
+662 0 *
Sh

0101100
+661 0 *
So

0100000
+660 0 *
Ve
1e-07
300 1238 675.273684211314
0 0

0101101
*
Ed
 1e-07 1 1 1
2  513 249 0 0 6.28318530717959
0

0101000
+658 0 -658 0 *
Ve
1e-07
300 1238 667.273684211314
0 0

0101101
*
Ed
 1e-07 1 1 0
1  249 0 4.71238898038469 7.85398163397448
3  514 515CN 249 0 4.71238898038469 7.85398163397448
0

0101000
-658 0 +656 0 *
Ed
 1e-07 1 1 1
2  516 249 0 0 6.28318530717959
0

0101000
+656 0 -656 0 *
Wi

0101100
-657 0 +655 0 +654 0 -655 0 *
Fa
0  1e-07 249 0

0111000
+653 0 *
Sh

0101100
+652 0 *
So

0100000
+651 0 *
Ve
1e-07
300 1238 683.559868421926
0 0

0101101
*
Ed
 1e-07 1 1 1
2  517 250 0 0 6.28318530717959
0

0101000
+649 0 -649 0 *
Ve
1e-07
300 1238 675.559868421926
0 0

0101101
*
Ed
 1e-07 1 1 0
1  250 0 4.71238898038469 7.85398163397448
3  518 519CN 250 0 4.71238898038469 7.85398163397448
0

0101000
-649 0 +647 0 *
Ed
 1e-07 1 1 1
2  520 250 0 0 6.28318530717959
0

0101000
+647 0 -647 0 *
Wi

0101100
-648 0 +646 0 +645 0 -646 0 *
Fa
0  1e-07 250 0

0111000
+644 0 *
Sh

0101100
+643 0 *
So

0100000
+642 0 *
Ve
1e-07
300 1238 691.596491229027
0 0

0101101
*
Ed
 1e-07 1 1 1
2  521 251 0 0 6.28318530717959
0

0101000
+640 0 -640 0 *
Ve
1e-07
300 1238 683.596491229027
0 0

0101101
*
Ed
 1e-07 1 1 0
1  251 0 4.71238898038469 7.85398163397448
3  522 523CN 251 0 4.71238898038469 7.85398163397448
0

0101000
-640 0 +638 0 *
Ed
 1e-07 1 1 1
2  524 251 0 0 6.28318530717959
0

0101000
+638 0 -638 0 *
Wi

0101100
-639 0 +637 0 +636 0 -637 0 *
Fa
0  1e-07 251 0

0111000
+635 0 *
Sh

0101100
+634 0 *
So

0100000
+633 0 *
Ve
1e-07
300 1238 699.383552632617
0 0

0101101
*
Ed
 1e-07 1 1 1
2  525 252 0 0 6.28318530717959
0

0101000
+631 0 -631 0 *
Ve
1e-07
300 1238 691.383552632617
0 0

0101101
*
Ed
 1e-07 1 1 0
1  252 0 4.71238898038469 7.85398163397448
3  526 527CN 252 0 4.71238898038469 7.85398163397448
0

0101000
-631 0 +629 0 *
Ed
 1e-07 1 1 1
2  528 252 0 0 6.28318530717959
0

0101000
+629 0 -629 0 *
Wi

0101100
-630 0 +628 0 +627 0 -628 0 *
Fa
0  1e-07 252 0

0111000
+626 0 *
Sh

0101100
+625 0 *
So

0100000
+624 0 *
Ve
1e-07
300 1238 706.921052632695
0 0

0101101
*
Ed
 1e-07 1 1 1
2  529 253 0 0 6.28318530717959
0

0101000
+622 0 -622 0 *
Ve
1e-07
300 1238 698.921052632695
0 0

0101101
*
Ed
 1e-07 1 1 0
1  253 0 4.71238898038469 7.85398163397448
3  530 531CN 253 0 4.71238898038469 7.85398163397448
0

0101000
-622 0 +620 0 *
Ed
 1e-07 1 1 1
2  532 253 0 0 6.28318530717959
0

0101000
+620 0 -620 0 *
Wi

0101100
-621 0 +619 0 +618 0 -619 0 *
Fa
0  1e-07 253 0

0111000
+617 0 *
Sh

0101100
+616 0 *
So

0100000
+615 0 *
Ve
1e-07
300 1238 714.208991229261
0 0

0101101
*
Ed
 1e-07 1 1 1
2  533 254 0 0 6.28318530717959
0

0101000
+613 0 -613 0 *
Ve
1e-07
300 1238 706.208991229261
0 0

0101101
*
Ed
 1e-07 1 1 0
1  254 0 4.71238898038469 7.85398163397448
3  534 535CN 254 0 4.71238898038469 7.85398163397448
0

0101000
-613 0 +611 0 *
Ed
 1e-07 1 1 1
2  536 254 0 0 6.28318530717959
0

0101000
+611 0 -611 0 *
Wi

0101100
-612 0 +610 0 +609 0 -610 0 *
Fa
0  1e-07 254 0

0111000
+608 0 *
Sh

0101100
+607 0 *
So

0100000
+606 0 *
Ve
1e-07
300 1238 721.247368422316
0 0

0101101
*
Ed
 1e-07 1 1 1
2  537 255 0 0 6.28318530717959
0

0101000
+604 0 -604 0 *
Ve
1e-07
300 1238 713.247368422316
0 0

0101101
*
Ed
 1e-07 1 1 0
1  255 0 4.71238898038469 7.85398163397448
3  538 539CN 255 0 4.71238898038469 7.85398163397448
0

0101000
-604 0 +602 0 *
Ed
 1e-07 1 1 1
2  540 255 0 0 6.28318530717959
0

0101000
+602 0 -602 0 *
Wi

0101100
-603 0 +601 0 +600 0 -601 0 *
Fa
0  1e-07 255 0

0111000
+599 0 *
Sh

0101100
+598 0 *
So

0100000
+597 0 *
Ve
1e-07
300 1238 728.03618421186
0 0

0101101
*
Ed
 1e-07 1 1 1
2  541 256 0 0 6.28318530717959
0

0101000
+595 0 -595 0 *
Ve
1e-07
300 1238 720.03618421186
0 0

0101101
*
Ed
 1e-07 1 1 0
1  256 0 4.71238898038469 7.85398163397448
3  542 543CN 256 0 4.71238898038469 7.85398163397448
0

0101000
-595 0 +593 0 *
Ed
 1e-07 1 1 1
2  544 256 0 0 6.28318530717959
0

0101000
+593 0 -593 0 *
Wi

0101100
-594 0 +592 0 +591 0 -592 0 *
Fa
0  1e-07 256 0

0111000
+590 0 *
Sh

0101100
+589 0 *
So

0100000
+588 0 *
Ve
1e-07
300 1238 734.575438597891
0 0

0101101
*
Ed
 1e-07 1 1 1
2  545 257 0 0 6.28318530717959
0

0101000
+586 0 -586 0 *
Ve
1e-07
300 1238 726.575438597891
0 0

0101101
*
Ed
 1e-07 1 1 0
1  257 0 4.71238898038469 7.85398163397448
3  546 547CN 257 0 4.71238898038469 7.85398163397448
0

0101000
-586 0 +584 0 *
Ed
 1e-07 1 1 1
2  548 257 0 0 6.28318530717959
0

0101000
+584 0 -584 0 *
Wi

0101100
-585 0 +583 0 +582 0 -583 0 *
Fa
0  1e-07 257 0

0111000
+581 0 *
Sh

0101100
+580 0 *
So

0100000
+579 0 *
Ve
1e-07
300 1238 740.865131580412
0 0

0101101
*
Ed
 1e-07 1 1 1
2  549 258 0 0 6.28318530717959
0

0101000
+577 0 -577 0 *
Ve
1e-07
300 1238 732.865131580412
0 0

0101101
*
Ed
 1e-07 1 1 0
1  258 0 4.71238898038469 7.85398163397448
3  550 551CN 258 0 4.71238898038469 7.85398163397448
0

0101000
-577 0 +575 0 *
Ed
 1e-07 1 1 1
2  552 258 0 0 6.28318530717959
0

0101000
+575 0 -575 0 *
Wi

0101100
-576 0 +574 0 +573 0 -574 0 *
Fa
0  1e-07 258 0

0111000
+572 0 *
Sh

0101100
+571 0 *
So

0100000
+570 0 *
Ve
1e-07
300 1238 746.905263159421
0 0

0101101
*
Ed
 1e-07 1 1 1
2  553 259 0 0 6.28318530717959
0

0101000
+568 0 -568 0 *
Ve
1e-07
300 1238 738.905263159421
0 0

0101101
*
Ed
 1e-07 1 1 0
1  259 0 4.71238898038469 7.85398163397448
3  554 555CN 259 0 4.71238898038469 7.85398163397448
0

0101000
-568 0 +566 0 *
Ed
 1e-07 1 1 1
2  556 259 0 0 6.28318530717959
0

0101000
+566 0 -566 0 *
Wi

0101100
-567 0 +565 0 +564 0 -565 0 *
Fa
0  1e-07 259 0

0111000
+563 0 *
Sh

0101100
+562 0 *
So

0100000
+561 0 *
Ve
1e-07
300 1238 752.695833334918
0 0

0101101
*
Ed
 1e-07 1 1 1
2  557 260 0 0 6.28318530717959
0

0101000
+559 0 -559 0 *
Ve
1e-07
300 1238 744.695833334918
0 0

0101101
*
Ed
 1e-07 1 1 0
1  260 0 4.71238898038469 7.85398163397448
3  558 559CN 260 0 4.71238898038469 7.85398163397448
0

0101000
-559 0 +557 0 *
Ed
 1e-07 1 1 1
2  560 260 0 0 6.28318530717959
0

0101000
+557 0 -557 0 *
Wi

0101100
-558 0 +556 0 +555 0 -556 0 *
Fa
0  1e-07 260 0

0111000
+554 0 *
Sh

0101100
+553 0 *
So

0100000
+552 0 *
Ve
1e-07
300 1238 758.236842106904
0 0

0101101
*
Ed
 1e-07 1 1 1
2  561 261 0 0 6.28318530717959
0

0101000
+550 0 -550 0 *
Ve
1e-07
300 1238 750.236842106904
0 0

0101101
*
Ed
 1e-07 1 1 0
1  261 0 4.71238898038469 7.85398163397448
3  562 563CN 261 0 4.71238898038469 7.85398163397448
0

0101000
-550 0 +548 0 *
Ed
 1e-07 1 1 1
2  564 261 0 0 6.28318530717959
0

0101000
+548 0 -548 0 *
Wi

0101100
-549 0 +547 0 +546 0 -547 0 *
Fa
0  1e-07 261 0

0111000
+545 0 *
Sh

0101100
+544 0 *
So

0100000
+543 0 *
Ve
1e-07
300 1238 763.528289475378
0 0

0101101
*
Ed
 1e-07 1 1 1
2  565 262 0 0 6.28318530717959
0

0101000
+541 0 -541 0 *
Ve
1e-07
300 1238 755.528289475378
0 0

0101101
*
Ed
 1e-07 1 1 0
1  262 0 4.71238898038469 7.85398163397448
3  566 567CN 262 0 4.71238898038469 7.85398163397448
0

0101000
-541 0 +539 0 *
Ed
 1e-07 1 1 1
2  568 262 0 0 6.28318530717959
0

0101000
+539 0 -539 0 *
Wi

0101100
-540 0 +538 0 +537 0 -538 0 *
Fa
0  1e-07 262 0

0111000
+536 0 *
Sh

0101100
+535 0 *
So

0100000
+534 0 *
Ve
1e-07
300 1238 768.570175440341
0 0

0101101
*
Ed
 1e-07 1 1 1
2  569 263 0 0 6.28318530717959
0

0101000
+532 0 -532 0 *
Ve
1e-07
300 1238 760.570175440341
0 0

0101101
*
Ed
 1e-07 1 1 0
1  263 0 4.71238898038469 7.85398163397448
3  570 571CN 263 0 4.71238898038469 7.85398163397448
0

0101000
-532 0 +530 0 *
Ed
 1e-07 1 1 1
2  572 263 0 0 6.28318530717959
0

0101000
+530 0 -530 0 *
Wi

0101100
-531 0 +529 0 +528 0 -529 0 *
Fa
0  1e-07 263 0

0111000
+527 0 *
Sh

0101100
+526 0 *
So

0100000
+525 0 *
Ve
1e-07
300 1238 773.362500001793
0 0

0101101
*
Ed
 1e-07 1 1 1
2  573 264 0 0 6.28318530717959
0

0101000
+523 0 -523 0 *
Ve
1e-07
300 1238 765.362500001793
0 0

0101101
*
Ed
 1e-07 1 1 0
1  264 0 4.71238898038469 7.85398163397448
3  574 575CN 264 0 4.71238898038469 7.85398163397448
0

0101000
-523 0 +521 0 *
Ed
 1e-07 1 1 1
2  576 264 0 0 6.28318530717959
0

0101000
+521 0 -521 0 *
Wi

0101100
-522 0 +520 0 +519 0 -520 0 *
Fa
0  1e-07 264 0

0111000
+518 0 *
Sh

0101100
+517 0 *
So

0100000
+516 0 *
Ve
1e-07
300 1238 777.905263159733
0 0

0101101
*
Ed
 1e-07 1 1 1
2  577 265 0 0 6.28318530717959
0

0101000
+514 0 -514 0 *
Ve
1e-07
300 1238 769.905263159733
0 0

0101101
*
Ed
 1e-07 1 1 0
1  265 0 4.71238898038469 7.85398163397448
3  578 579CN 265 0 4.71238898038469 7.85398163397448
0

0101000
-514 0 +512 0 *
Ed
 1e-07 1 1 1
2  580 265 0 0 6.28318530717959
0

0101000
+512 0 -512 0 *
Wi

0101100
-513 0 +511 0 +510 0 -511 0 *
Fa
0  1e-07 265 0

0111000
+509 0 *
Sh

0101100
+508 0 *
So

0100000
+507 0 *
Ve
1e-07
300 1238 782.198464914161
0 0

0101101
*
Ed
 1e-07 1 1 1
2  581 266 0 0 6.28318530717959
0

0101000
+505 0 -505 0 *
Ve
1e-07
300 1238 774.198464914161
0 0

0101101
*
Ed
 1e-07 1 1 0
1  266 0 4.71238898038469 7.85398163397448
3  582 583CN 266 0 4.71238898038469 7.85398163397448
0

0101000
-505 0 +503 0 *
Ed
 1e-07 1 1 1
2  584 266 0 0 6.28318530717959
0

0101000
+503 0 -503 0 *
Wi

0101100
-504 0 +502 0 +501 0 -502 0 *
Fa
0  1e-07 266 0

0111000
+500 0 *
Sh

0101100
+499 0 *
So

0100000
+498 0 *
Ve
1e-07
300 1238 786.242105265078
0 0

0101101
*
Ed
 1e-07 1 1 1
2  585 267 0 0 6.28318530717959
0

0101000
+496 0 -496 0 *
Ve
1e-07
300 1238 778.242105265078
0 0

0101101
*
Ed
 1e-07 1 1 0
1  267 0 4.71238898038469 7.85398163397448
3  586 587CN 267 0 4.71238898038469 7.85398163397448
0

0101000
-496 0 +494 0 *
Ed
 1e-07 1 1 1
2  588 267 0 0 6.28318530717959
0

0101000
+494 0 -494 0 *
Wi

0101100
-495 0 +493 0 +492 0 -493 0 *
Fa
0  1e-07 267 0

0111000
+491 0 *
Sh

0101100
+490 0 *
So

0100000
+489 0 *
Ve
1e-07
300 1238 790.036184212483
0 0

0101101
*
Ed
 1e-07 1 1 1
2  589 268 0 0 6.28318530717959
0

0101000
+487 0 -487 0 *
Ve
1e-07
300 1238 782.036184212483
0 0

0101101
*
Ed
 1e-07 1 1 0
1  268 0 4.71238898038469 7.85398163397448
3  590 591CN 268 0 4.71238898038469 7.85398163397448
0

0101000
-487 0 +485 0 *
Ed
 1e-07 1 1 1
2  592 268 0 0 6.28318530717959
0

0101000
+485 0 -485 0 *
Wi

0101100
-486 0 +484 0 +483 0 -484 0 *
Fa
0  1e-07 268 0

0111000
+482 0 *
Sh

0101100
+481 0 *
So

0100000
+480 0 *
Ve
1e-07
300 1238 793.580701756377
0 0

0101101
*
Ed
 1e-07 1 1 1
2  593 269 0 0 6.28318530717959
0

0101000
+478 0 -478 0 *
Ve
1e-07
300 1238 785.580701756377
0 0

0101101
*
Ed
 1e-07 1 1 0
1  269 0 4.71238898038469 7.85398163397448
3  594 595CN 269 0 4.71238898038469 7.85398163397448
0

0101000
-478 0 +476 0 *
Ed
 1e-07 1 1 1
2  596 269 0 0 6.28318530717959
0

0101000
+476 0 -476 0 *
Wi

0101100
-477 0 +475 0 +474 0 -475 0 *
Fa
0  1e-07 269 0

0111000
+473 0 *
Sh

0101100
+472 0 *
So

0100000
+471 0 *
Ve
1e-07
300 1238 796.875657896759
0 0

0101101
*
Ed
 1e-07 1 1 1
2  597 270 0 0 6.28318530717959
0

0101000
+469 0 -469 0 *
Ve
1e-07
300 1238 788.875657896759
0 0

0101101
*
Ed
 1e-07 1 1 0
1  270 0 4.71238898038469 7.85398163397448
3  598 599CN 270 0 4.71238898038469 7.85398163397448
0

0101000
-469 0 +467 0 *
Ed
 1e-07 1 1 1
2  600 270 0 0 6.28318530717959
0

0101000
+467 0 -467 0 *
Wi

0101100
-468 0 +466 0 +465 0 -466 0 *
Fa
0  1e-07 270 0

0111000
+464 0 *
Sh

0101100
+463 0 *
So

0100000
+462 0 *
Ve
1e-07
300 1238 799.92105263363
0 0

0101101
*
Ed
 1e-07 1 1 1
2  601 271 0 0 6.28318530717959
0

0101000
+460 0 -460 0 *
Ve
1e-07
300 1238 791.92105263363
0 0

0101101
*
Ed
 1e-07 1 1 0
1  271 0 4.71238898038469 7.85398163397448
3  602 603CN 271 0 4.71238898038469 7.85398163397448
0

0101000
-460 0 +458 0 *
Ed
 1e-07 1 1 1
2  604 271 0 0 6.28318530717959
0

0101000
+458 0 -458 0 *
Wi

0101100
-459 0 +457 0 +456 0 -457 0 *
Fa
0  1e-07 271 0

0111000
+455 0 *
Sh

0101100
+454 0 *
So

0100000
+453 0 *
Ve
1e-07
300 1238 802.716885966989
0 0

0101101
*
Ed
 1e-07 1 1 1
2  605 272 0 0 6.28318530717959
0

0101000
+451 0 -451 0 *
Ve
1e-07
300 1238 794.716885966989
0 0

0101101
*
Ed
 1e-07 1 1 0
1  272 0 4.71238898038469 7.85398163397448
3  606 607CN 272 0 4.71238898038469 7.85398163397448
0

0101000
-451 0 +449 0 *
Ed
 1e-07 1 1 1
2  608 272 0 0 6.28318530717959
0

0101000
+449 0 -449 0 *
Wi

0101100
-450 0 +448 0 +447 0 -448 0 *
Fa
0  1e-07 272 0

0111000
+446 0 *
Sh

0101100
+445 0 *
So

0100000
+444 0 *
Ve
1e-07
300 1238 805.263157896837
0 0

0101101
*
Ed
 1e-07 1 1 1
2  609 273 0 0 6.28318530717959
0

0101000
+442 0 -442 0 *
Ve
1e-07
300 1238 797.263157896837
0 0

0101101
*
Ed
 1e-07 1 1 0
1  273 0 4.71238898038469 7.85398163397448
3  610 611CN 273 0 4.71238898038469 7.85398163397448
0

0101000
-442 0 +440 0 *
Ed
 1e-07 1 1 1
2  612 273 0 0 6.28318530717959
0

0101000
+440 0 -440 0 *
Wi

0101100
-441 0 +439 0 +438 0 -439 0 *
Fa
0  1e-07 273 0

0111000
+437 0 *
Sh

0101100
+436 0 *
So

0100000
+435 0 *
Ve
1e-07
300 1238 807.559868423174
0 0

0101101
*
Ed
 1e-07 1 1 1
2  613 274 0 0 6.28318530717959
0

0101000
+433 0 -433 0 *
Ve
1e-07
300 1238 799.559868423174
0 0

0101101
*
Ed
 1e-07 1 1 0
1  274 0 4.71238898038469 7.85398163397448
3  614 615CN 274 0 4.71238898038469 7.85398163397448
0

0101000
-433 0 +431 0 *
Ed
 1e-07 1 1 1
2  616 274 0 0 6.28318530717959
0

0101000
+431 0 -431 0 *
Wi

0101100
-432 0 +430 0 +429 0 -430 0 *
Fa
0  1e-07 274 0

0111000
+428 0 *
Sh

0101100
+427 0 *
So

0100000
+426 0 *
Ve
1e-07
300 1238 809.607017545998
0 0

0101101
*
Ed
 1e-07 1 1 1
2  617 275 0 0 6.28318530717959
0

0101000
+424 0 -424 0 *
Ve
1e-07
300 1238 801.607017545998
0 0

0101101
*
Ed
 1e-07 1 1 0
1  275 0 4.71238898038469 7.85398163397448
3  618 619CN 275 0 4.71238898038469 7.85398163397448
0

0101000
-424 0 +422 0 *
Ed
 1e-07 1 1 1
2  620 275 0 0 6.28318530717959
0

0101000
+422 0 -422 0 *
Wi

0101100
-423 0 +421 0 +420 0 -421 0 *
Fa
0  1e-07 275 0

0111000
+419 0 *
Sh

0101100
+418 0 *
So

0100000
+417 0 *
Ve
1e-07
300 1238 811.404605265312
0 0

0101101
*
Ed
 1e-07 1 1 1
2  621 276 0 0 6.28318530717959
0

0101000
+415 0 -415 0 *
Ve
1e-07
300 1238 803.404605265312
0 0

0101101
*
Ed
 1e-07 1 1 0
1  276 0 4.71238898038469 7.85398163397448
3  622 623CN 276 0 4.71238898038469 7.85398163397448
0

0101000
-415 0 +413 0 *
Ed
 1e-07 1 1 1
2  624 276 0 0 6.28318530717959
0

0101000
+413 0 -413 0 *
Wi

0101100
-414 0 +412 0 +411 0 -412 0 *
Fa
0  1e-07 276 0

0111000
+410 0 *
Sh

0101100
+409 0 *
So

0100000
+408 0 *
Ve
1e-07
300 1238 812.952631581113
0 0

0101101
*
Ed
 1e-07 1 1 1
2  625 277 0 0 6.28318530717959
0

0101000
+406 0 -406 0 *
Ve
1e-07
300 1238 804.952631581113
0 0

0101101
*
Ed
 1e-07 1 1 0
1  277 0 4.71238898038469 7.85398163397448
3  626 627CN 277 0 4.71238898038469 7.85398163397448
0

0101000
-406 0 +404 0 *
Ed
 1e-07 1 1 1
2  628 277 0 0 6.28318530717959
0

0101000
+404 0 -404 0 *
Wi

0101100
-405 0 +403 0 +402 0 -403 0 *
Fa
0  1e-07 277 0

0111000
+401 0 *
Sh

0101100
+400 0 *
So

0100000
+399 0 *
Ve
1e-07
300 1238 814.251096493404
0 0

0101101
*
Ed
 1e-07 1 1 1
2  629 278 0 0 6.28318530717959
0

0101000
+397 0 -397 0 *
Ve
1e-07
300 1238 806.251096493404
0 0

0101101
*
Ed
 1e-07 1 1 0
1  278 0 4.71238898038469 7.85398163397448
3  630 631CN 278 0 4.71238898038469 7.85398163397448
0

0101000
-397 0 +395 0 *
Ed
 1e-07 1 1 1
2  632 278 0 0 6.28318530717959
0

0101000
+395 0 -395 0 *
Wi

0101100
-396 0 +394 0 +393 0 -394 0 *
Fa
0  1e-07 278 0

0111000
+392 0 *
Sh

0101100
+391 0 *
So

0100000
+390 0 *
Ve
1e-07
300 1238 815.300000002183
0 0

0101101
*
Ed
 1e-07 1 1 1
2  633 279 0 0 6.28318530717959
0

0101000
+388 0 -388 0 *
Ve
1e-07
300 1238 807.300000002183
0 0

0101101
*
Ed
 1e-07 1 1 0
1  279 0 4.71238898038469 7.85398163397448
3  634 635CN 279 0 4.71238898038469 7.85398163397448
0

0101000
-388 0 +386 0 *
Ed
 1e-07 1 1 1
2  636 279 0 0 6.28318530717959
0

0101000
+386 0 -386 0 *
Wi

0101100
-387 0 +385 0 +384 0 -385 0 *
Fa
0  1e-07 279 0

0111000
+383 0 *
Sh

0101100
+382 0 *
So

0100000
+381 0 *
Ve
1e-07
300 1238 816.09934210745
0 0

0101101
*
Ed
 1e-07 1 1 1
2  637 280 0 0 6.28318530717959
0

0101000
+379 0 -379 0 *
Ve
1e-07
300 1238 808.09934210745
0 0

0101101
*
Ed
 1e-07 1 1 0
1  280 0 4.71238898038469 7.85398163397448
3  638 639CN 280 0 4.71238898038469 7.85398163397448
0

0101000
-379 0 +377 0 *
Ed
 1e-07 1 1 1
2  640 280 0 0 6.28318530717959
0

0101000
+377 0 -377 0 *
Wi

0101100
-378 0 +376 0 +375 0 -376 0 *
Fa
0  1e-07 280 0

0111000
+374 0 *
Sh

0101100
+373 0 *
So

0100000
+372 0 *
Ve
1e-07
300 1238 816.649122809205
0 0

0101101
*
Ed
 1e-07 1 1 1
2  641 281 0 0 6.28318530717959
0

0101000
+370 0 -370 0 *
Ve
1e-07
300 1238 808.649122809205
0 0

0101101
*
Ed
 1e-07 1 1 0
1  281 0 4.71238898038469 7.85398163397448
3  642 643CN 281 0 4.71238898038469 7.85398163397448
0

0101000
-370 0 +368 0 *
Ed
 1e-07 1 1 1
2  644 281 0 0 6.28318530717959
0

0101000
+368 0 -368 0 *
Wi

0101100
-369 0 +367 0 +366 0 -367 0 *
Fa
0  1e-07 281 0

0111000
+365 0 *
Sh

0101100
+364 0 *
So

0100000
+363 0 *
Ve
1e-07
300 1238 816.94934210745
0 0

0101101
*
Ed
 1e-07 1 1 1
2  645 282 0 0 6.28318530717959
0

0101000
+361 0 -361 0 *
Ve
1e-07
300 1238 808.94934210745
0 0

0101101
*
Ed
 1e-07 1 1 0
1  282 0 4.71238898038469 7.85398163397448
3  646 647CN 282 0 4.71238898038469 7.85398163397448
0

0101000
-361 0 +359 0 *
Ed
 1e-07 1 1 1
2  648 282 0 0 6.28318530717959
0

0101000
+359 0 -359 0 *
Wi

0101100
-360 0 +358 0 +357 0 -358 0 *
Fa
0  1e-07 282 0

0111000
+356 0 *
Sh

0101100
+355 0 *
So

0100000
+354 0 *
Ve
1e-07
300 1238 817.000000002182
0 0

0101101
*
Ed
 1e-07 1 1 1
2  649 283 0 0 6.28318530717959
0

0101000
+352 0 -352 0 *
Ve
1e-07
300 1238 809.000000002182
0 0

0101101
*
Ed
 1e-07 1 1 0
1  283 0 4.71238898038469 7.85398163397448
3  650 651CN 283 0 4.71238898038469 7.85398163397448
0

0101000
-352 0 +350 0 *
Ed
 1e-07 1 1 1
2  652 283 0 0 6.28318530717959
0

0101000
+350 0 -350 0 *
Wi

0101100
-351 0 +349 0 +348 0 -349 0 *
Fa
0  1e-07 283 0

0111000
+347 0 *
Sh

0101100
+346 0 *
So

0100000
+345 0 *
Ve
1e-07
300 1238 816.801096493404
0 0

0101101
*
Ed
 1e-07 1 1 1
2  653 284 0 0 6.28318530717959
0

0101000
+343 0 -343 0 *
Ve
1e-07
300 1238 808.801096493404
0 0

0101101
*
Ed
 1e-07 1 1 0
1  284 0 4.71238898038469 7.85398163397448
3  654 655CN 284 0 4.71238898038469 7.85398163397448
0

0101000
-343 0 +341 0 *
Ed
 1e-07 1 1 1
2  656 284 0 0 6.28318530717959
0

0101000
+341 0 -341 0 *
Wi

0101100
-342 0 +340 0 +339 0 -340 0 *
Fa
0  1e-07 284 0

0111000
+338 0 *
Sh

0101100
+337 0 *
So

0100000
+336 0 *
Ve
1e-07
300 1238 816.352631581113
0 0

0101101
*
Ed
 1e-07 1 1 1
2  657 285 0 0 6.28318530717959
0

0101000
+334 0 -334 0 *
Ve
1e-07
300 1238 808.352631581113
0 0

0101101
*
Ed
 1e-07 1 1 0
1  285 0 4.71238898038469 7.85398163397448
3  658 659CN 285 0 4.71238898038469 7.85398163397448
0

0101000
-334 0 +332 0 *
Ed
 1e-07 1 1 1
2  660 285 0 0 6.28318530717959
0

0101000
+332 0 -332 0 *
Wi

0101100
-333 0 +331 0 +330 0 -331 0 *
Fa
0  1e-07 285 0

0111000
+329 0 *
Sh

0101100
+328 0 *
So

0100000
+327 0 *
Ve
1e-07
300 1238 815.654605265312
0 0

0101101
*
Ed
 1e-07 1 1 1
2  661 286 0 0 6.28318530717959
0

0101000
+325 0 -325 0 *
Ve
1e-07
300 1238 807.654605265312
0 0

0101101
*
Ed
 1e-07 1 1 0
1  286 0 4.71238898038469 7.85398163397448
3  662 663CN 286 0 4.71238898038469 7.85398163397448
0

0101000
-325 0 +323 0 *
Ed
 1e-07 1 1 1
2  664 286 0 0 6.28318530717959
0

0101000
+323 0 -323 0 *
Wi

0101100
-324 0 +322 0 +321 0 -322 0 *
Fa
0  1e-07 286 0

0111000
+320 0 *
Sh

0101100
+319 0 *
So

0100000
+318 0 *
Ve
1e-07
300 1238 814.707017545998
0 0

0101101
*
Ed
 1e-07 1 1 1
2  665 287 0 0 6.28318530717959
0

0101000
+316 0 -316 0 *
Ve
1e-07
300 1238 806.707017545998
0 0

0101101
*
Ed
 1e-07 1 1 0
1  287 0 4.71238898038469 7.85398163397448
3  666 667CN 287 0 4.71238898038469 7.85398163397448
0

0101000
-316 0 +314 0 *
Ed
 1e-07 1 1 1
2  668 287 0 0 6.28318530717959
0

0101000
+314 0 -314 0 *
Wi

0101100
-315 0 +313 0 +312 0 -313 0 *
Fa
0  1e-07 287 0

0111000
+311 0 *
Sh

0101100
+310 0 *
So

0100000
+309 0 *
Ve
1e-07
300 1238 813.509868423174
0 0

0101101
*
Ed
 1e-07 1 1 1
2  669 288 0 0 6.28318530717959
0

0101000
+307 0 -307 0 *
Ve
1e-07
300 1238 805.509868423174
0 0

0101101
*
Ed
 1e-07 1 1 0
1  288 0 4.71238898038469 7.85398163397448
3  670 671CN 288 0 4.71238898038469 7.85398163397448
0

0101000
-307 0 +305 0 *
Ed
 1e-07 1 1 1
2  672 288 0 0 6.28318530717959
0

0101000
+305 0 -305 0 *
Wi

0101100
-306 0 +304 0 +303 0 -304 0 *
Fa
0  1e-07 288 0

0111000
+302 0 *
Sh

0101100
+301 0 *
So

0100000
+300 0 *
Ve
1e-07
300 1238 812.063157896837
0 0

0101101
*
Ed
 1e-07 1 1 1
2  673 289 0 0 6.28318530717959
0

0101000
+298 0 -298 0 *
Ve
1e-07
300 1238 804.063157896837
0 0

0101101
*
Ed
 1e-07 1 1 0
1  289 0 4.71238898038469 7.85398163397448
3  674 675CN 289 0 4.71238898038469 7.85398163397448
0

0101000
-298 0 +296 0 *
Ed
 1e-07 1 1 1
2  676 289 0 0 6.28318530717959
0

0101000
+296 0 -296 0 *
Wi

0101100
-297 0 +295 0 +294 0 -295 0 *
Fa
0  1e-07 289 0

0111000
+293 0 *
Sh

0101100
+292 0 *
So

0100000
+291 0 *
Ve
1e-07
300 1238 810.366885966989
0 0

0101101
*
Ed
 1e-07 1 1 1
2  677 290 0 0 6.28318530717959
0

0101000
+289 0 -289 0 *
Ve
1e-07
300 1238 802.366885966989
0 0

0101101
*
Ed
 1e-07 1 1 0
1  290 0 4.71238898038469 7.85398163397448
3  678 679CN 290 0 4.71238898038469 7.85398163397448
0

0101000
-289 0 +287 0 *
Ed
 1e-07 1 1 1
2  680 290 0 0 6.28318530717959
0

0101000
+287 0 -287 0 *
Wi

0101100
-288 0 +286 0 +285 0 -286 0 *
Fa
0  1e-07 290 0

0111000
+284 0 *
Sh

0101100
+283 0 *
So

0100000
+282 0 *
Ve
1e-07
300 1238 808.42105263363
0 0

0101101
*
Ed
 1e-07 1 1 1
2  681 291 0 0 6.28318530717959
0

0101000
+280 0 -280 0 *
Ve
1e-07
300 1238 800.42105263363
0 0

0101101
*
Ed
 1e-07 1 1 0
1  291 0 4.71238898038469 7.85398163397448
3  682 683CN 291 0 4.71238898038469 7.85398163397448
0

0101000
-280 0 +278 0 *
Ed
 1e-07 1 1 1
2  684 291 0 0 6.28318530717959
0

0101000
+278 0 -278 0 *
Wi

0101100
-279 0 +277 0 +276 0 -277 0 *
Fa
0  1e-07 291 0

0111000
+275 0 *
Sh

0101100
+274 0 *
So

0100000
+273 0 *
Ve
1e-07
300 1238 806.225657896759
0 0

0101101
*
Ed
 1e-07 1 1 1
2  685 292 0 0 6.28318530717959
0

0101000
+271 0 -271 0 *
Ve
1e-07
300 1238 798.225657896759
0 0

0101101
*
Ed
 1e-07 1 1 0
1  292 0 4.71238898038469 7.85398163397448
3  686 687CN 292 0 4.71238898038469 7.85398163397448
0

0101000
-271 0 +269 0 *
Ed
 1e-07 1 1 1
2  688 292 0 0 6.28318530717959
0

0101000
+269 0 -269 0 *
Wi

0101100
-270 0 +268 0 +267 0 -268 0 *
Fa
0  1e-07 292 0

0111000
+266 0 *
Sh

0101100
+265 0 *
So

0100000
+264 0 *
Ve
1e-07
300 1238 803.780701756377
0 0

0101101
*
Ed
 1e-07 1 1 1
2  689 293 0 0 6.28318530717959
0

0101000
+262 0 -262 0 *
Ve
1e-07
300 1238 795.780701756377
0 0

0101101
*
Ed
 1e-07 1 1 0
1  293 0 4.71238898038469 7.85398163397448
3  690 691CN 293 0 4.71238898038469 7.85398163397448
0

0101000
-262 0 +260 0 *
Ed
 1e-07 1 1 1
2  692 293 0 0 6.28318530717959
0

0101000
+260 0 -260 0 *
Wi

0101100
-261 0 +259 0 +258 0 -259 0 *
Fa
0  1e-07 293 0

0111000
+257 0 *
Sh

0101100
+256 0 *
So

0100000
+255 0 *
Ve
1e-07
300 1238 801.086184212483
0 0

0101101
*
Ed
 1e-07 1 1 1
2  693 294 0 0 6.28318530717959
0

0101000
+253 0 -253 0 *
Ve
1e-07
300 1238 793.086184212483
0 0

0101101
*
Ed
 1e-07 1 1 0
1  294 0 4.71238898038469 7.85398163397448
3  694 695CN 294 0 4.71238898038469 7.85398163397448
0

0101000
-253 0 +251 0 *
Ed
 1e-07 1 1 1
2  696 294 0 0 6.28318530717959
0

0101000
+251 0 -251 0 *
Wi

0101100
-252 0 +250 0 +249 0 -250 0 *
Fa
0  1e-07 294 0

0111000
+248 0 *
Sh

0101100
+247 0 *
So

0100000
+246 0 *
Ve
1e-07
300 1238 798.142105265078
0 0

0101101
*
Ed
 1e-07 1 1 1
2  697 295 0 0 6.28318530717959
0

0101000
+244 0 -244 0 *
Ve
1e-07
300 1238 790.142105265078
0 0

0101101
*
Ed
 1e-07 1 1 0
1  295 0 4.71238898038469 7.85398163397448
3  698 699CN 295 0 4.71238898038469 7.85398163397448
0

0101000
-244 0 +242 0 *
Ed
 1e-07 1 1 1
2  700 295 0 0 6.28318530717959
0

0101000
+242 0 -242 0 *
Wi

0101100
-243 0 +241 0 +240 0 -241 0 *
Fa
0  1e-07 295 0

0111000
+239 0 *
Sh

0101100
+238 0 *
So

0100000
+237 0 *
Ve
1e-07
300 1238 794.948464914161
0 0

0101101
*
Ed
 1e-07 1 1 1
2  701 296 0 0 6.28318530717959
0

0101000
+235 0 -235 0 *
Ve
1e-07
300 1238 786.948464914161
0 0

0101101
*
Ed
 1e-07 1 1 0
1  296 0 4.71238898038469 7.85398163397448
3  702 703CN 296 0 4.71238898038469 7.85398163397448
0

0101000
-235 0 +233 0 *
Ed
 1e-07 1 1 1
2  704 296 0 0 6.28318530717959
0

0101000
+233 0 -233 0 *
Wi

0101100
-234 0 +232 0 +231 0 -232 0 *
Fa
0  1e-07 296 0

0111000
+230 0 *
Sh

0101100
+229 0 *
So

0100000
+228 0 *
Ve
1e-07
300 1238 791.505263159733
0 0

0101101
*
Ed
 1e-07 1 1 1
2  705 297 0 0 6.28318530717959
0

0101000
+226 0 -226 0 *
Ve
1e-07
300 1238 783.505263159733
0 0

0101101
*
Ed
 1e-07 1 1 0
1  297 0 4.71238898038469 7.85398163397448
3  706 707CN 297 0 4.71238898038469 7.85398163397448
0

0101000
-226 0 +224 0 *
Ed
 1e-07 1 1 1
2  708 297 0 0 6.28318530717959
0

0101000
+224 0 -224 0 *
Wi

0101100
-225 0 +223 0 +222 0 -223 0 *
Fa
0  1e-07 297 0

0111000
+221 0 *
Sh

0101100
+220 0 *
So

0100000
+219 0 *
Ve
1e-07
300 1238 787.812500001793
0 0

0101101
*
Ed
 1e-07 1 1 1
2  709 298 0 0 6.28318530717959
0

0101000
+217 0 -217 0 *
Ve
1e-07
300 1238 779.812500001793
0 0

0101101
*
Ed
 1e-07 1 1 0
1  298 0 4.71238898038469 7.85398163397448
3  710 711CN 298 0 4.71238898038469 7.85398163397448
0

0101000
-217 0 +215 0 *
Ed
 1e-07 1 1 1
2  712 298 0 0 6.28318530717959
0

0101000
+215 0 -215 0 *
Wi

0101100
-216 0 +214 0 +213 0 -214 0 *
Fa
0  1e-07 298 0

0111000
+212 0 *
Sh

0101100
+211 0 *
So

0100000
+210 0 *
Ve
1e-07
300 1238 783.870175440341
0 0

0101101
*
Ed
 1e-07 1 1 1
2  713 299 0 0 6.28318530717959
0

0101000
+208 0 -208 0 *
Ve
1e-07
300 1238 775.870175440341
0 0

0101101
*
Ed
 1e-07 1 1 0
1  299 0 4.71238898038469 7.85398163397448
3  714 715CN 299 0 4.71238898038469 7.85398163397448
0

0101000
-208 0 +206 0 *
Ed
 1e-07 1 1 1
2  716 299 0 0 6.28318530717959
0

0101000
+206 0 -206 0 *
Wi

0101100
-207 0 +205 0 +204 0 -205 0 *
Fa
0  1e-07 299 0

0111000
+203 0 *
Sh

0101100
+202 0 *
So

0100000
+201 0 *
Ve
1e-07
300 1238 779.678289475378
0 0

0101101
*
Ed
 1e-07 1 1 1
2  717 300 0 0 6.28318530717959
0

0101000
+199 0 -199 0 *
Ve
1e-07
300 1238 771.678289475378
0 0

0101101
*
Ed
 1e-07 1 1 0
1  300 0 4.71238898038469 7.85398163397448
3  718 719CN 300 0 4.71238898038469 7.85398163397448
0

0101000
-199 0 +197 0 *
Ed
 1e-07 1 1 1
2  720 300 0 0 6.28318530717959
0

0101000
+197 0 -197 0 *
Wi

0101100
-198 0 +196 0 +195 0 -196 0 *
Fa
0  1e-07 300 0

0111000
+194 0 *
Sh

0101100
+193 0 *
So

0100000
+192 0 *
Ve
1e-07
300 1238 775.236842106904
0 0

0101101
*
Ed
 1e-07 1 1 1
2  721 301 0 0 6.28318530717959
0

0101000
+190 0 -190 0 *
Ve
1e-07
300 1238 767.236842106904
0 0

0101101
*
Ed
 1e-07 1 1 0
1  301 0 4.71238898038469 7.85398163397448
3  722 723CN 301 0 4.71238898038469 7.85398163397448
0

0101000
-190 0 +188 0 *
Ed
 1e-07 1 1 1
2  724 301 0 0 6.28318530717959
0

0101000
+188 0 -188 0 *
Wi

0101100
-189 0 +187 0 +186 0 -187 0 *
Fa
0  1e-07 301 0

0111000
+185 0 *
Sh

0101100
+184 0 *
So

0100000
+183 0 *
Ve
1e-07
300 1238 770.545833334918
0 0

0101101
*
Ed
 1e-07 1 1 1
2  725 302 0 0 6.28318530717959
0

0101000
+181 0 -181 0 *
Ve
1e-07
300 1238 762.545833334918
0 0

0101101
*
Ed
 1e-07 1 1 0
1  302 0 4.71238898038469 7.85398163397448
3  726 727CN 302 0 4.71238898038469 7.85398163397448
0

0101000
-181 0 +179 0 *
Ed
 1e-07 1 1 1
2  728 302 0 0 6.28318530717959
0

0101000
+179 0 -179 0 *
Wi

0101100
-180 0 +178 0 +177 0 -178 0 *
Fa
0  1e-07 302 0

0111000
+176 0 *
Sh

0101100
+175 0 *
So

0100000
+174 0 *
Ve
1e-07
300 1238 765.605263159421
0 0

0101101
*
Ed
 1e-07 1 1 1
2  729 303 0 0 6.28318530717959
0

0101000
+172 0 -172 0 *
Ve
1e-07
300 1238 757.605263159421
0 0

0101101
*
Ed
 1e-07 1 1 0
1  303 0 4.71238898038469 7.85398163397448
3  730 731CN 303 0 4.71238898038469 7.85398163397448
0

0101000
-172 0 +170 0 *
Ed
 1e-07 1 1 1
2  732 303 0 0 6.28318530717959
0

0101000
+170 0 -170 0 *
Wi

0101100
-171 0 +169 0 +168 0 -169 0 *
Fa
0  1e-07 303 0

0111000
+167 0 *
Sh

0101100
+166 0 *
So

0100000
+165 0 *
Ve
1e-07
300 1238 760.415131580412
0 0

0101101
*
Ed
 1e-07 1 1 1
2  733 304 0 0 6.28318530717959
0

0101000
+163 0 -163 0 *
Ve
1e-07
300 1238 752.415131580412
0 0

0101101
*
Ed
 1e-07 1 1 0
1  304 0 4.71238898038469 7.85398163397448
3  734 735CN 304 0 4.71238898038469 7.85398163397448
0

0101000
-163 0 +161 0 *
Ed
 1e-07 1 1 1
2  736 304 0 0 6.28318530717959
0

0101000
+161 0 -161 0 *
Wi

0101100
-162 0 +160 0 +159 0 -160 0 *
Fa
0  1e-07 304 0

0111000
+158 0 *
Sh

0101100
+157 0 *
So

0100000
+156 0 *
Ve
1e-07
300 1238 754.975438597891
0 0

0101101
*
Ed
 1e-07 1 1 1
2  737 305 0 0 6.28318530717959
0

0101000
+154 0 -154 0 *
Ve
1e-07
300 1238 746.975438597891
0 0

0101101
*
Ed
 1e-07 1 1 0
1  305 0 4.71238898038469 7.85398163397448
3  738 739CN 305 0 4.71238898038469 7.85398163397448
0

0101000
-154 0 +152 0 *
Ed
 1e-07 1 1 1
2  740 305 0 0 6.28318530717959
0

0101000
+152 0 -152 0 *
Wi

0101100
-153 0 +151 0 +150 0 -151 0 *
Fa
0  1e-07 305 0

0111000
+149 0 *
Sh

0101100
+148 0 *
So

0100000
+147 0 *
Ve
1e-07
300 1238 749.28618421186
0 0

0101101
*
Ed
 1e-07 1 1 1
2  741 306 0 0 6.28318530717959
0

0101000
+145 0 -145 0 *
Ve
1e-07
300 1238 741.28618421186
0 0

0101101
*
Ed
 1e-07 1 1 0
1  306 0 4.71238898038469 7.85398163397448
3  742 743CN 306 0 4.71238898038469 7.85398163397448
0

0101000
-145 0 +143 0 *
Ed
 1e-07 1 1 1
2  744 306 0 0 6.28318530717959
0

0101000
+143 0 -143 0 *
Wi

0101100
-144 0 +142 0 +141 0 -142 0 *
Fa
0  1e-07 306 0

0111000
+140 0 *
Sh

0101100
+139 0 *
So

0100000
+138 0 *
Ve
1e-07
300 1238 743.347368422316
0 0

0101101
*
Ed
 1e-07 1 1 1
2  745 307 0 0 6.28318530717959
0

0101000
+136 0 -136 0 *
Ve
1e-07
300 1238 735.347368422316
0 0

0101101
*
Ed
 1e-07 1 1 0
1  307 0 4.71238898038469 7.85398163397448
3  746 747CN 307 0 4.71238898038469 7.85398163397448
0

0101000
-136 0 +134 0 *
Ed
 1e-07 1 1 1
2  748 307 0 0 6.28318530717959
0

0101000
+134 0 -134 0 *
Wi

0101100
-135 0 +133 0 +132 0 -133 0 *
Fa
0  1e-07 307 0

0111000
+131 0 *
Sh

0101100
+130 0 *
So

0100000
+129 0 *
Ve
1e-07
300 1238 737.158991229261
0 0

0101101
*
Ed
 1e-07 1 1 1
2  749 308 0 0 6.28318530717959
0

0101000
+127 0 -127 0 *
Ve
1e-07
300 1238 729.158991229261
0 0

0101101
*
Ed
 1e-07 1 1 0
1  308 0 4.71238898038469 7.85398163397448
3  750 751CN 308 0 4.71238898038469 7.85398163397448
0

0101000
-127 0 +125 0 *
Ed
 1e-07 1 1 1
2  752 308 0 0 6.28318530717959
0

0101000
+125 0 -125 0 *
Wi

0101100
-126 0 +124 0 +123 0 -124 0 *
Fa
0  1e-07 308 0

0111000
+122 0 *
Sh

0101100
+121 0 *
So

0100000
+120 0 *
Ve
1e-07
300 1238 730.721052632695
0 0

0101101
*
Ed
 1e-07 1 1 1
2  753 309 0 0 6.28318530717959
0

0101000
+118 0 -118 0 *
Ve
1e-07
300 1238 722.721052632695
0 0

0101101
*
Ed
 1e-07 1 1 0
1  309 0 4.71238898038469 7.85398163397448
3  754 755CN 309 0 4.71238898038469 7.85398163397448
0

0101000
-118 0 +116 0 *
Ed
 1e-07 1 1 1
2  756 309 0 0 6.28318530717959
0

0101000
+116 0 -116 0 *
Wi

0101100
-117 0 +115 0 +114 0 -115 0 *
Fa
0  1e-07 309 0

0111000
+113 0 *
Sh

0101100
+112 0 *
So

0100000
+111 0 *
Ve
1e-07
300 1238 724.033552632617
0 0

0101101
*
Ed
 1e-07 1 1 1
2  757 310 0 0 6.28318530717959
0

0101000
+109 0 -109 0 *
Ve
1e-07
300 1238 716.033552632617
0 0

0101101
*
Ed
 1e-07 1 1 0
1  310 0 4.71238898038469 7.85398163397448
3  758 759CN 310 0 4.71238898038469 7.85398163397448
0

0101000
-109 0 +107 0 *
Ed
 1e-07 1 1 1
2  760 310 0 0 6.28318530717959
0

0101000
+107 0 -107 0 *
Wi

0101100
-108 0 +106 0 +105 0 -106 0 *
Fa
0  1e-07 310 0

0111000
+104 0 *
Sh

0101100
+103 0 *
So

0100000
+102 0 *
Ve
1e-07
300 1238 717.096491229027
0 0

0101101
*
Ed
 1e-07 1 1 1
2  761 311 0 0 6.28318530717959
0

0101000
+100 0 -100 0 *
Ve
1e-07
300 1238 709.096491229027
0 0

0101101
*
Ed
 1e-07 1 1 0
1  311 0 4.71238898038469 7.85398163397448
3  762 763CN 311 0 4.71238898038469 7.85398163397448
0

0101000
-100 0 +98 0 *
Ed
 1e-07 1 1 1
2  764 311 0 0 6.28318530717959
0

0101000
+98 0 -98 0 *
Wi

0101100
-99 0 +97 0 +96 0 -97 0 *
Fa
0  1e-07 311 0

0111000
+95 0 *
Sh

0101100
+94 0 *
So

0100000
+93 0 *
Ve
1e-07
300 1238 709.909868421926
0 0

0101101
*
Ed
 1e-07 1 1 1
2  765 312 0 0 6.28318530717959
0

0101000
+91 0 -91 0 *
Ve
1e-07
300 1238 701.909868421926
0 0

0101101
*
Ed
 1e-07 1 1 0
1  312 0 4.71238898038469 7.85398163397448
3  766 767CN 312 0 4.71238898038469 7.85398163397448
0

0101000
-91 0 +89 0 *
Ed
 1e-07 1 1 1
2  768 312 0 0 6.28318530717959
0

0101000
+89 0 -89 0 *
Wi

0101100
-90 0 +88 0 +87 0 -88 0 *
Fa
0  1e-07 312 0

0111000
+86 0 *
Sh

0101100
+85 0 *
So

0100000
+84 0 *
Ve
1e-07
300 1238 702.473684211314
0 0

0101101
*
Ed
 1e-07 1 1 1
2  769 313 0 0 6.28318530717959
0

0101000
+82 0 -82 0 *
Ve
1e-07
300 1238 694.473684211314
0 0

0101101
*
Ed
 1e-07 1 1 0
1  313 0 4.71238898038469 7.85398163397448
3  770 771CN 313 0 4.71238898038469 7.85398163397448
0

0101000
-82 0 +80 0 *
Ed
 1e-07 1 1 1
2  772 313 0 0 6.28318530717959
0

0101000
+80 0 -80 0 *
Wi

0101100
-81 0 +79 0 +78 0 -79 0 *
Fa
0  1e-07 313 0

0111000
+77 0 *
Sh

0101100
+76 0 *
So

0100000
+75 0 *
Ve
1e-07
300 1238 694.78793859719
0 0

0101101
*
Ed
 1e-07 1 1 1
2  773 314 0 0 6.28318530717959
0

0101000
+73 0 -73 0 *
Ve
1e-07
300 1238 686.78793859719
0 0

0101101
*
Ed
 1e-07 1 1 0
1  314 0 4.71238898038469 7.85398163397448
3  774 775CN 314 0 4.71238898038469 7.85398163397448
0

0101000
-73 0 +71 0 *
Ed
 1e-07 1 1 1
2  776 314 0 0 6.28318530717959
0

0101000
+71 0 -71 0 *
Wi

0101100
-72 0 +70 0 +69 0 -70 0 *
Fa
0  1e-07 314 0

0111000
+68 0 *
Sh

0101100
+67 0 *
So

0100000
+66 0 *
Ve
1e-07
300 1238 686.852631579554
0 0

0101101
*
Ed
 1e-07 1 1 1
2  777 315 0 0 6.28318530717959
0

0101000
+64 0 -64 0 *
Ve
1e-07
300 1238 678.852631579554
0 0

0101101
*
Ed
 1e-07 1 1 0
1  315 0 4.71238898038469 7.85398163397448
3  778 779CN 315 0 4.71238898038469 7.85398163397448
0

0101000
-64 0 +62 0 *
Ed
 1e-07 1 1 1
2  780 315 0 0 6.28318530717959
0

0101000
+62 0 -62 0 *
Wi

0101100
-63 0 +61 0 +60 0 -61 0 *
Fa
0  1e-07 315 0

0111000
+59 0 *
Sh

0101100
+58 0 *
So

0100000
+57 0 *
Ve
1e-07
300 1238 678.667763158408
0 0

0101101
*
Ed
 1e-07 1 1 1
2  781 316 0 0 6.28318530717959
0

0101000
+55 0 -55 0 *
Ve
1e-07
300 1238 670.667763158408
0 0

0101101
*
Ed
 1e-07 1 1 0
1  316 0 4.71238898038469 7.85398163397448
3  782 783CN 316 0 4.71238898038469 7.85398163397448
0

0101000
-55 0 +53 0 *
Ed
 1e-07 1 1 1
2  784 316 0 0 6.28318530717959
0

0101000
+53 0 -53 0 *
Wi

0101100
-54 0 +52 0 +51 0 -52 0 *
Fa
0  1e-07 316 0

0111000
+50 0 *
Sh

0101100
+49 0 *
So

0100000
+48 0 *
Ve
1e-07
300 1238 670.233333333749
0 0

0101101
*
Ed
 1e-07 1 1 1
2  785 317 0 0 6.28318530717959
0

0101000
+46 0 -46 0 *
Ve
1e-07
300 1238 662.233333333749
0 0

0101101
*
Ed
 1e-07 1 1 0
1  317 0 4.71238898038469 7.85398163397448
3  786 787CN 317 0 4.71238898038469 7.85398163397448
0

0101000
-46 0 +44 0 *
Ed
 1e-07 1 1 1
2  788 317 0 0 6.28318530717959
0

0101000
+44 0 -44 0 *
Wi

0101100
-45 0 +43 0 +42 0 -43 0 *
Fa
0  1e-07 317 0

0111000
+41 0 *
Sh

0101100
+40 0 *
So

0100000
+39 0 *
Ve
1e-07
300 1238 661.549342105579
0 0

0101101
*
Ed
 1e-07 1 1 1
2  789 318 0 0 6.28318530717959
0

0101000
+37 0 -37 0 *
Ve
1e-07
300 1238 653.549342105579
0 0

0101101
*
Ed
 1e-07 1 1 0
1  318 0 4.71238898038469 7.85398163397448
3  790 791CN 318 0 4.71238898038469 7.85398163397448
0

0101000
-37 0 +35 0 *
Ed
 1e-07 1 1 1
2  792 318 0 0 6.28318530717959
0

0101000
+35 0 -35 0 *
Wi

0101100
-36 0 +34 0 +33 0 -34 0 *
Fa
0  1e-07 318 0

0111000
+32 0 *
Sh

0101100
+31 0 *
So

0100000
+30 0 *
Ve
1e-07
300 1238 652.615789473898
0 0

0101101
*
Ed
 1e-07 1 1 1
2  793 319 0 0 6.28318530717959
0

0101000
+28 0 -28 0 *
Ve
1e-07
300 1238 644.615789473898
0 0

0101101
*
Ed
 1e-07 1 1 0
1  319 0 4.71238898038469 7.85398163397448
3  794 795CN 319 0 4.71238898038469 7.85398163397448
0

0101000
-28 0 +26 0 *
Ed
 1e-07 1 1 1
2  796 319 0 0 6.28318530717959
0

0101000
+26 0 -26 0 *
Wi

0101100
-27 0 +25 0 +24 0 -25 0 *
Fa
0  1e-07 319 0

0111000
+23 0 *
Sh

0101100
+22 0 *
So

0100000
+21 0 *
Ve
1e-07
300 1238 643.432675438704
0 0

0101101
*
Ed
 1e-07 1 1 1
2  797 320 0 0 6.28318530717959
0

0101000
+19 0 -19 0 *
Ve
1e-07
300 1238 635.432675438704
0 0

0101101
*
Ed
 1e-07 1 1 0
1  320 0 4.71238898038469 7.85398163397448
3  798 799CN 320 0 4.71238898038469 7.85398163397448
0

0101000
-19 0 +17 0 *
Ed
 1e-07 1 1 1
2  800 320 0 0 6.28318530717959
0

0101000
+17 0 -17 0 *
Wi

0101100
-18 0 +16 0 +15 0 -16 0 *
Fa
0  1e-07 320 0

0111000
+14 0 *
Sh

0101100
+13 0 *
So

0100000
+12 0 *
Ve
1e-07
300 1238 634
0 0

0101101
*
Ed
 1e-07 1 1 1
2  801 321 0 0 6.28318530717959
0

0101000
+10 0 -10 0 *
Ve
1e-07
300 1238 626
0 0

0101101
*
Ed
 1e-07 1 1 0
1  321 0 4.71238898038469 7.85398163397448
3  802 803CN 321 0 4.71238898038469 7.85398163397448
0

0101000
-10 0 +8 0 *
Ed
 1e-07 1 1 1
2  804 321 0 0 6.28318530717959
0

0101000
+8 0 -8 0 *
Wi

0101100
-9 0 +7 0 +6 0 -7 0 *
Fa
0  1e-07 321 0

0111000
+5 0 *
Sh

0101100
+4 0 *
So

0100000
+3 0 *
Co

0100000
+1758 0 +1745 0 +1732 0 +1719 0 +1706 0 +1693 0 +1680 0 +1667 0 +1654 0 +1641 0 
+1628 0 +1615 0 +1602 0 +1589 0 +1576 0 +1563 0 +1550 0 +1537 0 +1524 0 +1511 0 
+1498 0 +1485 0 +1472 0 +1459 0 +1446 0 +1433 0 +1420 0 +1407 0 +1394 0 +1381 0 
+1368 0 +1355 0 +1342 0 +1329 0 +1316 0 +1303 0 +1290 0 +1277 0 +1264 0 +1251 0 
+1238 0 +1225 0 +1212 0 +1199 0 +1186 0 +1173 0 +1160 0 +1147 0 +1134 0 +1121 0 
+1108 0 +1095 0 +1082 0 +1069 0 +1056 0 +1043 0 +1030 0 +1017 0 +1004 0 +991 0 
+978 0 +965 0 +952 0 +939 0 +926 0 +913 0 +900 0 +887 0 +874 0 +861 0 
+848 0 +835 0 +822 0 +809 0 +796 0 +783 0 +770 0 +757 0 +744 0 +731 0 
+722 0 +713 0 +704 0 +695 0 +686 0 +677 0 +668 0 +659 0 +650 0 +641 0 
+632 0 +623 0 +614 0 +605 0 +596 0 +587 0 +578 0 +569 0 +560 0 +551 0 
+542 0 +533 0 +524 0 +515 0 +506 0 +497 0 +488 0 +479 0 +470 0 +461 0 
+452 0 +443 0 +434 0 +425 0 +416 0 +407 0 +398 0 +389 0 +380 0 +371 0 
+362 0 +353 0 +344 0 +335 0 +326 0 +317 0 +308 0 +299 0 +290 0 +281 0 
+272 0 +263 0 +254 0 +245 0 +236 0 +227 0 +218 0 +209 0 +200 0 +191 0 
+182 0 +173 0 +164 0 +155 0 +146 0 +137 0 +128 0 +119 0 +110 0 +101 0 
+92 0 +83 0 +74 0 +65 0 +56 0 +47 0 +38 0 +29 0 +20 0 +11 0 
+2 0 *

+1 0 