DBRep_DrawableShape

CASCADE Topology V1, (c) Matra-Datavision
Locations 0
Curve2ds 804
1 0 7.4129240803937444 1 0 
2 0 0 1 0 -0 1 4
1 6.2831853071795862 -0 0 1 
1 0 -0 0 1 
1 0 0 1 0 
2 0 0 1 0 -0 1 4
1 0 7.1986150069743822 1 0 
2 0 0 1 0 -0 1 4
1 6.2831853071795862 -0 0 1 
1 0 -0 0 1 
1 0 0 1 0 
2 0 0 1 0 -0 1 4
1 0 6.9846848639622827 1 0 
2 0 0 1 0 -0 1 4
1 6.2831853071795862 -0 0 1 
1 0 -0 0 1 
1 0 0 1 0 
2 0 0 1 0 -0 1 4
1 0 6.7711695675392427 1 0 
2 0 0 1 0 -0 1 4
1 6.2831853071795862 -0 0 1 
1 0 -0 0 1 
1 0 0 1 0 
2 0 0 1 0 -0 1 4
1 0 6.5581096368655487 1 0 
2 0 0 1 0 -0 1 4
1 6.2831853071795862 -0 0 1 
1 0 -0 0 1 
1 0 0 1 0 
2 0 0 1 0 -0 1 4
1 0 6.3455509405572847 1 0 
2 0 0 1 0 -0 1 4
1 6.2831853071795862 -0 0 1 
1 0 -0 0 1 
1 0 0 1 0 
2 0 0 1 0 -0 1 4
1 0 6.133545589831634 1 0 
2 0 0 1 0 -0 1 4
1 6.2831853071795862 -0 0 1 
1 0 -0 0 1 
1 0 0 1 0 
2 0 0 1 0 -0 1 4
1 0 5.9221530121361274 1 0 
2 0 0 1 0 -0 1 4
1 6.2831853071795862 -0 0 1 
1 0 -0 0 1 
1 0 0 1 0 
2 0 0 1 0 -0 1 4
1 0 5.7114412479724317 1 0 
2 0 0 1 0 -0 1 4
1 6.2831853071795862 -0 0 1 
1 0 -0 0 1 
1 0 0 1 0 
2 0 0 1 0 -0 1 4
1 0 5.5014885251359429 1 0 
2 0 0 1 0 -0 1 4
1 6.2831853071795862 -0 0 1 
1 0 -0 0 1 
1 0 0 1 0 
2 0 0 1 0 -0 1 4
1 0 5.2923851795425936 1 0 
2 0 0 1 0 -0 1 4
1 6.2831853071795862 -0 0 1 
1 0 -0 0 1 
1 0 0 1 0 
2 0 0 1 0 -0 1 4
1 0 5.0842360112766043 1 0 
2 0 0 1 0 -0 1 4
1 6.2831853071795862 -0 0 1 
1 0 -0 0 1 
1 0 0 1 0 
2 0 0 1 0 -0 1 4
1 0 4.8771631899447181 1 0 
2 0 0 1 0 -0 1 4
1 6.2831853071795862 -0 0 1 
1 0 -0 0 1 
1 0 0 1 0 
2 0 0 1 0 -0 1 4
1 0 4.6713098567343554 1 0 
2 0 0 1 0 -0 1 4
1 6.2831853071795862 -0 0 1 
1 0 -0 0 1 
1 0 0 1 0 
2 0 0 1 0 -0 1 4
1 0 4.4668446141730414 1 0 
2 0 0 1 0 -0 1 4
1 6.2831853071795862 -0 0 1 
1 0 -0 0 1 
1 0 0 1 0 
2 0 0 1 0 -0 1 4
1 0 4.2639671516077264 1 0 
2 0 0 1 0 -0 1 4
1 6.2831853071795862 -0 0 1 
1 0 -0 0 1 
1 0 0 1 0 
2 0 0 1 0 -0 1 4
1 0 4.0629153284420019 1 0 
2 0 0 1 0 -0 1 4
1 6.2831853071795862 -0 0 1 
1 0 -0 0 1 
1 0 0 1 0 
2 0 0 1 0 -0 1 4
1 0 3.8639741323491159 1 0 
2 0 0 1 0 -0 1 4
1 6.2831853071795862 -0 0 1 
1 0 -0 0 1 
1 0 0 1 0 
2 0 0 1 0 -0 1 4
1 0 3.6674870494814962 1 0 
2 0 0 1 0 -0 1 4
1 6.2831853071795862 -0 0 1 
1 0 -0 0 1 
1 0 0 1 0 
2 0 0 1 0 -0 1 4
1 0 3.4738705292572742 1 0 
2 0 0 1 0 -0 1 4
1 6.2831853071795862 -0 0 1 
1 0 -0 0 1 
1 0 0 1 0 
2 0 0 1 0 -0 1 4
1 0 3.2836323916124348 1 0 
2 0 0 1 0 -0 1 4
1 6.2831853071795862 -0 0 1 
1 0 -0 0 1 
1 0 0 1 0 
2 0 0 1 0 -0 1 4
1 0 3.0973951872060481 1 0 
2 0 0 1 0 -0 1 4
1 6.2831853071795862 -0 0 1 
1 0 -0 0 1 
1 0 0 1 0 
2 0 0 1 0 -0 1 4
1 0 2.9159256234486275 1 0 
2 0 0 1 0 -0 1 4
1 6.2831853071795862 -0 0 1 
1 0 -0 0 1 
1 0 0 1 0 
2 0 0 1 0 -0 1 4
1 0 2.740171084169428 1 0 
2 0 0 1 0 -0 1 4
1 6.2831853071795862 -0 0 1 
1 0 -0 0 1 
1 0 0 1 0 
2 0 0 1 0 -0 1 4
1 0 2.5713037418452451 1 0 
2 0 0 1 0 -0 1 4
1 6.2831853071795862 -0 0 1 
1 0 -0 0 1 
1 0 0 1 0 
2 0 0 1 0 -0 1 4
1 0 2.4107713140016553 1 0 
2 0 0 1 0 -0 1 4
1 6.2831853071795862 -0 0 1 
1 0 -0 0 1 
1 0 0 1 0 
2 0 0 1 0 -0 1 4
1 0 2.2603503616205001 1 0 
2 0 0 1 0 -0 1 4
1 6.2831853071795862 -0 0 1 
1 0 -0 0 1 
1 0 0 1 0 
2 0 0 1 0 -0 1 4
1 0 2.122192078822092 1 0 
2 0 0 1 0 -0 1 4
1 6.2831853071795862 -0 0 1 
1 0 -0 0 1 
1 0 0 1 0 
2 0 0 1 0 -0 1 4
1 0 1.9988408427966096 1 0 
2 0 0 1 0 -0 1 4
1 6.2831853071795862 -0 0 1 
1 0 -0 0 1 
1 0 0 1 0 
2 0 0 1 0 -0 1 4
1 0 1.8931931342374086 1 0 
2 0 0 1 0 -0 1 4
1 6.2831853071795862 -0 0 1 
1 0 -0 0 1 
1 0 0 1 0 
2 0 0 1 0 -0 1 4
1 0 1.8083544468636359 1 0 
2 0 0 1 0 -0 1 4
1 6.2831853071795862 -0 0 1 
1 0 -0 0 1 
1 0 0 1 0 
2 0 0 1 0 -0 1 4
1 0 1.7473584064916667 1 0 
2 0 0 1 0 -0 1 4
1 6.2831853071795862 -0 0 1 
1 0 -0 0 1 
1 0 0 1 0 
2 0 0 1 0 -0 1 4
1 0 1.7127542232490751 1 0 
2 0 0 1 0 -0 1 4
1 6.2831853071795862 -0 0 1 
1 0 -0 0 1 
1 0 0 1 0 
2 0 0 1 0 -0 1 4
1 0 1.7061484961913587 1 0 
2 0 0 1 0 -0 1 4
1 6.2831853071795862 -0 0 1 
1 0 -0 0 1 
1 0 0 1 0 
2 0 0 1 0 -0 1 4
1 0 1.7278623747654795 1 0 
2 0 0 1 0 -0 1 4
1 6.2831853071795862 -0 0 1 
1 0 -0 0 1 
1 0 0 1 0 
2 0 0 1 0 -0 1 4
1 0 1.7768579331167391 1 0 
2 0 0 1 0 -0 1 4
1 6.2831853071795862 -0 0 1 
1 0 -0 0 1 
1 0 0 1 0 
2 0 0 1 0 -0 1 4
1 0 1.8509699824977655 1 0 
2 0 0 1 0 -0 1 4
1 6.2831853071795862 -0 0 1 
1 0 -0 0 1 
1 0 0 1 0 
2 0 0 1 0 -0 1 4
1 0 1.9473329635710543 1 0 
2 0 0 1 0 -0 1 4
1 6.2831853071795862 -0 0 1 
1 0 -0 0 1 
1 0 0 1 0 
2 0 0 1 0 -0 1 4
1 0 2.0628309429498319 1 0 
2 0 0 1 0 -0 1 4
1 6.2831853071795862 -0 0 1 
1 0 -0 0 1 
1 0 0 1 0 
2 0 0 1 0 -0 1 4
1 0 2.1944446588252209 1 0 
2 0 0 1 0 -0 1 4
1 6.2831853071795862 -0 0 1 
1 0 -0 0 1 
1 0 0 1 0 
2 0 0 1 0 -0 1 4
1 0 2.3394557605092698 1 0 
2 0 0 1 0 -0 1 4
1 6.2831853071795862 -0 0 1 
1 0 -0 0 1 
1 0 0 1 0 
2 0 0 1 0 -0 1 4
1 0 2.4955298402119519 1 0 
2 0 0 1 0 -0 1 4
1 6.2831853071795862 -0 0 1 
1 0 -0 0 1 
1 0 0 1 0 
2 0 0 1 0 -0 1 4
1 0 2.6607207941972941 1 0 
2 0 0 1 0 -0 1 4
1 6.2831853071795862 -0 0 1 
1 0 -0 0 1 
1 0 0 1 0 
2 0 0 1 0 -0 1 4
1 0 2.8334345129606606 1 0 
2 0 0 1 0 -0 1 4
1 6.2831853071795862 -0 0 1 
1 0 -0 0 1 
1 0 0 1 0 
2 0 0 1 0 -0 1 4
1 0 3.0123773281369748 1 0 
2 0 0 1 0 -0 1 4
1 6.2831853071795862 -0 0 1 
1 0 -0 0 1 
1 0 0 1 0 
2 0 0 1 0 -0 1 4
1 0 3.1965032814295378 1 0 
2 0 0 1 0 -0 1 4
1 6.2831853071795862 -0 0 1 
1 0 -0 0 1 
1 0 0 1 0 
2 0 0 1 0 -0 1 4
1 0 3.384966664914201 1 0 
2 0 0 1 0 -0 1 4
1 6.2831853071795862 -0 0 1 
1 0 -0 0 1 
1 0 0 1 0 
2 0 0 1 0 -0 1 4
1 0 3.5770819742141651 1 0 
2 0 0 1 0 -0 1 4
1 6.2831853071795862 -0 0 1 
1 0 -0 0 1 
1 0 0 1 0 
2 0 0 1 0 -0 1 4
1 0 3.7722912945837033 1 0 
2 0 0 1 0 -0 1 4
1 6.2831853071795862 -0 0 1 
1 0 -0 0 1 
1 0 0 1 0 
2 0 0 1 0 -0 1 4
1 0 3.970138260238762 1 0 
2 0 0 1 0 -0 1 4
1 6.2831853071795862 -0 0 1 
1 0 -0 0 1 
1 0 0 1 0 
2 0 0 1 0 -0 1 4
1 0 4.1702474786168482 1 0 
2 0 0 1 0 -0 1 4
1 6.2831853071795862 -0 0 1 
1 0 -0 0 1 
1 0 0 1 0 
2 0 0 1 0 -0 1 4
1 0 4.3723083484222158 1 0 
2 0 0 1 0 -0 1 4
1 6.2831853071795862 -0 0 1 
1 0 -0 0 1 
1 0 0 1 0 
2 0 0 1 0 -0 1 4
1 0 4.5760623452629314 1 0 
2 0 0 1 0 -0 1 4
1 6.2831853071795862 -0 0 1 
1 0 -0 0 1 
1 0 0 1 0 
2 0 0 1 0 -0 1 4
1 0 4.781293017067421 1 0 
2 0 0 1 0 -0 1 4
1 6.2831853071795862 -0 0 1 
1 0 -0 0 1 
1 0 0 1 0 
2 0 0 1 0 -0 1 4
1 0 4.9878180876674003 1 0 
2 0 0 1 0 -0 1 4
1 6.2831853071795862 -0 0 1 
1 0 -0 0 1 
1 0 0 1 0 
2 0 0 1 0 -0 1 4
1 0 5.1954831988506349 1 0 
2 0 0 1 0 -0 1 4
1 6.2831853071795862 -0 0 1 
1 0 -0 0 1 
1 0 0 1 0 
2 0 0 1 0 -0 1 4
1 0 5.4041569274676489 1 0 
2 0 0 1 0 -0 1 4
1 6.2831853071795862 -0 0 1 
1 0 -0 0 1 
1 0 0 1 0 
2 0 0 1 0 -0 1 4
1 0 5.6137267975140404 1 0 
2 0 0 1 0 -0 1 4
1 6.2831853071795862 -0 0 1 
1 0 -0 0 1 
1 0 0 1 0 
2 0 0 1 0 -0 1 4
1 0 5.8240960715663608 1 0 
2 0 0 1 0 -0 1 4
1 6.2831853071795862 -0 0 1 
1 0 -0 0 1 
1 0 0 1 0 
2 0 0 1 0 -0 1 4
1 0 6.0351811553441772 1 0 
2 0 0 1 0 -0 1 4
1 6.2831853071795862 -0 0 1 
1 0 -0 0 1 
1 0 0 1 0 
2 0 0 1 0 -0 1 4
1 0 6.2469094869449355 1 0 
2 0 0 1 0 -0 1 4
1 6.2831853071795862 -0 0 1 
1 0 -0 0 1 
1 0 0 1 0 
2 0 0 1 0 -0 1 4
1 0 6.4592178111299212 1 0 
2 0 0 1 0 -0 1 4
1 6.2831853071795862 -0 0 1 
1 0 -0 0 1 
1 0 0 1 0 
2 0 0 1 0 -0 1 4
1 0 6.6720507610803397 1 0 
2 0 0 1 0 -0 1 4
1 6.2831853071795862 -0 0 1 
1 0 -0 0 1 
1 0 0 1 0 
2 0 0 1 0 -0 1 4
1 0 6.885359686938882 1 0 
2 0 0 1 0 -0 1 4
1 6.2831853071795862 -0 0 1 
1 0 -0 0 1 
1 0 0 1 0 
2 0 0 1 0 -0 1 4
1 0 7.0991016834449336 1 0 
2 0 0 1 0 -0 1 4
1 6.2831853071795862 -0 0 1 
1 0 -0 0 1 
1 0 0 1 0 
2 0 0 1 0 -0 1 4
1 0 7.3132387789907911 1 0 
2 0 0 1 0 -0 1 4
1 6.2831853071795862 -0 0 1 
1 0 -0 0 1 
1 0 0 1 0 
2 0 0 1 0 -0 1 4
1 0 7.5277372562046798 1 0 
2 0 0 1 0 -0 1 4
1 6.2831853071795862 -0 0 1 
1 0 -0 0 1 
1 0 0 1 0 
2 0 0 1 0 -0 1 4
1 0 7.7425670802162765 1 0 
2 0 0 1 0 -0 1 4
1 6.2831853071795862 -0 0 1 
1 0 -0 0 1 
1 0 0 1 0 
2 0 0 1 0 -0 1 4
1 0 7.9577014154919796 1 0 
2 0 0 1 0 -0 1 4
1 6.2831853071795862 -0 0 1 
1 0 -0 0 1 
1 0 0 1 0 
2 0 0 1 0 -0 1 4
1 0 8.1731162158550035 1 0 
2 0 0 1 0 -0 1 4
1 6.2831853071795862 -0 0 1 
1 0 -0 0 1 
1 0 0 1 0 
2 0 0 1 0 -0 1 4
1 0 8.3887898752379488 1 0 
2 0 0 1 0 -0 1 4
1 6.2831853071795862 -0 0 1 
1 0 -0 0 1 
1 0 0 1 0 
2 0 0 1 0 -0 1 4
1 0 8.6047029290498553 1 0 
2 0 0 1 0 -0 1 4
1 6.2831853071795862 -0 0 1 
1 0 -0 0 1 
1 0 0 1 0 
2 0 0 1 0 -0 1 4
1 0 8.8208377978951304 1 0 
2 0 0 1 0 -0 1 4
1 6.2831853071795862 -0 0 1 
1 0 -0 0 1 
1 0 0 1 0 
2 0 0 1 0 -0 1 4
1 0 9.037178566877456 1 0 
2 0 0 1 0 -0 1 4
1 6.2831853071795862 -0 0 1 
1 0 -0 0 1 
1 0 0 1 0 
2 0 0 1 0 -0 1 4
1 0 9.2537107949061781 1 0 
2 0 0 1 0 -0 1 4
1 6.2831853071795862 -0 0 1 
1 0 -0 0 1 
1 0 0 1 0 
2 0 0 1 0 -0 1 4
1 0 9.4704213493999223 1 0 
2 0 0 1 0 -0 1 4
1 6.2831853071795862 -0 0 1 
1 0 -0 0 1 
1 0 0 1 0 
2 0 0 1 0 -0 1 4
1 0 9.6872982625628055 1 0 
2 0 0 1 0 -0 1 4
1 6.2831853071795862 -0 0 1 
1 0 -0 0 1 
1 0 0 1 0 
2 0 0 1 0 -0 1 4
1 0 9.9043306060436347 1 0 
2 0 0 1 0 -0 1 4
1 6.2831853071795862 -0 0 1 
1 0 -0 0 1 
1 0 0 1 0 
2 0 0 1 0 -0 1 4
1 0 10.121508381315968 1 0 
2 0 0 1 0 -0 1 4
1 6.2831853071795862 -0 0 1 
1 0 -0 0 1 
1 0 0 1 0 
2 0 0 1 0 -0 1 4
1 0 10.338822423543411 1 0 
2 0 0 1 0 -0 1 4
1 6.2831853071795862 -0 0 1 
1 0 -0 0 1 
1 0 0 1 0 
2 0 0 1 0 -0 1 4
1 0 1.5707963267948966 1 0 
1 6.2831853071795862 -6.2831853071795862 0 1 
1 0 -6.2831853071795862 0 1 
1 0 -1.5707963267948966 1 0 
1 0 1.5707963267948966 1 0 
1 6.2831853071795862 -6.2831853071795862 0 1 
1 0 -6.2831853071795862 0 1 
1 0 -1.5707963267948966 1 0 
1 0 1.5707963267948966 1 0 
1 6.2831853071795862 -6.2831853071795862 0 1 
1 0 -6.2831853071795862 0 1 
1 0 -1.5707963267948966 1 0 
1 0 1.5707963267948966 1 0 
1 6.2831853071795862 -6.2831853071795862 0 1 
1 0 -6.2831853071795862 0 1 
1 0 -1.5707963267948966 1 0 
1 0 1.5707963267948966 1 0 
1 6.2831853071795862 -6.2831853071795862 0 1 
1 0 -6.2831853071795862 0 1 
1 0 -1.5707963267948966 1 0 
1 0 1.5707963267948966 1 0 
1 6.2831853071795862 -6.2831853071795862 0 1 
1 0 -6.2831853071795862 0 1 
1 0 -1.5707963267948966 1 0 
1 0 1.5707963267948966 1 0 
1 6.2831853071795862 -6.2831853071795862 0 1 
1 0 -6.2831853071795862 0 1 
1 0 -1.5707963267948966 1 0 
1 0 1.5707963267948966 1 0 
1 6.2831853071795862 -6.2831853071795862 0 1 
1 0 -6.2831853071795862 0 1 
1 0 -1.5707963267948966 1 0 
1 0 1.5707963267948966 1 0 
1 6.2831853071795862 -6.2831853071795862 0 1 
1 0 -6.2831853071795862 0 1 
1 0 -1.5707963267948966 1 0 
1 0 1.5707963267948966 1 0 
1 6.2831853071795862 -6.2831853071795862 0 1 
1 0 -6.2831853071795862 0 1 
1 0 -1.5707963267948966 1 0 
1 0 1.5707963267948966 1 0 
1 6.2831853071795862 -6.2831853071795862 0 1 
1 0 -6.2831853071795862 0 1 
1 0 -1.5707963267948966 1 0 
1 0 1.5707963267948966 1 0 
1 6.2831853071795862 -6.2831853071795862 0 1 
1 0 -6.2831853071795862 0 1 
1 0 -1.5707963267948966 1 0 
1 0 1.5707963267948966 1 0 
1 6.2831853071795862 -6.2831853071795862 0 1 
1 0 -6.2831853071795862 0 1 
1 0 -1.5707963267948966 1 0 
1 0 1.5707963267948966 1 0 
1 6.2831853071795862 -6.2831853071795862 0 1 
1 0 -6.2831853071795862 0 1 
1 0 -1.5707963267948966 1 0 
1 0 1.5707963267948966 1 0 
1 6.2831853071795862 -6.2831853071795862 0 1 
1 0 -6.2831853071795862 0 1 
1 0 -1.5707963267948966 1 0 
1 0 1.5707963267948966 1 0 
1 6.2831853071795862 -6.2831853071795862 0 1 
1 0 -6.2831853071795862 0 1 
1 0 -1.5707963267948966 1 0 
1 0 1.5707963267948966 1 0 
1 6.2831853071795862 -6.2831853071795862 0 1 
1 0 -6.2831853071795862 0 1 
1 0 -1.5707963267948966 1 0 
1 0 1.5707963267948966 1 0 
1 6.2831853071795862 -6.2831853071795862 0 1 
1 0 -6.2831853071795862 0 1 
1 0 -1.5707963267948966 1 0 
1 0 1.5707963267948966 1 0 
1 6.2831853071795862 -6.2831853071795862 0 1 
1 0 -6.2831853071795862 0 1 
1 0 -1.5707963267948966 1 0 
1 0 1.5707963267948966 1 0 
1 6.2831853071795862 -6.2831853071795862 0 1 
1 0 -6.2831853071795862 0 1 
1 0 -1.5707963267948966 1 0 
1 0 1.5707963267948966 1 0 
1 6.2831853071795862 -6.2831853071795862 0 1 
1 0 -6.2831853071795862 0 1 
1 0 -1.5707963267948966 1 0 
1 0 1.5707963267948966 1 0 
1 6.2831853071795862 -6.2831853071795862 0 1 
1 0 -6.2831853071795862 0 1 
1 0 -1.5707963267948966 1 0 
1 0 1.5707963267948966 1 0 
1 6.2831853071795862 -6.2831853071795862 0 1 
1 0 -6.2831853071795862 0 1 
1 0 -1.5707963267948966 1 0 
1 0 1.5707963267948966 1 0 
1 6.2831853071795862 -6.2831853071795862 0 1 
1 0 -6.2831853071795862 0 1 
1 0 -1.5707963267948966 1 0 
1 0 1.5707963267948966 1 0 
1 6.2831853071795862 -6.2831853071795862 0 1 
1 0 -6.2831853071795862 0 1 
1 0 -1.5707963267948966 1 0 
1 0 1.5707963267948966 1 0 
1 6.2831853071795862 -6.2831853071795862 0 1 
1 0 -6.2831853071795862 0 1 
1 0 -1.5707963267948966 1 0 
1 0 1.5707963267948966 1 0 
1 6.2831853071795862 -6.2831853071795862 0 1 
1 0 -6.2831853071795862 0 1 
1 0 -1.5707963267948966 1 0 
1 0 1.5707963267948966 1 0 
1 6.2831853071795862 -6.2831853071795862 0 1 
1 0 -6.2831853071795862 0 1 
1 0 -1.5707963267948966 1 0 
1 0 1.5707963267948966 1 0 
1 6.2831853071795862 -6.2831853071795862 0 1 
1 0 -6.2831853071795862 0 1 
1 0 -1.5707963267948966 1 0 
1 0 1.5707963267948966 1 0 
1 6.2831853071795862 -6.2831853071795862 0 1 
1 0 -6.2831853071795862 0 1 
1 0 -1.5707963267948966 1 0 
1 0 1.5707963267948966 1 0 
1 6.2831853071795862 -6.2831853071795862 0 1 
1 0 -6.2831853071795862 0 1 
1 0 -1.5707963267948966 1 0 
1 0 1.5707963267948966 1 0 
1 6.2831853071795862 -6.2831853071795862 0 1 
1 0 -6.2831853071795862 0 1 
1 0 -1.5707963267948966 1 0 
1 0 1.5707963267948966 1 0 
1 6.2831853071795862 -6.2831853071795862 0 1 
1 0 -6.2831853071795862 0 1 
1 0 -1.5707963267948966 1 0 
1 0 1.5707963267948966 1 0 
1 6.2831853071795862 -6.2831853071795862 0 1 
1 0 -6.2831853071795862 0 1 
1 0 -1.5707963267948966 1 0 
1 0 1.5707963267948966 1 0 
1 6.2831853071795862 -6.2831853071795862 0 1 
1 0 -6.2831853071795862 0 1 
1 0 -1.5707963267948966 1 0 
1 0 1.5707963267948966 1 0 
1 6.2831853071795862 -6.2831853071795862 0 1 
1 0 -6.2831853071795862 0 1 
1 0 -1.5707963267948966 1 0 
1 0 1.5707963267948966 1 0 
1 6.2831853071795862 -6.2831853071795862 0 1 
1 0 -6.2831853071795862 0 1 
1 0 -1.5707963267948966 1 0 
1 0 1.5707963267948966 1 0 
1 6.2831853071795862 -6.2831853071795862 0 1 
1 0 -6.2831853071795862 0 1 
1 0 -1.5707963267948966 1 0 
1 0 1.5707963267948966 1 0 
1 6.2831853071795862 -6.2831853071795862 0 1 
1 0 -6.2831853071795862 0 1 
1 0 -1.5707963267948966 1 0 
1 0 1.5707963267948966 1 0 
1 6.2831853071795862 -6.2831853071795862 0 1 
1 0 -6.2831853071795862 0 1 
1 0 -1.5707963267948966 1 0 
1 0 1.5707963267948966 1 0 
1 6.2831853071795862 -6.2831853071795862 0 1 
1 0 -6.2831853071795862 0 1 
1 0 -1.5707963267948966 1 0 
1 0 1.5707963267948966 1 0 
1 6.2831853071795862 -6.2831853071795862 0 1 
1 0 -6.2831853071795862 0 1 
1 0 -1.5707963267948966 1 0 
1 0 1.5707963267948966 1 0 
1 6.2831853071795862 -6.2831853071795862 0 1 
1 0 -6.2831853071795862 0 1 
1 0 -1.5707963267948966 1 0 
1 0 1.5707963267948966 1 0 
1 6.2831853071795862 -6.2831853071795862 0 1 
1 0 -6.2831853071795862 0 1 
1 0 -1.5707963267948966 1 0 
1 0 1.5707963267948966 1 0 
1 6.2831853071795862 -6.2831853071795862 0 1 
1 0 -6.2831853071795862 0 1 
1 0 -1.5707963267948966 1 0 
1 0 1.5707963267948966 1 0 
1 6.2831853071795862 -6.2831853071795862 0 1 
1 0 -6.2831853071795862 0 1 
1 0 -1.5707963267948966 1 0 
1 0 1.5707963267948966 1 0 
1 6.2831853071795862 -6.2831853071795862 0 1 
1 0 -6.2831853071795862 0 1 
1 0 -1.5707963267948966 1 0 
1 0 1.5707963267948966 1 0 
1 6.2831853071795862 -6.2831853071795862 0 1 
1 0 -6.2831853071795862 0 1 
1 0 -1.5707963267948966 1 0 
1 0 1.5707963267948966 1 0 
1 6.2831853071795862 -6.2831853071795862 0 1 
1 0 -6.2831853071795862 0 1 
1 0 -1.5707963267948966 1 0 
1 0 1.5707963267948966 1 0 
1 6.2831853071795862 -6.2831853071795862 0 1 
1 0 -6.2831853071795862 0 1 
1 0 -1.5707963267948966 1 0 
1 0 1.5707963267948966 1 0 
1 6.2831853071795862 -6.2831853071795862 0 1 
1 0 -6.2831853071795862 0 1 
1 0 -1.5707963267948966 1 0 
1 0 1.5707963267948966 1 0 
1 6.2831853071795862 -6.2831853071795862 0 1 
1 0 -6.2831853071795862 0 1 
1 0 -1.5707963267948966 1 0 
1 0 1.5707963267948966 1 0 
1 6.2831853071795862 -6.2831853071795862 0 1 
1 0 -6.2831853071795862 0 1 
1 0 -1.5707963267948966 1 0 
1 0 1.5707963267948966 1 0 
1 6.2831853071795862 -6.2831853071795862 0 1 
1 0 -6.2831853071795862 0 1 
1 0 -1.5707963267948966 1 0 
1 0 1.5707963267948966 1 0 
1 6.2831853071795862 -6.2831853071795862 0 1 
1 0 -6.2831853071795862 0 1 
1 0 -1.5707963267948966 1 0 
1 0 1.5707963267948966 1 0 
1 6.2831853071795862 -6.2831853071795862 0 1 
1 0 -6.2831853071795862 0 1 
1 0 -1.5707963267948966 1 0 
1 0 1.5707963267948966 1 0 
1 6.2831853071795862 -6.2831853071795862 0 1 
1 0 -6.2831853071795862 0 1 
1 0 -1.5707963267948966 1 0 
1 0 1.5707963267948966 1 0 
1 6.2831853071795862 -6.2831853071795862 0 1 
1 0 -6.2831853071795862 0 1 
1 0 -1.5707963267948966 1 0 
1 0 1.5707963267948966 1 0 
1 6.2831853071795862 -6.2831853071795862 0 1 
1 0 -6.2831853071795862 0 1 
1 0 -1.5707963267948966 1 0 
1 0 1.5707963267948966 1 0 
1 6.2831853071795862 -6.2831853071795862 0 1 
1 0 -6.2831853071795862 0 1 
1 0 -1.5707963267948966 1 0 
1 0 1.5707963267948966 1 0 
1 6.2831853071795862 -6.2831853071795862 0 1 
1 0 -6.2831853071795862 0 1 
1 0 -1.5707963267948966 1 0 
1 0 1.5707963267948966 1 0 
1 6.2831853071795862 -6.2831853071795862 0 1 
1 0 -6.2831853071795862 0 1 
1 0 -1.5707963267948966 1 0 
1 0 1.5707963267948966 1 0 
1 6.2831853071795862 -6.2831853071795862 0 1 
1 0 -6.2831853071795862 0 1 
1 0 -1.5707963267948966 1 0 
1 0 1.5707963267948966 1 0 
1 6.2831853071795862 -6.2831853071795862 0 1 
1 0 -6.2831853071795862 0 1 
1 0 -1.5707963267948966 1 0 
1 0 1.5707963267948966 1 0 
1 6.2831853071795862 -6.2831853071795862 0 1 
1 0 -6.2831853071795862 0 1 
1 0 -1.5707963267948966 1 0 
1 0 1.5707963267948966 1 0 
1 6.2831853071795862 -6.2831853071795862 0 1 
1 0 -6.2831853071795862 0 1 
1 0 -1.5707963267948966 1 0 
1 0 1.5707963267948966 1 0 
1 6.2831853071795862 -6.2831853071795862 0 1 
1 0 -6.2831853071795862 0 1 
1 0 -1.5707963267948966 1 0 
1 0 1.5707963267948966 1 0 
1 6.2831853071795862 -6.2831853071795862 0 1 
1 0 -6.2831853071795862 0 1 
1 0 -1.5707963267948966 1 0 
1 0 1.5707963267948966 1 0 
1 6.2831853071795862 -6.2831853071795862 0 1 
1 0 -6.2831853071795862 0 1 
1 0 -1.5707963267948966 1 0 
1 0 1.5707963267948966 1 0 
1 6.2831853071795862 -6.2831853071795862 0 1 
1 0 -6.2831853071795862 0 1 
1 0 -1.5707963267948966 1 0 
1 0 1.5707963267948966 1 0 
1 6.2831853071795862 -6.2831853071795862 0 1 
1 0 -6.2831853071795862 0 1 
1 0 -1.5707963267948966 1 0 
1 0 1.5707963267948966 1 0 
1 6.2831853071795862 -6.2831853071795862 0 1 
1 0 -6.2831853071795862 0 1 
1 0 -1.5707963267948966 1 0 
1 0 1.5707963267948966 1 0 
1 6.2831853071795862 -6.2831853071795862 0 1 
1 0 -6.2831853071795862 0 1 
1 0 -1.5707963267948966 1 0 
1 0 1.5707963267948966 1 0 
1 6.2831853071795862 -6.2831853071795862 0 1 
1 0 -6.2831853071795862 0 1 
1 0 -1.5707963267948966 1 0 
1 0 1.5707963267948966 1 0 
1 6.2831853071795862 -6.2831853071795862 0 1 
1 0 -6.2831853071795862 0 1 
1 0 -1.5707963267948966 1 0 
1 0 1.5707963267948966 1 0 
1 6.2831853071795862 -6.2831853071795862 0 1 
1 0 -6.2831853071795862 0 1 
1 0 -1.5707963267948966 1 0 
1 0 1.5707963267948966 1 0 
1 6.2831853071795862 -6.2831853071795862 0 1 
1 0 -6.2831853071795862 0 1 
1 0 -1.5707963267948966 1 0 
1 0 1.5707963267948966 1 0 
1 6.2831853071795862 -6.2831853071795862 0 1 
1 0 -6.2831853071795862 0 1 
1 0 -1.5707963267948966 1 0 
1 0 1.5707963267948966 1 0 
1 6.2831853071795862 -6.2831853071795862 0 1 
1 0 -6.2831853071795862 0 1 
1 0 -1.5707963267948966 1 0 
1 0 1.5707963267948966 1 0 
1 6.2831853071795862 -6.2831853071795862 0 1 
1 0 -6.2831853071795862 0 1 
1 0 -1.5707963267948966 1 0 
1 0 1.5707963267948966 1 0 
1 6.2831853071795862 -6.2831853071795862 0 1 
1 0 -6.2831853071795862 0 1 
1 0 -1.5707963267948966 1 0 
Curves 321
2 300 1236.2948706704299 588.78584881007328 0 -0.23002115104348372 -0.97318562981202661 0 -0.97318562981202661 0.23002115104348372 -1 -0 0 4
1 300 1234.107257480752 596.92008460417389 -6.1629758220391547e-33 -0.23002115104348372 -0.97318562981202661 
2 300 1238 596 0 -0.23002115104348372 -0.97318562981202661 0 -0.97318562981202661 0.23002115104348372 -1 -0 0 4
2 300 1234.5897413408593 581.79209502629772 0 -0.23686908216630093 -0.97154157806740016 0 -0.97154157806740016 0.23686908216630093 -1 -0 0 4
1 300 1232.4087043581603 589.73332513873845 0 -0.23686908216630093 -0.97154157806740016 
2 300 1236.2948706704299 588.78584881007328 0 -0.23686908216630093 -0.97154157806740016 0 -0.97154157806740016 0.23686908216630093 -1 -0 0 4
2 300 1232.8846120112892 575.01873864867343 0 -0.2441240174439078 -0.96974401988723102 0 -0.96974401988723113 0.24412401744390783 -1 -0 0 4
1 300 1230.7107652613104 582.76859109607335 0 -0.24412401744390783 -0.96974401988723113 
2 300 1234.5897413408593 581.79209502629772 0 -0.2441240174439078 -0.96974401988723102 0 -0.96974401988723113 0.24412401744390783 -1 -0 0 4
2 300 1231.1794826817188 568.46577967720043 0 -0.25182198031853859 -0.96777357384279172 0 -0.96777357384279183 0.25182198031853864 -1 -0 0 4
1 300 1229.0135177159179 576.02602656994759 0 -0.25182198031853864 -0.96777357384279183 
2 300 1232.8846120112892 575.01873864867343 0 -0.25182198031853859 -0.96777357384279172 0 -0.96777357384279183 0.25182198031853864 -1 -0 0 4
2 300 1229.4743533521487 562.13321811187882 0 -0.26000317530298173 -0.96560776137744819 0 -0.96560776137744819 0.26000317530298173 -1 -0 0 4
1 300 1227.317051636209 569.50579237841237 0 -0.26000317530298173 -0.96560776137744819 
2 300 1231.1794826817188 568.46577967720043 0 -0.26000317530298173 -0.96560776137744819 0 -0.96560776137744819 0.26000317530298173 -1 -0 0 4
2 300 1227.7692240225783 556.02105395270848 0 -0.26871257445466273 -0.96322040693184408 0 -0.96322040693184408 0.26871257445466273 -1 -0 0 4
1 300 1225.6214717244213 563.20806840969749 0 -0.26871257445466273 -0.96322040693184408 
2 300 1229.4743533521487 562.13321811187882 0 -0.26871257445466273 -0.96322040693184408 0 -0.96322040693184408 0.26871257445466273 -1 -0 0 4
2 300 1226.064094693008 550.12928719968932 0 -0.2780005960006503 -0.96058090165445376 0 -0.96058090165445376 0.2780005960006503 -1 -0 0 4
1 300 1223.9269004159605 557.13305633671109 0 -0.2780005960006503 -0.96058090165445376 
2 300 1227.7692240225783 556.02105395270848 0 -0.2780005960006503 -0.96058090165445376 0 -0.96058090165445376 0.2780005960006503 -1 -0 0 4
2 300 1224.3589653634378 544.45791785282142 0 -0.28792388951718167 -0.95765329521977716 0 -0.95765329521977727 0.28792388951718173 -1 -0 0 4
1 300 1222.2334815121289 551.28098275775801 -1.2325951644078312e-32 -0.28792388951718173 -0.95765329521977727 
2 300 1226.064094693008 550.12928719968932 0 -0.28792388951718167 -0.95765329521977716 0 -0.95765329521977727 0.28792388951718173 -1 -0 0 4
2 300 1222.6538360338675 539.00694591210481 0 -0.29854624350301728 -0.95439516998475904 0 -0.95439516998475904 0.29854624350301728 -1 -0 0 4
1 300 1220.5413846834988 545.65210282683347 0 -0.29854624350301728 -0.95439516998475904 
2 300 1224.3589653634378 544.45791785282142 0 -0.29854624350301728 -0.95439516998475904 0 -0.95439516998475904 0.29854624350301728 -1 -0 0 4
2 300 1220.9487067042974 533.77637137753959 0 -0.30993963211583597 -0.9507562381830057 0 -0.9507562381830057 0.30993963211583597 -1 -0 0 4
1 300 1218.8508110811354 540.24670444056812 -1.2325951644078309e-32 -0.30993963211583597 -0.9507562381830057 
2 300 1222.6538360338675 539.00694591210481 0 -0.30993963211583597 -0.9507562381830057 0 -0.9507562381830057 0.30993963211583597 -1 -0 0 4
2 300 1219.243577374727 528.76619424912576 0 -0.32218541767546183 -0.94667658502642194 0 -0.94667658502642194 0.32218541767546183 -1 -0 0 4
1 300 1217.1620003641917 535.06511304824141 1.2325951644078309e-32 -0.32218541767546183 -0.94667658502642194 
2 300 1220.9487067042974 533.77637137753959 0 -0.32218541767546183 -0.94667658502642194 0 -0.94667658502642194 0.32218541767546183 -1 -0 0 4
2 300 1217.5384480451567 523.97641452686287 0 -0.33537572327257331 -0.9420844570628466 0 -0.9420844570628466 0.33537572327257331 -1 -0 0 4
1 300 1215.4752395464757 530.10769714221601 0 -0.33537572327257331 -0.9420844570628466 
2 300 1219.243577374727 528.76619424912576 0 -0.33537572327257331 -0.9420844570628466 0 -0.9420844570628466 0.33537572327257331 -1 -0 0 4
2 300 1215.8333187155865 519.40703221075148 0 -0.3496149837851652 -0.93689346412113395 0 -0.93689346412113406 0.3496149837851652 -1 -0 0 4
1 300 1213.7908741886722 525.3748744620035 1.2325951644078312e-32 -0.34961498378516526 -0.93689346412113406 
2 300 1217.5384480451567 523.97641452686287 0 -0.3496149837851652 -0.93689346412113395 0 -0.93689346412113406 0.3496149837851652 -1 -0 0 4
2 300 1214.1281893860159 515.05804730079126 0 -0.36502167098001348 -0.93099902240279442 0 -0.93099902240279442 0.36502167098001348 -1 -0 0 4
1 300 1212.1093226259754 520.86711889467153 0 -0.36502167098001348 -0.93099902240279442 
2 300 1215.8333187155865 519.40703221075148 0 -0.36502167098001348 -0.93099902240279442 0 -0.93099902240279442 0.36502167098001348 -1 -0 0 4
2 300 1212.4230600564458 510.92945979698243 0 -0.38173016454609809 -0.92427381304222223 0 -0.92427381304222234 0.38173016454609815 -1 -0 0 4
1 300 1210.431094133847 516.58496795897565 0 -0.38173016454609815 -0.92427381304222234 
2 300 1214.1281893860159 515.05804730079126 0 -0.38173016454609809 -0.92427381304222223 0 -0.92427381304222234 0.38173016454609815 -1 -0 0 4
2 300 1210.7179307268757 507.02126969932476 0 -0.39989269826509077 -0.91656196183033101 0 -0.91656196183033101 0.39989269826509077 -1 -0 0 4
1 300 1208.7568122091245 512.52903059004279 1.2325951644078309e-32 -0.39989269826509077 -0.91656196183033101 
2 300 1212.4230600564458 510.92945979698243 0 -0.39989269826509077 -0.91656196183033101 0 -0.91656196183033101 0.39989269826509077 -1 -0 0 4
2 300 1209.0128013973053 503.33347700781837 0 -0.4196812366809074 -0.90767155930875343 0 -0.90767155930875354 0.41968123668090745 -1 -0 0 4
1 300 1207.0872444896406 508.69999464604837 0 -0.41968123668090745 -0.90767155930875354 
2 300 1210.7179307268757 507.02126969932476 0 -0.4196812366809074 -0.90767155930875343 0 -0.90767155930875354 0.41968123668090745 -1 -0 0 4
2 300 1207.307672067735 499.86608172246338 0 -0.44128901259846565 -0.89736503573510773 0 -0.89736503573510784 0.4412890125984657 -1 -0 0 4
1 300 1205.4233412543649 505.09863305821222 1.2325951644078312e-32 -0.4412890125984657 -0.89736503573510784 
2 300 1209.0128013973053 503.33347700781837 0 -0.44128901259846565 -0.89736503573510773 0 -0.89736503573510784 0.4412890125984657 -1 -0 0 4
2 300 1205.6025427381646 496.61908384325966 0 -0.46493124762674298 -0.88534678797646305 0 -0.88534678797646305 0.46493124762674298 -1 -0 0 4
1 300 1203.7662849158291 501.72580671297032 0 -0.46493124762674298 -0.88534678797646305 
2 300 1207.307672067735 499.86608172246338 0 -0.46493124762674298 -0.88534678797646305 0 -0.88534678797646305 0.46493124762674298 -1 -0 0 4
2 300 1203.8974134085945 493.59248337020711 0 -0.49084423705758823 -0.87124734429859474 0 -0.87124734429859485 0.49084423705758828 -1 -0 0 4
1 300 1202.1175533609703 498.58246079149001 0 -0.49084423705758828 -0.87124734429859485 
2 300 1205.6025427381646 496.61908384325966 0 -0.49084423705758823 -0.87124734429859474 0 -0.87124734429859485 0.49084423705758828 -1 -0 0 4
2 300 1202.1922840790244 490.78628030330583 0 -0.51928143172348828 -0.85460329666296275 0 -0.85460329666296297 0.5192814317234884 -1 -0 0 4
1 300 1200.4790002219427 495.66960909710104 0 -0.5192814317234884 -0.85460329666296297 
2 300 1203.8974134085945 493.59248337020711 0 -0.51928143172348828 -0.85460329666296275 0 -0.85460329666296297 0.5192814317234884 -1 -0 0 4
2 300 1200.487154749454 488.20047464255595 0 -0.55050428715505206 -0.83483233635497611 0 -0.83483233635497611 0.55050428715505206 -1 -0 0 4
1 300 1198.8529547336045 492.98829745192603 0 -0.55050428715505206 -0.83483233635497611 
2 300 1202.1922840790244 490.78628030330583 0 -0.55050428715505206 -0.83483233635497611 0 -0.83483233635497611 0.55050428715505206 -1 -0 0 4
2 300 1198.7820254198837 485.83506638795734 0 -0.58476434236128427 -0.8112032198547876 0 -0.8112032198547876 0.58476434236128427 -1 -0 0 4
1 300 1197.2423418700348 490.53953201200108 0 -0.58476434236128427 -0.8112032198547876 
2 300 1200.487154749454 488.20047464255595 0 -0.58476434236128427 -0.8112032198547876 0 -0.8112032198547876 0.58476434236128427 -1 -0 0 4
2 300 1197.0768960903133 483.6900555395099 0 -0.6222711200119081 -0.78280179688036322 0 -0.78280179688036322 0.6222711200119081 -1 -0 0 4
1 300 1195.6508182323623 488.32415086800495 0 -0.6222711200119081 -0.78280179688036322 
2 300 1198.7820254198837 485.83506638795734 0 -0.6222711200119081 -0.78280179688036322 0 -0.78280179688036322 0.6222711200119081 -1 -0 0 4
2 300 1195.3717667607432 481.76544209721374 0 -0.66313804231719231 -0.7484971187865197 0 -0.74849711878651981 0.66313804231719242 -1 -0 0 4
1 300 1194.0829076151672 486.34260770877864 0 -0.66313804231719242 -0.74849711878651981 
2 300 1197.0768960903133 483.6900555395099 0 -0.66313804231719231 -0.7484971187865197 0 -0.74849711878651981 0.66313804231719242 -1 -0 0 4
2 300 1193.6666374311731 480.06122606106896 0 -0.70729617515639487 -0.70691733647515986 0 0.70691733647515986 -0.70729617515639487 1 0 0 4
1 300 1198.1994361066438 478.93625739658813 0 -0.70729617515639487 -0.70691733647515986 
2 300 1195.3717667607432 481.76544209721374 0 -0.70729617515639487 -0.70691733647515986 0 0.70691733647515986 -0.70729617515639487 1 0 0 4
2 300 1191.9615081016025 478.57740743107536 0 -0.75436505708262558 -0.65645514747980105 0 0.65645514747980094 -0.75436505708262536 1 0 0 4
1 300 1196.2924580210922 477.04376583273847 2.4651903288156613e-32 -0.75436505708262536 -0.65645514747980094 
2 300 1193.6666374311731 480.06122606106896 0 -0.75436505708262558 -0.65645514747980105 0 0.65645514747980094 -0.75436505708262536 1 0 0 4
2 300 1190.2563787720323 477.31398620723314 0 -0.80347549431837817 -0.59533782848886529 0 0.59533782848886541 -0.80347549431837828 1 0 0 4
1 300 1194.342859415558 475.36350545380185 2.4651903288156624e-32 -0.80347549431837828 -0.59533782848886541 
2 300 1191.9615081016025 478.57740743107536 0 -0.80347549431837817 -0.59533782848886529 0 0.59533782848886541 -0.80347549431837828 1 0 0 4
2 300 1188.551249442462 476.27096238954209 0 -0.85305907957367999 -0.52181434127178417 0 0.52181434127178417 -0.85305907957367999 1 0 0 4
1 300 1192.3436361371196 473.90174988893841 0 -0.85305907957367999 -0.52181434127178417 
2 300 1190.2563787720323 477.31398620723314 0 -0.85305907957367999 -0.52181434127178417 0 0.52181434127178417 -0.85305907957367999 1 0 0 4
2 300 1186.8461201128916 475.44833597800243 0 -0.90066316992914319 -0.43451795628395751 0 0.43451795628395756 -0.9006631699291433 1 0 0 4
1 300 1190.2893212675979 472.66830970982551 -1.2325951644078312e-32 -0.9006631699291433 -0.43451795628395756 
2 300 1188.551249442462 476.27096238954209 0 -0.90066316992914319 -0.43451795628395751 0 0.43451795628395756 -0.9006631699291433 1 0 0 4
2 300 1185.1409907833215 474.84610697261394 0 -0.94291765230398283 -0.33302597642458048 0 0.33302597642458054 -0.94291765230398294 1 0 0 4
1 300 1188.1782240185901 471.67666536878647 0 -0.94291765230398294 -0.33302597642458054 
2 300 1186.8461201128916 475.44833597800243 0 -0.94291765230398283 -0.33302597642458048 0 0.33302597642458054 -0.94291765230398294 1 0 0 4
2 300 1183.4358614537512 474.46427537337672 0 -0.97583261867489479 -0.21851933628422288 0 0.21851933628422288 -0.97583261867489479 1 0 0 4
1 300 1186.0150681284583 470.94277649791434 0 -0.97583261867489479 -0.21851933628422288 
2 300 1185.1409907833215 474.84610697261394 0 -0.97583261867489479 -0.21851933628422288 0 0.21851933628422288 -0.97583261867489479 1 0 0 4
2 300 1181.730732124181 474.3028411802909 0 -0.99554816822200931 -0.094254149774966378 0 0.094254149774966392 -0.99554816822200942 1 0 0 4
1 300 1183.8128780528509 470.48208270048866 0 -0.99554816822200942 -0.094254149774966392 
2 300 1183.4358614537512 474.46427537337672 0 -0.99554816822200931 -0.094254149774966378 0 0.094254149774966392 -0.99554816822200942 1 0 0 4
2 300 1180.0256027946107 474.36180439335624 0 -0.99940265069348933 0.034559250380001336 0 -0.034559250380001336 -0.99940265069348933 1 0 0 4
1 300 1181.5924951226609 470.30523057751697 0 -0.99940265069348933 0.034559250380001336 
2 300 1181.730732124181 474.3028411802909 0 -0.99940265069348933 0.034559250380001336 0 -0.034559250380001336 -0.99940265069348933 1 0 0 4
2 300 1178.3204734650403 474.64116501257297 0 -0.98684325469022927 0.16167990188144987 0 -0.16167990188144987 -0.98684325469022927 1 0 0 4
1 300 1179.378883187085 470.41443137459532 0 -0.98684325469022927 0.16167990188144987 
2 300 1180.0256027946107 474.36180439335624 0 -0.98684325469022927 0.16167990188144987 0 -0.16167990188144987 -0.98684325469022927 1 0 0 4
2 300 1176.6153441354702 475.14092303794087 0 -0.95963177347510564 0.28125941644151814 0 -0.28125941644151814 -0.95963177347510575 1 0 0 4
1 300 1177.1954357992743 470.80263791867253 0 -0.95963177347510575 0.2812594164415182 
2 300 1178.3204734650403 474.64116501257297 0 -0.95963177347510564 0.28125941644151814 0 -0.28125941644151814 -0.95963177347510575 1 0 0 4
2 300 1174.9102148058998 475.86107846946015 0 -0.92120852617468796 0.38906921145608442 0 -0.38906921145608442 -0.92120852617468796 1 0 0 4
1 300 1175.0590672896458 471.45608893324209 -1.2325951644078309e-32 -0.92120852617468796 0.38906921145608442 
2 300 1176.6153441354702 475.14092303794087 0 -0.92120852617468796 0.38906921145608442 0 -0.38906921145608442 -0.92120852617468796 1 0 0 4
2 300 1173.2050854763297 476.80163130713072 0 -0.8756228962730801 0.48299538664705971 0 -0.48299538664705977 -0.87562289627308021 1 0 0 4
1 300 1172.9782332593115 472.35858688436781 0 -0.87562289627308021 0.48299538664705977 
2 300 1174.9102148058998 475.86107846946015 0 -0.8756228962730801 0.48299538664705971 0 -0.48299538664705977 -0.87562289627308021 1 0 0 4
2 300 1171.4999561467591 477.96258155095234 0 -0.82659673852490323 0.56279466225257757 0 -0.56279466225257757 -0.82659673852490323 1 0 0 4
1 300 1170.9539068273193 473.49524435303113 0 -0.82659673852490323 0.56279466225257757 
2 300 1173.2050854763297 476.80163130713072 0 -0.82659673852490323 0.56279466225257757 0 -0.56279466225257757 -0.82659673852490323 1 0 0 4
2 300 1169.794826817189 479.34392920092546 0 -0.77702088440132044 0.62947481697379248 0 -0.62947481697379259 -0.77702088440132044 1 0 0 4
1 300 1168.9820568788639 474.85449801334704 -2.4651903288156624e-32 -0.77702088440132056 0.62947481697379259 
2 300 1171.4999561467591 477.96258155095234 0 -0.77702088440132044 0.62947481697379248 0 -0.62947481697379259 -0.77702088440132044 1 0 0 4
2 300 1168.0896974876187 480.94567425704986 0 -0.72885726601607947 0.68466567445401094 0 -0.68466567445401105 -0.72885726601607959 1 0 0 4
1 299.99999999999994 1167.0561641193729 476.42850013686115 0 -0.72885726601607959 0.68466567445401105 
2 300 1169.794826817189 479.34392920092546 0 -0.72885726601607947 0.68466567445401094 0 -0.68466567445401105 -0.72885726601607959 1 0 0 4
2 300 1166.3845681580483 482.76781671932531 0 -0.6832734684613242 0.73016256223996578 0 0.73016256223996578 0.6832734684613242 -1 0 0 4
1 300 1171.0103477365785 483.67876813089515 0 -0.6832734684613242 0.73016256223996578 
2 300 1168.0896974876187 480.94567425704986 0 -0.6832734684613242 0.73016256223996578 0 0.73016256223996578 0.6832734684613242 -1 0 0 4
2 300 1164.6794388284782 484.81035658775227 0 -0.64085240859875459 0.7676641130033206 0 0.7676641130033206 0.64085240859875459 -1 0 0 4
1 300 1169.4552246100616 485.33122635372035 0 -0.64085240859875459 0.7676641130033206 
2 300 1166.3845681580483 482.76781671932531 0 -0.64085240859875459 0.7676641130033206 0 0.7676641130033206 0.64085240859875459 -1 0 0 4
2 300 1162.9743094989078 487.0732938623305 0 -0.60178886145798438 0.79865522362600427 0 0.79865522362600427 0.60178886145798438 -1 0 0 4
1 300 1167.8740597229821 487.21751203358423 0 -0.60178886145798438 0.79865522362600427 
2 300 1164.6794388284782 484.81035658775227 0 -0.60178886145798438 0.79865522362600427 0 0.79865522362600427 0.60178886145798438 -1 0 0 4
2 300 1161.2691801693377 489.5566285430599 0 -0.56604108444298906 0.82437703189900002 0 0.82437703189900002 0.56604108444298906 -1 0 0 4
1 300 1166.2718176265039 489.33745820010245 0 -0.56604108444298906 0.82437703189900002 
2 300 1162.9743094989078 487.0732938623305 0 -0.56604108444298906 0.82437703189900002 0 0.82437703189900002 0.56604108444298906 -1 0 0 4
2 300 1159.5640508397673 492.26036062994069 0 -0.53343581390217998 0.84584054788507212 0 0.84584054788507212 0.53343581390217998 -1 0 0 4
1 300 1164.652542360878 491.69037179866859 0 -0.53343581390217998 0.84584054788507212 
2 300 1161.2691801693377 489.5566285430599 0 -0.53343581390217998 0.84584054788507212 0 0.84584054788507212 0.53343581390217998 -1 0 0 4
2 300 1157.858921510197 495.18449012297265 0 -0.50373592958664326 0.86385769270376955 0 0.86385769270376955 0.50373592958664326 -1 0 0 4
1 300 1163.0194816105825 494.27530434828725 1.2325951644078309e-32 -0.50373592958664326 0.86385769270376955 
2 300 1159.5640508397673 492.26036062994069 0 -0.50373592958664326 0.86385769270376955 0 0.86385769270376955 0.50373592958664326 -1 0 0 4
2 300 1156.1537921806269 498.32901702215599 0 -0.4766816477401864 0.87907599597969954 0 0.87907599597969965 0.47668164774018645 -1 0 0 4
1 300 1161.3752254941157 497.09121671393342 0 -0.47668164774018645 0.87907599597969965 
2 300 1157.858921510197 495.18449012297265 0 -0.4766816477401864 0.87907599597969954 0 0.87907599597969965 0.47668164774018645 -1 0 0 4
2 300 1154.4486628510565 501.69394132749051 0 -0.4520142259476615 0.89201072837771211 0 0.89201072837771211 0.4520142259476615 -1 0 0 4
1 300 1159.7218350941378 500.13707392594665 1.2325951644078309e-32 -0.4520142259476615 0.89201072837771211 
2 300 1156.1537921806269 498.32901702215599 0 -0.4520142259476615 0.89201072837771211 0 0.89201072837771211 0.4520142259476615 -1 0 0 4
2 300 1152.7435335214864 505.2792630389763 0 -0.42948865198150088 0.90307225503783095 0 0.90307225503783095 0.42948865198150088 -1 0 0 4
1 300.00000000000006 1158.0609518712079 503.41189593541651 0 -0.42948865198150088 0.90307225503783095 
2 300 1154.4486628510565 501.69394132749051 0 -0.42948865198150088 0.90307225503783095 0 0.90307225503783095 0.42948865198150088 -1 0 0 4
2 300 1151.038404191916 509.08498215661348 0 -0.408879650024007 0.91258831451878963 0 0.91258831451878974 0.40887965002400706 -1 0 0 4
1 300 1156.3938867795616 506.91478163907232 0 -0.40887965002400706 0.91258831451878974 
2 300 1152.7435335214864 505.2792630389763 0 -0.408879650024007 0.91258831451878963 0 0.91258831451878974 0.40887965002400706 -1 0 0 4
2 300 1149.3332748623457 513.11109868040182 0 -0.38998377829085745 0.92082172686681718 0 0.92082172686681718 0.38998377829085745 -1 0 0 4
1 300 1154.7216910993832 510.6449172697769 -1.2325951644078309e-32 -0.38998377829085745 0.92082172686681718 
2 300 1151.038404191916 509.08498215661348 0 -0.38998377829085745 0.92082172686681718 0 0.92082172686681718 0.38998377829085745 -1 0 0 4
2 300 1147.6281455327753 517.35761261034156 0 -0.37261933971146127 0.92798428201828653 0 0.92798428201828653 0.37261933971146127 -1 0 0 4
1 300 1153.0452119904189 514.60157603924767 0 -0.37261933971146127 0.92798428201828653 
2 300 1149.3332748623457 513.11109868040182 0 -0.37261933971146127 0.92798428201828653 0 0.92798428201828653 0.37261933971146127 -1 0 0 4
2 300 1145.9230162032052 521.82452394643246 0 -0.35662514794292161 0.93424756026156641 0 0.93424756026156652 0.35662514794292166 -1 0 0 4
1 300 1151.3651357738215 518.7841132021133 -1.2325951644078312e-32 -0.35662514794292166 0.93424756026156652 
2 300 1147.6281455327753 517.35761261034156 0 -0.35662514794292161 0.93424756026156641 0 0.93424756026156652 0.35662514794292166 -1 0 0 4
2 300 1144.2178868736348 526.51183268867476 0 -0.34185876461420311 0.9397513421413406 0 0.9397513421413406 0.34185876461420311 -1 0 0 4
1 300 1149.6820215717705 523.19195900488933 0 -0.34185876461420311 0.9397513421413406 
2 300 1145.9230162032052 521.82452394643246 0 -0.34185876461420311 0.9397513421413406 0 0.9397513421413406 0.34185876461420311 -1 0 0 4
2 300 1142.5127575440647 531.41953883706822 0 -0.32819456137349118 0.9446101470367877 0 0.94461014703678781 0.32819456137349123 -1 0 0 4
1 300 1147.9963274617819 527.82461093416873 -1.2325951644078312e-32 -0.32819456137349123 0.94461014703678781 
2 300 1144.2178868736348 526.51183268867476 0 -0.32819456137349118 0.9446101470367877 0 0.94461014703678781 0.32819456137349123 -1 0 0 4
2 300 1140.8076282144943 536.54764239161307 0 -0.31552180154201526 0.94891832775623053 0 0.94891832775623064 0.31552180154201526 -1 0 0 4
1 300 1146.3084308550897 532.68162604323629 0 -0.31552180154201531 0.94891832775623064 
2 300 1142.5127575440647 531.41953883706822 0 -0.31552180154201526 0.94891832775623053 0 0.94891832775623064 0.31552180154201526 -1 0 0 4
2 300 1139.102498884924 541.89614335230908 0 -0.30374284162268939 0.95275405334376495 0 0.95275405334376506 0.30374284162268944 -1 0 0 4
1 300 1144.6186444278694 537.76261375810384 -1.2325951644078312e-32 -0.30374284162268944 0.95275405334376506 
2 300 1140.8076282144943 536.54764239161307 0 -0.30374284162268939 0.95275405334376495 0 0.95275405334376506 0.30374284162268944 -1 0 0 4
2 300 1137.3973695553539 547.46504171915637 0 -0.29277149769123595 0.95618243559460481 0 0.95618243559460481 0.29277149769123595 -1 0 0 4
1 300 1142.9272286273024 543.06722934307402 0 -0.29277149769123595 0.95618243559460481 
2 300 1139.102498884924 541.89614335230908 0 -0.29277149769123595 0.95618243559460481 0 0.95618243559460481 0.29277149769123595 -1 0 0 4
2 300 1135.6922402257835 553.25433749215506 0 -0.28253159030039315 0.95925799474506912 0 0.95925799474506912 0.28253159030039315 -1 0 0 4
1 300 1141.2344015343342 548.59516808035789 0 -0.28253159030039315 0.95925799474506912 
2 300 1137.3973695553539 547.46504171915637 0 -0.28253159030039315 0.95925799474506912 0 0.95925799474506912 0.28253159030039315 -1 0 0 4
2 300 1133.9871108962132 559.26403067130502 0 -0.2729556644183509 0.96202661359337482 0 0.96202661359337494 0.27295566441835095 -1 0 0 4
1 300 1139.540346680157 554.34616014982851 0 -0.27295566441835095 0.96202661359337494 
2 300 1135.6922402257835 553.25433749215506 0 -0.2729556644183509 0.96202661359337482 0 0.96202661359337494 0.27295566441835095 -1 0 0 4
2 300 1132.281981566643 565.49412125660615 0 -0.26398387226267667 0.96452709406485981 0 0.96452709406485981 0.26398387226267667 -1 0 0 4
1 300 1137.8452192724726 560.31996616035576 0 -0.26398387226267667 0.96452709406485981 
2 300 1133.9871108962132 559.26403067130502 0 -0.26398387226267667 0.96452709406485981 0 0.96452709406485981 0.26398387226267667 -1 0 0 4
2 300 1130.5768522370727 571.94460924805855 0 -0.25556300313492514 0.96679240348104623 0 0.96679240348104634 0.25556300313492519 -1 0 0 4
1 300 1136.1491511805673 566.5163732691459 0 -0.25556300313492519 0.96679240348104634 
2 300 1132.281981566643 565.49412125660615 0 -0.25556300313492514 0.96679240348104623 0 0.96679240348104634 0.25556300313492519 -1 0 0 4
2 300 1128.8717229075023 578.61549464566224 0 -0.24764564337936962 0.96885067751187448 0 0.96885067751187448 0.24764564337936962 -1 0 0 4
1 300 1134.4522549471201 572.93519182157604 0 -0.24764564337936962 0.96885067751187448 
2 300 1130.5768522370727 571.94460924805855 0 -0.24764564337936962 0.96885067751187448 0 0.96885067751187448 0.24764564337936962 -1 0 0 4
2 300 1127.1665935779322 585.50677744941731 0 -0.24018945010274742 0.97072603141120084 0 0.97072603141120095 0.24018945010274745 -1 0 0 4
1 300 1132.754627033147 579.57625244607323 0 -0.24018945010274745 0.97072603141120095 
2 300 1128.8717229075023 578.61549464566224 0 -0.24018945010274742 0.97072603141120084 0 0.97072603141120095 0.24018945010274745 -1 0 0 4
2 300 1125.4614642483618 592.61845765932367 0 -0.23315652354587252 0.97243921945178824 0 0.97243921945178824 0.23315652354587252 -1 0 0 4
1 300 1131.0563504557394 586.43940354360075 -1.2325951644078309e-32 -0.23315652354587252 0.97243921945178824 
2 300 1127.1665935779322 585.50677744941731 0 -0.23315652354587252 0.97243921945178824 0 0.97243921945178824 0.23315652354587252 -1 0 0 4
2 300 1123.7563349187917 599.95053527538118 0 -0.22651286456161673 0.97400817357355407 0 0.97400817357355407 0.22651286456161673 -1 0 0 4
1 300 1129.3574969426561 593.52450911757012 6.1629758220391547e-33 -0.22651286456161673 0.97400817357355407 
2 300 1125.4614642483618 592.61845765932367 0 -0.22651286456161673 0.97400817357355407 0 0.97400817357355407 0.22651286456161673 -1 0 0 4
2 300 1122.0512055892214 607.50301029758998 0 -0.22022790528057321 0.97544844545251641 0 0.97544844545251641 0.22022790528057321 -1 0 0 4
1 300 1127.6581287006018 600.83144689650351 0 -0.22022790528057321 0.97544844545251641 
2 300 1123.7563349187917 599.95053527538118 0 -0.22022790528057321 0.97544844545251641 0 0.97544844545251641 0.22022790528057321 -1 0 0 4
2 300 1120.346076259651 615.27588272595017 0 -0.21427410260088728 0.97677357097465756 0 0.97677357097465756 0.21427410260088728 -1 0 0 4
1 300 1125.95829987312 608.36010670799351 0 -0.21427410260088728 0.97677357097465756 
2 300 1122.0512055892214 607.50301029758998 0 -0.21427410260088728 0.97677357097465756 0 0.97677357097465756 0.21427410260088728 -1 0 0 4
2 300 1118.6409469300806 623.26915256046163 0 -0.20862658556874294 0.9779953720718354 0 0.97799537207183551 0.20862658556874297 -1 0 0 4
1 300 1124.2580577479384 616.11038906822512 6.1629758220391561e-33 -0.20862658556874297 0.97799537207183551 
2 300 1120.346076259651 615.27588272595017 0 -0.20862658556874294 0.9779953720718354 0 0.97799537207183551 0.20862658556874297 -1 0 0 4
2 300 1116.9358176005105 631.48281980112426 0 -0.20326284898413444 0.97912420776061559 0 0.97912420776061559 0.20326284898413444 -1 0 0 4
1 300 1122.5574437611231 624.08220395639819 0 -0.20326284898413444 0.97912420776061559 
2 300 1118.6409469300806 623.26915256046163 0 -0.20326284898413444 0.97912420776061559 0 0.97912420776061559 0.20326284898413444 -1 0 0 4
2 300 1115.2306882709402 639.91688444793829 0 -0.19816248668083158 0.98016918380066897 0 0.98016918380066897 0.19816248668083158 -1 0 0 4
1 300 1120.8564943357133 632.27546974784764 -6.1629758220391547e-33 -0.19816248668083158 0.98016918380066897 
2 300 1116.9358176005105 631.48281980112426 0 -0.19816248668083158 0.98016918380066897 0 0.98016918380066897 0.19816248668083158 -1 0 0 4
2 300 1113.5255589413698 648.57134650090347 0 -0.1933069588896919 0.98113832849645588 0 0.98113832849645566 0.19330695888969188 -1 0 0 4
1 300 1119.155241584926 640.690112283497 0 -0.19330695888969185 0.98113832849645566 
2 300 1115.2306882709402 639.91688444793829 0 -0.1933069588896919 0.98113832849645588 0 0.98113832849645566 0.19330695888969188 -1 0 0 4
2 300 1111.8204296117997 657.44620596001994 0 -0.18867938892119146 0.98203874067998231 0 0.98203874067998242 0.18867938892119149 -1 0 0 4
1 300 1117.4537139040897 649.32606405658828 6.1629758220391561e-33 -0.18867938892119149 0.98203874067998242 
2 300 1113.5255589413698 648.57134650090347 0 -0.18867938892119146 0.98203874067998231 0 0.98203874067998242 0.18867938892119149 -1 0 0 4
2 300 1110.1153002822293 666.54146282528779 0 -0.18426438510580689 0.98287671474177207 0 0.98287671474177207 0.18426438510580689 -1 0 0 4
1 300 1115.7519364707669 658.18326350044322 6.1629758220391547e-33 -0.18426438510580689 0.98287671474177207 
2 300 1111.8204296117997 657.44620596001994 0 -0.18426438510580689 0.98287671474177207 0 0.98287671474177207 0.18426438510580689 -1 0 0 4
2 300 1108.4101709526592 675.85711709670693 0 -0.18004788453030865 0.9836578466500232 0 0.98365784665002332 0.18004788453030868 -1 0 0 4
1 300 1114.0499316688295 667.26165436340898 0 -0.18004788453030868 0.98365784665002332 
2 300 1110.1153002822293 666.54146282528779 0 -0.18004788453030865 0.9836578466500232 0 0.98365784665002332 0.18004788453030868 -1 0 0 4
2 300 1106.7050416230888 685.39316877427723 0 -0.17601701561723745 0.98438712416061258 0 0.98438712416061258 0.17601701561723745 -1 0 0 4
1 300 1112.3477194493016 676.56118515917592 0 -0.17601701561723745 0.98438712416061258 
2 300 1108.4101709526592 675.85711709670693 0 -0.17601701561723745 0.98438712416061258 0 0.98438712416061258 0.17601701561723745 -1 0 0 4
2 300 1104.9999122935185 695.14961785799881 0 -0.17215997702357416 0.98506900383234175 0 0.98506900383234186 0.17215997702357416 -1 0 0 4
1 300 1110.6453176384182 686.0818086823715 6.1629758220391561e-33 -0.17215997702357419 0.98506900383234186 
2 300 1106.7050416230888 685.39316877427723 0 -0.17215997702357416 0.98506900383234175 0 0.98506900383234186 0.17215997702357416 -1 0 0 4
2 300 1103.2947829639481 705.12646434787166 0 -0.168465930702382 0.98570747698928407 0 0.98570747698928418 0.168465930702382 -1 0 0 4
1 300 1108.9427422014755 695.82348158080833 0 -0.16846593070238203 0.98570747698928418 
2 300 1104.9999122935185 695.14961785799881 0 -0.168465930702382 0.98570747698928407 0 0.98570747698928418 0.168465930702382 -1 0 0 4
2 300 1101.589653634378 715.32370824389591 0 -0.16492490727834075 0.98630612639242521 0 0.98630612639242532 0.16492490727834078 -1 0 0 4
1 300 1107.2400074695179 705.78616397698499 0 -0.16492490727834078 0.98630612639242532 
2 300 1103.2947829639481 705.12646434787166 0 -0.16492490727834075 0.98630612639242521 0 0.98630612639242532 0.16492490727834078 -1 0 0 4
2 300 1238 596 -2.4492935982947064e-16 -1 0 1 -2.4492935982947064e-16 0 0 0 1 4
2 300 1236.2948706704299 588.78584881007328 -2.4492935982947064e-16 -1 0 1 -2.4492935982947064e-16 0 0 0 1 4
2 300 1234.5897413408593 581.79209502629772 -2.4492935982947064e-16 -1 0 1 -2.4492935982947064e-16 0 0 0 1 4
2 300 1232.8846120112892 575.01873864867343 -2.4492935982947064e-16 -1 0 1 -2.4492935982947064e-16 0 0 0 1 4
2 300 1231.1794826817188 568.46577967720043 -2.4492935982947064e-16 -1 0 1 -2.4492935982947064e-16 0 0 0 1 4
2 300 1229.4743533521487 562.13321811187882 -2.4492935982947064e-16 -1 0 1 -2.4492935982947064e-16 0 0 0 1 4
2 300 1227.7692240225783 556.02105395270848 -2.4492935982947064e-16 -1 0 1 -2.4492935982947064e-16 0 0 0 1 4
2 300 1226.064094693008 550.12928719968932 -2.4492935982947064e-16 -1 0 1 -2.4492935982947064e-16 0 0 0 1 4
2 300 1224.3589653634378 544.45791785282142 -2.4492935982947064e-16 -1 0 1 -2.4492935982947064e-16 0 0 0 1 4
2 300 1222.6538360338675 539.00694591210481 -2.4492935982947064e-16 -1 0 1 -2.4492935982947064e-16 0 0 0 1 4
2 300 1220.9487067042974 533.77637137753959 -2.4492935982947064e-16 -1 0 1 -2.4492935982947064e-16 0 0 0 1 4
2 300 1219.243577374727 528.76619424912576 -2.4492935982947064e-16 -1 0 1 -2.4492935982947064e-16 0 0 0 1 4
2 300 1217.5384480451567 523.97641452686287 -2.4492935982947064e-16 -1 0 1 -2.4492935982947064e-16 0 0 0 1 4
2 300 1215.8333187155865 519.40703221075148 -2.4492935982947064e-16 -1 0 1 -2.4492935982947064e-16 0 0 0 1 4
2 300 1214.1281893860159 515.05804730079126 -2.4492935982947064e-16 -1 0 1 -2.4492935982947064e-16 0 0 0 1 4
2 300 1212.4230600564458 510.92945979698243 -2.4492935982947064e-16 -1 0 1 -2.4492935982947064e-16 0 0 0 1 4
2 300 1210.7179307268757 507.02126969932476 -2.4492935982947064e-16 -1 0 1 -2.4492935982947064e-16 0 0 0 1 4
2 300 1209.0128013973053 503.33347700781837 -2.4492935982947064e-16 -1 0 1 -2.4492935982947064e-16 0 0 0 1 4
2 300 1207.307672067735 499.86608172246338 -2.4492935982947064e-16 -1 0 1 -2.4492935982947064e-16 0 0 0 1 4
2 300 1205.6025427381646 496.61908384325966 -2.4492935982947064e-16 -1 0 1 -2.4492935982947064e-16 0 0 0 1 4
2 300 1203.8974134085945 493.59248337020711 -2.4492935982947064e-16 -1 0 1 -2.4492935982947064e-16 0 0 0 1 4
2 300 1202.1922840790244 490.78628030330583 -2.4492935982947064e-16 -1 0 1 -2.4492935982947064e-16 0 0 0 1 4
2 300 1200.487154749454 488.20047464255595 -2.4492935982947064e-16 -1 0 1 -2.4492935982947064e-16 0 0 0 1 4
2 300 1198.7820254198837 485.83506638795734 -2.4492935982947064e-16 -1 0 1 -2.4492935982947064e-16 0 0 0 1 4
2 300 1197.0768960903133 483.6900555395099 -2.4492935982947064e-16 -1 0 1 -2.4492935982947064e-16 0 0 0 1 4
2 300 1195.3717667607432 481.76544209721374 -2.4492935982947064e-16 -1 0 1 -2.4492935982947064e-16 0 0 0 1 4
2 300 1193.6666374311731 480.06122606106896 -2.4492935982947064e-16 -1 0 1 -2.4492935982947064e-16 0 0 0 1 4
2 300 1191.9615081016025 478.57740743107536 -2.4492935982947064e-16 -1 0 1 -2.4492935982947064e-16 0 0 0 1 4
2 300 1190.2563787720323 477.31398620723314 -2.4492935982947064e-16 -1 0 1 -2.4492935982947064e-16 0 0 0 1 4
2 300 1188.551249442462 476.27096238954209 -2.4492935982947064e-16 -1 0 1 -2.4492935982947064e-16 0 0 0 1 4
2 300 1186.8461201128916 475.44833597800243 -2.4492935982947064e-16 -1 0 1 -2.4492935982947064e-16 0 0 0 1 4
2 300 1185.1409907833215 474.84610697261394 -2.4492935982947064e-16 -1 0 1 -2.4492935982947064e-16 0 0 0 1 4
2 300 1183.4358614537512 474.46427537337672 -2.4492935982947064e-16 -1 0 1 -2.4492935982947064e-16 0 0 0 1 4
2 300 1181.730732124181 474.3028411802909 -2.4492935982947064e-16 -1 0 1 -2.4492935982947064e-16 0 0 0 1 4
2 300 1180.0256027946107 474.36180439335624 -2.4492935982947064e-16 -1 0 1 -2.4492935982947064e-16 0 0 0 1 4
2 300 1178.3204734650403 474.64116501257297 -2.4492935982947064e-16 -1 0 1 -2.4492935982947064e-16 0 0 0 1 4
2 300 1176.6153441354702 475.14092303794087 -2.4492935982947064e-16 -1 0 1 -2.4492935982947064e-16 0 0 0 1 4
2 300 1174.9102148058998 475.86107846946015 -2.4492935982947064e-16 -1 0 1 -2.4492935982947064e-16 0 0 0 1 4
2 300 1173.2050854763297 476.80163130713072 -2.4492935982947064e-16 -1 0 1 -2.4492935982947064e-16 0 0 0 1 4
2 300 1171.4999561467591 477.96258155095234 -2.4492935982947064e-16 -1 0 1 -2.4492935982947064e-16 0 0 0 1 4
2 300 1169.794826817189 479.34392920092546 -2.4492935982947064e-16 -1 0 1 -2.4492935982947064e-16 0 0 0 1 4
2 300 1168.0896974876187 480.94567425704986 -2.4492935982947064e-16 -1 0 1 -2.4492935982947064e-16 0 0 0 1 4
2 300 1166.3845681580483 482.76781671932531 -2.4492935982947064e-16 -1 0 1 -2.4492935982947064e-16 0 0 0 1 4
2 300 1164.6794388284782 484.81035658775227 -2.4492935982947064e-16 -1 0 1 -2.4492935982947064e-16 0 0 0 1 4
2 300 1162.9743094989078 487.0732938623305 -2.4492935982947064e-16 -1 0 1 -2.4492935982947064e-16 0 0 0 1 4
2 300 1161.2691801693377 489.5566285430599 -2.4492935982947064e-16 -1 0 1 -2.4492935982947064e-16 0 0 0 1 4
2 300 1159.5640508397673 492.26036062994069 -2.4492935982947064e-16 -1 0 1 -2.4492935982947064e-16 0 0 0 1 4
2 300 1157.858921510197 495.18449012297265 -2.4492935982947064e-16 -1 0 1 -2.4492935982947064e-16 0 0 0 1 4
2 300 1156.1537921806269 498.32901702215599 -2.4492935982947064e-16 -1 0 1 -2.4492935982947064e-16 0 0 0 1 4
2 300 1154.4486628510565 501.69394132749051 -2.4492935982947064e-16 -1 0 1 -2.4492935982947064e-16 0 0 0 1 4
2 300 1152.7435335214864 505.2792630389763 -2.4492935982947064e-16 -1 0 1 -2.4492935982947064e-16 0 0 0 1 4
2 300 1151.038404191916 509.08498215661348 -2.4492935982947064e-16 -1 0 1 -2.4492935982947064e-16 0 0 0 1 4
2 300 1149.3332748623457 513.11109868040182 -2.4492935982947064e-16 -1 0 1 -2.4492935982947064e-16 0 0 0 1 4
2 300 1147.6281455327753 517.35761261034156 -2.4492935982947064e-16 -1 0 1 -2.4492935982947064e-16 0 0 0 1 4
2 300 1145.9230162032052 521.82452394643246 -2.4492935982947064e-16 -1 0 1 -2.4492935982947064e-16 0 0 0 1 4
2 300 1144.2178868736348 526.51183268867476 -2.4492935982947064e-16 -1 0 1 -2.4492935982947064e-16 0 0 0 1 4
2 300 1142.5127575440647 531.41953883706822 -2.4492935982947064e-16 -1 0 1 -2.4492935982947064e-16 0 0 0 1 4
2 300 1140.8076282144943 536.54764239161307 -2.4492935982947064e-16 -1 0 1 -2.4492935982947064e-16 0 0 0 1 4
2 300 1139.102498884924 541.89614335230908 -2.4492935982947064e-16 -1 0 1 -2.4492935982947064e-16 0 0 0 1 4
2 300 1137.3973695553539 547.46504171915637 -2.4492935982947064e-16 -1 0 1 -2.4492935982947064e-16 0 0 0 1 4
2 300 1135.6922402257835 553.25433749215506 -2.4492935982947064e-16 -1 0 1 -2.4492935982947064e-16 0 0 0 1 4
2 300 1133.9871108962132 559.26403067130502 -2.4492935982947064e-16 -1 0 1 -2.4492935982947064e-16 0 0 0 1 4
2 300 1132.281981566643 565.49412125660615 -2.4492935982947064e-16 -1 0 1 -2.4492935982947064e-16 0 0 0 1 4
2 300 1130.5768522370727 571.94460924805855 -2.4492935982947064e-16 -1 0 1 -2.4492935982947064e-16 0 0 0 1 4
2 300 1128.8717229075023 578.61549464566224 -2.4492935982947064e-16 -1 0 1 -2.4492935982947064e-16 0 0 0 1 4
2 300 1127.1665935779322 585.50677744941731 -2.4492935982947064e-16 -1 0 1 -2.4492935982947064e-16 0 0 0 1 4
2 300 1125.4614642483618 592.61845765932367 -2.4492935982947064e-16 -1 0 1 -2.4492935982947064e-16 0 0 0 1 4
2 300 1123.7563349187917 599.95053527538118 -2.4492935982947064e-16 -1 0 1 -2.4492935982947064e-16 0 0 0 1 4
2 300 1122.0512055892214 607.50301029758998 -2.4492935982947064e-16 -1 0 1 -2.4492935982947064e-16 0 0 0 1 4
2 300 1120.346076259651 615.27588272595017 -2.4492935982947064e-16 -1 0 1 -2.4492935982947064e-16 0 0 0 1 4
2 300 1118.6409469300806 623.26915256046163 -2.4492935982947064e-16 -1 0 1 -2.4492935982947064e-16 0 0 0 1 4
2 300 1116.9358176005105 631.48281980112426 -2.4492935982947064e-16 -1 0 1 -2.4492935982947064e-16 0 0 0 1 4
2 300 1115.2306882709402 639.91688444793829 -2.4492935982947064e-16 -1 0 1 -2.4492935982947064e-16 0 0 0 1 4
2 300 1113.5255589413698 648.57134650090347 -2.4492935982947064e-16 -1 0 1 -2.4492935982947064e-16 0 0 0 1 4
2 300 1111.8204296117997 657.44620596001994 -2.4492935982947064e-16 -1 0 1 -2.4492935982947064e-16 0 0 0 1 4
2 300 1110.1153002822293 666.54146282528779 -2.4492935982947064e-16 -1 0 1 -2.4492935982947064e-16 0 0 0 1 4
2 300 1108.4101709526592 675.85711709670693 -2.4492935982947064e-16 -1 0 1 -2.4492935982947064e-16 0 0 0 1 4
2 300 1106.7050416230888 685.39316877427723 -2.4492935982947064e-16 -1 0 1 -2.4492935982947064e-16 0 0 0 1 4
2 300 1104.9999122935185 695.14961785799881 -2.4492935982947064e-16 -1 0 1 -2.4492935982947064e-16 0 0 0 1 4
2 300 1103.2947829639481 705.12646434787166 -2.4492935982947064e-16 -1 0 1 -2.4492935982947064e-16 0 0 0 1 4
2 300 1101.589653634378 715.32370824389591 -2.4492935982947064e-16 -1 0 1 -2.4492935982947064e-16 0 0 0 1 4
Polygon3D 0
PolygonOnTriangulations 0
Surfaces 321
2 300 1238 596 0 -0.23002115104348372 -0.97318562981202661 0 -0.97318562981202661 0.23002115104348372 -1 -0 0 4
1 300 1236.2948706704299 588.78584881007328 0 -0.23002115104348372 -0.97318562981202661 0 -0.97318562981202661 0.23002115104348372 -1 -0 0 
1 300 1238 596 0 -0.23002115104348372 -0.97318562981202661 0 -0.97318562981202661 0.23002115104348372 -1 -0 0 
2 300 1236.2948706704299 588.78584881007328 0 -0.23686908216630093 -0.97154157806740016 0 -0.97154157806740016 0.23686908216630093 -1 -0 0 4
1 300 1234.5897413408593 581.79209502629772 0 -0.23686908216630093 -0.97154157806740016 0 -0.97154157806740016 0.23686908216630093 -1 -0 0 
1 300 1236.2948706704299 588.78584881007328 0 -0.23686908216630093 -0.97154157806740016 0 -0.97154157806740016 0.23686908216630093 -1 -0 0 
2 300 1234.5897413408593 581.79209502629772 0 -0.2441240174439078 -0.96974401988723102 0 -0.96974401988723113 0.24412401744390783 -1 -0 0 4
1 300 1232.8846120112892 575.01873864867343 0 -0.2441240174439078 -0.96974401988723102 0 -0.96974401988723113 0.24412401744390783 -1 -0 0 
1 300 1234.5897413408593 581.79209502629772 0 -0.2441240174439078 -0.96974401988723102 0 -0.96974401988723113 0.24412401744390783 -1 -0 0 
2 300 1232.8846120112892 575.01873864867343 0 -0.25182198031853859 -0.96777357384279172 0 -0.96777357384279183 0.25182198031853864 -1 -0 0 4
1 300 1231.1794826817188 568.46577967720043 0 -0.25182198031853859 -0.96777357384279172 0 -0.96777357384279183 0.25182198031853864 -1 -0 0 
1 300 1232.8846120112892 575.01873864867343 0 -0.25182198031853859 -0.96777357384279172 0 -0.96777357384279183 0.25182198031853864 -1 -0 0 
2 300 1231.1794826817188 568.46577967720043 0 -0.26000317530298173 -0.96560776137744819 0 -0.96560776137744819 0.26000317530298173 -1 -0 0 4
1 300 1229.4743533521487 562.13321811187882 0 -0.26000317530298173 -0.96560776137744819 0 -0.96560776137744819 0.26000317530298173 -1 -0 0 
1 300 1231.1794826817188 568.46577967720043 0 -0.26000317530298173 -0.96560776137744819 0 -0.96560776137744819 0.26000317530298173 -1 -0 0 
2 300 1229.4743533521487 562.13321811187882 0 -0.26871257445466273 -0.96322040693184408 0 -0.96322040693184408 0.26871257445466273 -1 -0 0 4
1 300 1227.7692240225783 556.02105395270848 0 -0.26871257445466273 -0.96322040693184408 0 -0.96322040693184408 0.26871257445466273 -1 -0 0 
1 300 1229.4743533521487 562.13321811187882 0 -0.26871257445466273 -0.96322040693184408 0 -0.96322040693184408 0.26871257445466273 -1 -0 0 
2 300 1227.7692240225783 556.02105395270848 0 -0.2780005960006503 -0.96058090165445376 0 -0.96058090165445376 0.2780005960006503 -1 -0 0 4
1 300 1226.064094693008 550.12928719968932 0 -0.2780005960006503 -0.96058090165445376 0 -0.96058090165445376 0.2780005960006503 -1 -0 0 
1 300 1227.7692240225783 556.02105395270848 0 -0.2780005960006503 -0.96058090165445376 0 -0.96058090165445376 0.2780005960006503 -1 -0 0 
2 300 1226.064094693008 550.12928719968932 0 -0.28792388951718167 -0.95765329521977716 0 -0.95765329521977727 0.28792388951718173 -1 -0 0 4
1 300 1224.3589653634378 544.45791785282142 0 -0.28792388951718167 -0.95765329521977716 0 -0.95765329521977727 0.28792388951718173 -1 -0 0 
1 300 1226.064094693008 550.12928719968932 0 -0.28792388951718167 -0.95765329521977716 0 -0.95765329521977727 0.28792388951718173 -1 -0 0 
2 300 1224.3589653634378 544.45791785282142 0 -0.29854624350301728 -0.95439516998475904 0 -0.95439516998475904 0.29854624350301728 -1 -0 0 4
1 300 1222.6538360338675 539.00694591210481 0 -0.29854624350301728 -0.95439516998475904 0 -0.95439516998475904 0.29854624350301728 -1 -0 0 
1 300 1224.3589653634378 544.45791785282142 0 -0.29854624350301728 -0.95439516998475904 0 -0.95439516998475904 0.29854624350301728 -1 -0 0 
2 300 1222.6538360338675 539.00694591210481 0 -0.30993963211583597 -0.9507562381830057 0 -0.9507562381830057 0.30993963211583597 -1 -0 0 4
1 300 1220.9487067042974 533.77637137753959 0 -0.30993963211583597 -0.9507562381830057 0 -0.9507562381830057 0.30993963211583597 -1 -0 0 
1 300 1222.6538360338675 539.00694591210481 0 -0.30993963211583597 -0.9507562381830057 0 -0.9507562381830057 0.30993963211583597 -1 -0 0 
2 300 1220.9487067042974 533.77637137753959 0 -0.32218541767546183 -0.94667658502642194 0 -0.94667658502642194 0.32218541767546183 -1 -0 0 4
1 300 1219.243577374727 528.76619424912576 0 -0.32218541767546183 -0.94667658502642194 0 -0.94667658502642194 0.32218541767546183 -1 -0 0 
1 300 1220.9487067042974 533.77637137753959 0 -0.32218541767546183 -0.94667658502642194 0 -0.94667658502642194 0.32218541767546183 -1 -0 0 
2 300 1219.243577374727 528.76619424912576 0 -0.33537572327257331 -0.9420844570628466 0 -0.9420844570628466 0.33537572327257331 -1 -0 0 4
1 300 1217.5384480451567 523.97641452686287 0 -0.33537572327257331 -0.9420844570628466 0 -0.9420844570628466 0.33537572327257331 -1 -0 0 
1 300 1219.243577374727 528.76619424912576 0 -0.33537572327257331 -0.9420844570628466 0 -0.9420844570628466 0.33537572327257331 -1 -0 0 
2 300 1217.5384480451567 523.97641452686287 0 -0.3496149837851652 -0.93689346412113395 0 -0.93689346412113406 0.3496149837851652 -1 -0 0 4
1 300 1215.8333187155865 519.40703221075148 0 -0.3496149837851652 -0.93689346412113395 0 -0.93689346412113406 0.3496149837851652 -1 -0 0 
1 300 1217.5384480451567 523.97641452686287 0 -0.3496149837851652 -0.93689346412113395 0 -0.93689346412113406 0.3496149837851652 -1 -0 0 
2 300 1215.8333187155865 519.40703221075148 0 -0.36502167098001348 -0.93099902240279442 0 -0.93099902240279442 0.36502167098001348 -1 -0 0 4
1 300 1214.1281893860159 515.05804730079126 0 -0.36502167098001348 -0.93099902240279442 0 -0.93099902240279442 0.36502167098001348 -1 -0 0 
1 300 1215.8333187155865 519.40703221075148 0 -0.36502167098001348 -0.93099902240279442 0 -0.93099902240279442 0.36502167098001348 -1 -0 0 
2 300 1214.1281893860159 515.05804730079126 0 -0.38173016454609809 -0.92427381304222223 0 -0.92427381304222234 0.38173016454609815 -1 -0 0 4
1 300 1212.4230600564458 510.92945979698243 0 -0.38173016454609809 -0.92427381304222223 0 -0.92427381304222234 0.38173016454609815 -1 -0 0 
1 300 1214.1281893860159 515.05804730079126 0 -0.38173016454609809 -0.92427381304222223 0 -0.92427381304222234 0.38173016454609815 -1 -0 0 
2 300 1212.4230600564458 510.92945979698243 0 -0.39989269826509077 -0.91656196183033101 0 -0.91656196183033101 0.39989269826509077 -1 -0 0 4
1 300 1210.7179307268757 507.02126969932476 0 -0.39989269826509077 -0.91656196183033101 0 -0.91656196183033101 0.39989269826509077 -1 -0 0 
1 300 1212.4230600564458 510.92945979698243 0 -0.39989269826509077 -0.91656196183033101 0 -0.91656196183033101 0.39989269826509077 -1 -0 0 
2 300 1210.7179307268757 507.02126969932476 0 -0.4196812366809074 -0.90767155930875343 0 -0.90767155930875365 0.41968123668090751 -1 -0 0 4
1 300 1209.0128013973053 503.33347700781837 0 -0.4196812366809074 -0.90767155930875343 0 -0.90767155930875365 0.41968123668090751 -1 -0 0 
1 300 1210.7179307268757 507.02126969932476 0 -0.4196812366809074 -0.90767155930875343 0 -0.90767155930875365 0.41968123668090751 -1 -0 0 
2 300 1209.0128013973053 503.33347700781837 0 -0.44128901259846565 -0.89736503573510773 0 -0.89736503573510784 0.4412890125984657 -1 -0 0 4
1 300 1207.307672067735 499.86608172246338 0 -0.44128901259846565 -0.89736503573510773 0 -0.89736503573510784 0.4412890125984657 -1 -0 0 
1 300 1209.0128013973053 503.33347700781837 0 -0.44128901259846565 -0.89736503573510773 0 -0.89736503573510784 0.4412890125984657 -1 -0 0 
2 300 1207.307672067735 499.86608172246338 0 -0.46493124762674298 -0.88534678797646305 0 -0.88534678797646305 0.46493124762674298 -1 -0 0 4
1 300 1205.6025427381646 496.61908384325966 0 -0.46493124762674298 -0.88534678797646305 0 -0.88534678797646305 0.46493124762674298 -1 -0 0 
1 300 1207.307672067735 499.86608172246338 0 -0.46493124762674298 -0.88534678797646305 0 -0.88534678797646305 0.46493124762674298 -1 -0 0 
2 300 1205.6025427381646 496.61908384325966 0 -0.49084423705758823 -0.87124734429859474 0 -0.87124734429859485 0.49084423705758828 -1 -0 0 4
1 300 1203.8974134085945 493.59248337020711 0 -0.49084423705758823 -0.87124734429859474 0 -0.87124734429859485 0.49084423705758828 -1 -0 0 
1 300 1205.6025427381646 496.61908384325966 0 -0.49084423705758823 -0.87124734429859474 0 -0.87124734429859485 0.49084423705758828 -1 -0 0 
2 300 1203.8974134085945 493.59248337020711 0 -0.51928143172348828 -0.85460329666296275 0 -0.85460329666296297 0.5192814317234884 -1 -0 0 4
1 300 1202.1922840790244 490.78628030330583 0 -0.51928143172348828 -0.85460329666296275 0 -0.85460329666296297 0.5192814317234884 -1 -0 0 
1 300 1203.8974134085945 493.59248337020711 0 -0.51928143172348828 -0.85460329666296275 0 -0.85460329666296297 0.5192814317234884 -1 -0 0 
2 300 1202.1922840790244 490.78628030330583 0 -0.55050428715505206 -0.83483233635497611 0 -0.83483233635497611 0.55050428715505206 -1 -0 0 4
1 300 1200.487154749454 488.20047464255595 0 -0.55050428715505206 -0.83483233635497611 0 -0.83483233635497611 0.55050428715505206 -1 -0 0 
1 300 1202.1922840790244 490.78628030330583 0 -0.55050428715505206 -0.83483233635497611 0 -0.83483233635497611 0.55050428715505206 -1 -0 0 
2 300 1200.487154749454 488.20047464255595 0 -0.58476434236128427 -0.8112032198547876 0 -0.8112032198547876 0.58476434236128427 -1 -0 0 4
1 300 1198.7820254198837 485.83506638795734 0 -0.58476434236128427 -0.8112032198547876 0 -0.8112032198547876 0.58476434236128427 -1 -0 0 
1 300 1200.487154749454 488.20047464255595 0 -0.58476434236128427 -0.8112032198547876 0 -0.8112032198547876 0.58476434236128427 -1 -0 0 
2 300 1198.7820254198837 485.83506638795734 0 -0.6222711200119081 -0.78280179688036322 0 -0.78280179688036322 0.6222711200119081 -1 -0 0 4
1 300 1197.0768960903133 483.6900555395099 0 -0.6222711200119081 -0.78280179688036322 0 -0.78280179688036322 0.6222711200119081 -1 -0 0 
1 300 1198.7820254198837 485.83506638795734 0 -0.6222711200119081 -0.78280179688036322 0 -0.78280179688036322 0.6222711200119081 -1 -0 0 
2 300 1197.0768960903133 483.6900555395099 0 -0.66313804231719231 -0.7484971187865197 0 -0.74849711878651981 0.66313804231719242 -1 -0 0 4
1 300 1195.3717667607432 481.76544209721374 0 -0.66313804231719231 -0.7484971187865197 0 -0.74849711878651981 0.66313804231719242 -1 -0 0 
1 300 1197.0768960903133 483.6900555395099 0 -0.66313804231719231 -0.7484971187865197 0 -0.74849711878651981 0.66313804231719242 -1 -0 0 
2 300 1195.3717667607432 481.76544209721374 0 -0.70729617515639487 -0.70691733647515986 0 0.70691733647515986 -0.70729617515639487 1 0 0 4
1 300 1193.6666374311731 480.06122606106896 0 -0.70729617515639487 -0.70691733647515986 0 0.70691733647515986 -0.70729617515639487 1 0 0 
1 300 1195.3717667607432 481.76544209721374 0 -0.70729617515639487 -0.70691733647515986 0 0.70691733647515986 -0.70729617515639487 1 0 0 
2 300 1193.6666374311731 480.06122606106896 0 -0.75436505708262558 -0.65645514747980105 0 0.65645514747980094 -0.75436505708262536 1 0 0 4
1 300 1191.9615081016025 478.57740743107536 0 -0.75436505708262558 -0.65645514747980105 0 0.65645514747980094 -0.75436505708262536 1 0 0 
1 300 1193.6666374311731 480.06122606106896 0 -0.75436505708262558 -0.65645514747980105 0 0.65645514747980094 -0.75436505708262536 1 0 0 
2 300 1191.9615081016025 478.57740743107536 0 -0.80347549431837817 -0.59533782848886529 0 0.59533782848886541 -0.80347549431837828 1 0 0 4
1 300 1190.2563787720323 477.31398620723314 0 -0.80347549431837817 -0.59533782848886529 0 0.59533782848886541 -0.80347549431837828 1 0 0 
1 300 1191.9615081016025 478.57740743107536 0 -0.80347549431837817 -0.59533782848886529 0 0.59533782848886541 -0.80347549431837828 1 0 0 
2 300 1190.2563787720323 477.31398620723314 0 -0.85305907957367999 -0.52181434127178417 0 0.52181434127178417 -0.85305907957367999 1 0 0 4
1 300 1188.551249442462 476.27096238954209 0 -0.85305907957367999 -0.52181434127178417 0 0.52181434127178417 -0.85305907957367999 1 0 0 
1 300 1190.2563787720323 477.31398620723314 0 -0.85305907957367999 -0.52181434127178417 0 0.52181434127178417 -0.85305907957367999 1 0 0 
2 300 1188.551249442462 476.27096238954209 0 -0.90066316992914319 -0.43451795628395751 0 0.43451795628395756 -0.9006631699291433 1 0 0 4
1 300 1186.8461201128916 475.44833597800243 0 -0.90066316992914319 -0.43451795628395751 0 0.43451795628395756 -0.9006631699291433 1 0 0 
1 300 1188.551249442462 476.27096238954209 0 -0.90066316992914319 -0.43451795628395751 0 0.43451795628395756 -0.9006631699291433 1 0 0 
2 300 1186.8461201128916 475.44833597800243 0 -0.94291765230398283 -0.33302597642458048 0 0.33302597642458054 -0.94291765230398294 1 0 0 4
1 300 1185.1409907833215 474.84610697261394 0 -0.94291765230398283 -0.33302597642458048 0 0.33302597642458054 -0.94291765230398294 1 0 0 
1 300 1186.8461201128916 475.44833597800243 0 -0.94291765230398283 -0.33302597642458048 0 0.33302597642458054 -0.94291765230398294 1 0 0 
2 300 1185.1409907833215 474.84610697261394 0 -0.97583261867489479 -0.21851933628422288 0 0.21851933628422288 -0.97583261867489479 1 0 0 4
1 300 1183.4358614537512 474.46427537337672 0 -0.97583261867489479 -0.21851933628422288 0 0.21851933628422288 -0.97583261867489479 1 0 0 
1 300 1185.1409907833215 474.84610697261394 0 -0.97583261867489479 -0.21851933628422288 0 0.21851933628422288 -0.97583261867489479 1 0 0 
2 300 1183.4358614537512 474.46427537337672 0 -0.99554816822200931 -0.094254149774966378 0 0.094254149774966392 -0.99554816822200942 1 0 0 4
1 300 1181.730732124181 474.3028411802909 0 -0.99554816822200931 -0.094254149774966378 0 0.094254149774966392 -0.99554816822200942 1 0 0 
1 300 1183.4358614537512 474.46427537337672 0 -0.99554816822200931 -0.094254149774966378 0 0.094254149774966392 -0.99554816822200942 1 0 0 
2 300 1181.730732124181 474.3028411802909 0 -0.99940265069348933 0.034559250380001336 0 -0.034559250380001336 -0.99940265069348933 1 0 0 4
1 300 1180.0256027946107 474.36180439335624 0 -0.99940265069348933 0.034559250380001336 0 -0.034559250380001336 -0.99940265069348933 1 0 0 
1 300 1181.730732124181 474.3028411802909 0 -0.99940265069348933 0.034559250380001336 0 -0.034559250380001336 -0.99940265069348933 1 0 0 
2 300 1180.0256027946107 474.36180439335624 0 -0.98684325469022927 0.16167990188144987 0 -0.16167990188144987 -0.98684325469022927 1 0 0 4
1 300 1178.3204734650403 474.64116501257297 0 -0.98684325469022927 0.16167990188144987 0 -0.16167990188144987 -0.98684325469022927 1 0 0 
1 300 1180.0256027946107 474.36180439335624 0 -0.98684325469022927 0.16167990188144987 0 -0.16167990188144987 -0.98684325469022927 1 0 0 
2 300 1178.3204734650403 474.64116501257297 0 -0.95963177347510564 0.28125941644151814 0 -0.28125941644151814 -0.95963177347510575 1 0 0 4
1 300 1176.6153441354702 475.14092303794087 0 -0.95963177347510564 0.28125941644151814 0 -0.28125941644151814 -0.95963177347510575 1 0 0 
1 300 1178.3204734650403 474.64116501257297 0 -0.95963177347510564 0.28125941644151814 0 -0.28125941644151814 -0.95963177347510575 1 0 0 
2 300 1176.6153441354702 475.14092303794087 0 -0.92120852617468796 0.38906921145608442 0 -0.38906921145608442 -0.92120852617468796 1 0 0 4
1 300 1174.9102148058998 475.86107846946015 0 -0.92120852617468796 0.38906921145608442 0 -0.38906921145608442 -0.92120852617468796 1 0 0 
1 300 1176.6153441354702 475.14092303794087 0 -0.92120852617468796 0.38906921145608442 0 -0.38906921145608442 -0.92120852617468796 1 0 0 
2 300 1174.9102148058998 475.86107846946015 0 -0.8756228962730801 0.48299538664705971 0 -0.48299538664705977 -0.87562289627308021 1 0 0 4
1 300 1173.2050854763297 476.80163130713072 0 -0.8756228962730801 0.48299538664705971 0 -0.48299538664705977 -0.87562289627308021 1 0 0 
1 300 1174.9102148058998 475.86107846946015 0 -0.8756228962730801 0.48299538664705971 0 -0.48299538664705977 -0.87562289627308021 1 0 0 
2 300 1173.2050854763297 476.80163130713072 0 -0.82659673852490323 0.56279466225257757 0 -0.56279466225257757 -0.82659673852490323 1 0 0 4
1 300 1171.4999561467591 477.96258155095234 0 -0.82659673852490323 0.56279466225257757 0 -0.56279466225257757 -0.82659673852490323 1 0 0 
1 300 1173.2050854763297 476.80163130713072 0 -0.82659673852490323 0.56279466225257757 0 -0.56279466225257757 -0.82659673852490323 1 0 0 
2 300 1171.4999561467591 477.96258155095234 0 -0.77702088440132044 0.62947481697379248 0 -0.62947481697379259 -0.77702088440132044 1 0 0 4
1 300 1169.794826817189 479.34392920092546 0 -0.77702088440132044 0.62947481697379248 0 -0.62947481697379259 -0.77702088440132044 1 0 0 
1 300 1171.4999561467591 477.96258155095234 0 -0.77702088440132044 0.62947481697379248 0 -0.62947481697379259 -0.77702088440132044 1 0 0 
2 300 1169.794826817189 479.34392920092546 0 -0.72885726601607947 0.68466567445401094 0 -0.68466567445401105 -0.72885726601607959 1 0 0 4
1 300 1168.0896974876187 480.94567425704986 0 -0.72885726601607947 0.68466567445401094 0 -0.68466567445401105 -0.72885726601607959 1 0 0 
1 300 1169.794826817189 479.34392920092546 0 -0.72885726601607947 0.68466567445401094 0 -0.68466567445401105 -0.72885726601607959 1 0 0 
2 300 1168.0896974876187 480.94567425704986 0 -0.6832734684613242 0.73016256223996578 0 0.73016256223996578 0.6832734684613242 -1 0 0 4
1 300 1166.3845681580483 482.76781671932531 0 -0.6832734684613242 0.73016256223996578 0 0.73016256223996578 0.6832734684613242 -1 0 0 
1 300 1168.0896974876187 480.94567425704986 0 -0.6832734684613242 0.73016256223996578 0 0.73016256223996578 0.6832734684613242 -1 0 0 
2 300 1166.3845681580483 482.76781671932531 0 -0.64085240859875459 0.7676641130033206 0 0.7676641130033206 0.64085240859875459 -1 0 0 4
1 300 1164.6794388284782 484.81035658775227 0 -0.64085240859875459 0.7676641130033206 0 0.7676641130033206 0.64085240859875459 -1 0 0 
1 300 1166.3845681580483 482.76781671932531 0 -0.64085240859875459 0.7676641130033206 0 0.7676641130033206 0.64085240859875459 -1 0 0 
2 300 1164.6794388284782 484.81035658775227 0 -0.60178886145798438 0.79865522362600427 0 0.79865522362600427 0.60178886145798438 -1 0 0 4
1 300 1162.9743094989078 487.0732938623305 0 -0.60178886145798438 0.79865522362600427 0 0.79865522362600427 0.60178886145798438 -1 0 0 
1 300 1164.6794388284782 484.81035658775227 0 -0.60178886145798438 0.79865522362600427 0 0.79865522362600427 0.60178886145798438 -1 0 0 
2 300 1162.9743094989078 487.0732938623305 0 -0.56604108444298906 0.82437703189900002 0 0.82437703189900002 0.56604108444298906 -1 0 0 4
1 300 1161.2691801693377 489.5566285430599 0 -0.56604108444298906 0.82437703189900002 0 0.82437703189900002 0.56604108444298906 -1 0 0 
1 300 1162.9743094989078 487.0732938623305 0 -0.56604108444298906 0.82437703189900002 0 0.82437703189900002 0.56604108444298906 -1 0 0 
2 300 1161.2691801693377 489.5566285430599 0 -0.53343581390217998 0.84584054788507212 0 0.84584054788507212 0.53343581390217998 -1 0 0 4
1 300 1159.5640508397673 492.26036062994069 0 -0.53343581390217998 0.84584054788507212 0 0.84584054788507212 0.53343581390217998 -1 0 0 
1 300 1161.2691801693377 489.5566285430599 0 -0.53343581390217998 0.84584054788507212 0 0.84584054788507212 0.53343581390217998 -1 0 0 
2 300 1159.5640508397673 492.26036062994069 0 -0.50373592958664326 0.86385769270376955 0 0.86385769270376955 0.50373592958664326 -1 0 0 4
1 300 1157.858921510197 495.18449012297265 0 -0.50373592958664326 0.86385769270376955 0 0.86385769270376955 0.50373592958664326 -1 0 0 
1 300 1159.5640508397673 492.26036062994069 0 -0.50373592958664326 0.86385769270376955 0 0.86385769270376955 0.50373592958664326 -1 0 0 
2 300 1157.858921510197 495.18449012297265 0 -0.4766816477401864 0.87907599597969954 0 0.87907599597969965 0.47668164774018645 -1 0 0 4
1 300 1156.1537921806269 498.32901702215599 0 -0.4766816477401864 0.87907599597969954 0 0.87907599597969965 0.47668164774018645 -1 0 0 
1 300 1157.858921510197 495.18449012297265 0 -0.4766816477401864 0.87907599597969954 0 0.87907599597969965 0.47668164774018645 -1 0 0 
2 300 1156.1537921806269 498.32901702215599 0 -0.4520142259476615 0.89201072837771211 0 0.89201072837771211 0.4520142259476615 -1 0 0 4
1 300 1154.4486628510565 501.69394132749051 0 -0.4520142259476615 0.89201072837771211 0 0.89201072837771211 0.4520142259476615 -1 0 0 
1 300 1156.1537921806269 498.32901702215599 0 -0.4520142259476615 0.89201072837771211 0 0.89201072837771211 0.4520142259476615 -1 0 0 
2 300 1154.4486628510565 501.69394132749051 0 -0.42948865198150088 0.90307225503783095 0 0.90307225503783095 0.42948865198150088 -1 0 0 4
1 300 1152.7435335214864 505.2792630389763 0 -0.42948865198150088 0.90307225503783095 0 0.90307225503783095 0.42948865198150088 -1 0 0 
1 300 1154.4486628510565 501.69394132749051 0 -0.42948865198150088 0.90307225503783095 0 0.90307225503783095 0.42948865198150088 -1 0 0 
2 300 1152.7435335214864 505.2792630389763 0 -0.408879650024007 0.91258831451878963 0 0.91258831451878974 0.40887965002400706 -1 0 0 4
1 300 1151.038404191916 509.08498215661348 0 -0.408879650024007 0.91258831451878963 0 0.91258831451878974 0.40887965002400706 -1 0 0 
1 300 1152.7435335214864 505.2792630389763 0 -0.408879650024007 0.91258831451878963 0 0.91258831451878974 0.40887965002400706 -1 0 0 
2 300 1151.038404191916 509.08498215661348 0 -0.38998377829085745 0.92082172686681718 0 0.92082172686681718 0.38998377829085745 -1 0 0 4
1 300 1149.3332748623457 513.11109868040182 0 -0.38998377829085745 0.92082172686681718 0 0.92082172686681718 0.38998377829085745 -1 0 0 
1 300 1151.038404191916 509.08498215661348 0 -0.38998377829085745 0.92082172686681718 0 0.92082172686681718 0.38998377829085745 -1 0 0 
2 300 1149.3332748623457 513.11109868040182 0 -0.37261933971146127 0.92798428201828653 0 0.92798428201828653 0.37261933971146127 -1 0 0 4
1 300 1147.6281455327753 517.35761261034156 0 -0.37261933971146127 0.92798428201828653 0 0.92798428201828653 0.37261933971146127 -1 0 0 
1 300 1149.3332748623457 513.11109868040182 0 -0.37261933971146127 0.92798428201828653 0 0.92798428201828653 0.37261933971146127 -1 0 0 
2 300 1147.6281455327753 517.35761261034156 0 -0.35662514794292161 0.93424756026156641 0 0.93424756026156652 0.35662514794292166 -1 0 0 4
1 300 1145.9230162032052 521.82452394643246 0 -0.35662514794292161 0.93424756026156641 0 0.93424756026156652 0.35662514794292166 -1 0 0 
1 300 1147.6281455327753 517.35761261034156 0 -0.35662514794292161 0.93424756026156641 0 0.93424756026156652 0.35662514794292166 -1 0 0 
2 300 1145.9230162032052 521.82452394643246 0 -0.34185876461420311 0.9397513421413406 0 0.9397513421413406 0.34185876461420311 -1 0 0 4
1 300 1144.2178868736348 526.51183268867476 0 -0.34185876461420311 0.9397513421413406 0 0.9397513421413406 0.34185876461420311 -1 0 0 
1 300 1145.9230162032052 521.82452394643246 0 -0.34185876461420311 0.9397513421413406 0 0.9397513421413406 0.34185876461420311 -1 0 0 
2 300 1144.2178868736348 526.51183268867476 0 -0.32819456137349118 0.9446101470367877 0 0.94461014703678781 0.32819456137349123 -1 0 0 4
1 300 1142.5127575440647 531.41953883706822 0 -0.32819456137349118 0.9446101470367877 0 0.94461014703678781 0.32819456137349123 -1 0 0 
1 300 1144.2178868736348 526.51183268867476 0 -0.32819456137349118 0.9446101470367877 0 0.94461014703678781 0.32819456137349123 -1 0 0 
2 300 1142.5127575440647 531.41953883706822 0 -0.31552180154201526 0.94891832775623053 0 0.94891832775623064 0.31552180154201526 -1 0 0 4
1 300 1140.8076282144943 536.54764239161307 0 -0.31552180154201526 0.94891832775623053 0 0.94891832775623064 0.31552180154201526 -1 0 0 
1 300 1142.5127575440647 531.41953883706822 0 -0.31552180154201526 0.94891832775623053 0 0.94891832775623064 0.31552180154201526 -1 0 0 
2 300 1140.8076282144943 536.54764239161307 0 -0.30374284162268939 0.95275405334376495 0 0.95275405334376506 0.30374284162268944 -1 0 0 4
1 300 1139.102498884924 541.89614335230908 0 -0.30374284162268939 0.95275405334376495 0 0.95275405334376506 0.30374284162268944 -1 0 0 
1 300 1140.8076282144943 536.54764239161307 0 -0.30374284162268939 0.95275405334376495 0 0.95275405334376506 0.30374284162268944 -1 0 0 
2 300 1139.102498884924 541.89614335230908 0 -0.29277149769123595 0.95618243559460481 0 0.95618243559460481 0.29277149769123595 -1 0 0 4
1 300 1137.3973695553539 547.46504171915637 0 -0.29277149769123595 0.95618243559460481 0 0.95618243559460481 0.29277149769123595 -1 0 0 
1 300 1139.102498884924 541.89614335230908 0 -0.29277149769123595 0.95618243559460481 0 0.95618243559460481 0.29277149769123595 -1 0 0 
2 300 1137.3973695553539 547.46504171915637 0 -0.28253159030039315 0.95925799474506912 0 0.95925799474506912 0.28253159030039315 -1 0 0 4
1 300 1135.6922402257835 553.25433749215506 0 -0.28253159030039315 0.95925799474506912 0 0.95925799474506912 0.28253159030039315 -1 0 0 
1 300 1137.3973695553539 547.46504171915637 0 -0.28253159030039315 0.95925799474506912 0 0.95925799474506912 0.28253159030039315 -1 0 0 
2 300 1135.6922402257835 553.25433749215506 0 -0.2729556644183509 0.96202661359337482 0 0.96202661359337494 0.27295566441835095 -1 0 0 4
1 300 1133.9871108962132 559.26403067130502 0 -0.2729556644183509 0.96202661359337482 0 0.96202661359337494 0.27295566441835095 -1 0 0 
1 300 1135.6922402257835 553.25433749215506 0 -0.2729556644183509 0.96202661359337482 0 0.96202661359337494 0.27295566441835095 -1 0 0 
2 300 1133.9871108962132 559.26403067130502 0 -0.26398387226267667 0.96452709406485981 0 0.96452709406485981 0.26398387226267667 -1 0 0 4
1 300 1132.281981566643 565.49412125660615 0 -0.26398387226267667 0.96452709406485981 0 0.96452709406485981 0.26398387226267667 -1 0 0 
1 300 1133.9871108962132 559.26403067130502 0 -0.26398387226267667 0.96452709406485981 0 0.96452709406485981 0.26398387226267667 -1 0 0 
2 300 1132.281981566643 565.49412125660615 0 -0.25556300313492514 0.96679240348104623 0 0.96679240348104634 0.25556300313492519 -1 0 0 4
1 300 1130.5768522370727 571.94460924805855 0 -0.25556300313492514 0.96679240348104623 0 0.96679240348104634 0.25556300313492519 -1 0 0 
1 300 1132.281981566643 565.49412125660615 0 -0.25556300313492514 0.96679240348104623 0 0.96679240348104634 0.25556300313492519 -1 0 0 
2 300 1130.5768522370727 571.94460924805855 0 -0.24764564337936962 0.96885067751187448 0 0.96885067751187448 0.24764564337936962 -1 0 0 4
1 300 1128.8717229075023 578.61549464566224 0 -0.24764564337936962 0.96885067751187448 0 0.96885067751187448 0.24764564337936962 -1 0 0 
1 300 1130.5768522370727 571.94460924805855 0 -0.24764564337936962 0.96885067751187448 0 0.96885067751187448 0.24764564337936962 -1 0 0 
2 300 1128.8717229075023 578.61549464566224 0 -0.24018945010274742 0.97072603141120084 0 0.97072603141120095 0.24018945010274745 -1 0 0 4
1 300 1127.1665935779322 585.50677744941731 0 -0.24018945010274742 0.97072603141120084 0 0.97072603141120095 0.24018945010274745 -1 0 0 
1 300 1128.8717229075023 578.61549464566224 0 -0.24018945010274742 0.97072603141120084 0 0.97072603141120095 0.24018945010274745 -1 0 0 
2 300 1127.1665935779322 585.50677744941731 0 -0.23315652354587252 0.97243921945178824 0 0.97243921945178824 0.23315652354587252 -1 0 0 4
1 300 1125.4614642483618 592.61845765932367 0 -0.23315652354587252 0.97243921945178824 0 0.97243921945178824 0.23315652354587252 -1 0 0 
1 300 1127.1665935779322 585.50677744941731 0 -0.23315652354587252 0.97243921945178824 0 0.97243921945178824 0.23315652354587252 -1 0 0 
2 300 1125.4614642483618 592.61845765932367 0 -0.22651286456161673 0.97400817357355407 0 0.97400817357355407 0.22651286456161673 -1 0 0 4
1 300 1123.7563349187917 599.95053527538118 0 -0.22651286456161673 0.97400817357355407 0 0.97400817357355407 0.22651286456161673 -1 0 0 
1 300 1125.4614642483618 592.61845765932367 0 -0.22651286456161673 0.97400817357355407 0 0.97400817357355407 0.22651286456161673 -1 0 0 
2 300 1123.7563349187917 599.95053527538118 0 -0.22022790528057321 0.97544844545251641 0 0.97544844545251641 0.22022790528057321 -1 0 0 4
1 300 1122.0512055892214 607.50301029758998 0 -0.22022790528057321 0.97544844545251641 0 0.97544844545251641 0.22022790528057321 -1 0 0 
1 300 1123.7563349187917 599.95053527538118 0 -0.22022790528057321 0.97544844545251641 0 0.97544844545251641 0.22022790528057321 -1 0 0 
2 300 1122.0512055892214 607.50301029758998 0 -0.21427410260088728 0.97677357097465756 0 0.97677357097465756 0.21427410260088728 -1 0 0 4
1 300 1120.346076259651 615.27588272595017 0 -0.21427410260088728 0.97677357097465756 0 0.97677357097465756 0.21427410260088728 -1 0 0 
1 300 1122.0512055892214 607.50301029758998 0 -0.21427410260088728 0.97677357097465756 0 0.97677357097465756 0.21427410260088728 -1 0 0 
2 300 1120.346076259651 615.27588272595017 0 -0.20862658556874294 0.9779953720718354 0 0.97799537207183551 0.20862658556874297 -1 0 0 4
1 300 1118.6409469300806 623.26915256046163 0 -0.20862658556874294 0.9779953720718354 0 0.97799537207183551 0.20862658556874297 -1 0 0 
1 300 1120.346076259651 615.27588272595017 0 -0.20862658556874294 0.9779953720718354 0 0.97799537207183551 0.20862658556874297 -1 0 0 
2 300 1118.6409469300806 623.26915256046163 0 -0.20326284898413444 0.97912420776061559 0 0.97912420776061559 0.20326284898413444 -1 0 0 4
1 300 1116.9358176005105 631.48281980112426 0 -0.20326284898413444 0.97912420776061559 0 0.97912420776061559 0.20326284898413444 -1 0 0 
1 300 1118.6409469300806 623.26915256046163 0 -0.20326284898413444 0.97912420776061559 0 0.97912420776061559 0.20326284898413444 -1 0 0 
2 300 1116.9358176005105 631.48281980112426 0 -0.19816248668083158 0.98016918380066897 0 0.98016918380066897 0.19816248668083158 -1 0 0 4
1 300 1115.2306882709402 639.91688444793829 0 -0.19816248668083158 0.98016918380066897 0 0.98016918380066897 0.19816248668083158 -1 0 0 
1 300 1116.9358176005105 631.48281980112426 0 -0.19816248668083158 0.98016918380066897 0 0.98016918380066897 0.19816248668083158 -1 0 0 
2 300 1115.2306882709402 639.91688444793829 0 -0.1933069588896919 0.98113832849645588 0 0.98113832849645566 0.19330695888969188 -1 0 0 4
1 300 1113.5255589413698 648.57134650090347 0 -0.1933069588896919 0.98113832849645588 0 0.98113832849645566 0.19330695888969188 -1 0 0 
1 300 1115.2306882709402 639.91688444793829 0 -0.1933069588896919 0.98113832849645588 0 0.98113832849645566 0.19330695888969188 -1 0 0 
2 300 1113.5255589413698 648.57134650090347 0 -0.18867938892119146 0.98203874067998231 0 0.98203874067998254 0.18867938892119149 -1 0 0 4
1 300 1111.8204296117997 657.44620596001994 0 -0.18867938892119146 0.98203874067998231 0 0.98203874067998254 0.18867938892119149 -1 0 0 
1 300 1113.5255589413698 648.57134650090347 0 -0.18867938892119146 0.98203874067998231 0 0.98203874067998254 0.18867938892119149 -1 0 0 
2 300 1111.8204296117997 657.44620596001994 0 -0.18426438510580689 0.98287671474177207 0 0.98287671474177207 0.18426438510580689 -1 0 0 4
1 300 1110.1153002822293 666.54146282528779 0 -0.18426438510580689 0.98287671474177207 0 0.98287671474177207 0.18426438510580689 -1 0 0 
1 300 1111.8204296117997 657.44620596001994 0 -0.18426438510580689 0.98287671474177207 0 0.98287671474177207 0.18426438510580689 -1 0 0 
2 300 1110.1153002822293 666.54146282528779 0 -0.18004788453030865 0.9836578466500232 0 0.98365784665002332 0.18004788453030868 -1 0 0 4
1 300 1108.4101709526592 675.85711709670693 0 -0.18004788453030865 0.9836578466500232 0 0.98365784665002332 0.18004788453030868 -1 0 0 
1 300 1110.1153002822293 666.54146282528779 0 -0.18004788453030865 0.9836578466500232 0 0.98365784665002332 0.18004788453030868 -1 0 0 
2 300 1108.4101709526592 675.85711709670693 0 -0.17601701561723745 0.98438712416061258 0 0.98438712416061258 0.17601701561723745 -1 0 0 4
1 300 1106.7050416230888 685.39316877427723 0 -0.17601701561723745 0.98438712416061258 0 0.98438712416061258 0.17601701561723745 -1 0 0 
1 300 1108.4101709526592 675.85711709670693 0 -0.17601701561723745 0.98438712416061258 0 0.98438712416061258 0.17601701561723745 -1 0 0 
2 300 1106.7050416230888 685.39316877427723 0 -0.17215997702357416 0.98506900383234175 0 0.98506900383234186 0.17215997702357416 -1 0 0 4
1 300 1104.9999122935185 695.14961785799881 0 -0.17215997702357416 0.98506900383234175 0 0.98506900383234186 0.17215997702357416 -1 0 0 
1 300 1106.7050416230888 685.39316877427723 0 -0.17215997702357416 0.98506900383234175 0 0.98506900383234186 0.17215997702357416 -1 0 0 
2 300 1104.9999122935185 695.14961785799881 0 -0.168465930702382 0.98570747698928407 0 0.98570747698928418 0.168465930702382 -1 0 0 4
1 300 1103.2947829639481 705.12646434787166 0 -0.168465930702382 0.98570747698928407 0 0.98570747698928418 0.168465930702382 -1 0 0 
1 300 1104.9999122935185 695.14961785799881 0 -0.168465930702382 0.98570747698928407 0 0.98570747698928418 0.168465930702382 -1 0 0 
2 300 1103.2947829639481 705.12646434787166 0 -0.16492490727834075 0.98630612639242521 0 0.98630612639242532 0.16492490727834078 -1 0 0 4
1 300 1101.589653634378 715.32370824389591 0 -0.16492490727834075 0.98630612639242521 0 0.98630612639242532 0.16492490727834078 -1 0 0 
1 300 1103.2947829639481 705.12646434787166 0 -0.16492490727834075 0.98630612639242521 0 0.98630612639242532 0.16492490727834078 -1 0 0 
4 300 1238 596 0 0 1 1 0 -0 -0 1 0 4
4 300 1236.2948706704299 588.78584881007328 0 0 1 1 0 -0 -0 1 0 4
4 300 1234.5897413408593 581.79209502629772 0 0 1 1 0 -0 -0 1 0 4
4 300 1232.8846120112892 575.01873864867343 0 0 1 1 0 -0 -0 1 0 4
4 300 1231.1794826817188 568.46577967720043 0 0 1 1 0 -0 -0 1 0 4
4 300 1229.4743533521487 562.13321811187882 0 0 1 1 0 -0 -0 1 0 4
4 300 1227.7692240225783 556.02105395270848 0 0 1 1 0 -0 -0 1 0 4
4 300 1226.064094693008 550.12928719968932 0 0 1 1 0 -0 -0 1 0 4
4 300 1224.3589653634378 544.45791785282142 0 0 1 1 0 -0 -0 1 0 4
4 300 1222.6538360338675 539.00694591210481 0 0 1 1 0 -0 -0 1 0 4
4 300 1220.9487067042974 533.77637137753959 0 0 1 1 0 -0 -0 1 0 4
4 300 1219.243577374727 528.76619424912576 0 0 1 1 0 -0 -0 1 0 4
4 300 1217.5384480451567 523.97641452686287 0 0 1 1 0 -0 -0 1 0 4
4 300 1215.8333187155865 519.40703221075148 0 0 1 1 0 -0 -0 1 0 4
4 300 1214.1281893860159 515.05804730079126 0 0 1 1 0 -0 -0 1 0 4
4 300 1212.4230600564458 510.92945979698243 0 0 1 1 0 -0 -0 1 0 4
4 300 1210.7179307268757 507.02126969932476 0 0 1 1 0 -0 -0 1 0 4
4 300 1209.0128013973053 503.33347700781837 0 0 1 1 0 -0 -0 1 0 4
4 300 1207.307672067735 499.86608172246338 0 0 1 1 0 -0 -0 1 0 4
4 300 1205.6025427381646 496.61908384325966 0 0 1 1 0 -0 -0 1 0 4
4 300 1203.8974134085945 493.59248337020711 0 0 1 1 0 -0 -0 1 0 4
4 300 1202.1922840790244 490.78628030330583 0 0 1 1 0 -0 -0 1 0 4
4 300 1200.487154749454 488.20047464255595 0 0 1 1 0 -0 -0 1 0 4
4 300 1198.7820254198837 485.83506638795734 0 0 1 1 0 -0 -0 1 0 4
4 300 1197.0768960903133 483.6900555395099 0 0 1 1 0 -0 -0 1 0 4
4 300 1195.3717667607432 481.76544209721374 0 0 1 1 0 -0 -0 1 0 4
4 300 1193.6666374311731 480.06122606106896 0 0 1 1 0 -0 -0 1 0 4
4 300 1191.9615081016025 478.57740743107536 0 0 1 1 0 -0 -0 1 0 4
4 300 1190.2563787720323 477.31398620723314 0 0 1 1 0 -0 -0 1 0 4
4 300 1188.551249442462 476.27096238954209 0 0 1 1 0 -0 -0 1 0 4
4 300 1186.8461201128916 475.44833597800243 0 0 1 1 0 -0 -0 1 0 4
4 300 1185.1409907833215 474.84610697261394 0 0 1 1 0 -0 -0 1 0 4
4 300 1183.4358614537512 474.46427537337672 0 0 1 1 0 -0 -0 1 0 4
4 300 1181.730732124181 474.3028411802909 0 0 1 1 0 -0 -0 1 0 4
4 300 1180.0256027946107 474.36180439335624 0 0 1 1 0 -0 -0 1 0 4
4 300 1178.3204734650403 474.64116501257297 0 0 1 1 0 -0 -0 1 0 4
4 300 1176.6153441354702 475.14092303794087 0 0 1 1 0 -0 -0 1 0 4
4 300 1174.9102148058998 475.86107846946015 0 0 1 1 0 -0 -0 1 0 4
4 300 1173.2050854763297 476.80163130713072 0 0 1 1 0 -0 -0 1 0 4
4 300 1171.4999561467591 477.96258155095234 0 0 1 1 0 -0 -0 1 0 4
4 300 1169.794826817189 479.34392920092546 0 0 1 1 0 -0 -0 1 0 4
4 300 1168.0896974876187 480.94567425704986 0 0 1 1 0 -0 -0 1 0 4
4 300 1166.3845681580483 482.76781671932531 0 0 1 1 0 -0 -0 1 0 4
4 300 1164.6794388284782 484.81035658775227 0 0 1 1 0 -0 -0 1 0 4
4 300 1162.9743094989078 487.0732938623305 0 0 1 1 0 -0 -0 1 0 4
4 300 1161.2691801693377 489.5566285430599 0 0 1 1 0 -0 -0 1 0 4
4 300 1159.5640508397673 492.26036062994069 0 0 1 1 0 -0 -0 1 0 4
4 300 1157.858921510197 495.18449012297265 0 0 1 1 0 -0 -0 1 0 4
4 300 1156.1537921806269 498.32901702215599 0 0 1 1 0 -0 -0 1 0 4
4 300 1154.4486628510565 501.69394132749051 0 0 1 1 0 -0 -0 1 0 4
4 300 1152.7435335214864 505.2792630389763 0 0 1 1 0 -0 -0 1 0 4
4 300 1151.038404191916 509.08498215661348 0 0 1 1 0 -0 -0 1 0 4
4 300 1149.3332748623457 513.11109868040182 0 0 1 1 0 -0 -0 1 0 4
4 300 1147.6281455327753 517.35761261034156 0 0 1 1 0 -0 -0 1 0 4
4 300 1145.9230162032052 521.82452394643246 0 0 1 1 0 -0 -0 1 0 4
4 300 1144.2178868736348 526.51183268867476 0 0 1 1 0 -0 -0 1 0 4
4 300 1142.5127575440647 531.41953883706822 0 0 1 1 0 -0 -0 1 0 4
4 300 1140.8076282144943 536.54764239161307 0 0 1 1 0 -0 -0 1 0 4
4 300 1139.102498884924 541.89614335230908 0 0 1 1 0 -0 -0 1 0 4
4 300 1137.3973695553539 547.46504171915637 0 0 1 1 0 -0 -0 1 0 4
4 300 1135.6922402257835 553.25433749215506 0 0 1 1 0 -0 -0 1 0 4
4 300 1133.9871108962132 559.26403067130502 0 0 1 1 0 -0 -0 1 0 4
4 300 1132.281981566643 565.49412125660615 0 0 1 1 0 -0 -0 1 0 4
4 300 1130.5768522370727 571.94460924805855 0 0 1 1 0 -0 -0 1 0 4
4 300 1128.8717229075023 578.61549464566224 0 0 1 1 0 -0 -0 1 0 4
4 300 1127.1665935779322 585.50677744941731 0 0 1 1 0 -0 -0 1 0 4
4 300 1125.4614642483618 592.61845765932367 0 0 1 1 0 -0 -0 1 0 4
4 300 1123.7563349187917 599.95053527538118 0 0 1 1 0 -0 -0 1 0 4
4 300 1122.0512055892214 607.50301029758998 0 0 1 1 0 -0 -0 1 0 4
4 300 1120.346076259651 615.27588272595017 0 0 1 1 0 -0 -0 1 0 4
4 300 1118.6409469300806 623.26915256046163 0 0 1 1 0 -0 -0 1 0 4
4 300 1116.9358176005105 631.48281980112426 0 0 1 1 0 -0 -0 1 0 4
4 300 1115.2306882709402 639.91688444793829 0 0 1 1 0 -0 -0 1 0 4
4 300 1113.5255589413698 648.57134650090347 0 0 1 1 0 -0 -0 1 0 4
4 300 1111.8204296117997 657.44620596001994 0 0 1 1 0 -0 -0 1 0 4
4 300 1110.1153002822293 666.54146282528779 0 0 1 1 0 -0 -0 1 0 4
4 300 1108.4101709526592 675.85711709670693 0 0 1 1 0 -0 -0 1 0 4
4 300 1106.7050416230888 685.39316877427723 0 0 1 1 0 -0 -0 1 0 4
4 300 1104.9999122935185 695.14961785799881 0 0 1 1 0 -0 -0 1 0 4
4 300 1103.2947829639481 705.12646434787166 0 0 1 1 0 -0 -0 1 0 4
4 300 1101.589653634378 715.32370824389591 0 0 1 1 0 -0 -0 1 0 4
Triangulations 0

TShapes 1770
Ve
1e-07
300 1232.40212815118 589.705933414247
0 0

0101101
*
Ed
 1e-07 1 1 0
1  1 0 0 6.28318530717959
2  1 1 0 0 6.28318530717959
2  2 2 0 0 6.28318530717959
0

0101000
+1770 0 -1770 0 *
Ve
1e-07
300 1234.10725748075 596.920084604174
0 0

0101101
*
Ed
 1e-07 1 1 0
1  2 0 0 7.41292408039374
3  3 4CN 1 0 0 7.41292408039374
0

0101000
-1770 0 +1768 0 *
Ed
 1e-07 1 1 0
1  3 0 0 6.28318530717959
2  5 1 0 0 6.28318530717959
2  6 3 0 0 6.28318530717959
0

0101000
+1768 0 -1768 0 *
Wi

0101100
-1769 0 +1767 0 +1766 0 -1767 0 *
Fa
0  1e-07 1 0

0111000
+1765 0 *
Wi

0101100
+1769 0 *
Fa
0  1e-07 2 0

0111000
+1763 0 *
Wi

0101100
-1766 0 *
Fa
0  1e-07 3 0

0111000
-1761 0 *
Sh

0101100
+1764 0 +1762 0 -1760 0 *
So

0100000
+1759 0 *
Ve
1e-07
300 1230.70357502859 582.739571354963
0 0

0101101
*
Ed
 1e-07 1 1 0
1  4 0 0 6.28318530717959
2  7 4 0 0 6.28318530717959
2  8 5 0 0 6.28318530717959
0

0101000
+1757 0 -1757 0 *
Ve
1e-07
300 1232.40870435816 589.733325138738
0 0

0101101
*
Ed
 1e-07 1 1 0
1  5 0 0 7.19861500697438
3  9 10CN 4 0 0 7.19861500697438
0

0101000
-1757 0 +1755 0 *
Ed
 1e-07 1 1 0
1  6 0 0 6.28318530717959
2  11 4 0 0 6.28318530717959
2  12 6 0 0 6.28318530717959
0

0101000
+1755 0 -1755 0 *
Wi

0101100
-1756 0 +1754 0 +1753 0 -1754 0 *
Fa
0  1e-07 4 0

0111000
+1752 0 *
Wi

0101100
+1756 0 *
Fa
0  1e-07 5 0

0111000
+1750 0 *
Wi

0101100
-1753 0 *
Fa
0  1e-07 6 0

0111000
-1748 0 *
Sh

0101100
+1751 0 +1749 0 -1747 0 *
So

0100000
+1746 0 *
Ve
1e-07
300 1229.00563593174 575.995234718449
0 0

0101101
*
Ed
 1e-07 1 1 0
1  7 0 0 6.28318530717959
2  13 7 0 0 6.28318530717959
2  14 8 0 0 6.28318530717959
0

0101000
+1744 0 -1744 0 *
Ve
1e-07
300 1230.71076526131 582.768591096073
0 0

0101101
*
Ed
 1e-07 1 1 0
1  8 0 0 6.98468486396228
3  15 16CN 7 0 0 6.98468486396228
0

0101000
-1744 0 +1742 0 *
Ed
 1e-07 1 1 0
1  9 0 0 6.28318530717959
2  17 7 0 0 6.28318530717959
2  18 9 0 0 6.28318530717959
0

0101000
+1742 0 -1742 0 *
Wi

0101100
-1743 0 +1741 0 +1740 0 -1741 0 *
Fa
0  1e-07 7 0

0111000
+1739 0 *
Wi

0101100
+1743 0 *
Fa
0  1e-07 8 0

0111000
+1737 0 *
Wi

0101100
-1740 0 *
Fa
0  1e-07 9 0

0111000
-1735 0 *
Sh

0101100
+1738 0 +1736 0 -1734 0 *
So

0100000
+1733 0 *
Ve
1e-07
300 1227.30838838635 569.473067598475
0 0

0101101
*
Ed
 1e-07 1 1 0
1  10 0 0 6.28318530717959
2  19 10 0 0 6.28318530717959
2  20 11 0 0 6.28318530717959
0

0101000
+1731 0 -1731 0 *
Ve
1e-07
300 1229.01351771592 576.026026569948
0 0

0101101
*
Ed
 1e-07 1 1 0
1  11 0 0 6.77116956753924
3  21 22CN 10 0 0 6.77116956753924
0

0101000
-1731 0 +1729 0 *
Ed
 1e-07 1 1 0
1  12 0 0 6.28318530717959
2  23 10 0 0 6.28318530717959
2  24 12 0 0 6.28318530717959
0

0101000
+1729 0 -1729 0 *
Wi

0101100
-1730 0 +1728 0 +1727 0 -1728 0 *
Fa
0  1e-07 10 0

0111000
+1726 0 *
Wi

0101100
+1730 0 *
Fa
0  1e-07 11 0

0111000
+1724 0 *
Wi

0101100
-1727 0 *
Fa
0  1e-07 12 0

0111000
-1722 0 *
Sh

0101100
+1725 0 +1723 0 -1721 0 *
So

0100000
+1720 0 *
Ve
1e-07
300 1225.61192230664 563.173230813091
0 0

0101101
*
Ed
 1e-07 1 1 0
1  13 0 0 6.28318530717959
2  25 13 0 0 6.28318530717959
2  26 14 0 0 6.28318530717959
0

0101000
+1718 0 -1718 0 *
Ve
1e-07
300 1227.31705163621 569.505792378412
0 0

0101101
*
Ed
 1e-07 1 1 0
1  14 0 0 6.55810963686555
3  27 28CN 13 0 0 6.55810963686555
0

0101000
-1718 0 +1716 0 *
Ed
 1e-07 1 1 0
1  15 0 0 6.28318530717959
2  29 13 0 0 6.28318530717959
2  30 15 0 0 6.28318530717959
0

0101000
+1716 0 -1716 0 *
Wi

0101100
-1717 0 +1715 0 +1714 0 -1715 0 *
Fa
0  1e-07 13 0

0111000
+1713 0 *
Wi

0101100
+1717 0 *
Fa
0  1e-07 14 0

0111000
+1711 0 *
Wi

0101100
-1714 0 *
Fa
0  1e-07 15 0

0111000
-1709 0 *
Sh

0101100
+1712 0 +1710 0 -1708 0 *
So

0100000
+1707 0 *
Ve
1e-07
300 1223.91634239485 557.095904250527
0 0

0101101
*
Ed
 1e-07 1 1 0
1  16 0 0 6.28318530717959
2  31 16 0 0 6.28318530717959
2  32 17 0 0 6.28318530717959
0

0101000
+1705 0 -1705 0 *
Ve
1e-07
300 1225.62147172442 563.208068409697
0 0

0101101
*
Ed
 1e-07 1 1 0
1  17 0 0 6.34555094055728
3  33 34CN 16 0 0 6.34555094055728
0

0101000
-1705 0 +1703 0 *
Ed
 1e-07 1 1 0
1  18 0 0 6.28318530717959
2  35 16 0 0 6.28318530717959
2  36 18 0 0 6.28318530717959
0

0101000
+1703 0 -1703 0 *
Wi

0101100
-1704 0 +1702 0 +1701 0 -1702 0 *
Fa
0  1e-07 16 0

0111000
+1700 0 *
Wi

0101100
+1704 0 *
Fa
0  1e-07 17 0

0111000
+1698 0 *
Wi

0101100
-1701 0 *
Fa
0  1e-07 18 0

0111000
-1696 0 *
Sh

0101100
+1699 0 +1697 0 -1695 0 *
So

0100000
+1694 0 *
Ve
1e-07
300 1222.22177108639 551.241289583692
0 0

0101101
*
Ed
 1e-07 1 1 0
1  19 0 0 6.28318530717959
2  37 19 0 0 6.28318530717959
2  38 20 0 0 6.28318530717959
0

0101000
+1692 0 -1692 0 *
Ve
1e-07
300 1223.92690041596 557.133056336711
0 0

0101101
*
Ed
 1e-07 1 1 0
1  20 0 0 6.13354558983163
3  39 40CN 19 0 0 6.13354558983163
0

0101000
-1692 0 +1690 0 *
Ed
 1e-07 1 1 0
1  21 0 0 6.28318530717959
2  41 19 0 0 6.28318530717959
2  42 21 0 0 6.28318530717959
0

0101000
+1690 0 -1690 0 *
Wi

0101100
-1691 0 +1689 0 +1688 0 -1689 0 *
Fa
0  1e-07 19 0

0111000
+1687 0 *
Wi

0101100
+1691 0 *
Fa
0  1e-07 20 0

0111000
+1685 0 *
Wi

0101100
-1688 0 *
Fa
0  1e-07 21 0

0111000
-1683 0 *
Sh

0101100
+1686 0 +1684 0 -1682 0 *
So

0100000
+1681 0 *
Ve
1e-07
300 1220.52835218256 545.60961341089
0 0

0101101
*
Ed
 1e-07 1 1 0
1  22 0 0 6.28318530717959
2  43 22 0 0 6.28318530717959
2  44 23 0 0 6.28318530717959
0

0101000
+1679 0 -1679 0 *
Ve
1e-07
300 1222.23348151213 551.280982757758
0 0

0101101
*
Ed
 1e-07 1 1 0
1  23 0 0 5.92215301213613
3  45 46CN 22 0 0 5.92215301213613
0

0101000
-1679 0 +1677 0 *
Ed
 1e-07 1 1 0
1  24 0 0 6.28318530717959
2  47 22 0 0 6.28318530717959
2  48 24 0 0 6.28318530717959
0

0101000
+1677 0 -1677 0 *
Wi

0101100
-1678 0 +1676 0 +1675 0 -1676 0 *
Fa
0  1e-07 22 0

0111000
+1674 0 *
Wi

0101100
+1678 0 *
Fa
0  1e-07 23 0

0111000
+1672 0 *
Wi

0101100
-1675 0 *
Fa
0  1e-07 24 0

0111000
-1670 0 *
Sh

0101100
+1673 0 +1671 0 -1669 0 *
So

0100000
+1668 0 *
Ve
1e-07
300 1218.83625535393 540.201130886117
0 0

0101101
*
Ed
 1e-07 1 1 0
1  25 0 0 6.28318530717959
2  49 25 0 0 6.28318530717959
2  50 26 0 0 6.28318530717959
0

0101000
+1666 0 -1666 0 *
Ve
1e-07
300 1220.5413846835 545.652102826833
0 0

0101101
*
Ed
 1e-07 1 1 0
1  26 0 0 5.71144124797243
3  51 52CN 25 0 0 5.71144124797243
0

0101000
-1666 0 +1664 0 *
Ed
 1e-07 1 1 0
1  27 0 0 6.28318530717959
2  53 25 0 0 6.28318530717959
2  54 27 0 0 6.28318530717959
0

0101000
+1664 0 -1664 0 *
Wi

0101100
-1665 0 +1663 0 +1662 0 -1663 0 *
Fa
0  1e-07 25 0

0111000
+1661 0 *
Wi

0101100
+1665 0 *
Fa
0  1e-07 26 0

0111000
+1659 0 *
Wi

0101100
-1662 0 *
Fa
0  1e-07 27 0

0111000
-1657 0 *
Sh

0101100
+1660 0 +1658 0 -1656 0 *
So

0100000
+1655 0 *
Ve
1e-07
300 1217.14568175157 535.016129906003
0 0

0101101
*
Ed
 1e-07 1 1 0
1  28 0 0 6.28318530717959
2  55 28 0 0 6.28318530717959
2  56 29 0 0 6.28318530717959
0

0101000
+1653 0 -1653 0 *
Ve
1e-07
300 1218.85081108114 540.246704440568
0 0

0101101
*
Ed
 1e-07 1 1 0
1  29 0 0 5.50148852513594
3  57 58CN 28 0 0 5.50148852513594
0

0101000
-1653 0 +1651 0 *
Ed
 1e-07 1 1 0
1  30 0 0 6.28318530717959
2  59 28 0 0 6.28318530717959
2  60 30 0 0 6.28318530717959
0

0101000
+1651 0 -1651 0 *
Wi

0101100
-1652 0 +1650 0 +1649 0 -1650 0 *
Fa
0  1e-07 28 0

0111000
+1648 0 *
Wi

0101100
+1652 0 *
Fa
0  1e-07 29 0

0111000
+1646 0 *
Wi

0101100
-1649 0 *
Fa
0  1e-07 30 0

0111000
-1644 0 *
Sh

0101100
+1647 0 +1645 0 -1643 0 *
So

0100000
+1642 0 *
Ve
1e-07
300 1215.45687103462 530.054935919828
0 0

0101101
*
Ed
 1e-07 1 1 0
1  31 0 0 6.28318530717959
2  61 31 0 0 6.28318530717959
2  62 32 0 0 6.28318530717959
0

0101000
+1640 0 -1640 0 *
Ve
1e-07
300 1217.16200036419 535.065113048241
0 0

0101101
*
Ed
 1e-07 1 1 0
1  32 0 0 5.29238517954259
3  63 64CN 31 0 0 5.29238517954259
0

0101000
-1640 0 +1638 0 *
Ed
 1e-07 1 1 0
1  33 0 0 6.28318530717959
2  65 31 0 0 6.28318530717959
2  66 33 0 0 6.28318530717959
0

0101000
+1638 0 -1638 0 *
Wi

0101100
-1639 0 +1637 0 +1636 0 -1637 0 *
Fa
0  1e-07 31 0

0111000
+1635 0 *
Wi

0101100
+1639 0 *
Fa
0  1e-07 32 0

0111000
+1633 0 *
Wi

0101100
-1636 0 *
Fa
0  1e-07 33 0

0111000
-1631 0 *
Sh

0101100
+1634 0 +1632 0 -1630 0 *
So

0100000
+1629 0 *
Ve
1e-07
300 1213.77011021691 525.317917419953
0 0

0101101
*
Ed
 1e-07 1 1 0
1  34 0 0 6.28318530717959
2  67 34 0 0 6.28318530717959
2  68 35 0 0 6.28318530717959
0

0101000
+1627 0 -1627 0 *
Ve
1e-07
300 1215.47523954648 530.107697142216
0 0

0101101
*
Ed
 1e-07 1 1 0
1  35 0 0 5.0842360112766
3  69 70CN 34 0 0 5.0842360112766
0

0101000
-1627 0 +1625 0 *
Ed
 1e-07 1 1 0
1  36 0 0 6.28318530717959
2  71 34 0 0 6.28318530717959
2  72 36 0 0 6.28318530717959
0

0101000
+1625 0 -1625 0 *
Wi

0101100
-1626 0 +1624 0 +1623 0 -1624 0 *
Fa
0  1e-07 34 0

0111000
+1622 0 *
Wi

0101100
+1626 0 *
Fa
0  1e-07 35 0

0111000
+1620 0 *
Wi

0101100
-1623 0 *
Fa
0  1e-07 36 0

0111000
-1618 0 *
Sh

0101100
+1621 0 +1619 0 -1617 0 *
So

0100000
+1616 0 *
Ve
1e-07
300 1212.0857448591 520.805492145892
0 0

0101101
*
Ed
 1e-07 1 1 0
1  37 0 0 6.28318530717959
2  73 37 0 0 6.28318530717959
2  74 38 0 0 6.28318530717959
0

0101000
+1614 0 -1614 0 *
Ve
1e-07
300 1213.79087418867 525.374874462004
0 0

0101101
*
Ed
 1e-07 1 1 0
1  38 0 0 4.87716318994472
3  75 76CN 37 0 0 4.87716318994472
0

0101000
-1614 0 +1612 0 *
Ed
 1e-07 1 1 0
1  39 0 0 6.28318530717959
2  77 37 0 0 6.28318530717959
2  78 39 0 0 6.28318530717959
0

0101000
+1612 0 -1612 0 *
Wi

0101100
-1613 0 +1611 0 +1610 0 -1611 0 *
Fa
0  1e-07 37 0

0111000
+1609 0 *
Wi

0101100
+1613 0 *
Fa
0  1e-07 38 0

0111000
+1607 0 *
Wi

0101100
-1610 0 *
Fa
0  1e-07 39 0

0111000
-1605 0 *
Sh

0101100
+1608 0 +1606 0 -1604 0 *
So

0100000
+1603 0 *
Ve
1e-07
300 1210.4041932964 516.518133984711
0 0

0101101
*
Ed
 1e-07 1 1 0
1  40 0 0 6.28318530717959
2  79 40 0 0 6.28318530717959
2  80 41 0 0 6.28318530717959
0

0101000
+1601 0 -1601 0 *
Ve
1e-07
300 1212.10932262598 520.867118894672
0 0

0101101
*
Ed
 1e-07 1 1 0
1  41 0 0 4.67130985673436
3  81 82CN 40 0 0 4.67130985673436
0

0101000
-1601 0 +1599 0 *
Ed
 1e-07 1 1 0
1  42 0 0 6.28318530717959
2  83 40 0 0 6.28318530717959
2  84 42 0 0 6.28318530717959
0

0101000
+1599 0 -1599 0 *
Wi

0101100
-1600 0 +1598 0 +1597 0 -1598 0 *
Fa
0  1e-07 40 0

0111000
+1596 0 *
Wi

0101100
+1600 0 *
Fa
0  1e-07 41 0

0111000
+1594 0 *
Wi

0101100
-1597 0 *
Fa
0  1e-07 42 0

0111000
-1592 0 *
Sh

0101100
+1595 0 +1593 0 -1591 0 *
So

0100000
+1590 0 *
Ve
1e-07
300 1208.72596480428 512.456380455167
0 0

0101101
*
Ed
 1e-07 1 1 0
1  43 0 0 6.28318530717959
2  85 43 0 0 6.28318530717959
2  86 44 0 0 6.28318530717959
0

0101000
+1588 0 -1588 0 *
Ve
1e-07
300 1210.43109413385 516.584967958976
0 0

0101101
*
Ed
 1e-07 1 1 0
1  44 0 0 4.46684461417304
3  87 88CN 43 0 0 4.46684461417304
0

0101000
-1588 0 +1586 0 *
Ed
 1e-07 1 1 0
1  45 0 0 6.28318530717959
2  89 43 0 0 6.28318530717959
2  90 45 0 0 6.28318530717959
0

0101000
+1586 0 -1586 0 *
Wi

0101100
-1587 0 +1585 0 +1584 0 -1585 0 *
Fa
0  1e-07 43 0

0111000
+1583 0 *
Wi

0101100
+1587 0 *
Fa
0  1e-07 44 0

0111000
+1581 0 *
Wi

0101100
-1584 0 *
Fa
0  1e-07 45 0

0111000
-1579 0 *
Sh

0101100
+1582 0 +1580 0 -1578 0 *
So

0100000
+1577 0 *
Ve
1e-07
300 1207.05168287955 508.620840492385
0 0

0101101
*
Ed
 1e-07 1 1 0
1  46 0 0 6.28318530717959
2  91 46 0 0 6.28318530717959
2  92 47 0 0 6.28318530717959
0

0101000
+1575 0 -1575 0 *
Ve
1e-07
300 1208.75681220912 512.529030590043
0 0

0101101
*
Ed
 1e-07 1 1 0
1  47 0 0 4.26396715160773
3  93 94CN 46 0 0 4.26396715160773
0

0101000
-1575 0 +1573 0 *
Ed
 1e-07 1 1 0
1  48 0 0 6.28318530717959
2  95 46 0 0 6.28318530717959
2  96 48 0 0 6.28318530717959
0

0101000
+1573 0 -1573 0 *
Wi

0101100
-1574 0 +1572 0 +1571 0 -1572 0 *
Fa
0  1e-07 46 0

0111000
+1570 0 *
Wi

0101100
+1574 0 *
Fa
0  1e-07 47 0

0111000
+1568 0 *
Wi

0101100
-1571 0 *
Fa
0  1e-07 48 0

0111000
-1566 0 *
Sh

0101100
+1569 0 +1567 0 -1565 0 *
So

0100000
+1564 0 *
Ve
1e-07
300 1205.38211516007 505.012201954542
0 0

0101101
*
Ed
 1e-07 1 1 0
1  49 0 0 6.28318530717959
2  97 49 0 0 6.28318530717959
2  98 50 0 0 6.28318530717959
0

0101000
+1562 0 -1562 0 *
Ve
1e-07
300 1207.08724448964 508.699994646048
0 0

0101101
*
Ed
 1e-07 1 1 0
1  50 0 0 4.062915328442
3  99 100CN 49 0 0 4.062915328442
0

0101000
-1562 0 +1560 0 *
Ed
 1e-07 1 1 0
1  51 0 0 6.28318530717959
2  101 49 0 0 6.28318530717959
2  102 51 0 0 6.28318530717959
0

0101000
+1560 0 -1560 0 *
Wi

0101100
-1561 0 +1559 0 +1558 0 -1559 0 *
Fa
0  1e-07 49 0

0111000
+1557 0 *
Wi

0101100
+1561 0 *
Fa
0  1e-07 50 0

0111000
+1555 0 *
Wi

0101100
-1558 0 *
Fa
0  1e-07 51 0

0111000
-1553 0 *
Sh

0101100
+1556 0 +1554 0 -1552 0 *
So

0100000
+1551 0 *
Ve
1e-07
300 1203.71821192479 501.631237772857
0 0

0101101
*
Ed
 1e-07 1 1 0
1  52 0 0 6.28318530717959
2  103 52 0 0 6.28318530717959
2  104 53 0 0 6.28318530717959
0

0101000
+1549 0 -1549 0 *
Ve
1e-07
300 1205.42334125436 505.098633058212
0 0

0101101
*
Ed
 1e-07 1 1 0
1  53 0 0 3.86397413234912
3  105 106CN 52 0 0 3.86397413234912
0

0101000
-1549 0 +1547 0 *
Ed
 1e-07 1 1 0
1  54 0 0 6.28318530717959
2  107 52 0 0 6.28318530717959
2  108 54 0 0 6.28318530717959
0

0101000
+1547 0 -1547 0 *
Wi

0101100
-1548 0 +1546 0 +1545 0 -1546 0 *
Fa
0  1e-07 52 0

0111000
+1544 0 *
Wi

0101100
+1548 0 *
Fa
0  1e-07 53 0

0111000
+1542 0 *
Wi

0101100
-1545 0 *
Fa
0  1e-07 54 0

0111000
-1540 0 *
Sh

0101100
+1543 0 +1541 0 -1539 0 *
So

0100000
+1538 0 *
Ve
1e-07
300 1202.06115558626 498.478808833767
0 0

0101101
*
Ed
 1e-07 1 1 0
1  55 0 0 6.28318530717959
2  109 55 0 0 6.28318530717959
2  110 56 0 0 6.28318530717959
0

0101000
+1536 0 -1536 0 *
Ve
1e-07
300 1203.76628491583 501.72580671297
0 0

0101101
*
Ed
 1e-07 1 1 0
1  56 0 0 3.6674870494815
3  111 112CN 55 0 0 3.6674870494815
0

0101000
-1536 0 +1534 0 *
Ed
 1e-07 1 1 0
1  57 0 0 6.28318530717959
2  113 55 0 0 6.28318530717959
2  114 57 0 0 6.28318530717959
0

0101000
+1534 0 -1534 0 *
Wi

0101100
-1535 0 +1533 0 +1532 0 -1533 0 *
Fa
0  1e-07 55 0

0111000
+1531 0 *
Wi

0101100
+1535 0 *
Fa
0  1e-07 56 0

0111000
+1529 0 *
Wi

0101100
-1532 0 *
Fa
0  1e-07 57 0

0111000
-1527 0 *
Sh

0101100
+1530 0 +1528 0 -1526 0 *
So

0100000
+1525 0 *
Ve
1e-07
300 1200.4124240314 495.555860318437
0 0

0101101
*
Ed
 1e-07 1 1 0
1  58 0 0 6.28318530717959
2  115 58 0 0 6.28318530717959
2  116 59 0 0 6.28318530717959
0

0101000
+1523 0 -1523 0 *
Ve
1e-07
300 1202.11755336097 498.58246079149
0 0

0101101
*
Ed
 1e-07 1 1 0
1  59 0 0 3.47387052925727
3  117 118CN 58 0 0 3.47387052925727
0

0101000
-1523 0 +1521 0 *
Ed
 1e-07 1 1 0
1  60 0 0 6.28318530717959
2  119 58 0 0 6.28318530717959
2  120 60 0 0 6.28318530717959
0

0101000
+1521 0 -1521 0 *
Wi

0101100
-1522 0 +1520 0 +1519 0 -1520 0 *
Fa
0  1e-07 58 0

0111000
+1518 0 *
Wi

0101100
+1522 0 *
Fa
0  1e-07 59 0

0111000
+1516 0 *
Wi

0101100
-1519 0 *
Fa
0  1e-07 60 0

0111000
-1514 0 *
Sh

0101100
+1517 0 +1515 0 -1513 0 *
So

0100000
+1512 0 *
Ve
1e-07
300 1198.77387089237 492.8634060302
0 0

0101101
*
Ed
 1e-07 1 1 0
1  61 0 0 6.28318530717959
2  121 61 0 0 6.28318530717959
2  122 62 0 0 6.28318530717959
0

0101000
+1510 0 -1510 0 *
Ve
1e-07
300 1200.47900022194 495.669609097101
0 0

0101101
*
Ed
 1e-07 1 1 0
1  62 0 0 3.28363239161243
3  123 124CN 61 0 0 3.28363239161243
0

0101000
-1510 0 +1508 0 *
Ed
 1e-07 1 1 0
1  63 0 0 6.28318530717959
2  125 61 0 0 6.28318530717959
2  126 63 0 0 6.28318530717959
0

0101000
+1508 0 -1508 0 *
Wi

0101100
-1509 0 +1507 0 +1506 0 -1507 0 *
Fa
0  1e-07 61 0

0111000
+1505 0 *
Wi

0101100
+1509 0 *
Fa
0  1e-07 62 0

0111000
+1503 0 *
Wi

0101100
-1506 0 *
Fa
0  1e-07 63 0

0111000
-1501 0 *
Sh

0101100
+1504 0 +1502 0 -1500 0 *
So

0100000
+1499 0 *
Ve
1e-07
300 1197.14782540403 490.402491791176
0 0

0101101
*
Ed
 1e-07 1 1 0
1  64 0 0 6.28318530717959
2  127 64 0 0 6.28318530717959
2  128 65 0 0 6.28318530717959
0

0101000
+1497 0 -1497 0 *
Ve
1e-07
300 1198.8529547336 492.988297451926
0 0

0101101
*
Ed
 1e-07 1 1 0
1  65 0 0 3.09739518720605
3  129 130CN 64 0 0 3.09739518720605
0

0101000
-1497 0 +1495 0 *
Ed
 1e-07 1 1 0
1  66 0 0 6.28318530717959
2  131 64 0 0 6.28318530717959
2  132 66 0 0 6.28318530717959
0

0101000
+1495 0 -1495 0 *
Wi

0101100
-1496 0 +1494 0 +1493 0 -1494 0 *
Fa
0  1e-07 64 0

0111000
+1492 0 *
Wi

0101100
+1496 0 *
Fa
0  1e-07 65 0

0111000
+1490 0 *
Wi

0101100
-1493 0 *
Fa
0  1e-07 66 0

0111000
-1488 0 *
Sh

0101100
+1491 0 +1489 0 -1487 0 *
So

0100000
+1486 0 *
Ve
1e-07
300 1195.53721254046 488.174123757402
0 0

0101101
*
Ed
 1e-07 1 1 0
1  67 0 0 6.28318530717959
2  133 67 0 0 6.28318530717959
2  134 68 0 0 6.28318530717959
0

0101000
+1484 0 -1484 0 *
Ve
1e-07
300 1197.24234187003 490.539532012001
0 0

0101101
*
Ed
 1e-07 1 1 0
1  68 0 0 2.91592562344863
3  135 136CN 67 0 0 2.91592562344863
0

0101000
-1484 0 +1482 0 *
Ed
 1e-07 1 1 0
1  69 0 0 6.28318530717959
2  137 67 0 0 6.28318530717959
2  138 69 0 0 6.28318530717959
0

0101000
+1482 0 -1482 0 *
Wi

0101100
-1483 0 +1481 0 +1480 0 -1481 0 *
Fa
0  1e-07 67 0

0111000
+1479 0 *
Wi

0101100
+1483 0 *
Fa
0  1e-07 68 0

0111000
+1477 0 *
Wi

0101100
-1480 0 *
Fa
0  1e-07 69 0

0111000
-1475 0 *
Sh

0101100
+1478 0 +1476 0 -1474 0 *
So

0100000
+1473 0 *
Ve
1e-07
300 1193.94568890279 486.179140019558
0 0

0101101
*
Ed
 1e-07 1 1 0
1  70 0 0 6.28318530717959
2  139 70 0 0 6.28318530717959
2  140 71 0 0 6.28318530717959
0

0101000
+1471 0 -1471 0 *
Ve
1e-07
300 1195.65081823236 488.324150868005
0 0

0101101
*
Ed
 1e-07 1 1 0
1  71 0 0 2.74017108416943
3  141 142CN 70 0 0 2.74017108416943
0

0101000
-1471 0 +1469 0 *
Ed
 1e-07 1 1 0
1  72 0 0 6.28318530717959
2  143 70 0 0 6.28318530717959
2  144 72 0 0 6.28318530717959
0

0101000
+1469 0 -1469 0 *
Wi

0101100
-1470 0 +1468 0 +1467 0 -1468 0 *
Fa
0  1e-07 70 0

0111000
+1466 0 *
Wi

0101100
+1470 0 *
Fa
0  1e-07 71 0

0111000
+1464 0 *
Wi

0101100
-1467 0 *
Fa
0  1e-07 72 0

0111000
-1462 0 *
Sh

0101100
+1465 0 +1463 0 -1461 0 *
So

0100000
+1460 0 *
Ve
1e-07
300 1192.3777782856 484.417994266482
0 0

0101101
*
Ed
 1e-07 1 1 0
1  73 0 0 6.28318530717959
2  145 73 0 0 6.28318530717959
2  146 74 0 0 6.28318530717959
0

0101000
+1458 0 -1458 0 *
Ve
1e-07
300 1194.08290761517 486.342607708779
0 0

0101101
*
Ed
 1e-07 1 1 0
1  74 0 0 2.57130374184525
3  147 148CN 73 0 0 2.57130374184525
0

0101000
-1458 0 +1456 0 *
Ed
 1e-07 1 1 0
1  75 0 0 6.28318530717959
2  149 73 0 0 6.28318530717959
2  150 75 0 0 6.28318530717959
0

0101000
+1456 0 -1456 0 *
Wi

0101100
-1457 0 +1455 0 +1454 0 -1455 0 *
Fa
0  1e-07 73 0

0111000
+1453 0 *
Wi

0101100
+1457 0 *
Fa
0  1e-07 74 0

0111000
+1451 0 *
Wi

0101100
-1454 0 *
Fa
0  1e-07 75 0

0111000
-1449 0 *
Sh

0101100
+1452 0 +1450 0 -1448 0 *
So

0100000
+1447 0 *
Ve
1e-07
300 1196.49430677707 477.232041360443
0 0

0101101
*
Ed
 1e-07 1 1 0
1  76 0 0 6.28318530717959
2  151 76 0 0 6.28318530717959
2  152 77 0 0 6.28318530717959
0

0101000
+1445 0 -1445 0 *
Ve
1e-07
300 1198.19943610664 478.936257396588
0 0

0101101
*
Ed
 1e-07 1 1 0
1  77 0 0 2.41077131400166
3  153 154CN 76 0 0 2.41077131400166
0

0101000
-1445 0 +1443 0 *
Ed
 1e-07 1 1 0
1  78 0 0 6.28318530717959
2  155 76 0 0 6.28318530717959
2  156 78 0 0 6.28318530717959
0

0101000
+1443 0 -1443 0 *
Wi

0101100
-1444 0 +1442 0 +1441 0 -1442 0 *
Fa
0  1e-07 76 0

0111000
+1440 0 *
Wi

0101100
+1444 0 *
Fa
0  1e-07 77 0

0111000
+1438 0 *
Wi

0101100
-1441 0 *
Fa
0  1e-07 78 0

0111000
-1436 0 *
Sh

0101100
+1439 0 +1437 0 -1435 0 *
So

0100000
+1434 0 *
Ve
1e-07
300 1194.58732869152 475.559947202745
0 0

0101101
*
Ed
 1e-07 1 1 0
1  79 0 0 6.28318530717959
2  157 79 0 0 6.28318530717959
2  158 80 0 0 6.28318530717959
0

0101000
+1432 0 -1432 0 *
Ve
1e-07
300 1196.29245802109 477.043765832738
0 0

0101101
*
Ed
 1e-07 1 1 0
1  80 0 0 2.2603503616205
3  159 160CN 79 0 0 2.2603503616205
0

0101000
-1432 0 +1430 0 *
Ed
 1e-07 1 1 0
1  81 0 0 6.28318530717959
2  161 79 0 0 6.28318530717959
2  162 81 0 0 6.28318530717959
0

0101000
+1430 0 -1430 0 *
Wi

0101100
-1431 0 +1429 0 +1428 0 -1429 0 *
Fa
0  1e-07 79 0

0111000
+1427 0 *
Wi

0101100
+1431 0 *
Fa
0  1e-07 80 0

0111000
+1425 0 *
Wi

0101100
-1428 0 *
Fa
0  1e-07 81 0

0111000
-1423 0 *
Sh

0101100
+1426 0 +1424 0 -1422 0 *
So

0100000
+1421 0 *
Ve
1e-07
300 1192.63773008599 474.10008422996
0 0

0101101
*
Ed
 1e-07 1 1 0
1  82 0 0 6.28318530717959
2  163 82 0 0 6.28318530717959
2  164 83 0 0 6.28318530717959
0

0101000
+1419 0 -1419 0 *
Ve
1e-07
300 1194.34285941556 475.363505453802
0 0

0101101
*
Ed
 1e-07 1 1 0
1  83 0 0 2.12219207882209
3  165 166CN 82 0 0 2.12219207882209
0

0101000
-1419 0 +1417 0 *
Ed
 1e-07 1 1 0
1  84 0 0 6.28318530717959
2  167 82 0 0 6.28318530717959
2  168 84 0 0 6.28318530717959
0

0101000
+1417 0 -1417 0 *
Wi

0101100
-1418 0 +1416 0 +1415 0 -1416 0 *
Fa
0  1e-07 82 0

0111000
+1414 0 *
Wi

0101100
+1418 0 *
Fa
0  1e-07 83 0

0111000
+1412 0 *
Wi

0101100
-1415 0 *
Fa
0  1e-07 84 0

0111000
-1410 0 *
Sh

0101100
+1413 0 +1411 0 -1409 0 *
So

0100000
+1408 0 *
Ve
1e-07
300 1190.63850680755 472.858726071247
0 0

0101101
*
Ed
 1e-07 1 1 0
1  85 0 0 6.28318530717959
2  169 85 0 0 6.28318530717959
2  170 86 0 0 6.28318530717959
0

0101000
+1406 0 -1406 0 *
Ve
1e-07
300 1192.34363613712 473.901749888938
0 0

0101101
*
Ed
 1e-07 1 1 0
1  86 0 0 1.99884084279661
3  171 172CN 85 0 0 1.99884084279661
0

0101000
-1406 0 +1404 0 *
Ed
 1e-07 1 1 0
1  87 0 0 6.28318530717959
2  173 85 0 0 6.28318530717959
2  174 87 0 0 6.28318530717959
0

0101000
+1404 0 -1404 0 *
Wi

0101100
-1405 0 +1403 0 +1402 0 -1403 0 *
Fa
0  1e-07 85 0

0111000
+1401 0 *
Wi

0101100
+1405 0 *
Fa
0  1e-07 86 0

0111000
+1399 0 *
Wi

0101100
-1402 0 *
Fa
0  1e-07 87 0

0111000
-1397 0 *
Sh

0101100
+1400 0 +1398 0 -1396 0 *
So

0100000
+1395 0 *
Ve
1e-07
300 1188.58419193803 471.845683298286
0 0

0101101
*
Ed
 1e-07 1 1 0
1  88 0 0 6.28318530717959
2  175 88 0 0 6.28318530717959
2  176 89 0 0 6.28318530717959
0

0101000
+1393 0 -1393 0 *
Ve
1e-07
300 1190.2893212676 472.668309709826
0 0

0101101
*
Ed
 1e-07 1 1 0
1  89 0 0 1.89319313423741
3  177 178CN 88 0 0 1.89319313423741
0

0101000
-1393 0 +1391 0 *
Ed
 1e-07 1 1 0
1  90 0 0 6.28318530717959
2  179 88 0 0 6.28318530717959
2  180 90 0 0 6.28318530717959
0

0101000
+1391 0 -1391 0 *
Wi

0101100
-1392 0 +1390 0 +1389 0 -1390 0 *
Fa
0  1e-07 88 0

0111000
+1388 0 *
Wi

0101100
+1392 0 *
Fa
0  1e-07 89 0

0111000
+1386 0 *
Wi

0101100
-1389 0 *
Fa
0  1e-07 90 0

0111000
-1384 0 *
Sh

0101100
+1387 0 +1385 0 -1383 0 *
So

0100000
+1382 0 *
Ve
1e-07
300 1186.47309468902 471.074436363398
0 0

0101101
*
Ed
 1e-07 1 1 0
1  91 0 0 6.28318530717959
2  181 91 0 0 6.28318530717959
2  182 92 0 0 6.28318530717959
0

0101000
+1380 0 -1380 0 *
Ve
1e-07
300 1188.17822401859 471.676665368786
0 0

0101101
*
Ed
 1e-07 1 1 0
1  92 0 0 1.80835444686364
3  183 184CN 91 0 0 1.80835444686364
0

0101000
-1380 0 +1378 0 *
Ed
 1e-07 1 1 0
1  93 0 0 6.28318530717959
2  185 91 0 0 6.28318530717959
2  186 93 0 0 6.28318530717959
0

0101000
+1378 0 -1378 0 *
Wi

0101100
-1379 0 +1377 0 +1376 0 -1377 0 *
Fa
0  1e-07 91 0

0111000
+1375 0 *
Wi

0101100
+1379 0 *
Fa
0  1e-07 92 0

0111000
+1373 0 *
Wi

0101100
-1376 0 *
Fa
0  1e-07 93 0

0111000
-1371 0 *
Sh

0101100
+1374 0 +1372 0 -1370 0 *
So

0100000
+1369 0 *
Ve
1e-07
300 1184.30993879889 470.560944898677
0 0

0101101
*
Ed
 1e-07 1 1 0
1  94 0 0 6.28318530717959
2  187 94 0 0 6.28318530717959
2  188 95 0 0 6.28318530717959
0

0101000
+1367 0 -1367 0 *
Ve
1e-07
300 1186.01506812846 470.942776497914
0 0

0101101
*
Ed
 1e-07 1 1 0
1  95 0 0 1.74735840649167
3  189 190CN 94 0 0 1.74735840649167
0

0101000
-1367 0 +1365 0 *
Ed
 1e-07 1 1 0
1  96 0 0 6.28318530717959
2  191 94 0 0 6.28318530717959
2  192 96 0 0 6.28318530717959
0

0101000
+1365 0 -1365 0 *
Wi

0101100
-1366 0 +1364 0 +1363 0 -1364 0 *
Fa
0  1e-07 94 0

0111000
+1362 0 *
Wi

0101100
+1366 0 *
Fa
0  1e-07 95 0

0111000
+1360 0 *
Wi

0101100
-1363 0 *
Fa
0  1e-07 96 0

0111000
-1358 0 *
Sh

0101100
+1361 0 +1359 0 -1357 0 *
So

0100000
+1356 0 *
Ve
1e-07
300 1182.10774872328 470.320648507403
0 0

0101101
*
Ed
 1e-07 1 1 0
1  97 0 0 6.28318530717959
2  193 97 0 0 6.28318530717959
2  194 98 0 0 6.28318530717959
0

0101000
+1354 0 -1354 0 *
Ve
1e-07
300 1183.81287805285 470.482082700489
0 0

0101101
*
Ed
 1e-07 1 1 0
1  98 0 0 1.71275422324908
3  195 196CN 97 0 0 1.71275422324908
0

0101000
-1354 0 +1352 0 *
Ed
 1e-07 1 1 0
1  99 0 0 6.28318530717959
2  197 97 0 0 6.28318530717959
2  198 99 0 0 6.28318530717959
0

0101000
+1352 0 -1352 0 *
Wi

0101100
-1353 0 +1351 0 +1350 0 -1351 0 *
Fa
0  1e-07 97 0

0111000
+1349 0 *
Wi

0101100
+1353 0 *
Fa
0  1e-07 98 0

0111000
+1347 0 *
Wi

0101100
-1350 0 *
Fa
0  1e-07 99 0

0111000
-1345 0 *
Sh

0101100
+1348 0 +1346 0 -1344 0 *
So

0100000
+1343 0 *
Ve
1e-07
300 1179.88736579309 470.364193790582
0 0

0101101
*
Ed
 1e-07 1 1 0
1  100 0 0 6.28318530717959
2  199 100 0 0 6.28318530717959
2  200 101 0 0 6.28318530717959
0

0101000
+1341 0 -1341 0 *
Ve
1e-07
300 1181.59249512266 470.305230577517
0 0

0101101
*
Ed
 1e-07 1 1 0
1  101 0 0 1.70614849619136
3  201 202CN 100 0 0 1.70614849619136
0

0101000
-1341 0 +1339 0 *
Ed
 1e-07 1 1 0
1  102 0 0 6.28318530717959
2  203 100 0 0 6.28318530717959
2  204 102 0 0 6.28318530717959
0

0101000
+1339 0 -1339 0 *
Wi

0101100
-1340 0 +1338 0 +1337 0 -1338 0 *
Fa
0  1e-07 100 0

0111000
+1336 0 *
Wi

0101100
+1340 0 *
Fa
0  1e-07 101 0

0111000
+1334 0 *
Wi

0101100
-1337 0 *
Fa
0  1e-07 102 0

0111000
-1332 0 *
Sh

0101100
+1335 0 +1333 0 -1331 0 *
So

0100000
+1330 0 *
Ve
1e-07
300 1177.67375385751 470.693791993812
0 0

0101101
*
Ed
 1e-07 1 1 0
1  103 0 0 6.28318530717959
2  205 103 0 0 6.28318530717959
2  206 104 0 0 6.28318530717959
0

0101000
+1328 0 -1328 0 *
Ve
1e-07
300 1179.37888318708 470.414431374595
0 0

0101101
*
Ed
 1e-07 1 1 0
1  104 0 0 1.72786237476548
3  207 208CN 103 0 0 1.72786237476548
0

0101000
-1328 0 +1326 0 *
Ed
 1e-07 1 1 0
1  105 0 0 6.28318530717959
2  209 103 0 0 6.28318530717959
2  210 105 0 0 6.28318530717959
0

0101000
+1326 0 -1326 0 *
Wi

0101100
-1327 0 +1325 0 +1324 0 -1325 0 *
Fa
0  1e-07 103 0

0111000
+1323 0 *
Wi

0101100
+1327 0 *
Fa
0  1e-07 104 0

0111000
+1321 0 *
Wi

0101100
-1324 0 *
Fa
0  1e-07 105 0

0111000
-1319 0 *
Sh

0101100
+1322 0 +1320 0 -1318 0 *
So

0100000
+1317 0 *
Ve
1e-07
300 1175.4903064697 471.30239594404
0 0

0101101
*
Ed
 1e-07 1 1 0
1  106 0 0 6.28318530717959
2  211 106 0 0 6.28318530717959
2  212 107 0 0 6.28318530717959
0

0101000
+1315 0 -1315 0 *
Ve
1e-07
300 1177.19543579927 470.802637918673
0 0

0101101
*
Ed
 1e-07 1 1 0
1  107 0 0 1.77685793311674
3  213 214CN 106 0 0 1.77685793311674
0

0101000
-1315 0 +1313 0 *
Ed
 1e-07 1 1 0
1  108 0 0 6.28318530717959
2  215 106 0 0 6.28318530717959
2  216 108 0 0 6.28318530717959
0

0101000
+1313 0 -1313 0 *
Wi

0101100
-1314 0 +1312 0 +1311 0 -1312 0 *
Fa
0  1e-07 106 0

0111000
+1310 0 *
Wi

0101100
+1314 0 *
Fa
0  1e-07 107 0

0111000
+1308 0 *
Wi

0101100
-1311 0 *
Fa
0  1e-07 108 0

0111000
-1306 0 *
Sh

0101100
+1309 0 +1307 0 -1305 0 *
So

0100000
+1304 0 *
Ve
1e-07
300 1173.35393796008 472.176244364761
0 0

0101101
*
Ed
 1e-07 1 1 0
1  109 0 0 6.28318530717959
2  217 109 0 0 6.28318530717959
2  218 110 0 0 6.28318530717959
0

0101000
+1302 0 -1302 0 *
Ve
1e-07
300 1175.05906728965 471.456088933242
0 0

0101101
*
Ed
 1e-07 1 1 0
1  110 0 0 1.85096998249777
3  219 220CN 109 0 0 1.85096998249777
0

0101000
-1302 0 +1300 0 *
Ed
 1e-07 1 1 0
1  111 0 0 6.28318530717959
2  221 109 0 0 6.28318530717959
2  222 111 0 0 6.28318530717959
0

0101000
+1300 0 -1300 0 *
Wi

0101100
-1301 0 +1299 0 +1298 0 -1299 0 *
Fa
0  1e-07 109 0

0111000
+1297 0 *
Wi

0101100
+1301 0 *
Fa
0  1e-07 110 0

0111000
+1295 0 *
Wi

0101100
-1298 0 *
Fa
0  1e-07 111 0

0111000
-1293 0 *
Sh

0101100
+1296 0 +1294 0 -1292 0 *
So

0100000
+1291 0 *
Ve
1e-07
300 1171.27310392974 473.299139722038
0 0

0101101
*
Ed
 1e-07 1 1 0
1  112 0 0 6.28318530717959
2  223 112 0 0 6.28318530717959
2  224 113 0 0 6.28318530717959
0

0101000
+1289 0 -1289 0 *
Ve
1e-07
300 1172.97823325931 472.358586884368
0 0

0101101
*
Ed
 1e-07 1 1 0
1  113 0 0 1.94733296357105
3  225 226CN 112 0 0 1.94733296357105
0

0101000
-1289 0 +1287 0 *
Ed
 1e-07 1 1 0
1  114 0 0 6.28318530717959
2  227 112 0 0 6.28318530717959
2  228 114 0 0 6.28318530717959
0

0101000
+1287 0 -1287 0 *
Wi

0101100
-1288 0 +1286 0 +1285 0 -1286 0 *
Fa
0  1e-07 112 0

0111000
+1284 0 *
Wi

0101100
+1288 0 *
Fa
0  1e-07 113 0

0111000
+1282 0 *
Wi

0101100
-1285 0 *
Fa
0  1e-07 114 0

0111000
-1280 0 *
Sh

0101100
+1283 0 +1281 0 -1279 0 *
So

0100000
+1278 0 *
Ve
1e-07
300 1169.24877749775 474.656194596853
0 0

0101101
*
Ed
 1e-07 1 1 0
1  115 0 0 6.28318530717959
2  229 115 0 0 6.28318530717959
2  230 116 0 0 6.28318530717959
0

0101000
+1276 0 -1276 0 *
Ve
1e-07
300 1170.95390682732 473.495244353031
0 0

0101101
*
Ed
 1e-07 1 1 0
1  116 0 0 2.06283094294983
3  231 232CN 115 0 0 2.06283094294983
0

0101000
-1276 0 +1274 0 *
Ed
 1e-07 1 1 0
1  117 0 0 6.28318530717959
2  233 115 0 0 6.28318530717959
2  234 117 0 0 6.28318530717959
0

0101000
+1274 0 -1274 0 *
Wi

0101100
-1275 0 +1273 0 +1272 0 -1273 0 *
Fa
0  1e-07 115 0

0111000
+1271 0 *
Wi

0101100
+1275 0 *
Fa
0  1e-07 116 0

0111000
+1269 0 *
Wi

0101100
-1272 0 *
Fa
0  1e-07 117 0

0111000
-1267 0 *
Sh

0101100
+1270 0 +1268 0 -1266 0 *
So

0100000
+1265 0 *
Ve
1e-07
300 1167.27692754929 476.23584566332
0 0

0101101
*
Ed
 1e-07 1 1 0
1  118 0 0 6.28318530717959
2  235 118 0 0 6.28318530717959
2  236 119 0 0 6.28318530717959
0

0101000
+1263 0 -1263 0 *
Ve
1e-07
300 1168.98205687886 474.854498013347
0 0

0101101
*
Ed
 1e-07 1 1 0
1  119 0 0 2.19444465882522
3  237 238CN 118 0 0 2.19444465882522
0

0101000
-1263 0 +1261 0 *
Ed
 1e-07 1 1 0
1  120 0 0 6.28318530717959
2  239 118 0 0 6.28318530717959
2  240 120 0 0 6.28318530717959
0

0101000
+1261 0 -1261 0 *
Wi

0101100
-1262 0 +1260 0 +1259 0 -1260 0 *
Fa
0  1e-07 118 0

0111000
+1258 0 *
Wi

0101100
+1262 0 *
Fa
0  1e-07 119 0

0111000
+1256 0 *
Wi

0101100
-1259 0 *
Fa
0  1e-07 120 0

0111000
-1254 0 *
Sh

0101100
+1257 0 +1255 0 -1253 0 *
So

0100000
+1252 0 *
Ve
1e-07
300 1165.3510347898 478.030245192986
0 0

0101101
*
Ed
 1e-07 1 1 0
1  121 0 0 6.28318530717959
2  241 121 0 0 6.28318530717959
2  242 122 0 0 6.28318530717959
0

0101000
+1250 0 -1250 0 *
Ve
1e-07
300 1167.05616411937 476.428500136861
0 0

0101101
*
Ed
 1e-07 1 1 0
1  122 0 0 2.33945576050927
3  243 244CN 121 0 0 2.33945576050927
0

0101000
-1250 0 +1248 0 *
Ed
 1e-07 1 1 0
1  123 0 0 6.28318530717959
2  245 121 0 0 6.28318530717959
2  246 123 0 0 6.28318530717959
0

0101000
+1248 0 -1248 0 *
Wi

0101100
-1249 0 +1247 0 +1246 0 -1247 0 *
Fa
0  1e-07 121 0

0111000
+1245 0 *
Wi

0101100
+1249 0 *
Fa
0  1e-07 122 0

0111000
+1243 0 *
Wi

0101100
-1246 0 *
Fa
0  1e-07 123 0

0111000
-1241 0 *
Sh

0101100
+1244 0 +1242 0 -1240 0 *
So

0100000
+1239 0 *
Ve
1e-07
300 1169.30521840701 485.500910593171
0 0

0101101
*
Ed
 1e-07 1 1 0
1  124 0 0 6.28318530717959
2  247 124 0 0 6.28318530717959
2  248 125 0 0 6.28318530717959
0

0101000
+1237 0 -1237 0 *
Ve
1e-07
300 1171.01034773658 483.678768130895
0 0

0101101
*
Ed
 1e-07 1 1 0
1  125 0 0 2.49552984021195
3  249 250CN 124 0 0 2.49552984021195
0

0101000
-1237 0 +1235 0 *
Ed
 1e-07 1 1 0
1  126 0 0 6.28318530717959
2  251 124 0 0 6.28318530717959
2  252 126 0 0 6.28318530717959
0

0101000
+1235 0 -1235 0 *
Wi

0101100
-1236 0 +1234 0 +1233 0 -1234 0 *
Fa
0  1e-07 124 0

0111000
+1232 0 *
Wi

0101100
+1236 0 *
Fa
0  1e-07 125 0

0111000
+1230 0 *
Wi

0101100
-1233 0 *
Fa
0  1e-07 126 0

0111000
-1228 0 *
Sh

0101100
+1231 0 +1229 0 -1227 0 *
So

0100000
+1226 0 *
Ve
1e-07
300 1167.75009528049 487.373766222147
0 0

0101101
*
Ed
 1e-07 1 1 0
1  127 0 0 6.28318530717959
2  253 127 0 0 6.28318530717959
2  254 128 0 0 6.28318530717959
0

0101000
+1224 0 -1224 0 *
Ve
1e-07
300 1169.45522461006 485.33122635372
0 0

0101101
*
Ed
 1e-07 1 1 0
1  128 0 0 2.66072079419729
3  255 256CN 127 0 0 2.66072079419729
0

0101000
-1224 0 +1222 0 *
Ed
 1e-07 1 1 0
1  129 0 0 6.28318530717959
2  257 127 0 0 6.28318530717959
2  258 129 0 0 6.28318530717959
0

0101000
+1222 0 -1222 0 *
Wi

0101100
-1223 0 +1221 0 +1220 0 -1221 0 *
Fa
0  1e-07 127 0

0111000
+1219 0 *
Wi

0101100
+1223 0 *
Fa
0  1e-07 128 0

0111000
+1217 0 *
Wi

0101100
-1220 0 *
Fa
0  1e-07 129 0

0111000
-1215 0 *
Sh

0101100
+1218 0 +1216 0 -1214 0 *
So

0100000
+1213 0 *
Ve
1e-07
300 1166.16893039341 489.480449308162
0 0

0101101
*
Ed
 1e-07 1 1 0
1  130 0 0 6.28318530717959
2  259 130 0 0 6.28318530717959
2  260 131 0 0 6.28318530717959
0

0101000
+1211 0 -1211 0 *
Ve
1e-07
300 1167.87405972298 487.217512033584
0 0

0101101
*
Ed
 1e-07 1 1 0
1  131 0 0 2.83343451296066
3  261 262CN 130 0 0 2.83343451296066
0

0101000
-1211 0 +1209 0 *
Ed
 1e-07 1 1 0
1  132 0 0 6.28318530717959
2  263 130 0 0 6.28318530717959
2  264 132 0 0 6.28318530717959
0

0101000
+1209 0 -1209 0 *
Wi

0101100
-1210 0 +1208 0 +1207 0 -1208 0 *
Fa
0  1e-07 130 0

0111000
+1206 0 *
Wi

0101100
+1210 0 *
Fa
0  1e-07 131 0

0111000
+1204 0 *
Wi

0101100
-1207 0 *
Fa
0  1e-07 132 0

0111000
-1202 0 *
Sh

0101100
+1205 0 +1203 0 -1201 0 *
So

0100000
+1200 0 *
Ve
1e-07
300 1164.56668829693 491.820792880832
0 0

0101101
*
Ed
 1e-07 1 1 0
1  133 0 0 6.28318530717959
2  265 133 0 0 6.28318530717959
2  266 134 0 0 6.28318530717959
0

0101000
+1198 0 -1198 0 *
Ve
1e-07
300 1166.2718176265 489.337458200102
0 0

0101101
*
Ed
 1e-07 1 1 0
1  134 0 0 3.01237732813697
3  267 268CN 133 0 0 3.01237732813697
0

0101000
-1198 0 +1196 0 *
Ed
 1e-07 1 1 0
1  135 0 0 6.28318530717959
2  269 133 0 0 6.28318530717959
2  270 135 0 0 6.28318530717959
0

0101000
+1196 0 -1196 0 *
Wi

0101100
-1197 0 +1195 0 +1194 0 -1195 0 *
Fa
0  1e-07 133 0

0111000
+1193 0 *
Wi

0101100
+1197 0 *
Fa
0  1e-07 134 0

0111000
+1191 0 *
Wi

0101100
-1194 0 *
Fa
0  1e-07 135 0

0111000
-1189 0 *
Sh

0101100
+1192 0 +1190 0 -1188 0 *
So

0100000
+1187 0 *
Ve
1e-07
300 1162.94741303131 494.394103885549
0 0

0101101
*
Ed
 1e-07 1 1 0
1  136 0 0 6.28318530717959
2  271 136 0 0 6.28318530717959
2  272 137 0 0 6.28318530717959
0

0101000
+1185 0 -1185 0 *
Ve
1e-07
300 1164.65254236088 491.690371798669
0 0

0101101
*
Ed
 1e-07 1 1 0
1  137 0 0 3.19650328142954
3  273 274CN 136 0 0 3.19650328142954
0

0101000
-1185 0 +1183 0 *
Ed
 1e-07 1 1 0
1  138 0 0 6.28318530717959
2  275 136 0 0 6.28318530717959
2  276 138 0 0 6.28318530717959
0

0101000
+1183 0 -1183 0 *
Wi

0101100
-1184 0 +1182 0 +1181 0 -1182 0 *
Fa
0  1e-07 136 0

0111000
+1180 0 *
Wi

0101100
+1184 0 *
Fa
0  1e-07 137 0

0111000
+1178 0 *
Wi

0101100
-1181 0 *
Fa
0  1e-07 138 0

0111000
-1176 0 *
Sh

0101100
+1179 0 +1177 0 -1175 0 *
So

0100000
+1174 0 *
Ve
1e-07
300 1161.31435228101 497.199433841319
0 0

0101101
*
Ed
 1e-07 1 1 0
1  139 0 0 6.28318530717959
2  277 139 0 0 6.28318530717959
2  278 140 0 0 6.28318530717959
0

0101000
+1172 0 -1172 0 *
Ve
1e-07
300 1163.01948161058 494.275304348287
0 0

0101101
*
Ed
 1e-07 1 1 0
1  140 0 0 3.3849666649142
3  279 280CN 139 0 0 3.3849666649142
0

0101000
-1172 0 +1170 0 *
Ed
 1e-07 1 1 0
1  141 0 0 6.28318530717959
2  281 139 0 0 6.28318530717959
2  282 141 0 0 6.28318530717959
0

0101000
+1170 0 -1170 0 *
Wi

0101100
-1171 0 +1169 0 +1168 0 -1169 0 *
Fa
0  1e-07 139 0

0111000
+1167 0 *
Wi

0101100
+1171 0 *
Fa
0  1e-07 140 0

0111000
+1165 0 *
Wi

0101100
-1168 0 *
Fa
0  1e-07 141 0

0111000
-1163 0 *
Sh

0101100
+1166 0 +1164 0 -1162 0 *
So

0100000
+1161 0 *
Ve
1e-07
300 1159.67009616455 500.235743613117
0 0

0101101
*
Ed
 1e-07 1 1 0
1  142 0 0 6.28318530717959
2  283 142 0 0 6.28318530717959
2  284 143 0 0 6.28318530717959
0

0101000
+1159 0 -1159 0 *
Ve
1e-07
300 1161.37522549412 497.091216713933
0 0

0101101
*
Ed
 1e-07 1 1 0
1  143 0 0 3.57708197421417
3  285 286CN 142 0 0 3.57708197421417
0

0101000
-1159 0 +1157 0 *
Ed
 1e-07 1 1 0
1  144 0 0 6.28318530717959
2  287 142 0 0 6.28318530717959
2  288 144 0 0 6.28318530717959
0

0101000
+1157 0 -1157 0 *
Wi

0101100
-1158 0 +1156 0 +1155 0 -1156 0 *
Fa
0  1e-07 142 0

0111000
+1154 0 *
Wi

0101100
+1158 0 *
Fa
0  1e-07 143 0

0111000
+1152 0 *
Wi

0101100
-1155 0 *
Fa
0  1e-07 144 0

0111000
-1150 0 *
Sh

0101100
+1153 0 +1151 0 -1149 0 *
So

0100000
+1148 0 *
Ve
1e-07
300 1158.01670576457 503.501998231281
0 0

0101101
*
Ed
 1e-07 1 1 0
1  145 0 0 6.28318530717959
2  289 145 0 0 6.28318530717959
2  290 146 0 0 6.28318530717959
0

0101000
+1146 0 -1146 0 *
Ve
1e-07
300 1159.72183509414 500.137073925947
0 0

0101101
*
Ed
 1e-07 1 1 0
1  146 0 0 3.7722912945837
3  291 292CN 145 0 0 3.7722912945837
0

0101000
-1146 0 +1144 0 *
Ed
 1e-07 1 1 0
1  147 0 0 6.28318530717959
2  293 145 0 0 6.28318530717959
2  294 147 0 0 6.28318530717959
0

0101000
+1144 0 -1144 0 *
Wi

0101100
-1145 0 +1143 0 +1142 0 -1143 0 *
Fa
0  1e-07 145 0

0111000
+1141 0 *
Wi

0101100
+1145 0 *
Fa
0  1e-07 146 0

0111000
+1139 0 *
Wi

0101100
-1142 0 *
Fa
0  1e-07 147 0

0111000
-1137 0 *
Sh

0101100
+1140 0 +1138 0 -1136 0 *
So

0100000
+1135 0 *
Ve
1e-07
300 1156.35582254164 506.997217646902
0 0

0101101
*
Ed
 1e-07 1 1 0
1  148 0 0 6.28318530717959
2  295 148 0 0 6.28318530717959
2  296 149 0 0 6.28318530717959
0

0101000
+1133 0 -1133 0 *
Ve
1e-07
300 1158.06095187121 503.411895935417
0 0

0101101
*
Ed
 1e-07 1 1 0
1  149 0 0 3.97013826023876
3  297 298CN 148 0 0 3.97013826023876
0

0101000
-1133 0 +1131 0 *
Ed
 1e-07 1 1 0
1  150 0 0 6.28318530717959
2  299 148 0 0 6.28318530717959
2  300 150 0 0 6.28318530717959
0

0101000
+1131 0 -1131 0 *
Wi

0101100
-1132 0 +1130 0 +1129 0 -1130 0 *
Fa
0  1e-07 148 0

0111000
+1128 0 *
Wi

0101100
+1132 0 *
Fa
0  1e-07 149 0

0111000
+1126 0 *
Wi

0101100
-1129 0 *
Fa
0  1e-07 150 0

0111000
-1124 0 *
Sh

0101100
+1127 0 +1125 0 -1123 0 *
So

0100000
+1122 0 *
Ve
1e-07
300 1154.68875744999 510.720500756709
0 0

0101101
*
Ed
 1e-07 1 1 0
1  151 0 0 6.28318530717959
2  301 151 0 0 6.28318530717959
2  302 152 0 0 6.28318530717959
0

0101000
+1120 0 -1120 0 *
Ve
1e-07
300 1156.39388677956 506.914781639072
0 0

0101101
*
Ed
 1e-07 1 1 0
1  152 0 0 4.17024747861685
3  303 304CN 151 0 0 4.17024747861685
0

0101000
-1120 0 +1118 0 *
Ed
 1e-07 1 1 0
1  153 0 0 6.28318530717959
2  305 151 0 0 6.28318530717959
2  306 153 0 0 6.28318530717959
0

0101000
+1118 0 -1118 0 *
Wi

0101100
-1119 0 +1117 0 +1116 0 -1117 0 *
Fa
0  1e-07 151 0

0111000
+1115 0 *
Wi

0101100
+1119 0 *
Fa
0  1e-07 152 0

0111000
+1113 0 *
Wi

0101100
-1116 0 *
Fa
0  1e-07 153 0

0111000
-1111 0 *
Sh

0101100
+1114 0 +1112 0 -1110 0 *
So

0100000
+1109 0 *
Ve
1e-07
300 1153.01656176981 514.671033793565
0 0

0101101
*
Ed
 1e-07 1 1 0
1  154 0 0 6.28318530717959
2  307 154 0 0 6.28318530717959
2  308 155 0 0 6.28318530717959
0

0101000
+1107 0 -1107 0 *
Ve
1e-07
300 1154.72169109938 510.644917269777
0 0

0101101
*
Ed
 1e-07 1 1 0
1  155 0 0 4.37230834842222
3  309 310CN 154 0 0 4.37230834842222
0

0101000
-1107 0 +1105 0 *
Ed
 1e-07 1 1 0
1  156 0 0 6.28318530717959
2  311 154 0 0 6.28318530717959
2  312 156 0 0 6.28318530717959
0

0101000
+1105 0 -1105 0 *
Wi

0101100
-1106 0 +1104 0 +1103 0 -1104 0 *
Fa
0  1e-07 154 0

0111000
+1102 0 *
Wi

0101100
+1106 0 *
Fa
0  1e-07 155 0

0111000
+1100 0 *
Wi

0101100
-1103 0 *
Fa
0  1e-07 156 0

0111000
-1098 0 *
Sh

0101100
+1101 0 +1099 0 -1097 0 *
So

0100000
+1096 0 *
Ve
1e-07
300 1151.34008266085 518.848089969187
0 0

0101101
*
Ed
 1e-07 1 1 0
1  157 0 0 6.28318530717959
2  313 157 0 0 6.28318530717959
2  314 158 0 0 6.28318530717959
0

0101000
+1094 0 -1094 0 *
Ve
1e-07
300 1153.04521199042 514.601576039248
0 0

0101101
*
Ed
 1e-07 1 1 0
1  158 0 0 4.57606234526293
3  315 316CN 157 0 0 4.57606234526293
0

0101000
-1094 0 +1092 0 *
Ed
 1e-07 1 1 0
1  159 0 0 6.28318530717959
2  317 157 0 0 6.28318530717959
2  318 159 0 0 6.28318530717959
0

0101000
+1092 0 -1092 0 *
Wi

0101100
-1093 0 +1091 0 +1090 0 -1091 0 *
Fa
0  1e-07 157 0

0111000
+1089 0 *
Wi

0101100
+1093 0 *
Fa
0  1e-07 158 0

0111000
+1087 0 *
Wi

0101100
-1090 0 *
Fa
0  1e-07 159 0

0111000
-1085 0 *
Sh

0101100
+1088 0 +1086 0 -1084 0 *
So

0100000
+1083 0 *
Ve
1e-07
300 1149.66000644425 523.251024538204
0 0

0101101
*
Ed
 1e-07 1 1 0
1  160 0 0 6.28318530717959
2  319 160 0 0 6.28318530717959
2  320 161 0 0 6.28318530717959
0

0101000
+1081 0 -1081 0 *
Ve
1e-07
300 1151.36513577382 518.784113202113
0 0

0101101
*
Ed
 1e-07 1 1 0
1  161 0 0 4.78129301706742
3  321 322CN 160 0 0 4.78129301706742
0

0101000
-1081 0 +1079 0 *
Ed
 1e-07 1 1 0
1  162 0 0 6.28318530717959
2  323 160 0 0 6.28318530717959
2  324 162 0 0 6.28318530717959
0

0101000
+1079 0 -1079 0 *
Wi

0101100
-1080 0 +1078 0 +1077 0 -1078 0 *
Fa
0  1e-07 160 0

0111000
+1076 0 *
Wi

0101100
+1080 0 *
Fa
0  1e-07 161 0

0111000
+1074 0 *
Wi

0101100
-1077 0 *
Fa
0  1e-07 162 0

0111000
-1072 0 *
Sh

0101100
+1075 0 +1073 0 -1071 0 *
So

0100000
+1070 0 *
Ve
1e-07
300 1147.9768922422 527.879267747132
0 0

0101101
*
Ed
 1e-07 1 1 0
1  163 0 0 6.28318530717959
2  325 163 0 0 6.28318530717959
2  326 164 0 0 6.28318530717959
0

0101000
+1068 0 -1068 0 *
Ve
1e-07
300 1149.68202157177 523.191959004889
0 0

0101101
*
Ed
 1e-07 1 1 0
1  164 0 0 4.9878180876674
3  327 328CN 163 0 0 4.9878180876674
0

0101000
-1068 0 +1066 0 *
Ed
 1e-07 1 1 0
1  165 0 0 6.28318530717959
2  329 163 0 0 6.28318530717959
2  330 165 0 0 6.28318530717959
0

0101000
+1066 0 -1066 0 *
Wi

0101100
-1067 0 +1065 0 +1064 0 -1065 0 *
Fa
0  1e-07 163 0

0111000
+1063 0 *
Wi

0101100
+1067 0 *
Fa
0  1e-07 164 0

0111000
+1061 0 *
Wi

0101100
-1064 0 *
Fa
0  1e-07 165 0

0111000
-1059 0 *
Sh

0101100
+1062 0 +1060 0 -1058 0 *
So

0100000
+1057 0 *
Ve
1e-07
300 1146.29119813221 532.732317082562
0 0

0101101
*
Ed
 1e-07 1 1 0
1  166 0 0 6.28318530717959
2  331 166 0 0 6.28318530717959
2  332 167 0 0 6.28318530717959
0

0101000
+1055 0 -1055 0 *
Ve
1e-07
300 1147.99632746178 527.824610934169
0 0

0101101
*
Ed
 1e-07 1 1 0
1  167 0 0 5.19548319885063
3  333 334CN 166 0 0 5.19548319885063
0

0101000
-1055 0 +1053 0 *
Ed
 1e-07 1 1 0
1  168 0 0 6.28318530717959
2  335 166 0 0 6.28318530717959
2  336 168 0 0 6.28318530717959
0

0101000
+1053 0 -1053 0 *
Wi

0101100
-1054 0 +1052 0 +1051 0 -1052 0 *
Fa
0  1e-07 166 0

0111000
+1050 0 *
Wi

0101100
+1054 0 *
Fa
0  1e-07 167 0

0111000
+1048 0 *
Wi

0101100
-1051 0 *
Fa
0  1e-07 168 0

0111000
-1046 0 *
Sh

0101100
+1049 0 +1047 0 -1045 0 *
So

0100000
+1044 0 *
Ve
1e-07
300 1144.60330152552 537.809729597781
0 0

0101101
*
Ed
 1e-07 1 1 0
1  169 0 0 6.28318530717959
2  337 169 0 0 6.28318530717959
2  338 170 0 0 6.28318530717959
0

0101000
+1042 0 -1042 0 *
Ve
1e-07
300 1146.30843085509 532.681626043236
0 0

0101101
*
Ed
 1e-07 1 1 0
1  170 0 0 5.40415692746765
3  339 340CN 169 0 0 5.40415692746765
0

0101000
-1042 0 +1040 0 *
Ed
 1e-07 1 1 0
1  171 0 0 6.28318530717959
2  341 169 0 0 6.28318530717959
2  342 171 0 0 6.28318530717959
0

0101000
+1040 0 -1040 0 *
Wi

0101100
-1041 0 +1039 0 +1038 0 -1039 0 *
Fa
0  1e-07 169 0

0111000
+1037 0 *
Wi

0101100
+1041 0 *
Fa
0  1e-07 170 0

0111000
+1035 0 *
Wi

0101100
-1038 0 *
Fa
0  1e-07 171 0

0111000
-1033 0 *
Sh

0101100
+1036 0 +1034 0 -1032 0 *
So

0100000
+1031 0 *
Ve
1e-07
300 1142.9135150983 543.1111147188
0 0

0101101
*
Ed
 1e-07 1 1 0
1  172 0 0 6.28318530717959
2  343 172 0 0 6.28318530717959
2  344 173 0 0 6.28318530717959
0

0101000
+1029 0 -1029 0 *
Ve
1e-07
300 1144.61864442787 537.762613758104
0 0

0101101
*
Ed
 1e-07 1 1 0
1  173 0 0 5.61372679751404
3  345 346CN 172 0 0 5.61372679751404
0

0101000
-1029 0 +1027 0 *
Ed
 1e-07 1 1 0
1  174 0 0 6.28318530717959
2  347 172 0 0 6.28318530717959
2  348 174 0 0 6.28318530717959
0

0101000
+1027 0 -1027 0 *
Wi

0101100
-1028 0 +1026 0 +1025 0 -1026 0 *
Fa
0  1e-07 172 0

0111000
+1024 0 *
Wi

0101100
+1028 0 *
Fa
0  1e-07 173 0

0111000
+1022 0 *
Wi

0101100
-1025 0 *
Fa
0  1e-07 174 0

0111000
-1020 0 *
Sh

0101100
+1023 0 +1021 0 -1019 0 *
So

0100000
+1018 0 *
Ve
1e-07
300 1141.22209929773 548.636127709921
0 0

0101101
*
Ed
 1e-07 1 1 0
1  175 0 0 6.28318530717959
2  349 175 0 0 6.28318530717959
2  350 176 0 0 6.28318530717959
0

0101000
+1016 0 -1016 0 *
Ve
1e-07
300 1142.9272286273 543.067229343074
0 0

0101101
*
Ed
 1e-07 1 1 0
1  176 0 0 5.82409607156636
3  351 352CN 175 0 0 5.82409607156636
0

0101000
-1016 0 +1014 0 *
Ed
 1e-07 1 1 0
1  177 0 0 6.28318530717959
2  353 175 0 0 6.28318530717959
2  354 177 0 0 6.28318530717959
0

0101000
+1014 0 -1014 0 *
Wi

0101100
-1015 0 +1013 0 +1012 0 -1013 0 *
Fa
0  1e-07 175 0

0111000
+1011 0 *
Wi

0101100
+1015 0 *
Fa
0  1e-07 176 0

0111000
+1009 0 *
Wi

0101100
-1012 0 *
Fa
0  1e-07 177 0

0111000
-1007 0 *
Sh

0101100
+1010 0 +1008 0 -1006 0 *
So

0100000
+1005 0 *
Ve
1e-07
300 1139.52927220476 554.384463853357
0 0

0101101
*
Ed
 1e-07 1 1 0
1  178 0 0 6.28318530717959
2  355 178 0 0 6.28318530717959
2  356 179 0 0 6.28318530717959
0

0101000
+1003 0 -1003 0 *
Ve
1e-07
300 1141.23440153433 548.595168080358
0 0

0101101
*
Ed
 1e-07 1 1 0
1  179 0 0 6.03518115534418
3  357 358CN 178 0 0 6.03518115534418
0

0101000
-1003 0 +1001 0 *
Ed
 1e-07 1 1 0
1  180 0 0 6.28318530717959
2  359 178 0 0 6.28318530717959
2  360 180 0 0 6.28318530717959
0

0101000
+1001 0 -1001 0 *
Wi

0101100
-1002 0 +1000 0 +999 0 -1000 0 *
Fa
0  1e-07 178 0

0111000
+998 0 *
Wi

0101100
+1002 0 *
Fa
0  1e-07 179 0

0111000
+996 0 *
Wi

0101100
-999 0 *
Fa
0  1e-07 180 0

0111000
-994 0 *
Sh

0101100
+997 0 +995 0 -993 0 *
So

0100000
+992 0 *
Ve
1e-07
300 1137.83521735059 560.355853328978
0 0

0101101
*
Ed
 1e-07 1 1 0
1  181 0 0 6.28318530717959
2  361 181 0 0 6.28318530717959
2  362 182 0 0 6.28318530717959
0

0101000
+990 0 -990 0 *
Ve
1e-07
300 1139.54034668016 554.346160149829
0 0

0101101
*
Ed
 1e-07 1 1 0
1  182 0 0 6.24690948694494
3  363 364CN 181 0 0 6.24690948694494
0

0101000
-990 0 +988 0 *
Ed
 1e-07 1 1 0
1  183 0 0 6.28318530717959
2  365 181 0 0 6.28318530717959
2  366 183 0 0 6.28318530717959
0

0101000
+988 0 -988 0 *
Wi

0101100
-989 0 +987 0 +986 0 -987 0 *
Fa
0  1e-07 181 0

0111000
+985 0 *
Wi

0101100
+989 0 *
Fa
0  1e-07 182 0

0111000
+983 0 *
Wi

0101100
-986 0 *
Fa
0  1e-07 183 0

0111000
-981 0 *
Sh

0101100
+984 0 +982 0 -980 0 *
So

0100000
+979 0 *
Ve
1e-07
300 1136.1400899429 566.550056745657
0 0

0101101
*
Ed
 1e-07 1 1 0
1  184 0 0 6.28318530717959
2  367 184 0 0 6.28318530717959
2  368 185 0 0 6.28318530717959
0

0101000
+977 0 -977 0 *
Ve
1e-07
300 1137.84521927247 560.319966160356
0 0

0101101
*
Ed
 1e-07 1 1 0
1  185 0 0 6.45921781112992
3  369 370CN 184 0 0 6.45921781112992
0

0101000
-977 0 +975 0 *
Ed
 1e-07 1 1 0
1  186 0 0 6.28318530717959
2  371 184 0 0 6.28318530717959
2  372 186 0 0 6.28318530717959
0

0101000
+975 0 -975 0 *
Wi

0101100
-976 0 +974 0 +973 0 -974 0 *
Fa
0  1e-07 184 0

0111000
+972 0 *
Wi

0101100
+976 0 *
Fa
0  1e-07 185 0

0111000
+970 0 *
Wi

0101100
-973 0 *
Fa
0  1e-07 186 0

0111000
-968 0 *
Sh

0101100
+971 0 +969 0 -967 0 *
So

0100000
+966 0 *
Ve
1e-07
300 1134.444021851 572.966861260598
0 0

0101101
*
Ed
 1e-07 1 1 0
1  187 0 0 6.28318530717959
2  373 187 0 0 6.28318530717959
2  374 188 0 0 6.28318530717959
0

0101000
+964 0 -964 0 *
Ve
1e-07
300 1136.14915118057 566.516373269146
0 0

0101101
*
Ed
 1e-07 1 1 0
1  188 0 0 6.67205076108034
3  375 376CN 187 0 0 6.67205076108034
0

0101000
-964 0 +962 0 *
Ed
 1e-07 1 1 0
1  189 0 0 6.28318530717959
2  377 187 0 0 6.28318530717959
2  378 189 0 0 6.28318530717959
0

0101000
+962 0 -962 0 *
Wi

0101100
-963 0 +961 0 +960 0 -961 0 *
Fa
0  1e-07 187 0

0111000
+959 0 *
Wi

0101100
+963 0 *
Fa
0  1e-07 188 0

0111000
+957 0 *
Wi

0101100
-960 0 *
Fa
0  1e-07 189 0

0111000
-955 0 *
Sh

0101100
+958 0 +956 0 -954 0 *
So

0100000
+953 0 *
Ve
1e-07
300 1132.74712561755 579.60607721918
0 0

0101101
*
Ed
 1e-07 1 1 0
1  190 0 0 6.28318530717959
2  379 190 0 0 6.28318530717959
2  380 191 0 0 6.28318530717959
0

0101000
+951 0 -951 0 *
Ve
1e-07
300 1134.45225494712 572.935191821576
0 0

0101101
*
Ed
 1e-07 1 1 0
1  191 0 0 6.88535968693888
3  381 382CN 190 0 0 6.88535968693888
0

0101000
-951 0 +949 0 *
Ed
 1e-07 1 1 0
1  192 0 0 6.28318530717959
2  383 190 0 0 6.28318530717959
2  384 192 0 0 6.28318530717959
0

0101000
+949 0 -949 0 *
Wi

0101100
-950 0 +948 0 +947 0 -948 0 *
Fa
0  1e-07 190 0

0111000
+946 0 *
Wi

0101100
+950 0 *
Fa
0  1e-07 191 0

0111000
+944 0 *
Wi

0101100
-947 0 *
Fa
0  1e-07 192 0

0111000
-942 0 *
Sh

0101100
+945 0 +943 0 -941 0 *
So

0100000
+940 0 *
Ve
1e-07
300 1131.04949770358 586.467535249828
0 0

0101101
*
Ed
 1e-07 1 1 0
1  193 0 0 6.28318530717959
2  385 193 0 0 6.28318530717959
2  386 194 0 0 6.28318530717959
0

0101000
+938 0 -938 0 *
Ve
1e-07
300 1132.75462703315 579.576252446073
0 0

0101101
*
Ed
 1e-07 1 1 0
1  194 0 0 7.09910168344493
3  387 388CN 193 0 0 7.09910168344493
0

0101000
-938 0 +936 0 *
Ed
 1e-07 1 1 0
1  195 0 0 6.28318530717959
2  389 193 0 0 6.28318530717959
2  390 195 0 0 6.28318530717959
0

0101000
+936 0 -936 0 *
Wi

0101100
-937 0 +935 0 +934 0 -935 0 *
Fa
0  1e-07 193 0

0111000
+933 0 *
Wi

0101100
+937 0 *
Fa
0  1e-07 194 0

0111000
+931 0 *
Wi

0101100
-934 0 *
Fa
0  1e-07 195 0

0111000
-929 0 *
Sh

0101100
+932 0 +930 0 -928 0 *
So

0100000
+927 0 *
Ve
1e-07
300 1129.35122112617 593.551083753507
0 0

0101101
*
Ed
 1e-07 1 1 0
1  196 0 0 6.28318530717959
2  391 196 0 0 6.28318530717959
2  392 197 0 0 6.28318530717959
0

0101000
+925 0 -925 0 *
Ve
1e-07
300 1131.05635045574 586.439403543601
0 0

0101101
*
Ed
 1e-07 1 1 0
1  197 0 0 7.31323877899079
3  393 394CN 196 0 0 7.31323877899079
0

0101000
-925 0 +923 0 *
Ed
 1e-07 1 1 0
1  198 0 0 6.28318530717959
2  395 196 0 0 6.28318530717959
2  396 198 0 0 6.28318530717959
0

0101000
+923 0 -923 0 *
Wi

0101100
-924 0 +922 0 +921 0 -922 0 *
Fa
0  1e-07 196 0

0111000
+920 0 *
Wi

0101100
+924 0 *
Fa
0  1e-07 197 0

0111000
+918 0 *
Wi

0101100
-921 0 *
Fa
0  1e-07 198 0

0111000
-916 0 *
Sh

0101100
+919 0 +917 0 -915 0 *
So

0100000
+914 0 *
Ve
1e-07
300 1127.65236761309 600.856586733628
0 0

0101101
*
Ed
 1e-07 1 1 0
1  199 0 0 6.28318530717959
2  397 199 0 0 6.28318530717959
2  398 200 0 0 6.28318530717959
0

0101000
+912 0 -912 0 *
Ve
1e-07
300 1129.35749694266 593.52450911757
0 0

0101101
*
Ed
 1e-07 1 1 0
1  200 0 0 7.52773725620468
3  399 400CN 199 0 0 7.52773725620468
0

0101000
-912 0 +910 0 *
Ed
 1e-07 1 1 0
1  201 0 0 6.28318530717959
2  401 199 0 0 6.28318530717959
2  402 201 0 0 6.28318530717959
0

0101000
+910 0 -910 0 *
Wi

0101100
-911 0 +909 0 +908 0 -909 0 *
Fa
0  1e-07 199 0

0111000
+907 0 *
Wi

0101100
+911 0 *
Fa
0  1e-07 200 0

0111000
+905 0 *
Wi

0101100
-908 0 *
Fa
0  1e-07 201 0

0111000
-903 0 *
Sh

0101100
+906 0 +904 0 -902 0 *
So

0100000
+901 0 *
Ve
1e-07
300 1125.95299937103 608.383921918712
0 0

0101101
*
Ed
 1e-07 1 1 0
1  202 0 0 6.28318530717959
2  403 202 0 0 6.28318530717959
2  404 203 0 0 6.28318530717959
0

0101000
+899 0 -899 0 *
Ve
1e-07
300 1127.6581287006 600.831446896504
0 0

0101101
*
Ed
 1e-07 1 1 0
1  203 0 0 7.74256708021628
3  405 406CN 202 0 0 7.74256708021628
0

0101000
-899 0 +897 0 *
Ed
 1e-07 1 1 0
1  204 0 0 6.28318530717959
2  407 202 0 0 6.28318530717959
2  408 204 0 0 6.28318530717959
0

0101000
+897 0 -897 0 *
Wi

0101100
-898 0 +896 0 +895 0 -896 0 *
Fa
0  1e-07 202 0

0111000
+894 0 *
Wi

0101100
+898 0 *
Fa
0  1e-07 203 0

0111000
+892 0 *
Wi

0101100
-895 0 *
Fa
0  1e-07 204 0

0111000
-890 0 *
Sh

0101100
+893 0 +891 0 -889 0 *
So

0100000
+888 0 *
Ve
1e-07
300 1124.25317054355 616.132979136354
0 0

0101101
*
Ed
 1e-07 1 1 0
1  205 0 0 6.28318530717959
2  409 205 0 0 6.28318530717959
2  410 206 0 0 6.28318530717959
0

0101000
+886 0 -886 0 *
Ve
1e-07
300 1125.95829987312 608.360106707994
0 0

0101101
*
Ed
 1e-07 1 1 0
1  206 0 0 7.95770141549198
3  411 412CN 205 0 0 7.95770141549198
0

0101000
-886 0 +884 0 *
Ed
 1e-07 1 1 0
1  207 0 0 6.28318530717959
2  413 205 0 0 6.28318530717959
2  414 207 0 0 6.28318530717959
0

0101000
+884 0 -884 0 *
Wi

0101100
-885 0 +883 0 +882 0 -883 0 *
Fa
0  1e-07 205 0

0111000
+881 0 *
Wi

0101100
+885 0 *
Fa
0  1e-07 206 0

0111000
+879 0 *
Wi

0101100
-882 0 *
Fa
0  1e-07 207 0

0111000
-877 0 *
Sh

0101100
+880 0 +878 0 -876 0 *
So

0100000
+875 0 *
Ve
1e-07
300 1122.55292841837 624.103658902737
0 0

0101101
*
Ed
 1e-07 1 1 0
1  208 0 0 6.28318530717959
2  415 208 0 0 6.28318530717959
2  416 209 0 0 6.28318530717959
0

0101000
+873 0 -873 0 *
Ve
1e-07
300 1124.25805774794 616.110389068225
0 0

0101101
*
Ed
 1e-07 1 1 0
1  209 0 0 8.173116215855
3  417 418CN 208 0 0 8.173116215855
0

0101000
-873 0 +871 0 *
Ed
 1e-07 1 1 0
1  210 0 0 6.28318530717959
2  419 208 0 0 6.28318530717959
2  420 210 0 0 6.28318530717959
0

0101000
+871 0 -871 0 *
Wi

0101100
-872 0 +870 0 +869 0 -870 0 *
Fa
0  1e-07 208 0

0111000
+868 0 *
Wi

0101100
+872 0 *
Fa
0  1e-07 209 0

0111000
+866 0 *
Wi

0101100
-869 0 *
Fa
0  1e-07 210 0

0111000
-864 0 *
Sh

0101100
+867 0 +865 0 -863 0 *
So

0100000
+862 0 *
Ve
1e-07
300 1120.85231443155 632.295871197061
0 0

0101101
*
Ed
 1e-07 1 1 0
1  211 0 0 6.28318530717959
2  421 211 0 0 6.28318530717959
2  422 212 0 0 6.28318530717959
0

0101000
+860 0 -860 0 *
Ve
1e-07
300 1122.55744376112 624.082203956398
0 0

0101101
*
Ed
 1e-07 1 1 0
1  212 0 0 8.38878987523795
3  423 424CN 211 0 0 8.38878987523795
0

0101000
-860 0 +858 0 *
Ed
 1e-07 1 1 0
1  213 0 0 6.28318530717959
2  425 211 0 0 6.28318530717959
2  426 213 0 0 6.28318530717959
0

0101000
+858 0 -858 0 *
Wi

0101100
-859 0 +857 0 +856 0 -857 0 *
Fa
0  1e-07 211 0

0111000
+855 0 *
Wi

0101100
+859 0 *
Fa
0  1e-07 212 0

0111000
+853 0 *
Wi

0101100
-856 0 *
Fa
0  1e-07 213 0

0111000
-851 0 *
Sh

0101100
+854 0 +852 0 -850 0 *
So

0100000
+849 0 *
Ve
1e-07
300 1119.15136500614 640.709534394662
0 0

0101101
*
Ed
 1e-07 1 1 0
1  214 0 0 6.28318530717959
2  427 214 0 0 6.28318530717959
2  428 215 0 0 6.28318530717959
0

0101000
+847 0 -847 0 *
Ve
1e-07
300 1120.85649433571 632.275469747848
0 0

0101101
*
Ed
 1e-07 1 1 0
1  215 0 0 8.60470292904986
3  429 430CN 214 0 0 8.60470292904986
0

0101000
-847 0 +845 0 *
Ed
 1e-07 1 1 0
1  216 0 0 6.28318530717959
2  431 214 0 0 6.28318530717959
2  432 216 0 0 6.28318530717959
0

0101000
+845 0 -845 0 *
Wi

0101100
-846 0 +844 0 +843 0 -844 0 *
Fa
0  1e-07 214 0

0111000
+842 0 *
Wi

0101100
+846 0 *
Fa
0  1e-07 215 0

0111000
+840 0 *
Wi

0101100
-843 0 *
Fa
0  1e-07 216 0

0111000
-838 0 *
Sh

0101100
+841 0 +839 0 -837 0 *
So

0100000
+836 0 *
Ve
1e-07
300 1117.45011225536 649.344574336462
0 0

0101101
*
Ed
 1e-07 1 1 0
1  217 0 0 6.28318530717959
2  433 217 0 0 6.28318530717959
2  434 218 0 0 6.28318530717959
0

0101000
+834 0 -834 0 *
Ve
1e-07
300 1119.15524158493 640.690112283497
0 0

0101101
*
Ed
 1e-07 1 1 0
1  218 0 0 8.82083779789513
3  435 436CN 217 0 0 8.82083779789513
0

0101000
-834 0 +832 0 *
Ed
 1e-07 1 1 0
1  219 0 0 6.28318530717959
2  437 217 0 0 6.28318530717959
2  438 219 0 0 6.28318530717959
0

0101000
+832 0 -832 0 *
Wi

0101100
-833 0 +831 0 +830 0 -831 0 *
Fa
0  1e-07 217 0

0111000
+829 0 *
Wi

0101100
+833 0 *
Fa
0  1e-07 218 0

0111000
+827 0 *
Wi

0101100
-830 0 *
Fa
0  1e-07 219 0

0111000
-825 0 *
Sh

0101100
+828 0 +826 0 -824 0 *
So

0100000
+823 0 *
Ve
1e-07
300 1115.74858457452 658.200923515705
0 0

0101101
*
Ed
 1e-07 1 1 0
1  220 0 0 6.28318530717959
2  439 220 0 0 6.28318530717959
2  440 221 0 0 6.28318530717959
0

0101000
+821 0 -821 0 *
Ve
1e-07
300 1117.45371390409 649.326064056588
0 0

0101101
*
Ed
 1e-07 1 1 0
1  221 0 0 9.03717856687746
3  441 442CN 220 0 0 9.03717856687746
0

0101000
-821 0 +819 0 *
Ed
 1e-07 1 1 0
1  222 0 0 6.28318530717959
2  443 220 0 0 6.28318530717959
2  444 222 0 0 6.28318530717959
0

0101000
+819 0 -819 0 *
Wi

0101100
-820 0 +818 0 +817 0 -818 0 *
Fa
0  1e-07 220 0

0111000
+816 0 *
Wi

0101100
+820 0 *
Fa
0  1e-07 221 0

0111000
+814 0 *
Wi

0101100
-817 0 *
Fa
0  1e-07 222 0

0111000
-812 0 *
Sh

0101100
+815 0 +813 0 -811 0 *
So

0100000
+810 0 *
Ve
1e-07
300 1114.0468071412 667.278520365711
0 0

0101101
*
Ed
 1e-07 1 1 0
1  223 0 0 6.28318530717959
2  445 223 0 0 6.28318530717959
2  446 224 0 0 6.28318530717959
0

0101000
+808 0 -808 0 *
Ve
1e-07
300 1115.75193647077 658.183263500443
0 0

0101101
*
Ed
 1e-07 1 1 0
1  224 0 0 9.25371079490618
3  447 448CN 223 0 0 9.25371079490618
0

0101000
-808 0 +806 0 *
Ed
 1e-07 1 1 0
1  225 0 0 6.28318530717959
2  449 223 0 0 6.28318530717959
2  450 225 0 0 6.28318530717959
0

0101000
+806 0 -806 0 *
Wi

0101100
-807 0 +805 0 +804 0 -805 0 *
Fa
0  1e-07 223 0

0111000
+803 0 *
Wi

0101100
+807 0 *
Fa
0  1e-07 224 0

0111000
+801 0 *
Wi

0101100
-804 0 *
Fa
0  1e-07 225 0

0111000
-799 0 *
Sh

0101100
+802 0 +800 0 -798 0 *
So

0100000
+797 0 *
Ve
1e-07
300 1112.34480233926 676.577308634828
0 0

0101101
*
Ed
 1e-07 1 1 0
1  226 0 0 6.28318530717959
2  451 226 0 0 6.28318530717959
2  452 227 0 0 6.28318530717959
0

0101000
+795 0 -795 0 *
Ve
1e-07
300 1114.04993166883 667.261654363409
0 0

0101101
*
Ed
 1e-07 1 1 0
1  227 0 0 9.47042134939992
3  453 454CN 226 0 0 9.47042134939992
0

0101000
-795 0 +793 0 *
Ed
 1e-07 1 1 0
1  228 0 0 6.28318530717959
2  455 226 0 0 6.28318530717959
2  456 228 0 0 6.28318530717959
0

0101000
+793 0 -793 0 *
Wi

0101100
-794 0 +792 0 +791 0 -792 0 *
Fa
0  1e-07 226 0

0111000
+790 0 *
Wi

0101100
+794 0 *
Fa
0  1e-07 227 0

0111000
+788 0 *
Wi

0101100
-791 0 *
Fa
0  1e-07 228 0

0111000
-786 0 *
Sh

0101100
+789 0 +787 0 -785 0 *
So

0100000
+784 0 *
Ve
1e-07
300 1110.64259011973 686.097236836746
0 0

0101101
*
Ed
 1e-07 1 1 0
1  229 0 0 6.28318530717959
2  457 229 0 0 6.28318530717959
2  458 230 0 0 6.28318530717959
0

0101000
+782 0 -782 0 *
Ve
1e-07
300 1112.3477194493 676.561185159176
0 0

0101101
*
Ed
 1e-07 1 1 0
1  230 0 0 9.68729826256281
3  459 460CN 229 0 0 9.68729826256281
0

0101000
-782 0 +780 0 *
Ed
 1e-07 1 1 0
1  231 0 0 6.28318530717959
2  461 229 0 0 6.28318530717959
2  462 231 0 0 6.28318530717959
0

0101000
+780 0 -780 0 *
Wi

0101100
-781 0 +779 0 +778 0 -779 0 *
Fa
0  1e-07 229 0

0111000
+777 0 *
Wi

0101100
+781 0 *
Fa
0  1e-07 230 0

0111000
+775 0 *
Wi

0101100
-778 0 *
Fa
0  1e-07 231 0

0111000
-773 0 *
Sh

0101100
+776 0 +774 0 -772 0 *
So

0100000
+771 0 *
Ve
1e-07
300 1108.94018830885 695.838257766093
0 0

0101101
*
Ed
 1e-07 1 1 0
1  232 0 0 6.28318530717959
2  463 232 0 0 6.28318530717959
2  464 233 0 0 6.28318530717959
0

0101000
+769 0 -769 0 *
Ve
1e-07
300 1110.64531763842 686.081808682372
0 0

0101101
*
Ed
 1e-07 1 1 0
1  233 0 0 9.90433060604363
3  465 466CN 232 0 0 9.90433060604363
0

0101000
-769 0 +767 0 *
Ed
 1e-07 1 1 0
1  234 0 0 6.28318530717959
2  467 232 0 0 6.28318530717959
2  468 234 0 0 6.28318530717959
0

0101000
+767 0 -767 0 *
Wi

0101100
-768 0 +766 0 +765 0 -766 0 *
Fa
0  1e-07 232 0

0111000
+764 0 *
Wi

0101100
+768 0 *
Fa
0  1e-07 233 0

0111000
+762 0 *
Wi

0101100
-765 0 *
Fa
0  1e-07 234 0

0111000
-760 0 *
Sh

0101100
+763 0 +761 0 -759 0 *
So

0100000
+758 0 *
Ve
1e-07
300 1107.23761287191 705.800328070681
0 0

0101101
*
Ed
 1e-07 1 1 0
1  235 0 0 6.28318530717959
2  469 235 0 0 6.28318530717959
2  470 236 0 0 6.28318530717959
0

0101000
+756 0 -756 0 *
Ve
1e-07
300 1108.94274220148 695.823481580808
0 0

0101101
*
Ed
 1e-07 1 1 0
1  236 0 0 10.121508381316
3  471 472CN 235 0 0 10.121508381316
0

0101000
-756 0 +754 0 *
Ed
 1e-07 1 1 0
1  237 0 0 6.28318530717959
2  473 235 0 0 6.28318530717959
2  474 237 0 0 6.28318530717959
0

0101000
+754 0 -754 0 *
Wi

0101100
-755 0 +753 0 +752 0 -753 0 *
Fa
0  1e-07 235 0

0111000
+751 0 *
Wi

0101100
+755 0 *
Fa
0  1e-07 236 0

0111000
+749 0 *
Wi

0101100
-752 0 *
Fa
0  1e-07 237 0

0111000
-747 0 *
Sh

0101100
+750 0 +748 0 -746 0 *
So

0100000
+745 0 *
Ve
1e-07
300 1105.53487813995 715.983407873009
0 0

0101101
*
Ed
 1e-07 1 1 0
1  238 0 0 6.28318530717959
2  475 238 0 0 6.28318530717959
2  476 239 0 0 6.28318530717959
0

0101000
+743 0 -743 0 *
Ve
1e-07
300 1107.24000746952 705.786163976985
0 0

0101101
*
Ed
 1e-07 1 1 0
1  239 0 0 10.3388224235434
3  477 478CN 238 0 0 10.3388224235434
0

0101000
-743 0 +741 0 *
Ed
 1e-07 1 1 0
1  240 0 0 6.28318530717959
2  479 238 0 0 6.28318530717959
2  480 240 0 0 6.28318530717959
0

0101000
+741 0 -741 0 *
Wi

0101100
-742 0 +740 0 +739 0 -740 0 *
Fa
0  1e-07 238 0

0111000
+738 0 *
Wi

0101100
+742 0 *
Fa
0  1e-07 239 0

0111000
+736 0 *
Wi

0101100
-739 0 *
Fa
0  1e-07 240 0

0111000
-734 0 *
Sh

0101100
+737 0 +735 0 -733 0 *
So

0100000
+732 0 *
Ve
1e-07
300 1238 600
0 0

0101101
*
Ed
 1e-07 1 1 1
2  481 241 0 0 6.28318530717959
0

0101000
+730 0 -730 0 *
Ve
1e-07
300 1238 592
0 0

0101101
*
Ed
 1e-07 1 1 0
1  241 0 4.71238898038469 7.85398163397448
3  482 483CN 241 0 4.71238898038469 7.85398163397448
0

0101000
-730 0 +728 0 *
Ed
 1e-07 1 1 1
2  484 241 0 0 6.28318530717959
0

0101000
+728 0 -728 0 *
Wi

0101100
-729 0 +727 0 +726 0 -727 0 *
Fa
0  1e-07 241 0

0111000
+725 0 *
Sh

0101100
+724 0 *
So

0100000
+723 0 *
Ve
1e-07
300 1236.29487067043 592.785848810073
0 0

0101101
*
Ed
 1e-07 1 1 1
2  485 242 0 0 6.28318530717959
0

0101000
+721 0 -721 0 *
Ve
1e-07
300 1236.29487067043 584.785848810073
0 0

0101101
*
Ed
 1e-07 1 1 0
1  242 0 4.71238898038469 7.85398163397448
3  486 487CN 242 0 4.71238898038469 7.85398163397448
0

0101000
-721 0 +719 0 *
Ed
 1e-07 1 1 1
2  488 242 0 0 6.28318530717959
0

0101000
+719 0 -719 0 *
Wi

0101100
-720 0 +718 0 +717 0 -718 0 *
Fa
0  1e-07 242 0

0111000
+716 0 *
Sh

0101100
+715 0 *
So

0100000
+714 0 *
Ve
1e-07
300 1234.58974134086 585.792095026298
0 0

0101101
*
Ed
 1e-07 1 1 1
2  489 243 0 0 6.28318530717959
0

0101000
+712 0 -712 0 *
Ve
1e-07
300 1234.58974134086 577.792095026298
0 0

0101101
*
Ed
 1e-07 1 1 0
1  243 0 4.71238898038469 7.85398163397448
3  490 491CN 243 0 4.71238898038469 7.85398163397448
0

0101000
-712 0 +710 0 *
Ed
 1e-07 1 1 1
2  492 243 0 0 6.28318530717959
0

0101000
+710 0 -710 0 *
Wi

0101100
-711 0 +709 0 +708 0 -709 0 *
Fa
0  1e-07 243 0

0111000
+707 0 *
Sh

0101100
+706 0 *
So

0100000
+705 0 *
Ve
1e-07
300 1232.88461201129 579.018738648673
0 0

0101101
*
Ed
 1e-07 1 1 1
2  493 244 0 0 6.28318530717959
0

0101000
+703 0 -703 0 *
Ve
1e-07
300 1232.88461201129 571.018738648673
0 0

0101101
*
Ed
 1e-07 1 1 0
1  244 0 4.71238898038469 7.85398163397448
3  494 495CN 244 0 4.71238898038469 7.85398163397448
0

0101000
-703 0 +701 0 *
Ed
 1e-07 1 1 1
2  496 244 0 0 6.28318530717959
0

0101000
+701 0 -701 0 *
Wi

0101100
-702 0 +700 0 +699 0 -700 0 *
Fa
0  1e-07 244 0

0111000
+698 0 *
Sh

0101100
+697 0 *
So

0100000
+696 0 *
Ve
1e-07
300 1231.17948268172 572.4657796772
0 0

0101101
*
Ed
 1e-07 1 1 1
2  497 245 0 0 6.28318530717959
0

0101000
+694 0 -694 0 *
Ve
1e-07
300 1231.17948268172 564.4657796772
0 0

0101101
*
Ed
 1e-07 1 1 0
1  245 0 4.71238898038469 7.85398163397448
3  498 499CN 245 0 4.71238898038469 7.85398163397448
0

0101000
-694 0 +692 0 *
Ed
 1e-07 1 1 1
2  500 245 0 0 6.28318530717959
0

0101000
+692 0 -692 0 *
Wi

0101100
-693 0 +691 0 +690 0 -691 0 *
Fa
0  1e-07 245 0

0111000
+689 0 *
Sh

0101100
+688 0 *
So

0100000
+687 0 *
Ve
1e-07
300 1229.47435335215 566.133218111879
0 0

0101101
*
Ed
 1e-07 1 1 1
2  501 246 0 0 6.28318530717959
0

0101000
+685 0 -685 0 *
Ve
1e-07
300 1229.47435335215 558.133218111879
0 0

0101101
*
Ed
 1e-07 1 1 0
1  246 0 4.71238898038469 7.85398163397448
3  502 503CN 246 0 4.71238898038469 7.85398163397448
0

0101000
-685 0 +683 0 *
Ed
 1e-07 1 1 1
2  504 246 0 0 6.28318530717959
0

0101000
+683 0 -683 0 *
Wi

0101100
-684 0 +682 0 +681 0 -682 0 *
Fa
0  1e-07 246 0

0111000
+680 0 *
Sh

0101100
+679 0 *
So

0100000
+678 0 *
Ve
1e-07
300 1227.76922402258 560.021053952708
0 0

0101101
*
Ed
 1e-07 1 1 1
2  505 247 0 0 6.28318530717959
0

0101000
+676 0 -676 0 *
Ve
1e-07
300 1227.76922402258 552.021053952708
0 0

0101101
*
Ed
 1e-07 1 1 0
1  247 0 4.71238898038469 7.85398163397448
3  506 507CN 247 0 4.71238898038469 7.85398163397448
0

0101000
-676 0 +674 0 *
Ed
 1e-07 1 1 1
2  508 247 0 0 6.28318530717959
0

0101000
+674 0 -674 0 *
Wi

0101100
-675 0 +673 0 +672 0 -673 0 *
Fa
0  1e-07 247 0

0111000
+671 0 *
Sh

0101100
+670 0 *
So

0100000
+669 0 *
Ve
1e-07
300 1226.06409469301 554.129287199689
0 0

0101101
*
Ed
 1e-07 1 1 1
2  509 248 0 0 6.28318530717959
0

0101000
+667 0 -667 0 *
Ve
1e-07
300 1226.06409469301 546.129287199689
0 0

0101101
*
Ed
 1e-07 1 1 0
1  248 0 4.71238898038469 7.85398163397448
3  510 511CN 248 0 4.71238898038469 7.85398163397448
0

0101000
-667 0 +665 0 *
Ed
 1e-07 1 1 1
2  512 248 0 0 6.28318530717959
0

0101000
+665 0 -665 0 *
Wi

0101100
-666 0 +664 0 +663 0 -664 0 *
Fa
0  1e-07 248 0

0111000
+662 0 *
Sh

0101100
+661 0 *
So

0100000
+660 0 *
Ve
1e-07
300 1224.35896536344 548.457917852821
0 0

0101101
*
Ed
 1e-07 1 1 1
2  513 249 0 0 6.28318530717959
0

0101000
+658 0 -658 0 *
Ve
1e-07
300 1224.35896536344 540.457917852821
0 0

0101101
*
Ed
 1e-07 1 1 0
1  249 0 4.71238898038469 7.85398163397448
3  514 515CN 249 0 4.71238898038469 7.85398163397448
0

0101000
-658 0 +656 0 *
Ed
 1e-07 1 1 1
2  516 249 0 0 6.28318530717959
0

0101000
+656 0 -656 0 *
Wi

0101100
-657 0 +655 0 +654 0 -655 0 *
Fa
0  1e-07 249 0

0111000
+653 0 *
Sh

0101100
+652 0 *
So

0100000
+651 0 *
Ve
1e-07
300 1222.65383603387 543.006945912105
0 0

0101101
*
Ed
 1e-07 1 1 1
2  517 250 0 0 6.28318530717959
0

0101000
+649 0 -649 0 *
Ve
1e-07
300 1222.65383603387 535.006945912105
0 0

0101101
*
Ed
 1e-07 1 1 0
1  250 0 4.71238898038469 7.85398163397448
3  518 519CN 250 0 4.71238898038469 7.85398163397448
0

0101000
-649 0 +647 0 *
Ed
 1e-07 1 1 1
2  520 250 0 0 6.28318530717959
0

0101000
+647 0 -647 0 *
Wi

0101100
-648 0 +646 0 +645 0 -646 0 *
Fa
0  1e-07 250 0

0111000
+644 0 *
Sh

0101100
+643 0 *
So

0100000
+642 0 *
Ve
1e-07
300 1220.9487067043 537.77637137754
0 0

0101101
*
Ed
 1e-07 1 1 1
2  521 251 0 0 6.28318530717959
0

0101000
+640 0 -640 0 *
Ve
1e-07
300 1220.9487067043 529.77637137754
0 0

0101101
*
Ed
 1e-07 1 1 0
1  251 0 4.71238898038469 7.85398163397448
3  522 523CN 251 0 4.71238898038469 7.85398163397448
0

0101000
-640 0 +638 0 *
Ed
 1e-07 1 1 1
2  524 251 0 0 6.28318530717959
0

0101000
+638 0 -638 0 *
Wi

0101100
-639 0 +637 0 +636 0 -637 0 *
Fa
0  1e-07 251 0

0111000
+635 0 *
Sh

0101100
+634 0 *
So

0100000
+633 0 *
Ve
1e-07
300 1219.24357737473 532.766194249126
0 0

0101101
*
Ed
 1e-07 1 1 1
2  525 252 0 0 6.28318530717959
0

0101000
+631 0 -631 0 *
Ve
1e-07
300 1219.24357737473 524.766194249126
0 0

0101101
*
Ed
 1e-07 1 1 0
1  252 0 4.71238898038469 7.85398163397448
3  526 527CN 252 0 4.71238898038469 7.85398163397448
0

0101000
-631 0 +629 0 *
Ed
 1e-07 1 1 1
2  528 252 0 0 6.28318530717959
0

0101000
+629 0 -629 0 *
Wi

0101100
-630 0 +628 0 +627 0 -628 0 *
Fa
0  1e-07 252 0

0111000
+626 0 *
Sh

0101100
+625 0 *
So

0100000
+624 0 *
Ve
1e-07
300 1217.53844804516 527.976414526863
0 0

0101101
*
Ed
 1e-07 1 1 1
2  529 253 0 0 6.28318530717959
0

0101000
+622 0 -622 0 *
Ve
1e-07
300 1217.53844804516 519.976414526863
0 0

0101101
*
Ed
 1e-07 1 1 0
1  253 0 4.71238898038469 7.85398163397448
3  530 531CN 253 0 4.71238898038469 7.85398163397448
0

0101000
-622 0 +620 0 *
Ed
 1e-07 1 1 1
2  532 253 0 0 6.28318530717959
0

0101000
+620 0 -620 0 *
Wi

0101100
-621 0 +619 0 +618 0 -619 0 *
Fa
0  1e-07 253 0

0111000
+617 0 *
Sh

0101100
+616 0 *
So

0100000
+615 0 *
Ve
1e-07
300 1215.83331871559 523.407032210751
0 0

0101101
*
Ed
 1e-07 1 1 1
2  533 254 0 0 6.28318530717959
0

0101000
+613 0 -613 0 *
Ve
1e-07
300 1215.83331871559 515.407032210751
0 0

0101101
*
Ed
 1e-07 1 1 0
1  254 0 4.71238898038469 7.85398163397448
3  534 535CN 254 0 4.71238898038469 7.85398163397448
0

0101000
-613 0 +611 0 *
Ed
 1e-07 1 1 1
2  536 254 0 0 6.28318530717959
0

0101000
+611 0 -611 0 *
Wi

0101100
-612 0 +610 0 +609 0 -610 0 *
Fa
0  1e-07 254 0

0111000
+608 0 *
Sh

0101100
+607 0 *
So

0100000
+606 0 *
Ve
1e-07
300 1214.12818938602 519.058047300791
0 0

0101101
*
Ed
 1e-07 1 1 1
2  537 255 0 0 6.28318530717959
0

0101000
+604 0 -604 0 *
Ve
1e-07
300 1214.12818938602 511.058047300791
0 0

0101101
*
Ed
 1e-07 1 1 0
1  255 0 4.71238898038469 7.85398163397448
3  538 539CN 255 0 4.71238898038469 7.85398163397448
0

0101000
-604 0 +602 0 *
Ed
 1e-07 1 1 1
2  540 255 0 0 6.28318530717959
0

0101000
+602 0 -602 0 *
Wi

0101100
-603 0 +601 0 +600 0 -601 0 *
Fa
0  1e-07 255 0

0111000
+599 0 *
Sh

0101100
+598 0 *
So

0100000
+597 0 *
Ve
1e-07
300 1212.42306005645 514.929459796982
0 0

0101101
*
Ed
 1e-07 1 1 1
2  541 256 0 0 6.28318530717959
0

0101000
+595 0 -595 0 *
Ve
1e-07
300 1212.42306005645 506.929459796982
0 0

0101101
*
Ed
 1e-07 1 1 0
1  256 0 4.71238898038469 7.85398163397448
3  542 543CN 256 0 4.71238898038469 7.85398163397448
0

0101000
-595 0 +593 0 *
Ed
 1e-07 1 1 1
2  544 256 0 0 6.28318530717959
0

0101000
+593 0 -593 0 *
Wi

0101100
-594 0 +592 0 +591 0 -592 0 *
Fa
0  1e-07 256 0

0111000
+590 0 *
Sh

0101100
+589 0 *
So

0100000
+588 0 *
Ve
1e-07
300 1210.71793072688 511.021269699325
0 0

0101101
*
Ed
 1e-07 1 1 1
2  545 257 0 0 6.28318530717959
0

0101000
+586 0 -586 0 *
Ve
1e-07
300 1210.71793072688 503.021269699325
0 0

0101101
*
Ed
 1e-07 1 1 0
1  257 0 4.71238898038469 7.85398163397448
3  546 547CN 257 0 4.71238898038469 7.85398163397448
0

0101000
-586 0 +584 0 *
Ed
 1e-07 1 1 1
2  548 257 0 0 6.28318530717959
0

0101000
+584 0 -584 0 *
Wi

0101100
-585 0 +583 0 +582 0 -583 0 *
Fa
0  1e-07 257 0

0111000
+581 0 *
Sh

0101100
+580 0 *
So

0100000
+579 0 *
Ve
1e-07
300 1209.01280139731 507.333477007818
0 0

0101101
*
Ed
 1e-07 1 1 1
2  549 258 0 0 6.28318530717959
0

0101000
+577 0 -577 0 *
Ve
1e-07
300 1209.01280139731 499.333477007818
0 0

0101101
*
Ed
 1e-07 1 1 0
1  258 0 4.71238898038469 7.85398163397448
3  550 551CN 258 0 4.71238898038469 7.85398163397448
0

0101000
-577 0 +575 0 *
Ed
 1e-07 1 1 1
2  552 258 0 0 6.28318530717959
0

0101000
+575 0 -575 0 *
Wi

0101100
-576 0 +574 0 +573 0 -574 0 *
Fa
0  1e-07 258 0

0111000
+572 0 *
Sh

0101100
+571 0 *
So

0100000
+570 0 *
Ve
1e-07
300 1207.30767206773 503.866081722463
0 0

0101101
*
Ed
 1e-07 1 1 1
2  553 259 0 0 6.28318530717959
0

0101000
+568 0 -568 0 *
Ve
1e-07
300 1207.30767206773 495.866081722463
0 0

0101101
*
Ed
 1e-07 1 1 0
1  259 0 4.71238898038469 7.85398163397448
3  554 555CN 259 0 4.71238898038469 7.85398163397448
0

0101000
-568 0 +566 0 *
Ed
 1e-07 1 1 1
2  556 259 0 0 6.28318530717959
0

0101000
+566 0 -566 0 *
Wi

0101100
-567 0 +565 0 +564 0 -565 0 *
Fa
0  1e-07 259 0

0111000
+563 0 *
Sh

0101100
+562 0 *
So

0100000
+561 0 *
Ve
1e-07
300 1205.60254273816 500.61908384326
0 0

0101101
*
Ed
 1e-07 1 1 1
2  557 260 0 0 6.28318530717959
0

0101000
+559 0 -559 0 *
Ve
1e-07
300 1205.60254273816 492.61908384326
0 0

0101101
*
Ed
 1e-07 1 1 0
1  260 0 4.71238898038469 7.85398163397448
3  558 559CN 260 0 4.71238898038469 7.85398163397448
0

0101000
-559 0 +557 0 *
Ed
 1e-07 1 1 1
2  560 260 0 0 6.28318530717959
0

0101000
+557 0 -557 0 *
Wi

0101100
-558 0 +556 0 +555 0 -556 0 *
Fa
0  1e-07 260 0

0111000
+554 0 *
Sh

0101100
+553 0 *
So

0100000
+552 0 *
Ve
1e-07
300 1203.89741340859 497.592483370207
0 0

0101101
*
Ed
 1e-07 1 1 1
2  561 261 0 0 6.28318530717959
0

0101000
+550 0 -550 0 *
Ve
1e-07
300 1203.89741340859 489.592483370207
0 0

0101101
*
Ed
 1e-07 1 1 0
1  261 0 4.71238898038469 7.85398163397448
3  562 563CN 261 0 4.71238898038469 7.85398163397448
0

0101000
-550 0 +548 0 *
Ed
 1e-07 1 1 1
2  564 261 0 0 6.28318530717959
0

0101000
+548 0 -548 0 *
Wi

0101100
-549 0 +547 0 +546 0 -547 0 *
Fa
0  1e-07 261 0

0111000
+545 0 *
Sh

0101100
+544 0 *
So

0100000
+543 0 *
Ve
1e-07
300 1202.19228407902 494.786280303306
0 0

0101101
*
Ed
 1e-07 1 1 1
2  565 262 0 0 6.28318530717959
0

0101000
+541 0 -541 0 *
Ve
1e-07
300 1202.19228407902 486.786280303306
0 0

0101101
*
Ed
 1e-07 1 1 0
1  262 0 4.71238898038469 7.85398163397448
3  566 567CN 262 0 4.71238898038469 7.85398163397448
0

0101000
-541 0 +539 0 *
Ed
 1e-07 1 1 1
2  568 262 0 0 6.28318530717959
0

0101000
+539 0 -539 0 *
Wi

0101100
-540 0 +538 0 +537 0 -538 0 *
Fa
0  1e-07 262 0

0111000
+536 0 *
Sh

0101100
+535 0 *
So

0100000
+534 0 *
Ve
1e-07
300 1200.48715474945 492.200474642556
0 0

0101101
*
Ed
 1e-07 1 1 1
2  569 263 0 0 6.28318530717959
0

0101000
+532 0 -532 0 *
Ve
1e-07
300 1200.48715474945 484.200474642556
0 0

0101101
*
Ed
 1e-07 1 1 0
1  263 0 4.71238898038469 7.85398163397448
3  570 571CN 263 0 4.71238898038469 7.85398163397448
0

0101000
-532 0 +530 0 *
Ed
 1e-07 1 1 1
2  572 263 0 0 6.28318530717959
0

0101000
+530 0 -530 0 *
Wi

0101100
-531 0 +529 0 +528 0 -529 0 *
Fa
0  1e-07 263 0

0111000
+527 0 *
Sh

0101100
+526 0 *
So

0100000
+525 0 *
Ve
1e-07
300 1198.78202541988 489.835066387957
0 0

0101101
*
Ed
 1e-07 1 1 1
2  573 264 0 0 6.28318530717959
0

0101000
+523 0 -523 0 *
Ve
1e-07
300 1198.78202541988 481.835066387957
0 0

0101101
*
Ed
 1e-07 1 1 0
1  264 0 4.71238898038469 7.85398163397448
3  574 575CN 264 0 4.71238898038469 7.85398163397448
0

0101000
-523 0 +521 0 *
Ed
 1e-07 1 1 1
2  576 264 0 0 6.28318530717959
0

0101000
+521 0 -521 0 *
Wi

0101100
-522 0 +520 0 +519 0 -520 0 *
Fa
0  1e-07 264 0

0111000
+518 0 *
Sh

0101100
+517 0 *
So

0100000
+516 0 *
Ve
1e-07
300 1197.07689609031 487.69005553951
0 0

0101101
*
Ed
 1e-07 1 1 1
2  577 265 0 0 6.28318530717959
0

0101000
+514 0 -514 0 *
Ve
1e-07
300 1197.07689609031 479.69005553951
0 0

0101101
*
Ed
 1e-07 1 1 0
1  265 0 4.71238898038469 7.85398163397448
3  578 579CN 265 0 4.71238898038469 7.85398163397448
0

0101000
-514 0 +512 0 *
Ed
 1e-07 1 1 1
2  580 265 0 0 6.28318530717959
0

0101000
+512 0 -512 0 *
Wi

0101100
-513 0 +511 0 +510 0 -511 0 *
Fa
0  1e-07 265 0

0111000
+509 0 *
Sh

0101100
+508 0 *
So

0100000
+507 0 *
Ve
1e-07
300 1195.37176676074 485.765442097214
0 0

0101101
*
Ed
 1e-07 1 1 1
2  581 266 0 0 6.28318530717959
0

0101000
+505 0 -505 0 *
Ve
1e-07
300 1195.37176676074 477.765442097214
0 0

0101101
*
Ed
 1e-07 1 1 0
1  266 0 4.71238898038469 7.85398163397448
3  582 583CN 266 0 4.71238898038469 7.85398163397448
0

0101000
-505 0 +503 0 *
Ed
 1e-07 1 1 1
2  584 266 0 0 6.28318530717959
0

0101000
+503 0 -503 0 *
Wi

0101100
-504 0 +502 0 +501 0 -502 0 *
Fa
0  1e-07 266 0

0111000
+500 0 *
Sh

0101100
+499 0 *
So

0100000
+498 0 *
Ve
1e-07
300 1193.66663743117 484.061226061069
0 0

0101101
*
Ed
 1e-07 1 1 1
2  585 267 0 0 6.28318530717959
0

0101000
+496 0 -496 0 *
Ve
1e-07
300 1193.66663743117 476.061226061069
0 0

0101101
*
Ed
 1e-07 1 1 0
1  267 0 4.71238898038469 7.85398163397448
3  586 587CN 267 0 4.71238898038469 7.85398163397448
0

0101000
-496 0 +494 0 *
Ed
 1e-07 1 1 1
2  588 267 0 0 6.28318530717959
0

0101000
+494 0 -494 0 *
Wi

0101100
-495 0 +493 0 +492 0 -493 0 *
Fa
0  1e-07 267 0

0111000
+491 0 *
Sh

0101100
+490 0 *
So

0100000
+489 0 *
Ve
1e-07
300 1191.9615081016 482.577407431075
0 0

0101101
*
Ed
 1e-07 1 1 1
2  589 268 0 0 6.28318530717959
0

0101000
+487 0 -487 0 *
Ve
1e-07
300 1191.9615081016 474.577407431075
0 0

0101101
*
Ed
 1e-07 1 1 0
1  268 0 4.71238898038469 7.85398163397448
3  590 591CN 268 0 4.71238898038469 7.85398163397448
0

0101000
-487 0 +485 0 *
Ed
 1e-07 1 1 1
2  592 268 0 0 6.28318530717959
0

0101000
+485 0 -485 0 *
Wi

0101100
-486 0 +484 0 +483 0 -484 0 *
Fa
0  1e-07 268 0

0111000
+482 0 *
Sh

0101100
+481 0 *
So

0100000
+480 0 *
Ve
1e-07
300 1190.25637877203 481.313986207233
0 0

0101101
*
Ed
 1e-07 1 1 1
2  593 269 0 0 6.28318530717959
0

0101000
+478 0 -478 0 *
Ve
1e-07
300 1190.25637877203 473.313986207233
0 0

0101101
*
Ed
 1e-07 1 1 0
1  269 0 4.71238898038469 7.85398163397448
3  594 595CN 269 0 4.71238898038469 7.85398163397448
0

0101000
-478 0 +476 0 *
Ed
 1e-07 1 1 1
2  596 269 0 0 6.28318530717959
0

0101000
+476 0 -476 0 *
Wi

0101100
-477 0 +475 0 +474 0 -475 0 *
Fa
0  1e-07 269 0

0111000
+473 0 *
Sh

0101100
+472 0 *
So

0100000
+471 0 *
Ve
1e-07
300 1188.55124944246 480.270962389542
0 0

0101101
*
Ed
 1e-07 1 1 1
2  597 270 0 0 6.28318530717959
0

0101000
+469 0 -469 0 *
Ve
1e-07
300 1188.55124944246 472.270962389542
0 0

0101101
*
Ed
 1e-07 1 1 0
1  270 0 4.71238898038469 7.85398163397448
3  598 599CN 270 0 4.71238898038469 7.85398163397448
0

0101000
-469 0 +467 0 *
Ed
 1e-07 1 1 1
2  600 270 0 0 6.28318530717959
0

0101000
+467 0 -467 0 *
Wi

0101100
-468 0 +466 0 +465 0 -466 0 *
Fa
0  1e-07 270 0

0111000
+464 0 *
Sh

0101100
+463 0 *
So

0100000
+462 0 *
Ve
1e-07
300 1186.84612011289 479.448335978002
0 0

0101101
*
Ed
 1e-07 1 1 1
2  601 271 0 0 6.28318530717959
0

0101000
+460 0 -460 0 *
Ve
1e-07
300 1186.84612011289 471.448335978002
0 0

0101101
*
Ed
 1e-07 1 1 0
1  271 0 4.71238898038469 7.85398163397448
3  602 603CN 271 0 4.71238898038469 7.85398163397448
0

0101000
-460 0 +458 0 *
Ed
 1e-07 1 1 1
2  604 271 0 0 6.28318530717959
0

0101000
+458 0 -458 0 *
Wi

0101100
-459 0 +457 0 +456 0 -457 0 *
Fa
0  1e-07 271 0

0111000
+455 0 *
Sh

0101100
+454 0 *
So

0100000
+453 0 *
Ve
1e-07
300 1185.14099078332 478.846106972614
0 0

0101101
*
Ed
 1e-07 1 1 1
2  605 272 0 0 6.28318530717959
0

0101000
+451 0 -451 0 *
Ve
1e-07
300 1185.14099078332 470.846106972614
0 0

0101101
*
Ed
 1e-07 1 1 0
1  272 0 4.71238898038469 7.85398163397448
3  606 607CN 272 0 4.71238898038469 7.85398163397448
0

0101000
-451 0 +449 0 *
Ed
 1e-07 1 1 1
2  608 272 0 0 6.28318530717959
0

0101000
+449 0 -449 0 *
Wi

0101100
-450 0 +448 0 +447 0 -448 0 *
Fa
0  1e-07 272 0

0111000
+446 0 *
Sh

0101100
+445 0 *
So

0100000
+444 0 *
Ve
1e-07
300 1183.43586145375 478.464275373377
0 0

0101101
*
Ed
 1e-07 1 1 1
2  609 273 0 0 6.28318530717959
0

0101000
+442 0 -442 0 *
Ve
1e-07
300 1183.43586145375 470.464275373377
0 0

0101101
*
Ed
 1e-07 1 1 0
1  273 0 4.71238898038469 7.85398163397448
3  610 611CN 273 0 4.71238898038469 7.85398163397448
0

0101000
-442 0 +440 0 *
Ed
 1e-07 1 1 1
2  612 273 0 0 6.28318530717959
0

0101000
+440 0 -440 0 *
Wi

0101100
-441 0 +439 0 +438 0 -439 0 *
Fa
0  1e-07 273 0

0111000
+437 0 *
Sh

0101100
+436 0 *
So

0100000
+435 0 *
Ve
1e-07
300 1181.73073212418 478.302841180291
0 0

0101101
*
Ed
 1e-07 1 1 1
2  613 274 0 0 6.28318530717959
0

0101000
+433 0 -433 0 *
Ve
1e-07
300 1181.73073212418 470.302841180291
0 0

0101101
*
Ed
 1e-07 1 1 0
1  274 0 4.71238898038469 7.85398163397448
3  614 615CN 274 0 4.71238898038469 7.85398163397448
0

0101000
-433 0 +431 0 *
Ed
 1e-07 1 1 1
2  616 274 0 0 6.28318530717959
0

0101000
+431 0 -431 0 *
Wi

0101100
-432 0 +430 0 +429 0 -430 0 *
Fa
0  1e-07 274 0

0111000
+428 0 *
Sh

0101100
+427 0 *
So

0100000
+426 0 *
Ve
1e-07
300 1180.02560279461 478.361804393356
0 0

0101101
*
Ed
 1e-07 1 1 1
2  617 275 0 0 6.28318530717959
0

0101000
+424 0 -424 0 *
Ve
1e-07
300 1180.02560279461 470.361804393356
0 0

0101101
*
Ed
 1e-07 1 1 0
1  275 0 4.71238898038469 7.85398163397448
3  618 619CN 275 0 4.71238898038469 7.85398163397448
0

0101000
-424 0 +422 0 *
Ed
 1e-07 1 1 1
2  620 275 0 0 6.28318530717959
0

0101000
+422 0 -422 0 *
Wi

0101100
-423 0 +421 0 +420 0 -421 0 *
Fa
0  1e-07 275 0

0111000
+419 0 *
Sh

0101100
+418 0 *
So

0100000
+417 0 *
Ve
1e-07
300 1178.32047346504 478.641165012573
0 0

0101101
*
Ed
 1e-07 1 1 1
2  621 276 0 0 6.28318530717959
0

0101000
+415 0 -415 0 *
Ve
1e-07
300 1178.32047346504 470.641165012573
0 0

0101101
*
Ed
 1e-07 1 1 0
1  276 0 4.71238898038469 7.85398163397448
3  622 623CN 276 0 4.71238898038469 7.85398163397448
0

0101000
-415 0 +413 0 *
Ed
 1e-07 1 1 1
2  624 276 0 0 6.28318530717959
0

0101000
+413 0 -413 0 *
Wi

0101100
-414 0 +412 0 +411 0 -412 0 *
Fa
0  1e-07 276 0

0111000
+410 0 *
Sh

0101100
+409 0 *
So

0100000
+408 0 *
Ve
1e-07
300 1176.61534413547 479.140923037941
0 0

0101101
*
Ed
 1e-07 1 1 1
2  625 277 0 0 6.28318530717959
0

0101000
+406 0 -406 0 *
Ve
1e-07
300 1176.61534413547 471.140923037941
0 0

0101101
*
Ed
 1e-07 1 1 0
1  277 0 4.71238898038469 7.85398163397448
3  626 627CN 277 0 4.71238898038469 7.85398163397448
0

0101000
-406 0 +404 0 *
Ed
 1e-07 1 1 1
2  628 277 0 0 6.28318530717959
0

0101000
+404 0 -404 0 *
Wi

0101100
-405 0 +403 0 +402 0 -403 0 *
Fa
0  1e-07 277 0

0111000
+401 0 *
Sh

0101100
+400 0 *
So

0100000
+399 0 *
Ve
1e-07
300 1174.9102148059 479.86107846946
0 0

0101101
*
Ed
 1e-07 1 1 1
2  629 278 0 0 6.28318530717959
0

0101000
+397 0 -397 0 *
Ve
1e-07
300 1174.9102148059 471.86107846946
0 0

0101101
*
Ed
 1e-07 1 1 0
1  278 0 4.71238898038469 7.85398163397448
3  630 631CN 278 0 4.71238898038469 7.85398163397448
0

0101000
-397 0 +395 0 *
Ed
 1e-07 1 1 1
2  632 278 0 0 6.28318530717959
0

0101000
+395 0 -395 0 *
Wi

0101100
-396 0 +394 0 +393 0 -394 0 *
Fa
0  1e-07 278 0

0111000
+392 0 *
Sh

0101100
+391 0 *
So

0100000
+390 0 *
Ve
1e-07
300 1173.20508547633 480.801631307131
0 0

0101101
*
Ed
 1e-07 1 1 1
2  633 279 0 0 6.28318530717959
0

0101000
+388 0 -388 0 *
Ve
1e-07
300 1173.20508547633 472.801631307131
0 0

0101101
*
Ed
 1e-07 1 1 0
1  279 0 4.71238898038469 7.85398163397448
3  634 635CN 279 0 4.71238898038469 7.85398163397448
0

0101000
-388 0 +386 0 *
Ed
 1e-07 1 1 1
2  636 279 0 0 6.28318530717959
0

0101000
+386 0 -386 0 *
Wi

0101100
-387 0 +385 0 +384 0 -385 0 *
Fa
0  1e-07 279 0

0111000
+383 0 *
Sh

0101100
+382 0 *
So

0100000
+381 0 *
Ve
1e-07
300 1171.49995614676 481.962581550952
0 0

0101101
*
Ed
 1e-07 1 1 1
2  637 280 0 0 6.28318530717959
0

0101000
+379 0 -379 0 *
Ve
1e-07
300 1171.49995614676 473.962581550952
0 0

0101101
*
Ed
 1e-07 1 1 0
1  280 0 4.71238898038469 7.85398163397448
3  638 639CN 280 0 4.71238898038469 7.85398163397448
0

0101000
-379 0 +377 0 *
Ed
 1e-07 1 1 1
2  640 280 0 0 6.28318530717959
0

0101000
+377 0 -377 0 *
Wi

0101100
-378 0 +376 0 +375 0 -376 0 *
Fa
0  1e-07 280 0

0111000
+374 0 *
Sh

0101100
+373 0 *
So

0100000
+372 0 *
Ve
1e-07
300 1169.79482681719 483.343929200925
0 0

0101101
*
Ed
 1e-07 1 1 1
2  641 281 0 0 6.28318530717959
0

0101000
+370 0 -370 0 *
Ve
1e-07
300 1169.79482681719 475.343929200925
0 0

0101101
*
Ed
 1e-07 1 1 0
1  281 0 4.71238898038469 7.85398163397448
3  642 643CN 281 0 4.71238898038469 7.85398163397448
0

0101000
-370 0 +368 0 *
Ed
 1e-07 1 1 1
2  644 281 0 0 6.28318530717959
0

0101000
+368 0 -368 0 *
Wi

0101100
-369 0 +367 0 +366 0 -367 0 *
Fa
0  1e-07 281 0

0111000
+365 0 *
Sh

0101100
+364 0 *
So

0100000
+363 0 *
Ve
1e-07
300 1168.08969748762 484.94567425705
0 0

0101101
*
Ed
 1e-07 1 1 1
2  645 282 0 0 6.28318530717959
0

0101000
+361 0 -361 0 *
Ve
1e-07
300 1168.08969748762 476.94567425705
0 0

0101101
*
Ed
 1e-07 1 1 0
1  282 0 4.71238898038469 7.85398163397448
3  646 647CN 282 0 4.71238898038469 7.85398163397448
0

0101000
-361 0 +359 0 *
Ed
 1e-07 1 1 1
2  648 282 0 0 6.28318530717959
0

0101000
+359 0 -359 0 *
Wi

0101100
-360 0 +358 0 +357 0 -358 0 *
Fa
0  1e-07 282 0

0111000
+356 0 *
Sh

0101100
+355 0 *
So

0100000
+354 0 *
Ve
1e-07
300 1166.38456815805 486.767816719325
0 0

0101101
*
Ed
 1e-07 1 1 1
2  649 283 0 0 6.28318530717959
0

0101000
+352 0 -352 0 *
Ve
1e-07
300 1166.38456815805 478.767816719325
0 0

0101101
*
Ed
 1e-07 1 1 0
1  283 0 4.71238898038469 7.85398163397448
3  650 651CN 283 0 4.71238898038469 7.85398163397448
0

0101000
-352 0 +350 0 *
Ed
 1e-07 1 1 1
2  652 283 0 0 6.28318530717959
0

0101000
+350 0 -350 0 *
Wi

0101100
-351 0 +349 0 +348 0 -349 0 *
Fa
0  1e-07 283 0

0111000
+347 0 *
Sh

0101100
+346 0 *
So

0100000
+345 0 *
Ve
1e-07
300 1164.67943882848 488.810356587752
0 0

0101101
*
Ed
 1e-07 1 1 1
2  653 284 0 0 6.28318530717959
0

0101000
+343 0 -343 0 *
Ve
1e-07
300 1164.67943882848 480.810356587752
0 0

0101101
*
Ed
 1e-07 1 1 0
1  284 0 4.71238898038469 7.85398163397448
3  654 655CN 284 0 4.71238898038469 7.85398163397448
0

0101000
-343 0 +341 0 *
Ed
 1e-07 1 1 1
2  656 284 0 0 6.28318530717959
0

0101000
+341 0 -341 0 *
Wi

0101100
-342 0 +340 0 +339 0 -340 0 *
Fa
0  1e-07 284 0

0111000
+338 0 *
Sh

0101100
+337 0 *
So

0100000
+336 0 *
Ve
1e-07
300 1162.97430949891 491.073293862331
0 0

0101101
*
Ed
 1e-07 1 1 1
2  657 285 0 0 6.28318530717959
0

0101000
+334 0 -334 0 *
Ve
1e-07
300 1162.97430949891 483.073293862331
0 0

0101101
*
Ed
 1e-07 1 1 0
1  285 0 4.71238898038469 7.85398163397448
3  658 659CN 285 0 4.71238898038469 7.85398163397448
0

0101000
-334 0 +332 0 *
Ed
 1e-07 1 1 1
2  660 285 0 0 6.28318530717959
0

0101000
+332 0 -332 0 *
Wi

0101100
-333 0 +331 0 +330 0 -331 0 *
Fa
0  1e-07 285 0

0111000
+329 0 *
Sh

0101100
+328 0 *
So

0100000
+327 0 *
Ve
1e-07
300 1161.26918016934 493.55662854306
0 0

0101101
*
Ed
 1e-07 1 1 1
2  661 286 0 0 6.28318530717959
0

0101000
+325 0 -325 0 *
Ve
1e-07
300 1161.26918016934 485.55662854306
0 0

0101101
*
Ed
 1e-07 1 1 0
1  286 0 4.71238898038469 7.85398163397448
3  662 663CN 286 0 4.71238898038469 7.85398163397448
0

0101000
-325 0 +323 0 *
Ed
 1e-07 1 1 1
2  664 286 0 0 6.28318530717959
0

0101000
+323 0 -323 0 *
Wi

0101100
-324 0 +322 0 +321 0 -322 0 *
Fa
0  1e-07 286 0

0111000
+320 0 *
Sh

0101100
+319 0 *
So

0100000
+318 0 *
Ve
1e-07
300 1159.56405083977 496.260360629941
0 0

0101101
*
Ed
 1e-07 1 1 1
2  665 287 0 0 6.28318530717959
0

0101000
+316 0 -316 0 *
Ve
1e-07
300 1159.56405083977 488.260360629941
0 0

0101101
*
Ed
 1e-07 1 1 0
1  287 0 4.71238898038469 7.85398163397448
3  666 667CN 287 0 4.71238898038469 7.85398163397448
0

0101000
-316 0 +314 0 *
Ed
 1e-07 1 1 1
2  668 287 0 0 6.28318530717959
0

0101000
+314 0 -314 0 *
Wi

0101100
-315 0 +313 0 +312 0 -313 0 *
Fa
0  1e-07 287 0

0111000
+311 0 *
Sh

0101100
+310 0 *
So

0100000
+309 0 *
Ve
1e-07
300 1157.8589215102 499.184490122973
0 0

0101101
*
Ed
 1e-07 1 1 1
2  669 288 0 0 6.28318530717959
0

0101000
+307 0 -307 0 *
Ve
1e-07
300 1157.8589215102 491.184490122973
0 0

0101101
*
Ed
 1e-07 1 1 0
1  288 0 4.71238898038469 7.85398163397448
3  670 671CN 288 0 4.71238898038469 7.85398163397448
0

0101000
-307 0 +305 0 *
Ed
 1e-07 1 1 1
2  672 288 0 0 6.28318530717959
0

0101000
+305 0 -305 0 *
Wi

0101100
-306 0 +304 0 +303 0 -304 0 *
Fa
0  1e-07 288 0

0111000
+302 0 *
Sh

0101100
+301 0 *
So

0100000
+300 0 *
Ve
1e-07
300 1156.15379218063 502.329017022156
0 0

0101101
*
Ed
 1e-07 1 1 1
2  673 289 0 0 6.28318530717959
0

0101000
+298 0 -298 0 *
Ve
1e-07
300 1156.15379218063 494.329017022156
0 0

0101101
*
Ed
 1e-07 1 1 0
1  289 0 4.71238898038469 7.85398163397448
3  674 675CN 289 0 4.71238898038469 7.85398163397448
0

0101000
-298 0 +296 0 *
Ed
 1e-07 1 1 1
2  676 289 0 0 6.28318530717959
0

0101000
+296 0 -296 0 *
Wi

0101100
-297 0 +295 0 +294 0 -295 0 *
Fa
0  1e-07 289 0

0111000
+293 0 *
Sh

0101100
+292 0 *
So

0100000
+291 0 *
Ve
1e-07
300 1154.44866285106 505.693941327491
0 0

0101101
*
Ed
 1e-07 1 1 1
2  677 290 0 0 6.28318530717959
0

0101000
+289 0 -289 0 *
Ve
1e-07
300 1154.44866285106 497.693941327491
0 0

0101101
*
Ed
 1e-07 1 1 0
1  290 0 4.71238898038469 7.85398163397448
3  678 679CN 290 0 4.71238898038469 7.85398163397448
0

0101000
-289 0 +287 0 *
Ed
 1e-07 1 1 1
2  680 290 0 0 6.28318530717959
0

0101000
+287 0 -287 0 *
Wi

0101100
-288 0 +286 0 +285 0 -286 0 *
Fa
0  1e-07 290 0

0111000
+284 0 *
Sh

0101100
+283 0 *
So

0100000
+282 0 *
Ve
1e-07
300 1152.74353352149 509.279263038976
0 0

0101101
*
Ed
 1e-07 1 1 1
2  681 291 0 0 6.28318530717959
0

0101000
+280 0 -280 0 *
Ve
1e-07
300 1152.74353352149 501.279263038976
0 0

0101101
*
Ed
 1e-07 1 1 0
1  291 0 4.71238898038469 7.85398163397448
3  682 683CN 291 0 4.71238898038469 7.85398163397448
0

0101000
-280 0 +278 0 *
Ed
 1e-07 1 1 1
2  684 291 0 0 6.28318530717959
0

0101000
+278 0 -278 0 *
Wi

0101100
-279 0 +277 0 +276 0 -277 0 *
Fa
0  1e-07 291 0

0111000
+275 0 *
Sh

0101100
+274 0 *
So

0100000
+273 0 *
Ve
1e-07
300 1151.03840419192 513.084982156613
0 0

0101101
*
Ed
 1e-07 1 1 1
2  685 292 0 0 6.28318530717959
0

0101000
+271 0 -271 0 *
Ve
1e-07
300 1151.03840419192 505.084982156613
0 0

0101101
*
Ed
 1e-07 1 1 0
1  292 0 4.71238898038469 7.85398163397448
3  686 687CN 292 0 4.71238898038469 7.85398163397448
0

0101000
-271 0 +269 0 *
Ed
 1e-07 1 1 1
2  688 292 0 0 6.28318530717959
0

0101000
+269 0 -269 0 *
Wi

0101100
-270 0 +268 0 +267 0 -268 0 *
Fa
0  1e-07 292 0

0111000
+266 0 *
Sh

0101100
+265 0 *
So

0100000
+264 0 *
Ve
1e-07
300 1149.33327486235 517.111098680402
0 0

0101101
*
Ed
 1e-07 1 1 1
2  689 293 0 0 6.28318530717959
0

0101000
+262 0 -262 0 *
Ve
1e-07
300 1149.33327486235 509.111098680402
0 0

0101101
*
Ed
 1e-07 1 1 0
1  293 0 4.71238898038469 7.85398163397448
3  690 691CN 293 0 4.71238898038469 7.85398163397448
0

0101000
-262 0 +260 0 *
Ed
 1e-07 1 1 1
2  692 293 0 0 6.28318530717959
0

0101000
+260 0 -260 0 *
Wi

0101100
-261 0 +259 0 +258 0 -259 0 *
Fa
0  1e-07 293 0

0111000
+257 0 *
Sh

0101100
+256 0 *
So

0100000
+255 0 *
Ve
1e-07
300 1147.62814553278 521.357612610342
0 0

0101101
*
Ed
 1e-07 1 1 1
2  693 294 0 0 6.28318530717959
0

0101000
+253 0 -253 0 *
Ve
1e-07
300 1147.62814553278 513.357612610342
0 0

0101101
*
Ed
 1e-07 1 1 0
1  294 0 4.71238898038469 7.85398163397448
3  694 695CN 294 0 4.71238898038469 7.85398163397448
0

0101000
-253 0 +251 0 *
Ed
 1e-07 1 1 1
2  696 294 0 0 6.28318530717959
0

0101000
+251 0 -251 0 *
Wi

0101100
-252 0 +250 0 +249 0 -250 0 *
Fa
0  1e-07 294 0

0111000
+248 0 *
Sh

0101100
+247 0 *
So

0100000
+246 0 *
Ve
1e-07
300 1145.92301620321 525.824523946432
0 0

0101101
*
Ed
 1e-07 1 1 1
2  697 295 0 0 6.28318530717959
0

0101000
+244 0 -244 0 *
Ve
1e-07
300 1145.92301620321 517.824523946432
0 0

0101101
*
Ed
 1e-07 1 1 0
1  295 0 4.71238898038469 7.85398163397448
3  698 699CN 295 0 4.71238898038469 7.85398163397448
0

0101000
-244 0 +242 0 *
Ed
 1e-07 1 1 1
2  700 295 0 0 6.28318530717959
0

0101000
+242 0 -242 0 *
Wi

0101100
-243 0 +241 0 +240 0 -241 0 *
Fa
0  1e-07 295 0

0111000
+239 0 *
Sh

0101100
+238 0 *
So

0100000
+237 0 *
Ve
1e-07
300 1144.21788687363 530.511832688675
0 0

0101101
*
Ed
 1e-07 1 1 1
2  701 296 0 0 6.28318530717959
0

0101000
+235 0 -235 0 *
Ve
1e-07
300 1144.21788687363 522.511832688675
0 0

0101101
*
Ed
 1e-07 1 1 0
1  296 0 4.71238898038469 7.85398163397448
3  702 703CN 296 0 4.71238898038469 7.85398163397448
0

0101000
-235 0 +233 0 *
Ed
 1e-07 1 1 1
2  704 296 0 0 6.28318530717959
0

0101000
+233 0 -233 0 *
Wi

0101100
-234 0 +232 0 +231 0 -232 0 *
Fa
0  1e-07 296 0

0111000
+230 0 *
Sh

0101100
+229 0 *
So

0100000
+228 0 *
Ve
1e-07
300 1142.51275754406 535.419538837068
0 0

0101101
*
Ed
 1e-07 1 1 1
2  705 297 0 0 6.28318530717959
0

0101000
+226 0 -226 0 *
Ve
1e-07
300 1142.51275754406 527.419538837068
0 0

0101101
*
Ed
 1e-07 1 1 0
1  297 0 4.71238898038469 7.85398163397448
3  706 707CN 297 0 4.71238898038469 7.85398163397448
0

0101000
-226 0 +224 0 *
Ed
 1e-07 1 1 1
2  708 297 0 0 6.28318530717959
0

0101000
+224 0 -224 0 *
Wi

0101100
-225 0 +223 0 +222 0 -223 0 *
Fa
0  1e-07 297 0

0111000
+221 0 *
Sh

0101100
+220 0 *
So

0100000
+219 0 *
Ve
1e-07
300 1140.80762821449 540.547642391613
0 0

0101101
*
Ed
 1e-07 1 1 1
2  709 298 0 0 6.28318530717959
0

0101000
+217 0 -217 0 *
Ve
1e-07
300 1140.80762821449 532.547642391613
0 0

0101101
*
Ed
 1e-07 1 1 0
1  298 0 4.71238898038469 7.85398163397448
3  710 711CN 298 0 4.71238898038469 7.85398163397448
0

0101000
-217 0 +215 0 *
Ed
 1e-07 1 1 1
2  712 298 0 0 6.28318530717959
0

0101000
+215 0 -215 0 *
Wi

0101100
-216 0 +214 0 +213 0 -214 0 *
Fa
0  1e-07 298 0

0111000
+212 0 *
Sh

0101100
+211 0 *
So

0100000
+210 0 *
Ve
1e-07
300 1139.10249888492 545.896143352309
0 0

0101101
*
Ed
 1e-07 1 1 1
2  713 299 0 0 6.28318530717959
0

0101000
+208 0 -208 0 *
Ve
1e-07
300 1139.10249888492 537.896143352309
0 0

0101101
*
Ed
 1e-07 1 1 0
1  299 0 4.71238898038469 7.85398163397448
3  714 715CN 299 0 4.71238898038469 7.85398163397448
0

0101000
-208 0 +206 0 *
Ed
 1e-07 1 1 1
2  716 299 0 0 6.28318530717959
0

0101000
+206 0 -206 0 *
Wi

0101100
-207 0 +205 0 +204 0 -205 0 *
Fa
0  1e-07 299 0

0111000
+203 0 *
Sh

0101100
+202 0 *
So

0100000
+201 0 *
Ve
1e-07
300 1137.39736955535 551.465041719156
0 0

0101101
*
Ed
 1e-07 1 1 1
2  717 300 0 0 6.28318530717959
0

0101000
+199 0 -199 0 *
Ve
1e-07
300 1137.39736955535 543.465041719156
0 0

0101101
*
Ed
 1e-07 1 1 0
1  300 0 4.71238898038469 7.85398163397448
3  718 719CN 300 0 4.71238898038469 7.85398163397448
0

0101000
-199 0 +197 0 *
Ed
 1e-07 1 1 1
2  720 300 0 0 6.28318530717959
0

0101000
+197 0 -197 0 *
Wi

0101100
-198 0 +196 0 +195 0 -196 0 *
Fa
0  1e-07 300 0

0111000
+194 0 *
Sh

0101100
+193 0 *
So

0100000
+192 0 *
Ve
1e-07
300 1135.69224022578 557.254337492155
0 0

0101101
*
Ed
 1e-07 1 1 1
2  721 301 0 0 6.28318530717959
0

0101000
+190 0 -190 0 *
Ve
1e-07
300 1135.69224022578 549.254337492155
0 0

0101101
*
Ed
 1e-07 1 1 0
1  301 0 4.71238898038469 7.85398163397448
3  722 723CN 301 0 4.71238898038469 7.85398163397448
0

0101000
-190 0 +188 0 *
Ed
 1e-07 1 1 1
2  724 301 0 0 6.28318530717959
0

0101000
+188 0 -188 0 *
Wi

0101100
-189 0 +187 0 +186 0 -187 0 *
Fa
0  1e-07 301 0

0111000
+185 0 *
Sh

0101100
+184 0 *
So

0100000
+183 0 *
Ve
1e-07
300 1133.98711089621 563.264030671305
0 0

0101101
*
Ed
 1e-07 1 1 1
2  725 302 0 0 6.28318530717959
0

0101000
+181 0 -181 0 *
Ve
1e-07
300 1133.98711089621 555.264030671305
0 0

0101101
*
Ed
 1e-07 1 1 0
1  302 0 4.71238898038469 7.85398163397448
3  726 727CN 302 0 4.71238898038469 7.85398163397448
0

0101000
-181 0 +179 0 *
Ed
 1e-07 1 1 1
2  728 302 0 0 6.28318530717959
0

0101000
+179 0 -179 0 *
Wi

0101100
-180 0 +178 0 +177 0 -178 0 *
Fa
0  1e-07 302 0

0111000
+176 0 *
Sh

0101100
+175 0 *
So

0100000
+174 0 *
Ve
1e-07
300 1132.28198156664 569.494121256606
0 0

0101101
*
Ed
 1e-07 1 1 1
2  729 303 0 0 6.28318530717959
0

0101000
+172 0 -172 0 *
Ve
1e-07
300 1132.28198156664 561.494121256606
0 0

0101101
*
Ed
 1e-07 1 1 0
1  303 0 4.71238898038469 7.85398163397448
3  730 731CN 303 0 4.71238898038469 7.85398163397448
0

0101000
-172 0 +170 0 *
Ed
 1e-07 1 1 1
2  732 303 0 0 6.28318530717959
0

0101000
+170 0 -170 0 *
Wi

0101100
-171 0 +169 0 +168 0 -169 0 *
Fa
0  1e-07 303 0

0111000
+167 0 *
Sh

0101100
+166 0 *
So

0100000
+165 0 *
Ve
1e-07
300 1130.57685223707 575.944609248059
0 0

0101101
*
Ed
 1e-07 1 1 1
2  733 304 0 0 6.28318530717959
0

0101000
+163 0 -163 0 *
Ve
1e-07
300 1130.57685223707 567.944609248059
0 0

0101101
*
Ed
 1e-07 1 1 0
1  304 0 4.71238898038469 7.85398163397448
3  734 735CN 304 0 4.71238898038469 7.85398163397448
0

0101000
-163 0 +161 0 *
Ed
 1e-07 1 1 1
2  736 304 0 0 6.28318530717959
0

0101000
+161 0 -161 0 *
Wi

0101100
-162 0 +160 0 +159 0 -160 0 *
Fa
0  1e-07 304 0

0111000
+158 0 *
Sh

0101100
+157 0 *
So

0100000
+156 0 *
Ve
1e-07
300 1128.8717229075 582.615494645662
0 0

0101101
*
Ed
 1e-07 1 1 1
2  737 305 0 0 6.28318530717959
0

0101000
+154 0 -154 0 *
Ve
1e-07
300 1128.8717229075 574.615494645662
0 0

0101101
*
Ed
 1e-07 1 1 0
1  305 0 4.71238898038469 7.85398163397448
3  738 739CN 305 0 4.71238898038469 7.85398163397448
0

0101000
-154 0 +152 0 *
Ed
 1e-07 1 1 1
2  740 305 0 0 6.28318530717959
0

0101000
+152 0 -152 0 *
Wi

0101100
-153 0 +151 0 +150 0 -151 0 *
Fa
0  1e-07 305 0

0111000
+149 0 *
Sh

0101100
+148 0 *
So

0100000
+147 0 *
Ve
1e-07
300 1127.16659357793 589.506777449417
0 0

0101101
*
Ed
 1e-07 1 1 1
2  741 306 0 0 6.28318530717959
0

0101000
+145 0 -145 0 *
Ve
1e-07
300 1127.16659357793 581.506777449417
0 0

0101101
*
Ed
 1e-07 1 1 0
1  306 0 4.71238898038469 7.85398163397448
3  742 743CN 306 0 4.71238898038469 7.85398163397448
0

0101000
-145 0 +143 0 *
Ed
 1e-07 1 1 1
2  744 306 0 0 6.28318530717959
0

0101000
+143 0 -143 0 *
Wi

0101100
-144 0 +142 0 +141 0 -142 0 *
Fa
0  1e-07 306 0

0111000
+140 0 *
Sh

0101100
+139 0 *
So

0100000
+138 0 *
Ve
1e-07
300 1125.46146424836 596.618457659324
0 0

0101101
*
Ed
 1e-07 1 1 1
2  745 307 0 0 6.28318530717959
0

0101000
+136 0 -136 0 *
Ve
1e-07
300 1125.46146424836 588.618457659324
0 0

0101101
*
Ed
 1e-07 1 1 0
1  307 0 4.71238898038469 7.85398163397448
3  746 747CN 307 0 4.71238898038469 7.85398163397448
0

0101000
-136 0 +134 0 *
Ed
 1e-07 1 1 1
2  748 307 0 0 6.28318530717959
0

0101000
+134 0 -134 0 *
Wi

0101100
-135 0 +133 0 +132 0 -133 0 *
Fa
0  1e-07 307 0

0111000
+131 0 *
Sh

0101100
+130 0 *
So

0100000
+129 0 *
Ve
1e-07
300 1123.75633491879 603.950535275381
0 0

0101101
*
Ed
 1e-07 1 1 1
2  749 308 0 0 6.28318530717959
0

0101000
+127 0 -127 0 *
Ve
1e-07
300 1123.75633491879 595.950535275381
0 0

0101101
*
Ed
 1e-07 1 1 0
1  308 0 4.71238898038469 7.85398163397448
3  750 751CN 308 0 4.71238898038469 7.85398163397448
0

0101000
-127 0 +125 0 *
Ed
 1e-07 1 1 1
2  752 308 0 0 6.28318530717959
0

0101000
+125 0 -125 0 *
Wi

0101100
-126 0 +124 0 +123 0 -124 0 *
Fa
0  1e-07 308 0

0111000
+122 0 *
Sh

0101100
+121 0 *
So

0100000
+120 0 *
Ve
1e-07
300 1122.05120558922 611.50301029759
0 0

0101101
*
Ed
 1e-07 1 1 1
2  753 309 0 0 6.28318530717959
0

0101000
+118 0 -118 0 *
Ve
1e-07
300 1122.05120558922 603.50301029759
0 0

0101101
*
Ed
 1e-07 1 1 0
1  309 0 4.71238898038469 7.85398163397448
3  754 755CN 309 0 4.71238898038469 7.85398163397448
0

0101000
-118 0 +116 0 *
Ed
 1e-07 1 1 1
2  756 309 0 0 6.28318530717959
0

0101000
+116 0 -116 0 *
Wi

0101100
-117 0 +115 0 +114 0 -115 0 *
Fa
0  1e-07 309 0

0111000
+113 0 *
Sh

0101100
+112 0 *
So

0100000
+111 0 *
Ve
1e-07
300 1120.34607625965 619.27588272595
0 0

0101101
*
Ed
 1e-07 1 1 1
2  757 310 0 0 6.28318530717959
0

0101000
+109 0 -109 0 *
Ve
1e-07
300 1120.34607625965 611.27588272595
0 0

0101101
*
Ed
 1e-07 1 1 0
1  310 0 4.71238898038469 7.85398163397448
3  758 759CN 310 0 4.71238898038469 7.85398163397448
0

0101000
-109 0 +107 0 *
Ed
 1e-07 1 1 1
2  760 310 0 0 6.28318530717959
0

0101000
+107 0 -107 0 *
Wi

0101100
-108 0 +106 0 +105 0 -106 0 *
Fa
0  1e-07 310 0

0111000
+104 0 *
Sh

0101100
+103 0 *
So

0100000
+102 0 *
Ve
1e-07
300 1118.64094693008 627.269152560462
0 0

0101101
*
Ed
 1e-07 1 1 1
2  761 311 0 0 6.28318530717959
0

0101000
+100 0 -100 0 *
Ve
1e-07
300 1118.64094693008 619.269152560462
0 0

0101101
*
Ed
 1e-07 1 1 0
1  311 0 4.71238898038469 7.85398163397448
3  762 763CN 311 0 4.71238898038469 7.85398163397448
0

0101000
-100 0 +98 0 *
Ed
 1e-07 1 1 1
2  764 311 0 0 6.28318530717959
0

0101000
+98 0 -98 0 *
Wi

0101100
-99 0 +97 0 +96 0 -97 0 *
Fa
0  1e-07 311 0

0111000
+95 0 *
Sh

0101100
+94 0 *
So

0100000
+93 0 *
Ve
1e-07
300 1116.93581760051 635.482819801124
0 0

0101101
*
Ed
 1e-07 1 1 1
2  765 312 0 0 6.28318530717959
0

0101000
+91 0 -91 0 *
Ve
1e-07
300 1116.93581760051 627.482819801124
0 0

0101101
*
Ed
 1e-07 1 1 0
1  312 0 4.71238898038469 7.85398163397448
3  766 767CN 312 0 4.71238898038469 7.85398163397448
0

0101000
-91 0 +89 0 *
Ed
 1e-07 1 1 1
2  768 312 0 0 6.28318530717959
0

0101000
+89 0 -89 0 *
Wi

0101100
-90 0 +88 0 +87 0 -88 0 *
Fa
0  1e-07 312 0

0111000
+86 0 *
Sh

0101100
+85 0 *
So

0100000
+84 0 *
Ve
1e-07
300 1115.23068827094 643.916884447938
0 0

0101101
*
Ed
 1e-07 1 1 1
2  769 313 0 0 6.28318530717959
0

0101000
+82 0 -82 0 *
Ve
1e-07
300 1115.23068827094 635.916884447938
0 0

0101101
*
Ed
 1e-07 1 1 0
1  313 0 4.71238898038469 7.85398163397448
3  770 771CN 313 0 4.71238898038469 7.85398163397448
0

0101000
-82 0 +80 0 *
Ed
 1e-07 1 1 1
2  772 313 0 0 6.28318530717959
0

0101000
+80 0 -80 0 *
Wi

0101100
-81 0 +79 0 +78 0 -79 0 *
Fa
0  1e-07 313 0

0111000
+77 0 *
Sh

0101100
+76 0 *
So

0100000
+75 0 *
Ve
1e-07
300 1113.52555894137 652.571346500903
0 0

0101101
*
Ed
 1e-07 1 1 1
2  773 314 0 0 6.28318530717959
0

0101000
+73 0 -73 0 *
Ve
1e-07
300 1113.52555894137 644.571346500903
0 0

0101101
*
Ed
 1e-07 1 1 0
1  314 0 4.71238898038469 7.85398163397448
3  774 775CN 314 0 4.71238898038469 7.85398163397448
0

0101000
-73 0 +71 0 *
Ed
 1e-07 1 1 1
2  776 314 0 0 6.28318530717959
0

0101000
+71 0 -71 0 *
Wi

0101100
-72 0 +70 0 +69 0 -70 0 *
Fa
0  1e-07 314 0

0111000
+68 0 *
Sh

0101100
+67 0 *
So

0100000
+66 0 *
Ve
1e-07
300 1111.8204296118 661.44620596002
0 0

0101101
*
Ed
 1e-07 1 1 1
2  777 315 0 0 6.28318530717959
0

0101000
+64 0 -64 0 *
Ve
1e-07
300 1111.8204296118 653.44620596002
0 0

0101101
*
Ed
 1e-07 1 1 0
1  315 0 4.71238898038469 7.85398163397448
3  778 779CN 315 0 4.71238898038469 7.85398163397448
0

0101000
-64 0 +62 0 *
Ed
 1e-07 1 1 1
2  780 315 0 0 6.28318530717959
0

0101000
+62 0 -62 0 *
Wi

0101100
-63 0 +61 0 +60 0 -61 0 *
Fa
0  1e-07 315 0

0111000
+59 0 *
Sh

0101100
+58 0 *
So

0100000
+57 0 *
Ve
1e-07
300 1110.11530028223 670.541462825288
0 0

0101101
*
Ed
 1e-07 1 1 1
2  781 316 0 0 6.28318530717959
0

0101000
+55 0 -55 0 *
Ve
1e-07
300 1110.11530028223 662.541462825288
0 0

0101101
*
Ed
 1e-07 1 1 0
1  316 0 4.71238898038469 7.85398163397448
3  782 783CN 316 0 4.71238898038469 7.85398163397448
0

0101000
-55 0 +53 0 *
Ed
 1e-07 1 1 1
2  784 316 0 0 6.28318530717959
0

0101000
+53 0 -53 0 *
Wi

0101100
-54 0 +52 0 +51 0 -52 0 *
Fa
0  1e-07 316 0

0111000
+50 0 *
Sh

0101100
+49 0 *
So

0100000
+48 0 *
Ve
1e-07
300 1108.41017095266 679.857117096707
0 0

0101101
*
Ed
 1e-07 1 1 1
2  785 317 0 0 6.28318530717959
0

0101000
+46 0 -46 0 *
Ve
1e-07
300 1108.41017095266 671.857117096707
0 0

0101101
*
Ed
 1e-07 1 1 0
1  317 0 4.71238898038469 7.85398163397448
3  786 787CN 317 0 4.71238898038469 7.85398163397448
0

0101000
-46 0 +44 0 *
Ed
 1e-07 1 1 1
2  788 317 0 0 6.28318530717959
0

0101000
+44 0 -44 0 *
Wi

0101100
-45 0 +43 0 +42 0 -43 0 *
Fa
0  1e-07 317 0

0111000
+41 0 *
Sh

0101100
+40 0 *
So

0100000
+39 0 *
Ve
1e-07
300 1106.70504162309 689.393168774277
0 0

0101101
*
Ed
 1e-07 1 1 1
2  789 318 0 0 6.28318530717959
0

0101000
+37 0 -37 0 *
Ve
1e-07
300 1106.70504162309 681.393168774277
0 0

0101101
*
Ed
 1e-07 1 1 0
1  318 0 4.71238898038469 7.85398163397448
3  790 791CN 318 0 4.71238898038469 7.85398163397448
0

0101000
-37 0 +35 0 *
Ed
 1e-07 1 1 1
2  792 318 0 0 6.28318530717959
0

0101000
+35 0 -35 0 *
Wi

0101100
-36 0 +34 0 +33 0 -34 0 *
Fa
0  1e-07 318 0

0111000
+32 0 *
Sh

0101100
+31 0 *
So

0100000
+30 0 *
Ve
1e-07
300 1104.99991229352 699.149617857999
0 0

0101101
*
Ed
 1e-07 1 1 1
2  793 319 0 0 6.28318530717959
0

0101000
+28 0 -28 0 *
Ve
1e-07
300 1104.99991229352 691.149617857999
0 0

0101101
*
Ed
 1e-07 1 1 0
1  319 0 4.71238898038469 7.85398163397448
3  794 795CN 319 0 4.71238898038469 7.85398163397448
0

0101000
-28 0 +26 0 *
Ed
 1e-07 1 1 1
2  796 319 0 0 6.28318530717959
0

0101000
+26 0 -26 0 *
Wi

0101100
-27 0 +25 0 +24 0 -25 0 *
Fa
0  1e-07 319 0

0111000
+23 0 *
Sh

0101100
+22 0 *
So

0100000
+21 0 *
Ve
1e-07
300 1103.29478296395 709.126464347872
0 0

0101101
*
Ed
 1e-07 1 1 1
2  797 320 0 0 6.28318530717959
0

0101000
+19 0 -19 0 *
Ve
1e-07
300 1103.29478296395 701.126464347872
0 0

0101101
*
Ed
 1e-07 1 1 0
1  320 0 4.71238898038469 7.85398163397448
3  798 799CN 320 0 4.71238898038469 7.85398163397448
0

0101000
-19 0 +17 0 *
Ed
 1e-07 1 1 1
2  800 320 0 0 6.28318530717959
0

0101000
+17 0 -17 0 *
Wi

0101100
-18 0 +16 0 +15 0 -16 0 *
Fa
0  1e-07 320 0

0111000
+14 0 *
Sh

0101100
+13 0 *
So

0100000
+12 0 *
Ve
1e-07
300 1101.58965363438 719.323708243896
0 0

0101101
*
Ed
 1e-07 1 1 1
2  801 321 0 0 6.28318530717959
0

0101000
+10 0 -10 0 *
Ve
1e-07
300 1101.58965363438 711.323708243896
0 0

0101101
*
Ed
 1e-07 1 1 0
1  321 0 4.71238898038469 7.85398163397448
3  802 803CN 321 0 4.71238898038469 7.85398163397448
0

0101000
-10 0 +8 0 *
Ed
 1e-07 1 1 1
2  804 321 0 0 6.28318530717959
0

0101000
+8 0 -8 0 *
Wi

0101100
-9 0 +7 0 +6 0 -7 0 *
Fa
0  1e-07 321 0

0111000
+5 0 *
Sh

0101100
+4 0 *
So

0100000
+3 0 *
Co

0100000
+1758 0 +1745 0 +1732 0 +1719 0 +1706 0 +1693 0 +1680 0 +1667 0 +1654 0 +1641 0 
+1628 0 +1615 0 +1602 0 +1589 0 +1576 0 +1563 0 +1550 0 +1537 0 +1524 0 +1511 0 
+1498 0 +1485 0 +1472 0 +1459 0 +1446 0 +1433 0 +1420 0 +1407 0 +1394 0 +1381 0 
+1368 0 +1355 0 +1342 0 +1329 0 +1316 0 +1303 0 +1290 0 +1277 0 +1264 0 +1251 0 
+1238 0 +1225 0 +1212 0 +1199 0 +1186 0 +1173 0 +1160 0 +1147 0 +1134 0 +1121 0 
+1108 0 +1095 0 +1082 0 +1069 0 +1056 0 +1043 0 +1030 0 +1017 0 +1004 0 +991 0 
+978 0 +965 0 +952 0 +939 0 +926 0 +913 0 +900 0 +887 0 +874 0 +861 0 
+848 0 +835 0 +822 0 +809 0 +796 0 +783 0 +770 0 +757 0 +744 0 +731 0 
+722 0 +713 0 +704 0 +695 0 +686 0 +677 0 +668 0 +659 0 +650 0 +641 0 
+632 0 +623 0 +614 0 +605 0 +596 0 +587 0 +578 0 +569 0 +560 0 +551 0 
+542 0 +533 0 +524 0 +515 0 +506 0 +497 0 +488 0 +479 0 +470 0 +461 0 
+452 0 +443 0 +434 0 +425 0 +416 0 +407 0 +398 0 +389 0 +380 0 +371 0 
+362 0 +353 0 +344 0 +335 0 +326 0 +317 0 +308 0 +299 0 +290 0 +281 0 
+272 0 +263 0 +254 0 +245 0 +236 0 +227 0 +218 0 +209 0 +200 0 +191 0 
+182 0 +173 0 +164 0 +155 0 +146 0 +137 0 +128 0 +119 0 +110 0 +101 0 
+92 0 +83 0 +74 0 +65 0 +56 0 +47 0 +38 0 +29 0 +20 0 +11 0 
+2 0 *

+1 0 