DBRep_DrawableShape

CASCADE Topology V1, (c) Matra-Datavision
Locations 0
Curve2ds 804
1 0 8.7209998224054868 1 0 
2 0 0 1 0 -0 1 4
1 6.2831853071795862 -0 0 1 
1 0 -0 0 1 
1 0 0 1 0 
2 0 0 1 0 -0 1 4
1 0 8.5758022330172139 1 0 
2 0 0 1 0 -0 1 4
1 6.2831853071795862 -0 0 1 
1 0 -0 0 1 
1 0 0 1 0 
2 0 0 1 0 -0 1 4
1 0 8.4310278021011786 1 0 
2 0 0 1 0 -0 1 4
1 6.2831853071795862 -0 0 1 
1 0 -0 0 1 
1 0 0 1 0 
2 0 0 1 0 -0 1 4
1 0 8.2866987083118406 1 0 
2 0 0 1 0 -0 1 4
1 6.2831853071795862 -0 0 1 
1 0 -0 0 1 
1 0 0 1 0 
2 0 0 1 0 -0 1 4
1 0 8.1428386320388082 1 0 
2 0 0 1 0 -0 1 4
1 6.2831853071795862 -0 0 1 
1 0 -0 0 1 
1 0 0 1 0 
2 0 0 1 0 -0 1 4
1 0 7.9994728773253918 1 0 
2 0 0 1 0 -0 1 4
1 6.2831853071795862 -0 0 1 
1 0 -0 0 1 
1 0 0 1 0 
2 0 0 1 0 -0 1 4
1 0 7.8566285049797226 1 0 
2 0 0 1 0 -0 1 4
1 6.2831853071795862 -0 0 1 
1 0 -0 0 1 
1 0 0 1 0 
2 0 0 1 0 -0 1 4
1 0 7.7143344779706888 1 0 
2 0 0 1 0 -0 1 4
1 6.2831853071795862 -0 0 1 
1 0 -0 0 1 
1 0 0 1 0 
2 0 0 1 0 -0 1 4
1 0 7.5726218203017535 1 0 
2 0 0 1 0 -0 1 4
1 6.2831853071795862 -0 0 1 
1 0 -0 0 1 
1 0 0 1 0 
2 0 0 1 0 -0 1 4
1 0 7.4315237906612728 1 0 
2 0 0 1 0 -0 1 4
1 6.2831853071795862 -0 0 1 
1 0 -0 0 1 
1 0 0 1 0 
2 0 0 1 0 -0 1 4
1 0 7.2910760722662555 1 0 
2 0 0 1 0 -0 1 4
1 6.2831853071795862 -0 0 1 
1 0 -0 0 1 
1 0 0 1 0 
2 0 0 1 0 -0 1 4
1 0 7.1513169804265395 1 0 
2 0 0 1 0 -0 1 4
1 6.2831853071795862 -0 0 1 
1 0 -0 0 1 
1 0 0 1 0 
2 0 0 1 0 -0 1 4
1 0 7.0122876894814041 1 0 
2 0 0 1 0 -0 1 4
1 6.2831853071795862 -0 0 1 
1 0 -0 0 1 
1 0 0 1 0 
2 0 0 1 0 -0 1 4
1 0 6.8740324808748969 1 0 
2 0 0 1 0 -0 1 4
1 6.2831853071795862 -0 0 1 
1 0 -0 0 1 
1 0 0 1 0 
2 0 0 1 0 -0 1 4
1 0 6.7365990142464485 1 0 
2 0 0 1 0 -0 1 4
1 6.2831853071795862 -0 0 1 
1 0 -0 0 1 
1 0 0 1 0 
2 0 0 1 0 -0 1 4
1 0 6.6000386235175155 1 0 
2 0 0 1 0 -0 1 4
1 6.2831853071795862 -0 0 1 
1 0 -0 0 1 
1 0 0 1 0 
2 0 0 1 0 -0 1 4
1 0 6.4644066400292708 1 0 
2 0 0 1 0 -0 1 4
1 6.2831853071795862 -0 0 1 
1 0 -0 0 1 
1 0 0 1 0 
2 0 0 1 0 -0 1 4
1 0 6.3297627448379234 1 0 
2 0 0 1 0 -0 1 4
1 6.2831853071795862 -0 0 1 
1 0 -0 0 1 
1 0 0 1 0 
2 0 0 1 0 -0 1 4
1 0 6.1961713522768971 1 0 
2 0 0 1 0 -0 1 4
1 6.2831853071795862 -0 0 1 
1 0 -0 0 1 
1 0 0 1 0 
2 0 0 1 0 -0 1 4
1 0 6.0637020268288353 1 0 
2 0 0 1 0 -0 1 4
1 6.2831853071795862 -0 0 1 
1 0 -0 0 1 
1 0 0 1 0 
2 0 0 1 0 -0 1 4
1 0 5.9324299352047118 1 0 
2 0 0 1 0 -0 1 4
1 6.2831853071795862 -0 0 1 
1 0 -0 0 1 
1 0 0 1 0 
2 0 0 1 0 -0 1 4
1 0 5.80243633524855 1 0 
2 0 0 1 0 -0 1 4
1 6.2831853071795862 -0 0 1 
1 0 -0 0 1 
1 0 0 1 0 
2 0 0 1 0 -0 1 4
1 0 5.6738091028571205 1 0 
2 0 0 1 0 -0 1 4
1 6.2831853071795862 -0 0 1 
1 0 -0 0 1 
1 0 0 1 0 
2 0 0 1 0 -0 1 4
1 0 5.5466432974611957 1 0 
2 0 0 1 0 -0 1 4
1 6.2831853071795862 -0 0 1 
1 0 -0 0 1 
1 0 0 1 0 
2 0 0 1 0 -0 1 4
1 0 5.4210417656968986 1 0 
2 0 0 1 0 -0 1 4
1 6.2831853071795862 -0 0 1 
1 0 -0 0 1 
1 0 0 1 0 
2 0 0 1 0 -0 1 4
1 0 5.2971157816441838 1 0 
2 0 0 1 0 -0 1 4
1 6.2831853071795862 -0 0 1 
1 0 -0 0 1 
1 0 0 1 0 
2 0 0 1 0 -0 1 4
1 0 5.1749857203098868 1 0 
2 0 0 1 0 -0 1 4
1 6.2831853071795862 -0 0 1 
1 0 -0 0 1 
1 0 0 1 0 
2 0 0 1 0 -0 1 4
1 0 5.0547817588132373 1 0 
2 0 0 1 0 -0 1 4
1 6.2831853071795862 -0 0 1 
1 0 -0 0 1 
1 0 0 1 0 
2 0 0 1 0 -0 1 4
1 0 4.9366445968497707 1 0 
2 0 0 1 0 -0 1 4
1 6.2831853071795862 -0 0 1 
1 0 -0 0 1 
1 0 0 1 0 
2 0 0 1 0 -0 1 4
1 0 4.8207261843557427 1 0 
2 0 0 1 0 -0 1 4
1 6.2831853071795862 -0 0 1 
1 0 -0 0 1 
1 0 0 1 0 
2 0 0 1 0 -0 1 4
1 0 4.7071904397437043 1 0 
2 0 0 1 0 -0 1 4
1 6.2831853071795862 -0 0 1 
1 0 -0 0 1 
1 0 0 1 0 
2 0 0 1 0 -0 1 4
1 0 4.5962139364971639 1 0 
2 0 0 1 0 -0 1 4
1 6.2831853071795862 -0 0 1 
1 0 -0 0 1 
1 0 0 1 0 
2 0 0 1 0 -0 1 4
1 0 4.4879865292398424 1 0 
2 0 0 1 0 -0 1 4
1 6.2831853071795862 -0 0 1 
1 0 -0 0 1 
1 0 0 1 0 
2 0 0 1 0 -0 1 4
1 0 4.3827118825883797 1 0 
2 0 0 1 0 -0 1 4
1 6.2831853071795862 -0 0 1 
1 0 -0 0 1 
1 0 0 1 0 
2 0 0 1 0 -0 1 4
1 0 4.2806078572413675 1 0 
2 0 0 1 0 -0 1 4
1 6.2831853071795862 -0 0 1 
1 0 -0 0 1 
1 0 0 1 0 
2 0 0 1 0 -0 1 4
1 0 4.1819066981134441 1 0 
2 0 0 1 0 -0 1 4
1 6.2831853071795862 -0 0 1 
1 0 -0 0 1 
1 0 0 1 0 
2 0 0 1 0 -0 1 4
1 0 4.0868549593214105 1 0 
2 0 0 1 0 -0 1 4
1 6.2831853071795862 -0 0 1 
1 0 -0 0 1 
1 0 0 1 0 
2 0 0 1 0 -0 1 4
1 0 3.9957130912875152 1 0 
2 0 0 1 0 -0 1 4
1 6.2831853071795862 -0 0 1 
1 0 -0 0 1 
1 0 0 1 0 
2 0 0 1 0 -0 1 4
1 0 3.9087546072626878 1 0 
2 0 0 1 0 -0 1 4
1 6.2831853071795862 -0 0 1 
1 0 -0 0 1 
1 0 0 1 0 
2 0 0 1 0 -0 1 4
1 0 3.826264741789374 1 0 
2 0 0 1 0 -0 1 4
1 6.2831853071795862 -0 0 1 
1 0 -0 0 1 
1 0 0 1 0 
2 0 0 1 0 -0 1 4
1 0 3.7485385140449292 1 0 
2 0 0 1 0 -0 1 4
1 6.2831853071795862 -0 0 1 
1 0 -0 0 1 
1 0 0 1 0 
2 0 0 1 0 -0 1 4
1 0 3.6758781169742547 1 0 
2 0 0 1 0 -0 1 4
1 6.2831853071795862 -0 0 1 
1 0 -0 0 1 
1 0 0 1 0 
2 0 0 1 0 -0 1 4
1 0 3.6085895711447593 1 0 
2 0 0 1 0 -0 1 4
1 6.2831853071795862 -0 0 1 
1 0 -0 0 1 
1 0 0 1 0 
2 0 0 1 0 -0 1 4
1 0 3.5469786125170355 1 0 
2 0 0 1 0 -0 1 4
1 6.2831853071795862 -0 0 1 
1 0 -0 0 1 
1 0 0 1 0 
2 0 0 1 0 -0 1 4
1 0 3.4913458271682876 1 0 
2 0 0 1 0 -0 1 4
1 6.2831853071795862 -0 0 1 
1 0 -0 0 1 
1 0 0 1 0 
2 0 0 1 0 -0 1 4
1 0 3.4419811031832772 1 0 
2 0 0 1 0 -0 1 4
1 6.2831853071795862 -0 0 1 
1 0 -0 0 1 
1 0 0 1 0 
2 0 0 1 0 -0 1 4
1 0 3.399157537833533 1 0 
2 0 0 1 0 -0 1 4
1 6.2831853071795862 -0 0 1 
1 0 -0 0 1 
1 0 0 1 0 
2 0 0 1 0 -0 1 4
1 0 3.3631250113404803 1 0 
2 0 0 1 0 -0 1 4
1 6.2831853071795862 -0 0 1 
1 0 -0 0 1 
1 0 0 1 0 
2 0 0 1 0 -0 1 4
1 0 3.3341037085474996 1 0 
2 0 0 1 0 -0 1 4
1 6.2831853071795862 -0 0 1 
1 0 -0 0 1 
1 0 0 1 0 
2 0 0 1 0 -0 1 4
1 0 3.3122779260428015 1 0 
2 0 0 1 0 -0 1 4
1 6.2831853071795862 -0 0 1 
1 0 -0 0 1 
1 0 0 1 0 
2 0 0 1 0 -0 1 4
1 0 3.2977905333577353 1 0 
2 0 0 1 0 -0 1 4
1 6.2831853071795862 -0 0 1 
1 0 -0 0 1 
1 0 0 1 0 
2 0 0 1 0 -0 1 4
1 0 3.290738453145706 1 0 
2 0 0 1 0 -0 1 4
1 6.2831853071795862 -0 0 1 
1 0 -0 0 1 
1 0 0 1 0 
2 0 0 1 0 -0 1 4
1 0 3.2911694813049723 1 0 
2 0 0 1 0 -0 1 4
1 6.2831853071795862 -0 0 1 
1 0 -0 0 1 
1 0 0 1 0 
2 0 0 1 0 -0 1 4
1 0 3.2990806848101837 1 0 
2 0 0 1 0 -0 1 4
1 6.2831853071795862 -0 0 1 
1 0 -0 0 1 
1 0 0 1 0 
2 0 0 1 0 -0 1 4
1 0 3.314418500680862 1 0 
2 0 0 1 0 -0 1 4
1 6.2831853071795862 -0 0 1 
1 0 -0 0 1 
1 0 0 1 0 
2 0 0 1 0 -0 1 4
1 0 3.3370805283927325 1 0 
2 0 0 1 0 -0 1 4
1 6.2831853071795862 -0 0 1 
1 0 -0 0 1 
1 0 0 1 0 
2 0 0 1 0 -0 1 4
1 0 3.3669188779733834 1 0 
2 0 0 1 0 -0 1 4
1 6.2831853071795862 -0 0 1 
1 0 -0 0 1 
1 0 0 1 0 
2 0 0 1 0 -0 1 4
1 0 3.4037448246428115 1 0 
2 0 0 1 0 -0 1 4
1 6.2831853071795862 -0 0 1 
1 0 -0 0 1 
1 0 0 1 0 
2 0 0 1 0 -0 1 4
1 0 3.4473344418936156 1 0 
2 0 0 1 0 -0 1 4
1 6.2831853071795862 -0 0 1 
1 0 -0 0 1 
1 0 0 1 0 
2 0 0 1 0 -0 1 4
1 0 3.4974348456835678 1 0 
2 0 0 1 0 -0 1 4
1 6.2831853071795862 -0 0 1 
1 0 -0 0 1 
1 0 0 1 0 
2 0 0 1 0 -0 1 4
1 0 3.5537706830762299 1 0 
2 0 0 1 0 -0 1 4
1 6.2831853071795862 -0 0 1 
1 0 -0 0 1 
1 0 0 1 0 
2 0 0 1 0 -0 1 4
1 0 3.6160505331833823 1 0 
2 0 0 1 0 -0 1 4
1 6.2831853071795862 -0 0 1 
1 0 -0 0 1 
1 0 0 1 0 
2 0 0 1 0 -0 1 4
1 0 3.6839729466614037 1 0 
2 0 0 1 0 -0 1 4
1 6.2831853071795862 -0 0 1 
1 0 -0 0 1 
1 0 0 1 0 
2 0 0 1 0 -0 1 4
1 0 3.7572319209072544 1 0 
2 0 0 1 0 -0 1 4
1 6.2831853071795862 -0 0 1 
1 0 -0 0 1 
1 0 0 1 0 
2 0 0 1 0 -0 1 4
1 0 3.8355216810478638 1 0 
2 0 0 1 0 -0 1 4
1 6.2831853071795862 -0 0 1 
1 0 -0 0 1 
1 0 0 1 0 
2 0 0 1 0 -0 1 4
1 0 3.9185407037118791 1 0 
2 0 0 1 0 -0 1 4
1 6.2831853071795862 -0 0 1 
1 0 -0 0 1 
1 0 0 1 0 
2 0 0 1 0 -0 1 4
1 0 4.0059949762897435 1 0 
2 0 0 1 0 -0 1 4
1 6.2831853071795862 -0 0 1 
1 0 -0 0 1 
1 0 0 1 0 
2 0 0 1 0 -0 1 4
1 0 4.0976005266526423 1 0 
2 0 0 1 0 -0 1 4
1 6.2831853071795862 -0 0 1 
1 0 -0 0 1 
1 0 0 1 0 
2 0 0 1 0 -0 1 4
1 0 4.1930852870580937 1 0 
2 0 0 1 0 -0 1 4
1 6.2831853071795862 -0 0 1 
1 0 -0 0 1 
1 0 0 1 0 
2 0 0 1 0 -0 1 4
1 0 4.2921903727136472 1 0 
2 0 0 1 0 -0 1 4
1 6.2831853071795862 -0 0 1 
1 0 -0 0 1 
1 0 0 1 0 
2 0 0 1 0 -0 1 4
1 0 4.3946708624471533 1 0 
2 0 0 1 0 -0 1 4
1 6.2831853071795862 -0 0 1 
1 0 -0 0 1 
1 0 0 1 0 
2 0 0 1 0 -0 1 4
1 0 4.5002961686340095 1 0 
2 0 0 1 0 -0 1 4
1 6.2831853071795862 -0 0 1 
1 0 -0 0 1 
1 0 0 1 0 
2 0 0 1 0 -0 1 4
1 0 4.6088500782901844 1 0 
2 0 0 1 0 -0 1 4
1 6.2831853071795862 -0 0 1 
1 0 -0 0 1 
1 0 0 1 0 
2 0 0 1 0 -0 1 4
1 0 4.7201305390256554 1 0 
2 0 0 1 0 -0 1 4
1 6.2831853071795862 -0 0 1 
1 0 -0 0 1 
1 0 0 1 0 
2 0 0 1 0 -0 1 4
1 0 4.8339492539003093 1 0 
2 0 0 1 0 -0 1 4
1 6.2831853071795862 -0 0 1 
1 0 -0 0 1 
1 0 0 1 0 
2 0 0 1 0 -0 1 4
1 0 4.9501311392404288 1 0 
2 0 0 1 0 -0 1 4
1 6.2831853071795862 -0 0 1 
1 0 -0 0 1 
1 0 0 1 0 
2 0 0 1 0 -0 1 4
1 0 5.0685136898923133 1 0 
2 0 0 1 0 -0 1 4
1 6.2831853071795862 -0 0 1 
1 0 -0 0 1 
1 0 0 1 0 
2 0 0 1 0 -0 1 4
1 0 5.1889462876510279 1 0 
2 0 0 1 0 -0 1 4
1 6.2831853071795862 -0 0 1 
1 0 -0 0 1 
1 0 0 1 0 
2 0 0 1 0 -0 1 4
1 0 5.311289480924823 1 0 
2 0 0 1 0 -0 1 4
1 6.2831853071795862 -0 0 1 
1 0 -0 0 1 
1 0 0 1 0 
2 0 0 1 0 -0 1 4
1 0 5.4354142571465074 1 0 
2 0 0 1 0 -0 1 4
1 6.2831853071795862 -0 0 1 
1 0 -0 0 1 
1 0 0 1 0 
2 0 0 1 0 -0 1 4
1 0 1.5707963267948966 1 0 
1 6.2831853071795862 -6.2831853071795862 0 1 
1 0 -6.2831853071795862 0 1 
1 0 -1.5707963267948966 1 0 
1 0 1.5707963267948966 1 0 
1 6.2831853071795862 -6.2831853071795862 0 1 
1 0 -6.2831853071795862 0 1 
1 0 -1.5707963267948966 1 0 
1 0 1.5707963267948966 1 0 
1 6.2831853071795862 -6.2831853071795862 0 1 
1 0 -6.2831853071795862 0 1 
1 0 -1.5707963267948966 1 0 
1 0 1.5707963267948966 1 0 
1 6.2831853071795862 -6.2831853071795862 0 1 
1 0 -6.2831853071795862 0 1 
1 0 -1.5707963267948966 1 0 
1 0 1.5707963267948966 1 0 
1 6.2831853071795862 -6.2831853071795862 0 1 
1 0 -6.2831853071795862 0 1 
1 0 -1.5707963267948966 1 0 
1 0 1.5707963267948966 1 0 
1 6.2831853071795862 -6.2831853071795862 0 1 
1 0 -6.2831853071795862 0 1 
1 0 -1.5707963267948966 1 0 
1 0 1.5707963267948966 1 0 
1 6.2831853071795862 -6.2831853071795862 0 1 
1 0 -6.2831853071795862 0 1 
1 0 -1.5707963267948966 1 0 
1 0 1.5707963267948966 1 0 
1 6.2831853071795862 -6.2831853071795862 0 1 
1 0 -6.2831853071795862 0 1 
1 0 -1.5707963267948966 1 0 
1 0 1.5707963267948966 1 0 
1 6.2831853071795862 -6.2831853071795862 0 1 
1 0 -6.2831853071795862 0 1 
1 0 -1.5707963267948966 1 0 
1 0 1.5707963267948966 1 0 
1 6.2831853071795862 -6.2831853071795862 0 1 
1 0 -6.2831853071795862 0 1 
1 0 -1.5707963267948966 1 0 
1 0 1.5707963267948966 1 0 
1 6.2831853071795862 -6.2831853071795862 0 1 
1 0 -6.2831853071795862 0 1 
1 0 -1.5707963267948966 1 0 
1 0 1.5707963267948966 1 0 
1 6.2831853071795862 -6.2831853071795862 0 1 
1 0 -6.2831853071795862 0 1 
1 0 -1.5707963267948966 1 0 
1 0 1.5707963267948966 1 0 
1 6.2831853071795862 -6.2831853071795862 0 1 
1 0 -6.2831853071795862 0 1 
1 0 -1.5707963267948966 1 0 
1 0 1.5707963267948966 1 0 
1 6.2831853071795862 -6.2831853071795862 0 1 
1 0 -6.2831853071795862 0 1 
1 0 -1.5707963267948966 1 0 
1 0 1.5707963267948966 1 0 
1 6.2831853071795862 -6.2831853071795862 0 1 
1 0 -6.2831853071795862 0 1 
1 0 -1.5707963267948966 1 0 
1 0 1.5707963267948966 1 0 
1 6.2831853071795862 -6.2831853071795862 0 1 
1 0 -6.2831853071795862 0 1 
1 0 -1.5707963267948966 1 0 
1 0 1.5707963267948966 1 0 
1 6.2831853071795862 -6.2831853071795862 0 1 
1 0 -6.2831853071795862 0 1 
1 0 -1.5707963267948966 1 0 
1 0 1.5707963267948966 1 0 
1 6.2831853071795862 -6.2831853071795862 0 1 
1 0 -6.2831853071795862 0 1 
1 0 -1.5707963267948966 1 0 
1 0 1.5707963267948966 1 0 
1 6.2831853071795862 -6.2831853071795862 0 1 
1 0 -6.2831853071795862 0 1 
1 0 -1.5707963267948966 1 0 
1 0 1.5707963267948966 1 0 
1 6.2831853071795862 -6.2831853071795862 0 1 
1 0 -6.2831853071795862 0 1 
1 0 -1.5707963267948966 1 0 
1 0 1.5707963267948966 1 0 
1 6.2831853071795862 -6.2831853071795862 0 1 
1 0 -6.2831853071795862 0 1 
1 0 -1.5707963267948966 1 0 
1 0 1.5707963267948966 1 0 
1 6.2831853071795862 -6.2831853071795862 0 1 
1 0 -6.2831853071795862 0 1 
1 0 -1.5707963267948966 1 0 
1 0 1.5707963267948966 1 0 
1 6.2831853071795862 -6.2831853071795862 0 1 
1 0 -6.2831853071795862 0 1 
1 0 -1.5707963267948966 1 0 
1 0 1.5707963267948966 1 0 
1 6.2831853071795862 -6.2831853071795862 0 1 
1 0 -6.2831853071795862 0 1 
1 0 -1.5707963267948966 1 0 
1 0 1.5707963267948966 1 0 
1 6.2831853071795862 -6.2831853071795862 0 1 
1 0 -6.2831853071795862 0 1 
1 0 -1.5707963267948966 1 0 
1 0 1.5707963267948966 1 0 
1 6.2831853071795862 -6.2831853071795862 0 1 
1 0 -6.2831853071795862 0 1 
1 0 -1.5707963267948966 1 0 
1 0 1.5707963267948966 1 0 
1 6.2831853071795862 -6.2831853071795862 0 1 
1 0 -6.2831853071795862 0 1 
1 0 -1.5707963267948966 1 0 
1 0 1.5707963267948966 1 0 
1 6.2831853071795862 -6.2831853071795862 0 1 
1 0 -6.2831853071795862 0 1 
1 0 -1.5707963267948966 1 0 
1 0 1.5707963267948966 1 0 
1 6.2831853071795862 -6.2831853071795862 0 1 
1 0 -6.2831853071795862 0 1 
1 0 -1.5707963267948966 1 0 
1 0 1.5707963267948966 1 0 
1 6.2831853071795862 -6.2831853071795862 0 1 
1 0 -6.2831853071795862 0 1 
1 0 -1.5707963267948966 1 0 
1 0 1.5707963267948966 1 0 
1 6.2831853071795862 -6.2831853071795862 0 1 
1 0 -6.2831853071795862 0 1 
1 0 -1.5707963267948966 1 0 
1 0 1.5707963267948966 1 0 
1 6.2831853071795862 -6.2831853071795862 0 1 
1 0 -6.2831853071795862 0 1 
1 0 -1.5707963267948966 1 0 
1 0 1.5707963267948966 1 0 
1 6.2831853071795862 -6.2831853071795862 0 1 
1 0 -6.2831853071795862 0 1 
1 0 -1.5707963267948966 1 0 
1 0 1.5707963267948966 1 0 
1 6.2831853071795862 -6.2831853071795862 0 1 
1 0 -6.2831853071795862 0 1 
1 0 -1.5707963267948966 1 0 
1 0 1.5707963267948966 1 0 
1 6.2831853071795862 -6.2831853071795862 0 1 
1 0 -6.2831853071795862 0 1 
1 0 -1.5707963267948966 1 0 
1 0 1.5707963267948966 1 0 
1 6.2831853071795862 -6.2831853071795862 0 1 
1 0 -6.2831853071795862 0 1 
1 0 -1.5707963267948966 1 0 
1 0 1.5707963267948966 1 0 
1 6.2831853071795862 -6.2831853071795862 0 1 
1 0 -6.2831853071795862 0 1 
1 0 -1.5707963267948966 1 0 
1 0 1.5707963267948966 1 0 
1 6.2831853071795862 -6.2831853071795862 0 1 
1 0 -6.2831853071795862 0 1 
1 0 -1.5707963267948966 1 0 
1 0 1.5707963267948966 1 0 
1 6.2831853071795862 -6.2831853071795862 0 1 
1 0 -6.2831853071795862 0 1 
1 0 -1.5707963267948966 1 0 
1 0 1.5707963267948966 1 0 
1 6.2831853071795862 -6.2831853071795862 0 1 
1 0 -6.2831853071795862 0 1 
1 0 -1.5707963267948966 1 0 
1 0 1.5707963267948966 1 0 
1 6.2831853071795862 -6.2831853071795862 0 1 
1 0 -6.2831853071795862 0 1 
1 0 -1.5707963267948966 1 0 
1 0 1.5707963267948966 1 0 
1 6.2831853071795862 -6.2831853071795862 0 1 
1 0 -6.2831853071795862 0 1 
1 0 -1.5707963267948966 1 0 
1 0 1.5707963267948966 1 0 
1 6.2831853071795862 -6.2831853071795862 0 1 
1 0 -6.2831853071795862 0 1 
1 0 -1.5707963267948966 1 0 
1 0 1.5707963267948966 1 0 
1 6.2831853071795862 -6.2831853071795862 0 1 
1 0 -6.2831853071795862 0 1 
1 0 -1.5707963267948966 1 0 
1 0 1.5707963267948966 1 0 
1 6.2831853071795862 -6.2831853071795862 0 1 
1 0 -6.2831853071795862 0 1 
1 0 -1.5707963267948966 1 0 
1 0 1.5707963267948966 1 0 
1 6.2831853071795862 -6.2831853071795862 0 1 
1 0 -6.2831853071795862 0 1 
1 0 -1.5707963267948966 1 0 
1 0 1.5707963267948966 1 0 
1 6.2831853071795862 -6.2831853071795862 0 1 
1 0 -6.2831853071795862 0 1 
1 0 -1.5707963267948966 1 0 
1 0 1.5707963267948966 1 0 
1 6.2831853071795862 -6.2831853071795862 0 1 
1 0 -6.2831853071795862 0 1 
1 0 -1.5707963267948966 1 0 
1 0 1.5707963267948966 1 0 
1 6.2831853071795862 -6.2831853071795862 0 1 
1 0 -6.2831853071795862 0 1 
1 0 -1.5707963267948966 1 0 
1 0 1.5707963267948966 1 0 
1 6.2831853071795862 -6.2831853071795862 0 1 
1 0 -6.2831853071795862 0 1 
1 0 -1.5707963267948966 1 0 
1 0 1.5707963267948966 1 0 
1 6.2831853071795862 -6.2831853071795862 0 1 
1 0 -6.2831853071795862 0 1 
1 0 -1.5707963267948966 1 0 
1 0 1.5707963267948966 1 0 
1 6.2831853071795862 -6.2831853071795862 0 1 
1 0 -6.2831853071795862 0 1 
1 0 -1.5707963267948966 1 0 
1 0 1.5707963267948966 1 0 
1 6.2831853071795862 -6.2831853071795862 0 1 
1 0 -6.2831853071795862 0 1 
1 0 -1.5707963267948966 1 0 
1 0 1.5707963267948966 1 0 
1 6.2831853071795862 -6.2831853071795862 0 1 
1 0 -6.2831853071795862 0 1 
1 0 -1.5707963267948966 1 0 
1 0 1.5707963267948966 1 0 
1 6.2831853071795862 -6.2831853071795862 0 1 
1 0 -6.2831853071795862 0 1 
1 0 -1.5707963267948966 1 0 
1 0 1.5707963267948966 1 0 
1 6.2831853071795862 -6.2831853071795862 0 1 
1 0 -6.2831853071795862 0 1 
1 0 -1.5707963267948966 1 0 
1 0 1.5707963267948966 1 0 
1 6.2831853071795862 -6.2831853071795862 0 1 
1 0 -6.2831853071795862 0 1 
1 0 -1.5707963267948966 1 0 
1 0 1.5707963267948966 1 0 
1 6.2831853071795862 -6.2831853071795862 0 1 
1 0 -6.2831853071795862 0 1 
1 0 -1.5707963267948966 1 0 
1 0 1.5707963267948966 1 0 
1 6.2831853071795862 -6.2831853071795862 0 1 
1 0 -6.2831853071795862 0 1 
1 0 -1.5707963267948966 1 0 
1 0 1.5707963267948966 1 0 
1 6.2831853071795862 -6.2831853071795862 0 1 
1 0 -6.2831853071795862 0 1 
1 0 -1.5707963267948966 1 0 
1 0 1.5707963267948966 1 0 
1 6.2831853071795862 -6.2831853071795862 0 1 
1 0 -6.2831853071795862 0 1 
1 0 -1.5707963267948966 1 0 
1 0 1.5707963267948966 1 0 
1 6.2831853071795862 -6.2831853071795862 0 1 
1 0 -6.2831853071795862 0 1 
1 0 -1.5707963267948966 1 0 
1 0 1.5707963267948966 1 0 
1 6.2831853071795862 -6.2831853071795862 0 1 
1 0 -6.2831853071795862 0 1 
1 0 -1.5707963267948966 1 0 
1 0 1.5707963267948966 1 0 
1 6.2831853071795862 -6.2831853071795862 0 1 
1 0 -6.2831853071795862 0 1 
1 0 -1.5707963267948966 1 0 
1 0 1.5707963267948966 1 0 
1 6.2831853071795862 -6.2831853071795862 0 1 
1 0 -6.2831853071795862 0 1 
1 0 -1.5707963267948966 1 0 
1 0 1.5707963267948966 1 0 
1 6.2831853071795862 -6.2831853071795862 0 1 
1 0 -6.2831853071795862 0 1 
1 0 -1.5707963267948966 1 0 
1 0 1.5707963267948966 1 0 
1 6.2831853071795862 -6.2831853071795862 0 1 
1 0 -6.2831853071795862 0 1 
1 0 -1.5707963267948966 1 0 
1 0 1.5707963267948966 1 0 
1 6.2831853071795862 -6.2831853071795862 0 1 
1 0 -6.2831853071795862 0 1 
1 0 -1.5707963267948966 1 0 
1 0 1.5707963267948966 1 0 
1 6.2831853071795862 -6.2831853071795862 0 1 
1 0 -6.2831853071795862 0 1 
1 0 -1.5707963267948966 1 0 
1 0 1.5707963267948966 1 0 
1 6.2831853071795862 -6.2831853071795862 0 1 
1 0 -6.2831853071795862 0 1 
1 0 -1.5707963267948966 1 0 
1 0 1.5707963267948966 1 0 
1 6.2831853071795862 -6.2831853071795862 0 1 
1 0 -6.2831853071795862 0 1 
1 0 -1.5707963267948966 1 0 
1 0 1.5707963267948966 1 0 
1 6.2831853071795862 -6.2831853071795862 0 1 
1 0 -6.2831853071795862 0 1 
1 0 -1.5707963267948966 1 0 
1 0 1.5707963267948966 1 0 
1 6.2831853071795862 -6.2831853071795862 0 1 
1 0 -6.2831853071795862 0 1 
1 0 -1.5707963267948966 1 0 
1 0 1.5707963267948966 1 0 
1 6.2831853071795862 -6.2831853071795862 0 1 
1 0 -6.2831853071795862 0 1 
1 0 -1.5707963267948966 1 0 
1 0 1.5707963267948966 1 0 
1 6.2831853071795862 -6.2831853071795862 0 1 
1 0 -6.2831853071795862 0 1 
1 0 -1.5707963267948966 1 0 
1 0 1.5707963267948966 1 0 
1 6.2831853071795862 -6.2831853071795862 0 1 
1 0 -6.2831853071795862 0 1 
1 0 -1.5707963267948966 1 0 
1 0 1.5707963267948966 1 0 
1 6.2831853071795862 -6.2831853071795862 0 1 
1 0 -6.2831853071795862 0 1 
1 0 -1.5707963267948966 1 0 
1 0 1.5707963267948966 1 0 
1 6.2831853071795862 -6.2831853071795862 0 1 
1 0 -6.2831853071795862 0 1 
1 0 -1.5707963267948966 1 0 
1 0 1.5707963267948966 1 0 
1 6.2831853071795862 -6.2831853071795862 0 1 
1 0 -6.2831853071795862 0 1 
1 0 -1.5707963267948966 1 0 
1 0 1.5707963267948966 1 0 
1 6.2831853071795862 -6.2831853071795862 0 1 
1 0 -6.2831853071795862 0 1 
1 0 -1.5707963267948966 1 0 
1 0 1.5707963267948966 1 0 
1 6.2831853071795862 -6.2831853071795862 0 1 
1 0 -6.2831853071795862 0 1 
1 0 -1.5707963267948966 1 0 
Curves 321
2 308.07661463408067 912.20964497281318 517.62346693333404 0.92611108801203046 -0.017721874917734141 -0.37683443023504826 0.37689361940185717 8.6736173798840355e-19 0.92625655174695976 -0.016415002751791356 -0.99984295524317224 0.0066792615803318092 4
1 301.50757447760742 912.36419744082343 524.61486613947795 0.92611108801203046 -0.017721874917734141 -0.37683443023504826 
2 300 912.36419744082343 520.90983993249017 0.92611108801203046 -0.017721874917734141 -0.37683443023504826 0.37689361940185717 8.6736173798840355e-19 0.92625655174695976 -0.016415002751791356 -0.99984295524317224 0.0066792615803318092 4
2 315.99622636603272 912.05509250480281 514.33709393417791 0.92348348489907961 -0.01802192539087849 -0.38321464393190513 0.38327689119805569 2.6020852139652114e-18 0.92363349044605014 -0.016645653853335399 -0.99983759191440968 0.0069073875372192162 4
1 309.60972219887287 912.20964497281318 521.31800089511819 0.92348348489907972 -0.018021925390878494 -0.38321464393190519 
2 308.07661463408067 912.20964497281318 517.62346693333404 0.92348348489907961 -0.01802192539087849 -0.38321464393190513 0.38327689119805569 2.6020852139652114e-18 0.92363349044605014 -0.016645653853335399 -0.99983759191440968 0.0069073875372192162 4
2 323.75883519585614 911.90054003679256 511.05072093502179 0.92071915928077308 -0.018331391099402395 -0.38979506132539377 0.38986057118294443 0 0.92087389746745907 -0.016880899567706973 -0.9998319659324566 0.0071466866045909617 4
1 317.55566865076452 912.05509250480281 518.02058952404775 0.92071915928077308 -0.018331391099402395 -0.38979506132539377 
2 315.99622636603272 912.05509250480281 514.33709393417791 0.92071915928077308 -0.018331391099402395 -0.38979506132539377 0.38986057118294443 0 0.92087389746745907 -0.016880899567706973 -0.9998319659324566 0.0071466866045909617 4
2 331.36444112355093 911.7459875687822 507.7643479358656 0.9178089122591262 -0.018650668191344279 -0.39658410602763217 0.39665309940736831 0 0.91796858264895342 -0.017120727445064227 -0.99982606116064843 0.0073978453441151245 4
1 325.34544759348563 911.90054003679256 514.72259526561766 0.9178089122591262 -0.018650668191344279 -0.39658410602763217 
2 323.75883519585614 911.90054003679256 511.05072093502179 0.9178089122591262 -0.018650668191344279 -0.39658410602763217 0.39665309940736831 0 0.91796858264895342 -0.017120727445064227 -0.99982606116064843 0.0073978453441151245 4
2 338.8130441491171 911.59143510077195 504.47797493670953 0.91474280188470181 -0.01898017079721433 -0.4035905840287084 0.40366329980107246 0 0.91490761303735446 -0.017365102759120662 -0.99981986033310455 0.007661598374791489 4
1 332.9790943227552 911.7459875687822 511.42397838801503 0.91474280188470181 -0.01898017079721433 -0.4035905840287084 
2 331.36444112355093 911.7459875687822 507.7643479358656 0.91474280188470181 -0.01898017079721433 -0.4035905840287084 0.40366329980107246 0 0.91490761303735446 -0.017365102759120662 -0.99981986033310455 0.007661598374791489 4
2 346.10464427255465 911.43688263276169 501.19160193755346 0.91151007513328541 -0.019320331524384893 -0.4108236942050692 0.41090039082785557 8.6736173798840355e-19 0.91168024483231824 -0.017613964574392776 -0.99981334497484486 0.0079387317742934914 4
1 340.45664571242855 911.59143510077195 508.12469591603877 0.91151007513328541 -0.019320331524384893 -0.4108236942050692 
2 338.8130441491171 911.59143510077195 504.47797493670953 0.91151007513328541 -0.019320331524384893 -0.4108236942050692 0.41090039082785557 8.6736173798840355e-19 0.91168024483231824 -0.017613964574392776 -0.99981334497484486 0.0079387317742934914 4
2 353.23924149386357 911.28233016475133 497.90522893839727 0.9080990932416928 -0.019671601872534288 -0.41829303715623084 0.41837399448305174 8.6736173798840335e-19 0.90827484867758801 -0.017867221214021838 -0.99980649531785326 0.0082300866532924507 4
1 347.77814025048684 911.43688263276169 504.82470133226383 0.9080990932416928 -0.019671601872534288 -0.41829303715623084 
2 346.10464427255465 911.43688263276169 501.19160193755346 0.9080990932416928 -0.019671601872534288 -0.41829303715623084 0.41837399448305174 8.6736173798840335e-19 0.90827484867758801 -0.017867221214021838 -0.99980649531785326 0.0082300866532924507 4
2 360.21683581304387 911.12777769674108 494.6188559392412 0.90449724977647128 -0.020034452544363597 -0.42600862181186833 0.42609414307639049 -8.6736173798840355e-19 0.90467882767090146 -0.018124745040863168 -0.99979929021341474 0.0085365628888952171 4
1 354.94361806616911 911.28233016475133 501.5239442490809 0.90449724977647128 -0.020034452544363597 -0.42600862181186833 
2 353.23924149386357 911.28233016475133 497.90522893839727 0.90449724977647128 -0.020034452544363597 -0.42600862181186833 0.42609414307639049 -8.6736173798840355e-19 0.90467882767090146 -0.018124745040863168 -0.99979929021341474 0.0085365628888952171 4
2 367.03742723009555 910.97322522873071 491.33248294008496 0.90069088076814685 -0.020409373619585662 -0.43398086912853218 0.43407128312040177 0 0.90087852742209806 -0.018386366452019746 -0.99979170704124976 0.0088591229947372271 4
1 361.95312094552548 911.12777769674108 498.22237004892958 0.90069088076814685 -0.020409373619585662 -0.43398086912853218 
2 360.21683581304387 911.12777769674108 494.6188559392412 0.90069088076814685 -0.020409373619585662 -0.43398086912853218 0.43407128312040177 0 0.90087852742209806 -0.018386366452019746 -0.99979170704124976 0.0088591229947372271 4
2 373.70101574501859 910.81867276072046 488.04610994092889 0.89666516620679604 -0.020796874552762384 -0.44222061204807678 0.44231627549724822 0 0.89685913745149659 -0.018651866973077452 -0.99978372161624873 0.0091987960941613579 4
1 368.80669233208454 910.97322522873071 494.91991948989096 0.89666516620679604 -0.020796874552762384 -0.44222061204807678 
2 367.03742723009555 910.97322522873071 491.33248294008496 0.89666516620679604 -0.020796874552762384 -0.44222061204807678 0.44231627549724822 0 0.89685913745149659 -0.018651866973077452 -0.99978372161624873 0.0091987960941613579 4
2 380.20760135781302 910.66412029271021 484.75973694177281 0.89240402216404369 -0.021197483948650227 -0.45073909071621876 0.45084039090299899 0 0.89260458318923674 -0.018920971324645475 -0.99977530809389703 0.0095566819495695177 4
1 375.50437730863058 910.81867276072046 491.61652827368584 0.8924040221640438 -0.021197483948650231 -0.45073909071621882 
2 373.70101574501859 910.81867276072046 488.04610994092889 0.89240402216404369 -0.021197483948650227 -0.45073909071621876 0.45084039090299899 0 0.89260458318923674 -0.018920971324645475 -0.99977530809389703 0.0095566819495695177 4
2 386.55718406847882 910.50956782469984 481.47336394261663 0.88788998278846809 -0.021611749057324978 -0.45954794174990826 0.45965529935830546 0 0.88809740781731061 -0.019193338316208522 -0.9997664388759423 0.0099339549826012903 4
1 382.04622255524623 910.66412029271021 488.31212657304206 0.88788998278846809 -0.021611749057324978 -0.45954794174990826 
2 380.20760135781302 910.66412029271021 484.75973694177281 0.88788998278846809 -0.021611749057324978 -0.45954794174990826 0.45965529935830546 0 0.88809740781731061 -0.019193338316208522 -0.9997664388759423 0.0099339549826012903 4
2 392.74976387701599 910.35501535668959 478.18699094346056 0.88310407141826053 -0.022040234921063495 -0.46865918009691876 0.46877305232871141 1.7347234759768075e-18 0.88331864319192499 -0.019468550406105095 -0.99975708451834666 0.010331868197988795 4
1 388.43227627779368 910.50956782469984 485.00663851538434 0.88310407141826053 -0.022040234921063495 -0.46865918009691876 
2 386.55718406847882 910.50956782469984 481.47336394261663 0.88310407141826053 -0.022040234921063495 -0.46865918009691876 0.46877305232871141 1.7347234759768075e-18 0.88331864319192499 -0.019468550406105095 -0.99975708451834666 0.010331868197988795 4
2 398.78534078342454 910.20046288867934 474.90061794430437 0.87802566007665539 -0.022483523090740608 -0.47808517173865756 0.47820605570477998 -1.7347234759768071e-18 0.87824766910438024 -0.019746101747697451 -0.99974721364424324 0.010751756895570409 4
1 394.66258809983509 910.35501535668959 481.69998161987809 0.87802566007665539 -0.022483523090740608 -0.47808517173865756 
2 392.74976387701599 910.35501535668959 478.18699094346056 0.87802566007665539 -0.022483523090740608 -0.47808517173865756 0.47820605570477998 -1.7347234759768071e-18 0.87824766910438024 -0.019746101747697451 -0.99974721364424324 0.010751756895570409 4
2 404.66391478770447 910.04591042066909 471.61424494514824 0.87263231667017949 -0.022942209812905099 -0.48783859514365652 0.48796703154778381 0 0.87286206019189772 -0.020025384522647117 -0.99973679286545258 0.011195042019549737 4
1 400.73720890961567 910.20046288867934 478.39206618507194 0.87263231667017949 -0.022942209812905099 -0.48783859514365652 
2 398.78534078342454 910.20046288867934 474.90061794430437 0.87263231667017949 -0.022942209812905099 -0.48783859514365652 0.48796703154778381 0 0.87286206019189772 -0.020025384522647117 -0.99973679286545258 0.011195042019549737 4
2 410.38548588985577 909.89135795265884 468.32787194599217 0.86689963930877256 -0.023416903570767644 -0.49793238897814007 0.49806896610443796 1.7347234759768063e-18 0.86713741990739657 -0.020305673344575753 -0.99972578671711654 0.011663232950859562 4
1 406.65619065212223 910.04591042066909 475.08279462477782 0.86689963930877234 -0.023416903570767641 -0.49793238897813996 
2 404.66391478770447 910.04591042066909 471.61424494514824 0.86689963930877256 -0.023416903570767644 -0.49793238897814007 0.49806896610443796 1.7347234759768063e-18 0.86713741990739657 -0.020305673344575753 -0.99972578671711654 0.011663232950859562 4
2 415.95005408987845 909.73680548464847 465.04149894683599 0.86080107732787692 -0.023908221839470414 -0.50837968311060711 0.50852504112307451 0 0.86104720111662592 -0.02058610749855139 -0.99971415761130178 0.012157929494096281 4
1 412.41958605434809 909.89135795265884 471.77206075045865 0.86080107732787692 -0.023908221839470414 -0.50837968311060711 
2 410.38548588985577 909.89135795265884 468.32787194599217 0.86080107732787692 -0.023908221839470414 -0.50837968311060711 0.50852504112307451 0 0.86104720111662592 -0.02058610749855139 -0.99971415761130178 0.012157929494096281 4
2 421.3576193877725 909.58225301663822 461.75512594767991 0.85430773883334798 -0.024416786890834576 -0.51919370940659493 0.51934854496075555 -1.7347234759768071e-18 0.85456251313004972 -0.020865670767992443 -0.99970186581696829 0.012680822744371783 4
1 418.02744826972145 909.73680548464847 468.45974899935618 0.85430773883334798 -0.024416786890834576 -0.51919370940659493 
2 415.95005408987845 909.73680548464847 465.04149894683599 0.85430773883334798 -0.024416786890834576 -0.51919370940659493 0.51934854496075555 -1.7347234759768071e-18 0.85456251313004972 -0.020865670767992443 -0.99970186581696829 0.012680822744371783 4
2 426.60818178353793 909.42770054862785 458.46875294852373 0.84738818493714063 -0.024943220453961822 -0.53038768818885995 0.53055275934710233 0 0.84765191532207118 -0.0211431685921014 -0.99968886947559099 0.013233694438852526 4
1 423.47983042516091 909.58225301663822 465.14573360896821 0.84738818493714063 -0.024943220453961822 -0.53038768818885995 
2 421.3576193877725 909.58225301663822 461.75512594767991 0.84738818493714063 -0.024943220453961822 -0.53038768818885995 0.53055275934710233 0 0.84765191532207118 -0.0211431685921014 -0.99968886947559099 0.013233694438852526 4
2 431.70174127717473 909.2731480806176 455.1823799493676 0.84000821133696235 -0.025488137003836051 -0.54197468553295969 0.5421508169617586 -1.7347234759768079e-18 0.84028119797345091 -0.021417202295694805 -0.99967512466404496 0.013818414299462947 4
1 428.77678505138499 909.42770054862797 461.82987774041754 0.84000821133696246 -0.025488137003836054 -0.5419746855329598 
2 426.60818178353793 909.42770054862785 458.46875294852373 0.84000821133696235 -0.025488137003836051 -0.54197468553295969 0.5421508169617586 -1.7347234759768079e-18 0.84028119797345091 -0.021417202295694805 -0.99967512466404496 0.013818414299462947 4
2 436.63829786868291 909.11859561260735 451.89600695021153 0.83213061855366555 -0.026052135414713247 -0.55396743578104612 0.55415552419064273 0 0.83241315163144425 -0.02168614014729062 -0.99966058551907178 0.014436934757026029 4
1 433.91836337393732 909.2731480806176 458.51203255589337 0.83213061855366555 -0.026052135414713247 -0.55396743578104612 
2 431.70174127717473 909.2731480806176 455.1823799493676 0.83213061855366555 -0.026052135414713247 -0.55396743578104612 0.55415552419064273 0 0.83241315163144425 -0.02168614014729062 -0.99966058551907178 0.014436934757026029 4
2 441.41785155806247 908.96404314459699 448.60963395105534 0.82371497302689833 -0.026635788672336212 -0.56637812278821187 0.56657914255183572 1.7347234759768071e-18 0.82400732716719616 -0.021948085030882046 -0.99964520444095706 0.015091282307164153 4
1 438.90461443889023 909.11859561260735 455.19203625888031 0.82371497302689833 -0.026635788672336212 -0.56637812278821187 
2 436.63829786868291 909.11859561260735 451.89600695021153 0.82371497302689833 -0.026635788672336212 -0.56637812278821187 0.56657914255183572 1.7347234759768071e-18 0.82400732716719616 -0.021948085030882046 -0.99964520444095706 0.015091282307164153 4
2 446.0404023453134 908.80949067658673 445.32326095189927 0.81471736243702386 -0.027239631296799318 -0.57921811248481658 0.57943312134377456 -1.7347234759768067e-18 0.81501978987617874 -0.022200838575821967 -0.99962893239782458 0.015783544586558004 4
1 443.73558404343754 908.96404314459699 451.86971311056004 0.81471736243702386 -0.027239631296799318 -0.57921811248481658 
2 441.41785155806247 908.96404314459699 448.60963395105534 0.81471736243702386 -0.027239631296799318 -0.57921811248481658 0.57943312134377456 -1.7347234759768067e-18 0.81501978987617874 -0.022200838575821967 -0.99962893239782458 0.015783544586558004 4
2 450.5059502304357 908.65493820857637 442.03688795274309 0.80509015013932328 -0.027864144081720017 -0.59249762836929154 0.59272777309052604 1.7347234759768071e-18 0.80540287248503539 -0.022441861682754201 -0.99961171935636761 0.016515852070631467 4
1 448.41131343767552 908.80949067658673 448.5448724418394 0.80509015013932328 -0.027864144081720017 -0.59249762836929154 
2 446.0404023453134 908.80949067658673 445.32326095189927 0.80509015013932328 -0.027864144081720017 -0.59249762836929154 0.59272777309052604 1.7347234759768071e-18 0.80540287248503539 -0.022441861682754201 -0.99961171935636761 0.016515852070631467 4
2 454.81449521342938 908.50038574056612 438.75051495358701 0.79478173554337084 -0.028509735709513262 -0.60622536058502297 0.60647188238709393 0 0.79510493387593506 -0.022668231526132922 -0.9995935148698063 0.017290353082107055 4
1 452.93183775998409 908.65493820857637 445.21730768824682 0.79478173554337084 -0.028509735709513262 -0.60622536058502297 
2 450.5059502304357 908.65493820857637 442.03688795274309 0.79478173554337084 -0.028509735709513262 -0.60622536058502297 0.60647188238709393 0 0.79510493387593506 -0.022668231526132922 -0.9995935148698063 0.017290353082107055 4
2 458.96603729429444 908.34583327255586 435.46414195443089 0.78373632973082752 -0.029176720762988457 -0.62040799835718596 0.62067223785703629 -3.469446951953615e-18 0.78407013280288818 -0.022876595323389148 -0.99957426885925726 0.018109180569293896 4
1 457.29718416485753 908.50038574056612 441.88679548479854 0.78373632973082763 -0.02917672076298846 -0.62040799835718607 
2 454.81449521342938 908.50038574056612 438.75051495358701 0.78373632973082752 -0.029176720762988457 -0.62040799835718596 0.62067223785703629 -3.469446951953615e-18 0.78407013280288818 -0.022876595323389148 -0.99957426885925726 0.018109180569293896 4
2 462.96057647303087 908.1912808045455 432.1777689552747 0.77189375867441656 -0.029865293618841236 -0.6350496748731882 0.6353330762272692 0 0.77223822894984606 -0.023063121451281095 -0.9995539326304812 0.018974408867289034 4
1 461.50736959920351 908.34583327255586 438.55309487023027 0.77189375867441656 -0.029865293618841236 -0.6350496748731882 
2 458.96603729429444 908.34583327255586 435.46414195443089 0.77189375867441656 -0.029865293618841236 -0.6350496748731882 0.6353330762272692 0 0.77223822894984606 -0.023063121451281095 -0.9995539326304812 0.018974408867289034 4
2 466.79811274963868 908.03672833653525 428.89139595611863 0.75918931018473579 -0.030575497693996891 -0.65015131334327814 0.65045542716074933 5.2041704279304213e-18 0.75954442745446238 -0.023223448890122102 -0.99953246017363762 0.019887998413201258 4
1 465.56239818167387 908.1912808045455 435.21594666509253 0.75918931018473579 -0.030575497693996891 -0.65015131334327814 
2 462.96057647303087 908.1912808045455 432.1777689552747 0.75918931018473579 -0.030575497693996891 -0.65015131334327814 0.65045542716074933 5.2041704279304213e-18 0.75954442745446238 -0.023223448890122102 -0.99953246017363762 0.019887998413201258 4
2 470.47864612411786 907.88217586852488 425.60502295696244 0.74555364524880874 -0.031307189524842481 -0.6657098631838565 0.66603634767512254 0 0.74591928757445558 -0.023352636506328964 -0.99950980979881121 0.020851726167098943 4
1 469.46225814033915 908.03672833653525 431.87507310641644 0.74555364524880885 -0.031307189524842488 -0.66570986318385661 
2 466.79811274963868 908.03672833653525 428.89139595611863 0.74555364524880874 -0.031307189524842481 -0.6657098631838565 0.66603634767512254 0 0.74591928757445558 -0.023352636506328964 -0.99950980979881121 0.020851726167098943 4
2 474.00217659646842 907.72762340051463 422.31864995780637 0.73091279977384849 -0.032059997207849418 -0.6817174163139641 0.68206803600439214 3.469446951953615e-18 0.73128872154649771 -0.023445114370912491 -0.99948594616384312 0.021867099329864154 4
1 473.20691826813544 907.88217586852488 428.53017784314841 0.7309127997738486 -0.032059997207849425 -0.68171741631396421 
2 470.47864612411786 907.88217586852488 425.60502295696244 0.73091279977384849 -0.032059997207849418 -0.6817174163139641 0.68206803600439214 3.469446951953615e-18 0.73128872154649771 -0.023445114370912491 -0.99948594616384312 0.021867099329864154 4
2 477.36870416669035 907.57307093250438 419.0322769586503 0.71518830888967244 -0.032833272838365707 -0.69816019581629829 0.69853681700411685 3.4694469519536142e-18 0.71557411586065423 -0.023494640182125173 -0.99946084275209179 0.022935249900339714 4
1 476.79632386448486 907.72762340051463 425.18094642124896 0.71518830888967244 -0.032833272838365707 -0.69816019581629829 
2 474.00217659646842 907.72762340051463 422.31864995780637 0.71518830888967244 -0.032833272838365707 -0.69816019581629829 0.69853681700411685 3.4694469519536142e-18 0.71557411586065423 -0.023494640182125173 -0.99946084275209179 0.022935249900339714 4
2 480.57822883478366 907.41851846449401 415.74590395949406 0.69829749277061071 -0.033626038767062237 -0.71501741314957834 -0.71542199512308102 0 -0.6986926140257318 0.023494264925489314 0.9994344848547283 -0.024056807742817737 4
1 474.50701618619803 907.57307093250438 416.23750650254738 0.69829749277061082 -0.033626038767062244 -0.71501741314957845 
2 477.36870416669035 907.57307093250438 419.0322769586503 0.69829749277061071 -0.033626038767062237 -0.71501741314957834 -0.71542199512308102 0 -0.6986926140257318 0.023494264925489314 0.9994344848547283 -0.024056807742817737 4
2 483.63075060074834 907.26396599648376 412.45953096033799 0.6801539501237559 -0.034436927785616411 -0.73225999626890692 -0.73269457713019237 0 -0.68055760714579394 0.023436313171231609 0.99940687310258602 -0.025231750241545187 4
1 477.6474505262629 907.41851846449401 413.02367353091086 0.6801539501237559 -0.034436927785616411 -0.73225999626890692 
2 480.57822883478366 907.41851846449401 415.74590395949406 0.6801539501237559 -0.034436927785616411 -0.73225999626890692 -0.73269457713019237 0 -0.68055760714579394 0.023436313171231609 0.99940687310258602 -0.025231750241545187 4
2 486.5262694645844 907.1094135284734 409.1731579611818 0.66066831254396741 -0.035264117777025407 -0.74984920003805744 -0.75031587582371895 1.0408340855860843e-17 -0.66107948575559783 0.0233123848456608 0.99937802757385463 -0.026459227415019586 4
1 480.62948709745348 907.26396599648376 409.81521301731561 0.66066831254396741 -0.035264117777025407 -0.74984920003805744 
2 483.63075060074834 907.26396599648376 412.45953096033799 0.66066831254396741 -0.035264117777025407 -0.74984920003805744 -0.75031587582371895 1.0408340855860843e-17 -0.66107948575559783 0.0233123848456608 0.99937802757385463 -0.026459227415019586 4
2 489.26478542629184 906.95486106046314 405.88678496202573 0.63974931903065479 -0.036105261954514294 -0.76773512285098 -0.76823601851780432 6.9388939039072284e-18 -0.64016671254596802 0.023113386851032435 0.99934799247269024 -0.027737362691478414 4
1 483.45332539051316 907.1094135284734 406.61249111099795 0.63974931903065479 -0.036105261954514294 -0.76773512285098 
2 486.5262694645844 907.1094135284734 409.1731579611818 0.63974931903065479 -0.036105261954514294 -0.76773512285098 -0.76823601851780432 6.9388939039072284e-18 -0.64016671254596802 0.023113386851032435 0.99934799247269024 -0.027737362691478414 4
2 491.84629848587065 906.80030859245289 402.60041196286966 0.6173052738702639 -0.036957416596590721 -0.78585516999665039 -0.78639240078612715 -1.0408340855860846e-17 -0.61772727961927598 0.022829604415968263 0.99931684132636633 -0.029063031564246049 4
1 486.11921582314733 906.95486106046314 403.41587584354863 0.61730527387026402 -0.036957416596590728 -0.7858551699966505 
2 489.26478542629184 906.95486106046314 405.88678496202573 0.6173052738702639 -0.036957416596590721 -0.78585516999665039 -0.78639240078612715 -1.0408340855860846e-17 -0.61772727961927598 0.022829604415968263 0.99931684132636633 -0.029063031564246049 4
2 494.27080864332083 906.64575612444264 399.31403896371347 0.59324595112442069 -0.037816969172772864 -0.80413252534458945 -0.80470814709878613 6.9388939039072315e-18 -0.59367061405533494 0.02245082331051175 0.99928468258178837 -0.030431623191913965 4
1 488.62746589747553 906.80030859245289 400.22572950664829 0.5932459511244208 -0.037816969172772871 -0.80413252534458957 
2 491.84629848587065 906.80030859245289 402.60041196286966 0.59324595112442069 -0.037816969172772864 -0.80413252534458945 -0.80470814709878613 6.9388939039072315e-18 -0.59367061405533494 0.02245082331051175 0.99928468258178837 -0.030431623191913965 4
2 496.5383158986424 906.49120365643239 396.02766596455734 0.56748500293120796 -0.038679570949988092 -0.8224747182979496 -0.82309066552748111 -1.0408340855860846e-17 -0.56790998962998385 0.021966514737099953 0.99925166539322052 -0.031836793795543133 4
1 490.97844598121088 906.64575612444264 397.04239900519354 0.56748500293120807 -0.038679570949988099 -0.82247471829794971 
2 494.27080864332083 906.64575612444264 399.31403896371347 0.56748500293120796 -0.038679570949988092 -0.8224747182979496 -0.82309066552748111 -1.0408340855860846e-17 -0.56790998962998385 0.021966514737099953 0.99925166539322052 -0.031836793795543133 4
2 498.64882025183533 906.33665118842191 392.74129296540116 0.53994291411169681 -0.039540079523874894 -0.84077240179005297 -0.84143041275690644 -3.469446951953615e-18 -0.54036548787625416 0.021366094362584544 0.99921798528211336 -0.033270225434214963 4
1 493.17259424761477 906.49120365643239 393.86620401305231 0.53994291411169693 -0.039540079523874901 -0.84077240179005308 
2 496.5383158986424 906.49120365643239 396.02766596455734 0.53994291411169681 -0.039540079523874894 -0.84077240179005297 -0.84143041275690644 -3.469446951953615e-18 -0.54036548787625416 0.021366094362584544 0.99921798528211336 -0.033270225434214963 4
2 500.60232170289964 906.18209872041166 389.45491996624509 0.51055051934298368 -0.040392518144987101 -0.85889848741077468 -0.85960001625005067 -3.4694469519536142e-18 -0.51096752544845037 0.020639265043175686 0.99918388922055135 -0.034721409253811376 4
1 495.21042018683511 906.33665118842191 390.69742286360736 0.51055051934298368 -0.040392518144987101 -0.85889848741077468 
2 498.64882025183533 906.33665118842191 392.74129296540116 0.51055051934298368 -0.040392518144987101 -0.85889848741077468 -0.85960001625005067 -3.4694469519536142e-18 -0.51096752544845037 0.020639265043175686 0.99918388922055135 -0.034721409253811376 4
2 502.39882025183533 906.02754625240141 386.16854696708901 0.47925305881335151 -0.04123006004371528 -0.87670781208270177 -0.87745392910082609 0 -0.47966092430541246 0.019776448709736126 0.99914967955196365 -0.036177478182420952 4
1 497.09250598649635 906.18209872041166 387.53627626902346 0.47925305881335151 -0.04123006004371528 -0.87670781208270177 
2 500.60232170289964 906.18209872041166 389.45491996624509 0.47925305881335151 -0.04123006004371528 -0.87670781208270177 -0.87745392910082609 0 -0.47966092430541246 0.019776448709736126 0.99914967955196365 -0.036177478182420952 4
2 504.0383158986424 905.87299378439116 382.88217396793283 0.44601469217281614 -0.042045046949888885 -0.89403753187042967 -0.89482881464315323 0 -0.44640944488701106 0.018769306069148218 0.99911571603442495 -0.037623119523784804 4
1 498.81950499326274 906.02754625240141 384.38290918754097 0.4460146921728162 -0.042045046949888892 -0.89403753187042978 
2 502.39882025183533 906.02754625240141 386.16854696708901 0.44601469217281614 -0.042045046949888885 -0.89403753187042967 -0.89482881464315323 0 -0.44640944488701106 0.018769306069148218 0.99911571603442495 -0.037623119523784804 4
2 505.52080864332083 905.7184413163809 379.5958009687767 0.41082331904211117 -0.04282905134074938 -0.91070844560291364 -0.91154486531612577 3.469446951953615e-18 -0.41120063049052608 0.01761133291462726 0.99908241519969287 -0.03904060183602083 4
1 500.39213643737787 905.87299378439116 381.23737144597072 0.41082331904211117 -0.04282905134074938 -0.91070844560291364 
2 504.0383158986424 905.87299378439116 382.88217396793283 0.41082331904211117 -0.04282905134074938 -0.91070844560291364 -0.91154486531612577 3.469446951953615e-18 -0.41120063049052608 0.01761133291462726 0.99908241519969287 -0.03904060183602083 4
2 506.84629848587065 905.56388884837054 376.30942796962057 0.37369547080781784 -0.043572991239631584 -0.92652743593061193 -0.92740824543486711 -5.2041704279304213e-18 -0.37405072690668767 0.016298509046682924 0.9990502462010763 -0.040409951353895565 4
1 501.81117566158139 905.7184413163809 378.09959806114995 0.3736954708078179 -0.043572991239631591 -0.92652743593061204 
2 505.52080864332083 905.7184413163809 379.5958009687767 0.37369547080781784 -0.043572991239631584 -0.92652743593061193 -0.92740824543486711 -5.2041704279304213e-18 -0.37405072690668767 0.016298509046682924 0.9990502462010763 -0.040409951353895565 4
2 508.01478542629184 905.40933638036017 373.02305497046444 0.33468095063183978 -0.044267304260637408 -0.9412911701793788 -0.94221480223056597 0 -0.33500935279125499 0.014829960950169703 0.99901972241467607 -0.041709309329216765 4
1 503.07743927694838 905.56388884837054 374.96939055845553 0.33468095063183978 -0.044267304260637408 -0.9412911701793788 
2 506.84629848587065 905.56388884837054 376.30942796962057 0.33468095063183978 -0.044267304260637408 -0.9412911701793788 -0.94221480223056597 0 -0.33500935279125499 0.014829960950169703 0.99901972241467607 -0.041709309329216765 4
2 509.0262694645844 905.25478391234992 369.73668197130837 0.2938668191284099 -0.04490218376484275 -0.95479112192588944 -0.95575510771197358 0 -0.29416351589290241 0.013208584247535345 0.99899138829779122 -0.042915491480670115 4
1 504.19176499544392 905.40933638036017 371.84640090689282 0.29386681912840995 -0.044902183764842757 -0.95479112192588955 
2 508.01478542629184 905.40933638036017 373.02305497046444 0.2938668191284099 -0.04490218376484275 -0.95479112192588944 -0.95575510771197358 0 -0.29416351589290241 0.013208584247535345 0.99899138829779122 -0.042915491480670115 4
2 509.88075060074834 905.10023144433967 366.45030897215224 0.25138026897939758 -0.045467874404184379 -0.96681985538414084 -0.96782077425919433 0 -0.25164051524413483 0.011441559342124567 0.99896580141522628 -0.044004753409777532 4
1 505.15498636754762 905.25478391234992 368.73011991033184 0.25138026897939764 -0.045467874404184386 -0.96681985538414095 
2 509.0262694645844 905.25478391234992 369.73668197130837 0.25138026897939758 -0.045467874404184379 -0.96681985538414084 -0.96782077425919433 0 -0.25164051524413483 0.011441559342124567 0.99896580141522628 -0.044004753409777532 4
2 510.57822883478366 904.94567897632942 363.16393597299606 0.20738992207646595 -0.045955017279791774 -0.97717836478706965 -0.97821183570376358 1.7347234759768071e-18 -0.20760925916026246 0.0095406870921546337 0.99894351010796112 -0.044953741813063296 4
1 505.9679032579333 905.10023144433967 365.61987193551118 0.20738992207646595 -0.045955017279791774 -0.97717836478706965 
2 509.88075060074834 905.10023144433967 366.45030897215224 0.20738992207646595 -0.045955017279791774 -0.97717836478706965 -0.97821183570376358 1.7347234759768071e-18 -0.20760925916026246 0.0095406870921546337 0.99894351010796112 -0.044953741813063296 4
2 511.11870416669035 904.79112650831905 359.87756297383993 0.16210513503857055 -0.046355027173913578 -0.98568409576792537 -0.9867448188732415 8.6736173798840335e-19 -0.16227958105323598 0.0075224743894940658 0.99892502794539384 -0.04574058289258754 4
1 506.63124955929067 904.94567897632942 362.51481764878309 0.16210513503857055 -0.046355027173913578 -0.98568409576792537 
2 510.57822883478366 904.94567897632942 363.16393597299606 0.16210513503857055 -0.046355027173913578 -0.98568409576792537 -0.9867448188732415 8.6736173798840335e-19 -0.16227958105323598 0.0075224743894940658 0.99892502794539384 -0.04574058289258754 4
2 511.50217659646842 904.6365740403088 356.5911899746838 0.1157730233815867 -0.046660477007403924 -0.99217912039234535 -0.99326097351856035 0 -0.11589926007081192 0.0054079147597092467 0.99891080677177657 -0.046346030817214424 4
1 507.14566027261611 904.79112650831905 359.41396593355665 0.1157730233815867 -0.046660477007403924 -0.99217912039234535 
2 511.11870416669035 904.79112650831905 359.87756297383993 0.1157730233815867 -0.046660477007403924 -0.99217912039234535 -0.99326097351856035 0 -0.11589926007081192 0.0054079147597092467 0.99891080677177657 -0.046346030817214424 4
2 511.72864612411786 904.48202157229855 353.30481697552773 0.068673108664320179 -0.046865459296740075 -0.99653782310120265 -0.99763401268616025 0 -0.068748648944618046 0.00322193700881987 0.99890121069348281 -0.046754576214586722 4
1 507.51164054572376 904.6365740403088 356.31619537890532 0.068673108664320193 -0.046865459296740082 -0.99653782310120276 
2 511.50217659646842 904.6365740403088 356.5911899746838 0.068673108664320179 -0.046865459296740075 -0.99653782310120265 -0.99763401268616025 0 -0.068748648944618046 0.00322193700881987 0.99890121069348281 -0.046754576214586722 4
2 511.79811274963868 904.32746910428818 350.0184439763716 0.021109737680432363 -0.046965892370639327 -0.99867341204664739 -4.3368086899420187e-19 -0.99889600137700141 0.046976360363885319 -0.99977716465973721 -0.0009916586444630789 -0.021086432559101306 4
1 511.72864612411786 900.48643756679053 353.49272241698327 0.021109737680432363 -0.046965892370639327 -0.99867341204664739 
2 511.72864612411786 904.48202157229855 353.30481697552773 0.021109737680432363 -0.046965892370639327 -0.99867341204664739 -4.3368086899420187e-19 -0.99889600137700141 0.046976360363885319 -0.99977716465973721 -0.0009916586444630789 -0.021086432559101306 4
2 511.71057647303087 904.17291663627793 346.73207097721541 -0.026597316578512442 -0.046959741480396361 -0.99854262073830213 4.3368086899420168e-19 -0.99889600137700307 0.046976360363850021 -0.99964622879837972 0.0012494451283036026 0.02656795317763435 4
1 511.79811274963868 900.33188509878016 350.20634941782703 -0.026597316578512442 -0.046959741480396361 -0.99854262073830213 
2 511.79811274963868 904.32746910428818 350.0184439763716 -0.026597316578512442 -0.046959741480396361 -0.99854262073830213 4.3368086899420168e-19 -0.99889600137700307 0.046976360363850021 -0.99964622879837972 0.0012494451283036026 0.02656795317763435 4
2 511.46603729429444 904.01836416826757 343.44569797805929 -0.074123430767350673 -0.046847131906159405 -0.99614811310539797 -0.99724301573937701 -4.3368086899420168e-19 0.074204902526940453 -0.0034762868567632813 0.9989020703913708 -0.046717975100838798 4
1 507.72160441007338 904.17291663627793 347.02889058732319 -0.074123430767350673 -0.046847131906159405 -0.99614811310539797 
2 511.71057647303087 904.17291663627793 346.73207097721541 -0.074123430767350673 -0.046847131906159405 -0.99614811310539797 -0.99724301573937701 -4.3368086899420168e-19 0.074204902526940453 -0.0034762868567632813 0.9989020703913708 -0.046717975100838798 4
2 511.06449521342938 903.86381170025732 340.15932497890321 -0.12115008433080179 -0.046630341937357295 -0.99153833424504811 -0.99261809034064286 0 0.12128201321092684 -0.005655421746876603 0.99891221396617491 -0.046286120965790788 4
1 507.49556493293187 904.01836416826757 343.93082603090301 -0.12115008433080179 -0.046630341937357295 -0.99153833424504811 
2 511.46603729429444 904.01836416826757 343.44569797805929 -0.12115008433080179 -0.046630341937357295 -0.99153833424504811 -0.99261809034064286 0 0.12128201321092684 -0.005655421746876603 0.99891221396617491 -0.046286120965790788 4
2 510.5059502304357 903.70925923224706 336.87295197974709 -0.16737533848567254 -0.04631367648915867 -0.9848048230166544 -0.98586270697474987 -1.7347234759768075e-18 0.16755513419892101 -0.0077600942793863963 0.99892694596254517 -0.045658926473554802 4
1 507.12104438553035 903.86381170025732 340.8295455156989 -0.16737533848567257 -0.046313676489158677 -0.98480482301665451 
2 511.06449521342938 903.86381170025732 340.15932497890321 -0.16737533848567254 -0.04631367648915867 -0.9848048230166544 -0.98586270697474987 -1.7347234759768075e-18 0.16755513419892101 -0.0077600942793863963 0.99892694596254517 -0.045658926473554802 4
2 509.7904023453134 903.5547067642367 333.58657898059096 -0.2125230547737485 -0.045903234860055084 -0.97607727369251707 -0.97710725129700282 0 0.21274731364418176 -0.009765789904054677 0.99894589094173802 -0.04485238363974918 4
1 506.5975212252477 903.70925923224706 337.72394123432383 -0.2125230547737485 -0.045903234860055084 -0.97607727369251707 
2 510.5059502304357 903.70925923224706 336.87295197974709 -0.2125230547737485 -0.045903234860055084 -0.97607727369251707 -0.97710725129700282 0 0.21274731364418176 -0.009765789904054677 0.99894589094173802 -0.04485238363974918 4
2 508.91785155806247 903.40015429622645 330.30020598143483 -0.25635023546234698 -0.045406596549572541 -0.96551685524810171 -0.96651372853549555 -3.4694469519536134e-18 0.25661491100950135 -0.011652009732812892 0.99896858859014404 -0.043886098931234324 4
1 505.92434743117144 903.5547067642367 334.61303862462898 -0.25635023546234698 -0.045406596549572541 -0.96551685524810171 
2 509.7904023453134 903.5547067642367 333.58657898059096 -0.25635023546234698 -0.045406596549572541 -0.96551685524810171 -0.96651372853549555 -3.4694469519536134e-18 0.25661491100950135 -0.011652009732812892 0.99896858859014404 -0.043886098931234324 4
2 507.88829786868291 903.24560182821608 327.01383298227864 -0.29865210548414967 -0.044832455514664235 -0.95330843425536216 -0.95426793160269519 -1.7347234759768071e-18 0.29895269644998046 -0.013402783464582667 0.99899451997121869 -0.042782174592648478 4
1 505.10077983165166 903.40015429622645 331.49601676723478 -0.29865210548414967 -0.044832455514664235 -0.95330843425536216 
2 508.91785155806247 903.40015429622645 330.30020598143483 -0.29865210548414967 -0.044832455514664235 -0.95330843425536216 -0.95426793160269519 -1.7347234759768071e-18 0.29895269644998046 -0.013402783464582667 0.99899451997121869 -0.042782174592648478 4
2 506.70174127717473 903.09104936020583 323.72745998312257 -0.33926481660483038 -0.044190235080718045 -0.93965238643745364 -0.94057119805830314 3.4694469519536142e-18 0.3395965567893296 -0.015006851677122887 0.99902313442858315 -0.041564062352349031 4
1 504.12601307644968 903.24560182821608 328.37221920943597 -0.33926481660483038 -0.044190235080718045 -0.93965238643745364 
2 507.88829786868291 903.24560182821608 327.01383298227864 -0.33926481660483038 -0.044190235080718045 -0.93965238643745364 -0.94057119805830314 3.4694469519536142e-18 0.3395965567893296 -0.015006851677122887 0.99902313442858315 -0.041564062352349031 4
2 505.35818178353793 902.93649689219558 320.44108698396644 -0.37806589491975484 -0.043489713263228154 -0.92475662957277949 -0.92563239366588024 5.2041704279304213e-18 0.37842393132091007 -0.016457548265089921 0.99905387484373542 -0.040255487387684662 4
1 502.99921170251122 903.09104936020583 325.24115570840621 -0.3780658949197549 -0.043489713263228161 -0.9247566295727796 
2 506.70174127717473 903.09104936020583 323.72745998312257 -0.37806589491975484 -0.043489713263228154 -0.92475662957277949 -0.92563239366588024 5.2041704279304213e-18 0.37842393132091007 -0.016457548265089921 0.99905387484373542 -0.040255487387684662 4
2 503.8576193877725 902.78194442418521 317.15471398481031 -0.41497273945572077 -0.042740682574008565 -0.90882938968858307 -0.90966063802453689 0 0.41535228858017958 -0.017752440322593457 0.99908619951088706 -0.038879516579876837 4
1 501.7195392314398 902.93649689219558 322.10249613828717 -0.41497273945572077 -0.042740682574008565 -0.90882938968858307 
2 505.35818178353793 902.93649689219558 320.44108698396644 -0.41497273945572077 -0.042740682574008565 -0.90882938968858307 -0.90966063802453689 0 0.41535228858017958 -0.017752440322593457 0.99908619951088706 -0.038879516579876837 4
2 502.20005408987845 902.62739195617496 313.86834098565419 -0.44993959561951158 -0.041952660958141583 -0.89207305448168406 -0.89285912804479761 -3.4694469519536142e-18 0.45033607169211304 -0.018892796532920558 0.99911959956680418 -0.037457816282245308 4
1 500.28618287559334 902.78194442418521 318.95605827157874 -0.44993959561951158 -0.041952660958141583 -0.89207305448168406 
2 503.8576193877725 902.78194442418521 317.15471398481031 -0.44993959561951158 -0.041952660958141583 -0.89207305448168406 -0.89285912804479761 -3.4694469519536142e-18 0.45033607169211304 -0.018892796532920558 0.99911959956680418 -0.037457816282245308 4
2 500.38548588985577 902.47283948816471 310.581967986498 -0.48295347165700525 -0.041134662768683196 -0.8746793033640119 -0.8754202489316717 3.4694469519536134e-18 0.48336258415439021 -0.01988295689419009 0.99915361157276861 -0.03601011672068101 4
1 498.69837309415175 902.62739195617496 315.80179132227175 -0.48295347165700525 -0.041134662768683196 -0.8746793033640119 
2 502.20005408987845 902.62739195617496 313.86834098565419 -0.48295347165700525 -0.041134662768683196 -0.8746793033640119 -0.8754202489316717 3.4694469519536134e-18 0.48336258415439021 -0.01988295689419009 0.99915361157276861 -0.03601011672068101 4
2 498.41391478770447 902.31828702015446 307.29559498734193 -0.51402945051601656 -0.040295031774667998 -0.85682555658458315 -0.85752201418915652 -3.4694469519536134e-18 0.51444727152641401 -0.020729669152548112 0.9991878253933435 -0.034553876809229361 4
1 496.95539783309914 902.47283948816471 312.63975707260363 -0.51402945051601656 -0.040295031774667998 -0.85682555658458315 
2 500.38548588985577 902.47283948816471 310.581967986498 -0.51402945051601656 -0.040295031774667998 -0.85682555658458315 -0.85752201418915652 -3.4694469519536134e-18 0.51444727152641401 -0.020729669152548112 0.9991878253933435 -0.034553876809229361 4
2 496.28534078342454 902.16373455214421 304.0092219881858 -0.5432057914477223 -0.039441332806330227 -0.83867267119187427 -0.83932576071876308 6.9388939039072299e-18 0.54362879558929711 -0.021441444249941929 0.99922188790401323 -0.033104126661435036 4
1 495.05661174482941 902.31828702015446 309.47011016969913 -0.54320579144772241 -0.039441332806330234 -0.83867267119187439 
2 498.41391478770447 902.31828702015446 307.29559498734193 -0.5432057914477223 -0.039441332806330227 -0.83867267119187427 -0.83932576071876308 6.9388939039072299e-18 0.54362879558929711 -0.021441444249941929 0.99922188790401323 -0.033104126661435036 4
2 493.99976387701599 902.00918208413373 300.72284898902967 -0.57053913445627857 -0.038580295014154477 -0.8203637345047019 -0.82097494765992152 0 0.57096421544155374 -0.022027967874260403 0.99925550328062784 -0.031673455679949808 4
1 493.00144099278486 902.16373455214421 306.293078849952 -0.57053913445627868 -0.038580295014154484 -0.82036373450470201 
2 496.28534078342454 902.16373455214421 304.0092219881858 -0.57053913445627857 -0.038580295014154477 -0.8203637345047019 -0.82097494765992152 0 0.57096421544155374 -0.022027967874260403 0.99925550328062784 -0.031673455679949808 4
2 491.55718406847882 901.85462961612347 297.43647598987354 -0.59610003284837898 -0.037717797770908293 -0.80202376434210121 -0.80259486620905485 0 0.59652450137011925 -0.022499590508070065 0.99928843070022233 -0.030272110855642329 4
1 490.7893844121798 902.00918208413373 303.10894699451012 -0.59610003284837898 -0.037717797770908293 -0.80202376434210121 
2 493.99976387701599 902.00918208413373 300.72284898902967 -0.59610003284837898 -0.037717797770908293 -0.80202376434210121 -0.80259486620905485 0 0.59652450137011925 -0.022499590508070065 0.99928843070022233 -0.030272110855642329 4
2 488.95760135781302 901.70007714811322 294.15010299071741 -0.61996895667478547 -0.03685888967898554 -0.78376011317954308 -0.78429305579896424 6.9388939039072299e-18 0.62039052428734187 -0.02286690589259513 0.99932048025227249 -0.028908171219688479 4
1 488.42001184528294 901.85462961612347 299.91803808702292 -0.61996895667478558 -0.036858889678985547 -0.78376011317954319 
2 491.55718406847882 901.85462961612347 297.43647598987354 -0.61996895667478547 -0.03685888967898554 -0.78376011317954308 -0.78429305579896424 6.9388939039072299e-18 0.62039052428734187 -0.02286690589259513 0.99932048025227249 -0.028908171219688479 4
2 486.20101574501859 901.54552468010297 290.86372999156129 -0.6422328399780719 -0.036007831570746274 -0.76566338251171007 -0.76616023147511969 -1.0408340855860838e-17 0.64264959325124515 -0.023140418312799442 0.99935150776169479 -0.02758776857116008 4
1 485.89296043191251 901.70007714811322 296.72070136372241 -0.6422328399780719 -0.036007831570746274 -0.76566338251171007 
2 488.95760135781302 901.70007714811322 294.15010299071741 -0.6422328399780719 -0.036007831570746274 -0.76566338251171007 -0.76616023147511969 -1.0408340855860838e-17 0.64264959325124515 -0.023140418312799442 0.99935150776169479 -0.02758776857116008 4
2 483.28742723009555 901.39097221209272 287.57735699240516 -0.66298219050257379 -0.035168155442746811 -0.74780867601222956 -0.74827154998825363 0 0.66339255910673012 -0.023330292638227085 0.99938140909402295 -0.026315330183371993 4
1 483.20792954506555 901.54552468010297 293.51730022798819 -0.66298219050257379 -0.035168155442746811 -0.74780867601222956 
2 486.20101574501859 901.54552468010297 290.86372999156129 -0.66298219050257379 -0.035168155442746811 -0.74780867601222956 -0.74827154998825363 0 0.66339255910673012 -0.023330292638227085 0.99938140909402295 -0.026315330183371993 4
2 480.21683581304387 901.23641974408235 284.29098399324903 -0.68230874191191304 -0.034342732615590767 -0.73025704887188636 -0.73068807126095447 0 0.68271146358981438 -0.023446177247663621 0.99941011437572214 -0.025093825056716684 4
1 480.36467494505172 901.39097221209272 290.3082028467644 -0.68230874191191304 -0.034342732615590767 -0.73025704887188636 
2 483.28742723009555 901.39097221209272 287.57735699240516 -0.68230874191191304 -0.034342732615590767 -0.73025704887188636 -0.73068807126095447 0 0.68271146358981438 -0.023446177247663621 0.99941011437572214 -0.025093825056716684 4
2 476.98924149386357 901.0818672760721 281.0046109940929 -0.70030360379561052 -0.033533845836788076 -0.71305704098218892 -0.71345830246343345 3.4694469519536142e-18 0.70069768848341163 -0.023497088263796477 0.99943758243493863 -0.023925000725785298 4
1 477.36300260319013 901.23641974408235 287.09377474718269 -0.70030360379561063 -0.033533845836788083 -0.71305704098218903 
2 480.21683581304387 901.23641974408235 284.29098399324903 -0.70030360379561052 -0.033533845836788076 -0.71305704098218892 -0.71345830246343345 3.4694469519536142e-18 0.70069768848341163 -0.023497088263796477 0.99943758243493863 -0.023925000725785298 4
2 473.60464427255465 900.92731480806174 277.71823799493677 -0.71705585117304449 -0.032743261384942247 -0.69624621013861032 0.69661974066730992 0 -0.71744054590788908 0.02349134332281767 -0.99946379565939125 0.022809602254580411 4
1 479.77572045653284 901.0818672760721 278.13484881046134 -0.7170558511730446 -0.032743261384942254 -0.69624621013861043 
2 476.98924149386357 901.0818672760721 281.0046109940929 -0.71705585117304449 -0.032743261384942247 -0.69624621013861032 0.69661974066730992 0 -0.71744054590788908 0.02349134332281767 -0.99946379565939125 0.022809602254580411 4
2 470.0630441491171 900.77276234005149 274.43186499578064 -0.73265148999650331 -0.031972298402915551 -0.67985260633518096 0.6802003551059671 -3.469446951953615e-18 -0.73302624571956254 0.023436533865314749 -0.99948875538188786 0.021747568727217108 4
1 476.32544569297852 900.92731480806174 274.78613301205854 -0.73265148999650331 -0.031972298402915551 -0.67985260633518096 
2 473.60464427255465 900.92731480806174 277.71823799493677 -0.73265148999650331 -0.031972298402915551 -0.67985260633518096 0.6802003551059671 -3.469446951953615e-18 -0.73302624571956254 0.023436533865314749 -0.99948875538188786 0.021747568727217108 4
2 466.36444112355093 900.61820987204123 271.14549199662451 -0.74717273573760368 -0.031221893655521808 -0.66389614875140557 0.66421997070666938 0 -0.74753717667714126 0.023339526233762717 -0.99951247783935304 0.020738205289277438 4
1 472.71992403194378 900.77276234005149 271.44171628907208 -0.74717273573760368 -0.031221893655521808 -0.66389614875140557 
2 470.0630441491171 900.77276234005149 274.43186499578064 -0.74717273573760368 -0.031221893655521808 -0.66389614875140557 0.66421997070666938 0 -0.74753717667714126 0.023339526233762717 -0.99951247783935304 0.020738205289277438 4
2 462.50883519585614 900.46365740403087 267.85911899746839 -0.76069754638005393 -0.030492660662745301 -0.64838988315447399 0.64869153074518915 -1.0408340855860843e-17 -0.76105144237394595 0.023206483379201583 -0.99953499070603158 0.019780330721809868 4
1 468.95920724653166 900.61820987204123 268.10128622712875 -0.76069754638005393 -0.030492660662745301 -0.64838988315447399 
2 466.36444112355093 900.61820987204123 271.14549199662451 -0.76069754638005393 -0.030492660662745301 -0.64838988315447399 0.64869153074518915 -1.0408340855860843e-17 -0.76105144237394595 0.023206483379201583 -0.99953499070603158 0.019780330721809868 4
2 458.49622636603272 900.30910493602062 264.57274599831226 -0.77329935739995481 -0.029784942730678311 -0.63334110953841249 0.63362222860371642 -1.7347234759768067e-18 -0.77364259927905965 0.023042900513539903 -0.99955633017180701 0.018872401791846453 4
1 465.04332411027099 900.46365740403087 264.76454860035216 -0.77329935739995481 -0.029784942730678311 -0.63334110953841249 
2 462.50883519585614 900.46365740403087 267.85911899746839 -0.77329935739995481 -0.029784942730678311 -0.63334110953841249 0.63362222860371642 -1.7347234759768067e-18 -0.77364259927905965 0.023042900513539903 -0.99955633017180701 0.018872401791846453 4
2 454.32661463408067 900.15455246801025 261.28637299915613 -0.78504697341897012 -0.029098859808984481 -0.61875237848717146 0.61901450728712859 0 -0.78537955140688098 0.02285364946323195 -0.99957653851909578 0.018012616367275757 4
1 460.97228439518125 900.30910493602062 261.43122779268475 -0.78504697341897012 -0.029098859808984481 -0.61875237848717146 
2 458.49622636603272 900.30910493602062 264.57274599831226 -0.78504697341897012 -0.029098859808984481 -0.61875237848717146 0.61901450728712859 0 -0.78537955140688098 0.02285364946323195 -0.99957653851909578 0.018012616367275757 4
2 450 900 258 -0.7960045783800227 -0.028434349379542763 -0.60462236062967789 0.60486693122834245 3.4694469519536142e-18 -0.79632656335601892 0.022643027722675645 -0.99959566214312989 0.017198997650678553 4
1 456.74608235899404 900.15455246801025 258.10106674573206 -0.7960045783800227 -0.028434349379542763 -0.60462236062967789 
2 454.32661463408067 900.15455246801025 261.28637299915613 -0.7960045783800227 -0.028434349379542763 -0.60462236062967789 0.60486693122834245 3.4694469519536142e-18 -0.79632656335601892 0.022643027722675645 -0.99959566214312989 0.017198997650678553 4
2 300 912.36419744082343 520.90983993249017 -2.4492935982947064e-16 -1 0 1 -2.4492935982947064e-16 0 0 0 1 4
2 308.07661463408067 912.20964497281318 517.62346693333404 -2.4492935982947064e-16 -1 0 1 -2.4492935982947064e-16 0 0 0 1 4
2 315.99622636603272 912.05509250480281 514.33709393417791 -2.4492935982947064e-16 -1 0 1 -2.4492935982947064e-16 0 0 0 1 4
2 323.75883519585614 911.90054003679256 511.05072093502179 -2.4492935982947064e-16 -1 0 1 -2.4492935982947064e-16 0 0 0 1 4
2 331.36444112355093 911.7459875687822 507.7643479358656 -2.4492935982947064e-16 -1 0 1 -2.4492935982947064e-16 0 0 0 1 4
2 338.8130441491171 911.59143510077195 504.47797493670953 -2.4492935982947064e-16 -1 0 1 -2.4492935982947064e-16 0 0 0 1 4
2 346.10464427255465 911.43688263276169 501.19160193755346 -2.4492935982947064e-16 -1 0 1 -2.4492935982947064e-16 0 0 0 1 4
2 353.23924149386357 911.28233016475133 497.90522893839727 -2.4492935982947064e-16 -1 0 1 -2.4492935982947064e-16 0 0 0 1 4
2 360.21683581304387 911.12777769674108 494.6188559392412 -2.4492935982947064e-16 -1 0 1 -2.4492935982947064e-16 0 0 0 1 4
2 367.03742723009555 910.97322522873071 491.33248294008496 -2.4492935982947064e-16 -1 0 1 -2.4492935982947064e-16 0 0 0 1 4
2 373.70101574501859 910.81867276072046 488.04610994092889 -2.4492935982947064e-16 -1 0 1 -2.4492935982947064e-16 0 0 0 1 4
2 380.20760135781302 910.66412029271021 484.75973694177281 -2.4492935982947064e-16 -1 0 1 -2.4492935982947064e-16 0 0 0 1 4
2 386.55718406847882 910.50956782469984 481.47336394261663 -2.4492935982947064e-16 -1 0 1 -2.4492935982947064e-16 0 0 0 1 4
2 392.74976387701599 910.35501535668959 478.18699094346056 -2.4492935982947064e-16 -1 0 1 -2.4492935982947064e-16 0 0 0 1 4
2 398.78534078342454 910.20046288867934 474.90061794430437 -2.4492935982947064e-16 -1 0 1 -2.4492935982947064e-16 0 0 0 1 4
2 404.66391478770447 910.04591042066909 471.61424494514824 -2.4492935982947064e-16 -1 0 1 -2.4492935982947064e-16 0 0 0 1 4
2 410.38548588985577 909.89135795265884 468.32787194599217 -2.4492935982947064e-16 -1 0 1 -2.4492935982947064e-16 0 0 0 1 4
2 415.95005408987845 909.73680548464847 465.04149894683599 -2.4492935982947064e-16 -1 0 1 -2.4492935982947064e-16 0 0 0 1 4
2 421.3576193877725 909.58225301663822 461.75512594767991 -2.4492935982947064e-16 -1 0 1 -2.4492935982947064e-16 0 0 0 1 4
2 426.60818178353793 909.42770054862785 458.46875294852373 -2.4492935982947064e-16 -1 0 1 -2.4492935982947064e-16 0 0 0 1 4
2 431.70174127717473 909.2731480806176 455.1823799493676 -2.4492935982947064e-16 -1 0 1 -2.4492935982947064e-16 0 0 0 1 4
2 436.63829786868291 909.11859561260735 451.89600695021153 -2.4492935982947064e-16 -1 0 1 -2.4492935982947064e-16 0 0 0 1 4
2 441.41785155806247 908.96404314459699 448.60963395105534 -2.4492935982947064e-16 -1 0 1 -2.4492935982947064e-16 0 0 0 1 4
2 446.0404023453134 908.80949067658673 445.32326095189927 -2.4492935982947064e-16 -1 0 1 -2.4492935982947064e-16 0 0 0 1 4
2 450.5059502304357 908.65493820857637 442.03688795274309 -2.4492935982947064e-16 -1 0 1 -2.4492935982947064e-16 0 0 0 1 4
2 454.81449521342938 908.50038574056612 438.75051495358701 -2.4492935982947064e-16 -1 0 1 -2.4492935982947064e-16 0 0 0 1 4
2 458.96603729429444 908.34583327255586 435.46414195443089 -2.4492935982947064e-16 -1 0 1 -2.4492935982947064e-16 0 0 0 1 4
2 462.96057647303087 908.1912808045455 432.1777689552747 -2.4492935982947064e-16 -1 0 1 -2.4492935982947064e-16 0 0 0 1 4
2 466.79811274963868 908.03672833653525 428.89139595611863 -2.4492935982947064e-16 -1 0 1 -2.4492935982947064e-16 0 0 0 1 4
2 470.47864612411786 907.88217586852488 425.60502295696244 -2.4492935982947064e-16 -1 0 1 -2.4492935982947064e-16 0 0 0 1 4
2 474.00217659646842 907.72762340051463 422.31864995780637 -2.4492935982947064e-16 -1 0 1 -2.4492935982947064e-16 0 0 0 1 4
2 477.36870416669035 907.57307093250438 419.0322769586503 -2.4492935982947064e-16 -1 0 1 -2.4492935982947064e-16 0 0 0 1 4
2 480.57822883478366 907.41851846449401 415.74590395949406 -2.4492935982947064e-16 -1 0 1 -2.4492935982947064e-16 0 0 0 1 4
2 483.63075060074834 907.26396599648376 412.45953096033799 -2.4492935982947064e-16 -1 0 1 -2.4492935982947064e-16 0 0 0 1 4
2 486.5262694645844 907.1094135284734 409.1731579611818 -2.4492935982947064e-16 -1 0 1 -2.4492935982947064e-16 0 0 0 1 4
2 489.26478542629184 906.95486106046314 405.88678496202573 -2.4492935982947064e-16 -1 0 1 -2.4492935982947064e-16 0 0 0 1 4
2 491.84629848587065 906.80030859245289 402.60041196286966 -2.4492935982947064e-16 -1 0 1 -2.4492935982947064e-16 0 0 0 1 4
2 494.27080864332083 906.64575612444264 399.31403896371347 -2.4492935982947064e-16 -1 0 1 -2.4492935982947064e-16 0 0 0 1 4
2 496.5383158986424 906.49120365643239 396.02766596455734 -2.4492935982947064e-16 -1 0 1 -2.4492935982947064e-16 0 0 0 1 4
2 498.64882025183533 906.33665118842191 392.74129296540116 -2.4492935982947064e-16 -1 0 1 -2.4492935982947064e-16 0 0 0 1 4
2 500.60232170289964 906.18209872041166 389.45491996624509 -2.4492935982947064e-16 -1 0 1 -2.4492935982947064e-16 0 0 0 1 4
2 502.39882025183533 906.02754625240141 386.16854696708901 -2.4492935982947064e-16 -1 0 1 -2.4492935982947064e-16 0 0 0 1 4
2 504.0383158986424 905.87299378439116 382.88217396793283 -2.4492935982947064e-16 -1 0 1 -2.4492935982947064e-16 0 0 0 1 4
2 505.52080864332083 905.7184413163809 379.5958009687767 -2.4492935982947064e-16 -1 0 1 -2.4492935982947064e-16 0 0 0 1 4
2 506.84629848587065 905.56388884837054 376.30942796962057 -2.4492935982947064e-16 -1 0 1 -2.4492935982947064e-16 0 0 0 1 4
2 508.01478542629184 905.40933638036017 373.02305497046444 -2.4492935982947064e-16 -1 0 1 -2.4492935982947064e-16 0 0 0 1 4
2 509.0262694645844 905.25478391234992 369.73668197130837 -2.4492935982947064e-16 -1 0 1 -2.4492935982947064e-16 0 0 0 1 4
2 509.88075060074834 905.10023144433967 366.45030897215224 -2.4492935982947064e-16 -1 0 1 -2.4492935982947064e-16 0 0 0 1 4
2 510.57822883478366 904.94567897632942 363.16393597299606 -2.4492935982947064e-16 -1 0 1 -2.4492935982947064e-16 0 0 0 1 4
2 511.11870416669035 904.79112650831905 359.87756297383993 -2.4492935982947064e-16 -1 0 1 -2.4492935982947064e-16 0 0 0 1 4
2 511.50217659646842 904.6365740403088 356.5911899746838 -2.4492935982947064e-16 -1 0 1 -2.4492935982947064e-16 0 0 0 1 4
2 511.72864612411786 904.48202157229855 353.30481697552773 -2.4492935982947064e-16 -1 0 1 -2.4492935982947064e-16 0 0 0 1 4
2 511.79811274963868 904.32746910428818 350.0184439763716 -2.4492935982947064e-16 -1 0 1 -2.4492935982947064e-16 0 0 0 1 4
2 511.71057647303087 904.17291663627793 346.73207097721541 -2.4492935982947064e-16 -1 0 1 -2.4492935982947064e-16 0 0 0 1 4
2 511.46603729429444 904.01836416826757 343.44569797805929 -2.4492935982947064e-16 -1 0 1 -2.4492935982947064e-16 0 0 0 1 4
2 511.06449521342938 903.86381170025732 340.15932497890321 -2.4492935982947064e-16 -1 0 1 -2.4492935982947064e-16 0 0 0 1 4
2 510.5059502304357 903.70925923224706 336.87295197974709 -2.4492935982947064e-16 -1 0 1 -2.4492935982947064e-16 0 0 0 1 4
2 509.7904023453134 903.5547067642367 333.58657898059096 -2.4492935982947064e-16 -1 0 1 -2.4492935982947064e-16 0 0 0 1 4
2 508.91785155806247 903.40015429622645 330.30020598143483 -2.4492935982947064e-16 -1 0 1 -2.4492935982947064e-16 0 0 0 1 4
2 507.88829786868291 903.24560182821608 327.01383298227864 -2.4492935982947064e-16 -1 0 1 -2.4492935982947064e-16 0 0 0 1 4
2 506.70174127717473 903.09104936020583 323.72745998312257 -2.4492935982947064e-16 -1 0 1 -2.4492935982947064e-16 0 0 0 1 4
2 505.35818178353793 902.93649689219558 320.44108698396644 -2.4492935982947064e-16 -1 0 1 -2.4492935982947064e-16 0 0 0 1 4
2 503.8576193877725 902.78194442418521 317.15471398481031 -2.4492935982947064e-16 -1 0 1 -2.4492935982947064e-16 0 0 0 1 4
2 502.20005408987845 902.62739195617496 313.86834098565419 -2.4492935982947064e-16 -1 0 1 -2.4492935982947064e-16 0 0 0 1 4
2 500.38548588985577 902.47283948816471 310.581967986498 -2.4492935982947064e-16 -1 0 1 -2.4492935982947064e-16 0 0 0 1 4
2 498.41391478770447 902.31828702015446 307.29559498734193 -2.4492935982947064e-16 -1 0 1 -2.4492935982947064e-16 0 0 0 1 4
2 496.28534078342454 902.16373455214421 304.0092219881858 -2.4492935982947064e-16 -1 0 1 -2.4492935982947064e-16 0 0 0 1 4
2 493.99976387701599 902.00918208413373 300.72284898902967 -2.4492935982947064e-16 -1 0 1 -2.4492935982947064e-16 0 0 0 1 4
2 491.55718406847882 901.85462961612347 297.43647598987354 -2.4492935982947064e-16 -1 0 1 -2.4492935982947064e-16 0 0 0 1 4
2 488.95760135781302 901.70007714811322 294.15010299071741 -2.4492935982947064e-16 -1 0 1 -2.4492935982947064e-16 0 0 0 1 4
2 486.20101574501859 901.54552468010297 290.86372999156129 -2.4492935982947064e-16 -1 0 1 -2.4492935982947064e-16 0 0 0 1 4
2 483.28742723009555 901.39097221209272 287.57735699240516 -2.4492935982947064e-16 -1 0 1 -2.4492935982947064e-16 0 0 0 1 4
2 480.21683581304387 901.23641974408235 284.29098399324903 -2.4492935982947064e-16 -1 0 1 -2.4492935982947064e-16 0 0 0 1 4
2 476.98924149386357 901.0818672760721 281.0046109940929 -2.4492935982947064e-16 -1 0 1 -2.4492935982947064e-16 0 0 0 1 4
2 473.60464427255465 900.92731480806174 277.71823799493677 -2.4492935982947064e-16 -1 0 1 -2.4492935982947064e-16 0 0 0 1 4
2 470.0630441491171 900.77276234005149 274.43186499578064 -2.4492935982947064e-16 -1 0 1 -2.4492935982947064e-16 0 0 0 1 4
2 466.36444112355093 900.61820987204123 271.14549199662451 -2.4492935982947064e-16 -1 0 1 -2.4492935982947064e-16 0 0 0 1 4
2 462.50883519585614 900.46365740403087 267.85911899746839 -2.4492935982947064e-16 -1 0 1 -2.4492935982947064e-16 0 0 0 1 4
2 458.49622636603272 900.30910493602062 264.57274599831226 -2.4492935982947064e-16 -1 0 1 -2.4492935982947064e-16 0 0 0 1 4
2 454.32661463408067 900.15455246801025 261.28637299915613 -2.4492935982947064e-16 -1 0 1 -2.4492935982947064e-16 0 0 0 1 4
2 450 900 258 -2.4492935982947064e-16 -1 0 1 -2.4492935982947064e-16 0 0 0 1 4
Polygon3D 0
PolygonOnTriangulations 0
Surfaces 321
2 300 912.36419744082343 520.90983993249017 0.92611108801203046 -0.017721874917734141 -0.37683443023504826 0.37689361940185712 8.6736173798840355e-19 0.92625655174695964 -0.01641500275179136 -0.99984295524317235 0.0066792615803318101 4
1 308.07661463408067 912.20964497281318 517.62346693333404 0.92611108801203046 -0.017721874917734141 -0.37683443023504826 0.37689361940185712 8.6736173798840355e-19 0.92625655174695964 -0.01641500275179136 -0.99984295524317235 0.0066792615803318101 
1 300 912.36419744082343 520.90983993249017 0.92611108801203046 -0.017721874917734141 -0.37683443023504826 0.37689361940185712 8.6736173798840355e-19 0.92625655174695964 -0.01641500275179136 -0.99984295524317235 0.0066792615803318101 
2 308.07661463408067 912.20964497281318 517.62346693333404 0.92348348489907961 -0.01802192539087849 -0.38321464393190513 0.38327689119805569 8.6736173798840374e-19 0.92363349044605014 -0.016645653853335399 -0.99983759191440968 0.0069073875372192145 4
1 315.99622636603272 912.05509250480281 514.33709393417791 0.92348348489907961 -0.01802192539087849 -0.38321464393190513 0.38327689119805569 8.6736173798840374e-19 0.92363349044605014 -0.016645653853335399 -0.99983759191440968 0.0069073875372192145 
1 308.07661463408067 912.20964497281318 517.62346693333404 0.92348348489907961 -0.01802192539087849 -0.38321464393190513 0.38327689119805569 8.6736173798840374e-19 0.92363349044605014 -0.016645653853335399 -0.99983759191440968 0.0069073875372192145 
2 315.99622636603272 912.05509250480281 514.33709393417791 0.92071915928077308 -0.018331391099402395 -0.38979506132539377 0.38986057118294443 8.6736173798840335e-19 0.92087389746745918 -0.016880899567706973 -0.99983196593245649 0.0071466866045909608 4
1 323.75883519585614 911.90054003679256 511.05072093502179 0.92071915928077308 -0.018331391099402395 -0.38979506132539377 0.38986057118294443 8.6736173798840335e-19 0.92087389746745918 -0.016880899567706973 -0.99983196593245649 0.0071466866045909608 
1 315.99622636603272 912.05509250480281 514.33709393417791 0.92071915928077308 -0.018331391099402395 -0.38979506132539377 0.38986057118294443 8.6736173798840335e-19 0.92087389746745918 -0.016880899567706973 -0.99983196593245649 0.0071466866045909608 
2 323.75883519585614 911.90054003679256 511.05072093502179 0.9178089122591262 -0.018650668191344279 -0.39658410602763217 0.39665309940736837 0 0.91796858264895353 -0.017120727445064227 -0.99982606116064843 0.0073978453441151237 4
1 331.36444112355093 911.7459875687822 507.7643479358656 0.9178089122591262 -0.018650668191344279 -0.39658410602763217 0.39665309940736837 0 0.91796858264895353 -0.017120727445064227 -0.99982606116064843 0.0073978453441151237 
1 323.75883519585614 911.90054003679256 511.05072093502179 0.9178089122591262 -0.018650668191344279 -0.39658410602763217 0.39665309940736837 0 0.91796858264895353 -0.017120727445064227 -0.99982606116064843 0.0073978453441151237 
2 331.36444112355093 911.7459875687822 507.7643479358656 0.91474280188470181 -0.01898017079721433 -0.4035905840287084 0.40366329980107241 8.6736173798840335e-19 0.91490761303735435 -0.017365102759120666 -0.99981986033310455 0.007661598374791489 4
1 338.8130441491171 911.59143510077195 504.47797493670953 0.91474280188470181 -0.01898017079721433 -0.4035905840287084 0.40366329980107241 8.6736173798840335e-19 0.91490761303735435 -0.017365102759120666 -0.99981986033310455 0.007661598374791489 
1 331.36444112355093 911.7459875687822 507.7643479358656 0.91474280188470181 -0.01898017079721433 -0.4035905840287084 0.40366329980107241 8.6736173798840335e-19 0.91490761303735435 -0.017365102759120666 -0.99981986033310455 0.007661598374791489 
2 338.8130441491171 911.59143510077195 504.47797493670953 0.91151007513328541 -0.019320331524384893 -0.4108236942050692 0.41090039082785557 8.6736173798840374e-19 0.91168024483231824 -0.017613964574392776 -0.99981334497484486 0.0079387317742934914 4
1 346.10464427255465 911.43688263276169 501.19160193755346 0.91151007513328541 -0.019320331524384893 -0.4108236942050692 0.41090039082785557 8.6736173798840374e-19 0.91168024483231824 -0.017613964574392776 -0.99981334497484486 0.0079387317742934914 
1 338.8130441491171 911.59143510077195 504.47797493670953 0.91151007513328541 -0.019320331524384893 -0.4108236942050692 0.41090039082785557 8.6736173798840374e-19 0.91168024483231824 -0.017613964574392776 -0.99981334497484486 0.0079387317742934914 
2 346.10464427255465 911.43688263276169 501.19160193755346 0.9080990932416928 -0.019671601872534288 -0.41829303715623084 0.41837399448305179 0 0.90827484867758812 -0.017867221214021841 -0.99980649531785337 0.0082300866532924524 4
1 353.23924149386357 911.28233016475133 497.90522893839727 0.9080990932416928 -0.019671601872534288 -0.41829303715623084 0.41837399448305179 0 0.90827484867758812 -0.017867221214021841 -0.99980649531785337 0.0082300866532924524 
1 346.10464427255465 911.43688263276169 501.19160193755346 0.9080990932416928 -0.019671601872534288 -0.41829303715623084 0.41837399448305179 0 0.90827484867758812 -0.017867221214021841 -0.99980649531785337 0.0082300866532924524 
2 353.23924149386357 911.28233016475133 497.90522893839727 0.90449724977647128 -0.020034452544363597 -0.42600862181186833 0.42609414307639049 -8.6736173798840355e-19 0.90467882767090146 -0.018124745040863168 -0.99979929021341474 0.0085365628888952171 4
1 360.21683581304387 911.12777769674108 494.6188559392412 0.90449724977647128 -0.020034452544363597 -0.42600862181186833 0.42609414307639049 -8.6736173798840355e-19 0.90467882767090146 -0.018124745040863168 -0.99979929021341474 0.0085365628888952171 
1 353.23924149386357 911.28233016475133 497.90522893839727 0.90449724977647128 -0.020034452544363597 -0.42600862181186833 0.42609414307639049 -8.6736173798840355e-19 0.90467882767090146 -0.018124745040863168 -0.99979929021341474 0.0085365628888952171 
2 360.21683581304387 911.12777769674108 494.6188559392412 0.90069088076814685 -0.020409373619585662 -0.43398086912853218 0.43407128312040183 0 0.90087852742209817 -0.018386366452019749 -0.99979170704124987 0.0088591229947372289 4
1 367.03742723009555 910.97322522873071 491.33248294008496 0.90069088076814685 -0.020409373619585662 -0.43398086912853218 0.43407128312040183 0 0.90087852742209817 -0.018386366452019749 -0.99979170704124987 0.0088591229947372289 
1 360.21683581304387 911.12777769674108 494.6188559392412 0.90069088076814685 -0.020409373619585662 -0.43398086912853218 0.43407128312040183 0 0.90087852742209817 -0.018386366452019749 -0.99979170704124987 0.0088591229947372289 
2 367.03742723009555 910.97322522873071 491.33248294008496 0.89666516620679604 -0.020796874552762384 -0.44222061204807678 0.44231627549724828 0 0.8968591374514967 -0.018651866973077455 -0.99978372161624884 0.0091987960941613597 4
1 373.70101574501859 910.81867276072046 488.04610994092889 0.89666516620679604 -0.020796874552762384 -0.44222061204807678 0.44231627549724828 0 0.8968591374514967 -0.018651866973077455 -0.99978372161624884 0.0091987960941613597 
1 367.03742723009555 910.97322522873071 491.33248294008496 0.89666516620679604 -0.020796874552762384 -0.44222061204807678 0.44231627549724828 0 0.8968591374514967 -0.018651866973077455 -0.99978372161624884 0.0091987960941613597 
2 373.70101574501859 910.81867276072046 488.04610994092889 0.89240402216404369 -0.021197483948650227 -0.45073909071621876 0.45084039090299899 0 0.89260458318923674 -0.018920971324645475 -0.99977530809389703 0.0095566819495695177 4
1 380.20760135781302 910.66412029271021 484.75973694177281 0.89240402216404369 -0.021197483948650227 -0.45073909071621876 0.45084039090299899 0 0.89260458318923674 -0.018920971324645475 -0.99977530809389703 0.0095566819495695177 
1 373.70101574501859 910.81867276072046 488.04610994092889 0.89240402216404369 -0.021197483948650227 -0.45073909071621876 0.45084039090299899 0 0.89260458318923674 -0.018920971324645475 -0.99977530809389703 0.0095566819495695177 
2 380.20760135781302 910.66412029271021 484.75973694177281 0.88788998278846809 -0.021611749057324978 -0.45954794174990826 0.45965529935830546 0 0.88809740781731061 -0.019193338316208522 -0.9997664388759423 0.0099339549826012903 4
1 386.55718406847882 910.50956782469984 481.47336394261663 0.88788998278846809 -0.021611749057324978 -0.45954794174990826 0.45965529935830546 0 0.88809740781731061 -0.019193338316208522 -0.9997664388759423 0.0099339549826012903 
1 380.20760135781302 910.66412029271021 484.75973694177281 0.88788998278846809 -0.021611749057324978 -0.45954794174990826 0.45965529935830546 0 0.88809740781731061 -0.019193338316208522 -0.9997664388759423 0.0099339549826012903 
2 386.55718406847882 910.50956782469984 481.47336394261663 0.88310407141826053 -0.022040234921063495 -0.46865918009691876 0.46877305232871141 0 0.88331864319192499 -0.019468550406105095 -0.99975708451834666 0.010331868197988793 4
1 392.74976387701599 910.35501535668959 478.18699094346056 0.88310407141826053 -0.022040234921063495 -0.46865918009691876 0.46877305232871141 0 0.88331864319192499 -0.019468550406105095 -0.99975708451834666 0.010331868197988793 
1 386.55718406847882 910.50956782469984 481.47336394261663 0.88310407141826053 -0.022040234921063495 -0.46865918009691876 0.46877305232871141 0 0.88331864319192499 -0.019468550406105095 -0.99975708451834666 0.010331868197988793 
2 392.74976387701599 910.35501535668959 478.18699094346056 0.87802566007665539 -0.022483523090740608 -0.47808517173865756 0.47820605570477998 0 0.87824766910438024 -0.019746101747697451 -0.99974721364424324 0.010751756895570411 4
1 398.78534078342454 910.20046288867934 474.90061794430437 0.87802566007665539 -0.022483523090740608 -0.47808517173865756 0.47820605570477998 0 0.87824766910438024 -0.019746101747697451 -0.99974721364424324 0.010751756895570411 
1 392.74976387701599 910.35501535668959 478.18699094346056 0.87802566007665539 -0.022483523090740608 -0.47808517173865756 0.47820605570477998 0 0.87824766910438024 -0.019746101747697451 -0.99974721364424324 0.010751756895570411 
2 398.78534078342454 910.20046288867934 474.90061794430437 0.87263231667017949 -0.022942209812905099 -0.48783859514365652 0.48796703154778381 0 0.87286206019189772 -0.020025384522647117 -0.99973679286545258 0.011195042019549737 4
1 404.66391478770447 910.04591042066909 471.61424494514824 0.87263231667017949 -0.022942209812905099 -0.48783859514365652 0.48796703154778381 0 0.87286206019189772 -0.020025384522647117 -0.99973679286545258 0.011195042019549737 
1 398.78534078342454 910.20046288867934 474.90061794430437 0.87263231667017949 -0.022942209812905099 -0.48783859514365652 0.48796703154778381 0 0.87286206019189772 -0.020025384522647117 -0.99973679286545258 0.011195042019549737 
2 404.66391478770447 910.04591042066909 471.61424494514824 0.86689963930877256 -0.023416903570767644 -0.49793238897814007 0.49806896610443796 0 0.86713741990739646 -0.02030567334457575 -0.99972578671711654 0.01166323295085956 4
1 410.38548588985577 909.89135795265884 468.32787194599217 0.86689963930877256 -0.023416903570767644 -0.49793238897814007 0.49806896610443796 0 0.86713741990739646 -0.02030567334457575 -0.99972578671711654 0.01166323295085956 
1 404.66391478770447 910.04591042066909 471.61424494514824 0.86689963930877256 -0.023416903570767644 -0.49793238897814007 0.49806896610443796 0 0.86713741990739646 -0.02030567334457575 -0.99972578671711654 0.01166323295085956 
2 410.38548588985577 909.89135795265884 468.32787194599217 0.86080107732787692 -0.023908221839470414 -0.50837968311060711 0.50852504112307451 0 0.86104720111662592 -0.02058610749855139 -0.99971415761130178 0.012157929494096281 4
1 415.95005408987845 909.73680548464847 465.04149894683599 0.86080107732787692 -0.023908221839470414 -0.50837968311060711 0.50852504112307451 0 0.86104720111662592 -0.02058610749855139 -0.99971415761130178 0.012157929494096281 
1 410.38548588985577 909.89135795265884 468.32787194599217 0.86080107732787692 -0.023908221839470414 -0.50837968311060711 0.50852504112307451 0 0.86104720111662592 -0.02058610749855139 -0.99971415761130178 0.012157929494096281 
2 415.95005408987845 909.73680548464847 465.04149894683599 0.85430773883334798 -0.024416786890834576 -0.51919370940659493 0.51934854496075555 0 0.85456251313004961 -0.020865670767992447 -0.9997018658169684 0.012680822744371788 4
1 421.3576193877725 909.58225301663822 461.75512594767991 0.85430773883334798 -0.024416786890834576 -0.51919370940659493 0.51934854496075555 0 0.85456251313004961 -0.020865670767992447 -0.9997018658169684 0.012680822744371788 
1 415.95005408987845 909.73680548464847 465.04149894683599 0.85430773883334798 -0.024416786890834576 -0.51919370940659493 0.51934854496075555 0 0.85456251313004961 -0.020865670767992447 -0.9997018658169684 0.012680822744371788 
2 421.3576193877725 909.58225301663822 461.75512594767991 0.84738818493714063 -0.024943220453961822 -0.53038768818885995 0.53055275934710233 0 0.84765191532207118 -0.0211431685921014 -0.99968886947559099 0.013233694438852526 4
1 426.60818178353793 909.42770054862785 458.46875294852373 0.84738818493714063 -0.024943220453961822 -0.53038768818885995 0.53055275934710233 0 0.84765191532207118 -0.0211431685921014 -0.99968886947559099 0.013233694438852526 
1 421.3576193877725 909.58225301663822 461.75512594767991 0.84738818493714063 -0.024943220453961822 -0.53038768818885995 0.53055275934710233 0 0.84765191532207118 -0.0211431685921014 -0.99968886947559099 0.013233694438852526 
2 426.60818178353793 909.42770054862785 458.46875294852373 0.84000821133696235 -0.025488137003836051 -0.54197468553295969 0.5421508169617586 -1.7347234759768079e-18 0.84028119797345091 -0.021417202295694805 -0.99967512466404496 0.013818414299462947 4
1 431.70174127717473 909.2731480806176 455.1823799493676 0.84000821133696235 -0.025488137003836051 -0.54197468553295969 0.5421508169617586 -1.7347234759768079e-18 0.84028119797345091 -0.021417202295694805 -0.99967512466404496 0.013818414299462947 
1 426.60818178353793 909.42770054862785 458.46875294852373 0.84000821133696235 -0.025488137003836051 -0.54197468553295969 0.5421508169617586 -1.7347234759768079e-18 0.84028119797345091 -0.021417202295694805 -0.99967512466404496 0.013818414299462947 
2 431.70174127717473 909.2731480806176 455.1823799493676 0.83213061855366555 -0.026052135414713247 -0.55396743578104612 0.55415552419064285 0 0.83241315163144436 -0.02168614014729062 -0.99966058551907189 0.014436934757026031 4
1 436.63829786868291 909.11859561260735 451.89600695021153 0.83213061855366555 -0.026052135414713247 -0.55396743578104612 0.55415552419064285 0 0.83241315163144436 -0.02168614014729062 -0.99966058551907189 0.014436934757026031 
1 431.70174127717473 909.2731480806176 455.1823799493676 0.83213061855366555 -0.026052135414713247 -0.55396743578104612 0.55415552419064285 0 0.83241315163144436 -0.02168614014729062 -0.99966058551907189 0.014436934757026031 
2 436.63829786868291 909.11859561260735 451.89600695021153 0.82371497302689833 -0.026635788672336212 -0.56637812278821187 0.56657914255183572 1.7347234759768071e-18 0.82400732716719616 -0.021948085030882046 -0.99964520444095706 0.015091282307164153 4
1 441.41785155806247 908.96404314459699 448.60963395105534 0.82371497302689833 -0.026635788672336212 -0.56637812278821187 0.56657914255183572 1.7347234759768071e-18 0.82400732716719616 -0.021948085030882046 -0.99964520444095706 0.015091282307164153 
1 436.63829786868291 909.11859561260735 451.89600695021153 0.82371497302689833 -0.026635788672336212 -0.56637812278821187 0.56657914255183572 1.7347234759768071e-18 0.82400732716719616 -0.021948085030882046 -0.99964520444095706 0.015091282307164153 
2 441.41785155806247 908.96404314459699 448.60963395105534 0.81471736243702386 -0.027239631296799318 -0.57921811248481658 0.57943312134377467 -1.7347234759768071e-18 0.81501978987617885 -0.022200838575821964 -0.99962893239782469 0.015783544586558 4
1 446.0404023453134 908.80949067658673 445.32326095189927 0.81471736243702386 -0.027239631296799318 -0.57921811248481658 0.57943312134377467 -1.7347234759768071e-18 0.81501978987617885 -0.022200838575821964 -0.99962893239782469 0.015783544586558 
1 441.41785155806247 908.96404314459699 448.60963395105534 0.81471736243702386 -0.027239631296799318 -0.57921811248481658 0.57943312134377467 -1.7347234759768071e-18 0.81501978987617885 -0.022200838575821964 -0.99962893239782469 0.015783544586558 
2 446.0404023453134 908.80949067658673 445.32326095189927 0.80509015013932328 -0.027864144081720017 -0.59249762836929154 0.59272777309052604 -1.7347234759768071e-18 0.80540287248503528 -0.022441861682754197 -0.99961171935636761 0.016515852070631467 4
1 450.5059502304357 908.65493820857637 442.03688795274309 0.80509015013932328 -0.027864144081720017 -0.59249762836929154 0.59272777309052604 -1.7347234759768071e-18 0.80540287248503528 -0.022441861682754197 -0.99961171935636761 0.016515852070631467 
1 446.0404023453134 908.80949067658673 445.32326095189927 0.80509015013932328 -0.027864144081720017 -0.59249762836929154 0.59272777309052604 -1.7347234759768071e-18 0.80540287248503528 -0.022441861682754197 -0.99961171935636761 0.016515852070631467 
2 450.5059502304357 908.65493820857637 442.03688795274309 0.79478173554337084 -0.028509735709513262 -0.60622536058502297 0.60647188238709393 0 0.79510493387593506 -0.022668231526132922 -0.9995935148698063 0.017290353082107055 4
1 454.81449521342938 908.50038574056612 438.75051495358701 0.79478173554337084 -0.028509735709513262 -0.60622536058502297 0.60647188238709393 0 0.79510493387593506 -0.022668231526132922 -0.9995935148698063 0.017290353082107055 
1 450.5059502304357 908.65493820857637 442.03688795274309 0.79478173554337084 -0.028509735709513262 -0.60622536058502297 0.60647188238709393 0 0.79510493387593506 -0.022668231526132922 -0.9995935148698063 0.017290353082107055 
2 454.81449521342938 908.50038574056612 438.75051495358701 0.78373632973082752 -0.029176720762988457 -0.62040799835718596 0.62067223785703629 -1.7347234759768079e-18 0.78407013280288818 -0.022876595323389145 -0.99957426885925726 0.018109180569293899 4
1 458.96603729429444 908.34583327255586 435.46414195443089 0.78373632973082752 -0.029176720762988457 -0.62040799835718596 0.62067223785703629 -1.7347234759768079e-18 0.78407013280288818 -0.022876595323389145 -0.99957426885925726 0.018109180569293899 
1 454.81449521342938 908.50038574056612 438.75051495358701 0.78373632973082752 -0.029176720762988457 -0.62040799835718596 0.62067223785703629 -1.7347234759768079e-18 0.78407013280288818 -0.022876595323389145 -0.99957426885925726 0.018109180569293899 
2 458.96603729429444 908.34583327255586 435.46414195443089 0.77189375867441656 -0.029865293618841236 -0.6350496748731882 0.63533307622726931 0 0.77223822894984617 -0.023063121451281095 -0.99955393263048109 0.018974408867289034 4
1 462.96057647303087 908.1912808045455 432.1777689552747 0.77189375867441656 -0.029865293618841236 -0.6350496748731882 0.63533307622726931 0 0.77223822894984617 -0.023063121451281095 -0.99955393263048109 0.018974408867289034 
1 458.96603729429444 908.34583327255586 435.46414195443089 0.77189375867441656 -0.029865293618841236 -0.6350496748731882 0.63533307622726931 0 0.77223822894984617 -0.023063121451281095 -0.99955393263048109 0.018974408867289034 
2 462.96057647303087 908.1912808045455 432.1777689552747 0.75918931018473579 -0.030575497693996891 -0.65015131334327814 0.65045542716074944 0 0.75954442745446227 -0.023223448890122105 -0.99953246017363762 0.019887998413201262 4
1 466.79811274963868 908.03672833653525 428.89139595611863 0.75918931018473579 -0.030575497693996891 -0.65015131334327814 0.65045542716074944 0 0.75954442745446227 -0.023223448890122105 -0.99953246017363762 0.019887998413201262 
1 462.96057647303087 908.1912808045455 432.1777689552747 0.75918931018473579 -0.030575497693996891 -0.65015131334327814 0.65045542716074944 0 0.75954442745446227 -0.023223448890122105 -0.99953246017363762 0.019887998413201262 
2 466.79811274963868 908.03672833653525 428.89139595611863 0.74555364524880874 -0.031307189524842481 -0.6657098631838565 0.66603634767512254 0 0.74591928757445558 -0.023352636506328964 -0.99950980979881121 0.020851726167098943 4
1 470.47864612411786 907.88217586852488 425.60502295696244 0.74555364524880874 -0.031307189524842481 -0.6657098631838565 0.66603634767512254 0 0.74591928757445558 -0.023352636506328964 -0.99950980979881121 0.020851726167098943 
1 466.79811274963868 908.03672833653525 428.89139595611863 0.74555364524880874 -0.031307189524842481 -0.6657098631838565 0.66603634767512254 0 0.74591928757445558 -0.023352636506328964 -0.99950980979881121 0.020851726167098943 
2 470.47864612411786 907.88217586852488 425.60502295696244 0.73091279977384849 -0.032059997207849418 -0.6817174163139641 0.68206803600439225 0 0.73128872154649771 -0.023445114370912491 -0.99948594616384312 0.021867099329864154 4
1 474.00217659646842 907.72762340051463 422.31864995780637 0.73091279977384849 -0.032059997207849418 -0.6817174163139641 0.68206803600439225 0 0.73128872154649771 -0.023445114370912491 -0.99948594616384312 0.021867099329864154 
1 470.47864612411786 907.88217586852488 425.60502295696244 0.73091279977384849 -0.032059997207849418 -0.6817174163139641 0.68206803600439225 0 0.73128872154649771 -0.023445114370912491 -0.99948594616384312 0.021867099329864154 
2 474.00217659646842 907.72762340051463 422.31864995780637 0.71518830888967244 -0.032833272838365707 -0.69816019581629829 0.69853681700411685 0 0.71557411586065423 -0.023494640182125177 -0.99946084275209179 0.02293524990033971 4
1 477.36870416669035 907.57307093250438 419.0322769586503 0.71518830888967244 -0.032833272838365707 -0.69816019581629829 0.69853681700411685 0 0.71557411586065423 -0.023494640182125177 -0.99946084275209179 0.02293524990033971 
1 474.00217659646842 907.72762340051463 422.31864995780637 0.71518830888967244 -0.032833272838365707 -0.69816019581629829 0.69853681700411685 0 0.71557411586065423 -0.023494640182125177 -0.99946084275209179 0.02293524990033971 
2 477.36870416669035 907.57307093250438 419.0322769586503 0.69829749277061071 -0.033626038767062237 -0.71501741314957834 -0.71542199512308102 0 -0.6986926140257318 0.023494264925489314 0.9994344848547283 -0.024056807742817737 4
1 480.57822883478366 907.41851846449401 415.74590395949406 0.69829749277061071 -0.033626038767062237 -0.71501741314957834 -0.71542199512308102 0 -0.6986926140257318 0.023494264925489314 0.9994344848547283 -0.024056807742817737 
1 477.36870416669035 907.57307093250438 419.0322769586503 0.69829749277061071 -0.033626038767062237 -0.71501741314957834 -0.71542199512308102 0 -0.6986926140257318 0.023494264925489314 0.9994344848547283 -0.024056807742817737 
2 480.57822883478366 907.41851846449401 415.74590395949406 0.6801539501237559 -0.034436927785616411 -0.73225999626890692 -0.73269457713019237 0 -0.68055760714579394 0.023436313171231609 0.99940687310258602 -0.025231750241545187 4
1 483.63075060074834 907.26396599648376 412.45953096033799 0.6801539501237559 -0.034436927785616411 -0.73225999626890692 -0.73269457713019237 0 -0.68055760714579394 0.023436313171231609 0.99940687310258602 -0.025231750241545187 
1 480.57822883478366 907.41851846449401 415.74590395949406 0.6801539501237559 -0.034436927785616411 -0.73225999626890692 -0.73269457713019237 0 -0.68055760714579394 0.023436313171231609 0.99940687310258602 -0.025231750241545187 
2 483.63075060074834 907.26396599648376 412.45953096033799 0.66066831254396741 -0.035264117777025407 -0.74984920003805744 -0.75031587582371895 3.4694469519536142e-18 -0.66107948575559783 0.023312384845660797 0.99937802757385463 -0.02645922741501959 4
1 486.5262694645844 907.1094135284734 409.1731579611818 0.66066831254396741 -0.035264117777025407 -0.74984920003805744 -0.75031587582371895 3.4694469519536142e-18 -0.66107948575559783 0.023312384845660797 0.99937802757385463 -0.02645922741501959 
1 483.63075060074834 907.26396599648376 412.45953096033799 0.66066831254396741 -0.035264117777025407 -0.74984920003805744 -0.75031587582371895 3.4694469519536142e-18 -0.66107948575559783 0.023312384845660797 0.99937802757385463 -0.02645922741501959 
2 486.5262694645844 907.1094135284734 409.1731579611818 0.63974931903065479 -0.036105261954514294 -0.76773512285098 -0.76823601851780432 3.4694469519536142e-18 -0.64016671254596802 0.023113386851032432 0.99934799247269024 -0.027737362691478414 4
1 489.26478542629184 906.95486106046314 405.88678496202573 0.63974931903065479 -0.036105261954514294 -0.76773512285098 -0.76823601851780432 3.4694469519536142e-18 -0.64016671254596802 0.023113386851032432 0.99934799247269024 -0.027737362691478414 
1 486.5262694645844 907.1094135284734 409.1731579611818 0.63974931903065479 -0.036105261954514294 -0.76773512285098 -0.76823601851780432 3.4694469519536142e-18 -0.64016671254596802 0.023113386851032432 0.99934799247269024 -0.027737362691478414 
2 489.26478542629184 906.95486106046314 405.88678496202573 0.6173052738702639 -0.036957416596590721 -0.78585516999665039 -0.78639240078612715 -3.469446951953615e-18 -0.61772727961927598 0.022829604415968267 0.99931684132636633 -0.029063031564246045 4
1 491.84629848587065 906.80030859245289 402.60041196286966 0.6173052738702639 -0.036957416596590721 -0.78585516999665039 -0.78639240078612715 -3.469446951953615e-18 -0.61772727961927598 0.022829604415968267 0.99931684132636633 -0.029063031564246045 
1 489.26478542629184 906.95486106046314 405.88678496202573 0.6173052738702639 -0.036957416596590721 -0.78585516999665039 -0.78639240078612715 -3.469446951953615e-18 -0.61772727961927598 0.022829604415968267 0.99931684132636633 -0.029063031564246045 
2 491.84629848587065 906.80030859245289 402.60041196286966 0.59324595112442069 -0.037816969172772864 -0.80413252534458945 -0.80470814709878613 3.4694469519536157e-18 -0.59367061405533494 0.022450823310511746 0.99928468258178837 -0.030431623191913965 4
1 494.27080864332083 906.64575612444264 399.31403896371347 0.59324595112442069 -0.037816969172772864 -0.80413252534458945 -0.80470814709878613 3.4694469519536157e-18 -0.59367061405533494 0.022450823310511746 0.99928468258178837 -0.030431623191913965 
1 491.84629848587065 906.80030859245289 402.60041196286966 0.59324595112442069 -0.037816969172772864 -0.80413252534458945 -0.80470814709878613 3.4694469519536157e-18 -0.59367061405533494 0.022450823310511746 0.99928468258178837 -0.030431623191913965 
2 494.27080864332083 906.64575612444264 399.31403896371347 0.56748500293120796 -0.038679570949988092 -0.8224747182979496 -0.82309066552748111 -3.469446951953615e-18 -0.56790998962998385 0.021966514737099957 0.99925166539322052 -0.031836793795543127 4
1 496.5383158986424 906.49120365643239 396.02766596455734 0.56748500293120796 -0.038679570949988092 -0.8224747182979496 -0.82309066552748111 -3.469446951953615e-18 -0.56790998962998385 0.021966514737099957 0.99925166539322052 -0.031836793795543127 
1 494.27080864332083 906.64575612444264 399.31403896371347 0.56748500293120796 -0.038679570949988092 -0.8224747182979496 -0.82309066552748111 -3.469446951953615e-18 -0.56790998962998385 0.021966514737099957 0.99925166539322052 -0.031836793795543127 
2 496.5383158986424 906.49120365643239 396.02766596455734 0.53994291411169681 -0.039540079523874894 -0.84077240179005297 -0.84143041275690644 -3.469446951953615e-18 -0.54036548787625416 0.021366094362584544 0.99921798528211336 -0.033270225434214963 4
1 498.64882025183533 906.33665118842191 392.74129296540116 0.53994291411169681 -0.039540079523874894 -0.84077240179005297 -0.84143041275690644 -3.469446951953615e-18 -0.54036548787625416 0.021366094362584544 0.99921798528211336 -0.033270225434214963 
1 496.5383158986424 906.49120365643239 396.02766596455734 0.53994291411169681 -0.039540079523874894 -0.84077240179005297 -0.84143041275690644 -3.469446951953615e-18 -0.54036548787625416 0.021366094362584544 0.99921798528211336 -0.033270225434214963 
2 498.64882025183533 906.33665118842191 392.74129296540116 0.51055051934298368 -0.040392518144987101 -0.85889848741077468 -0.85960001625005067 -3.4694469519536142e-18 -0.51096752544845037 0.020639265043175686 0.99918388922055135 -0.034721409253811376 4
1 500.60232170289964 906.18209872041166 389.45491996624509 0.51055051934298368 -0.040392518144987101 -0.85889848741077468 -0.85960001625005067 -3.4694469519536142e-18 -0.51096752544845037 0.020639265043175686 0.99918388922055135 -0.034721409253811376 
1 498.64882025183533 906.33665118842191 392.74129296540116 0.51055051934298368 -0.040392518144987101 -0.85889848741077468 -0.85960001625005067 -3.4694469519536142e-18 -0.51096752544845037 0.020639265043175686 0.99918388922055135 -0.034721409253811376 
2 500.60232170289964 906.18209872041166 389.45491996624509 0.47925305881335151 -0.04123006004371528 -0.87670781208270177 -0.87745392910082609 0 -0.47966092430541246 0.019776448709736126 0.99914967955196365 -0.036177478182420952 4
1 502.39882025183533 906.02754625240141 386.16854696708901 0.47925305881335151 -0.04123006004371528 -0.87670781208270177 -0.87745392910082609 0 -0.47966092430541246 0.019776448709736126 0.99914967955196365 -0.036177478182420952 
1 500.60232170289964 906.18209872041166 389.45491996624509 0.47925305881335151 -0.04123006004371528 -0.87670781208270177 -0.87745392910082609 0 -0.47966092430541246 0.019776448709736126 0.99914967955196365 -0.036177478182420952 
2 502.39882025183533 906.02754625240141 386.16854696708901 0.44601469217281614 -0.042045046949888885 -0.89403753187042967 -0.89482881464315323 0 -0.44640944488701106 0.018769306069148218 0.99911571603442495 -0.037623119523784804 4
1 504.0383158986424 905.87299378439116 382.88217396793283 0.44601469217281614 -0.042045046949888885 -0.89403753187042967 -0.89482881464315323 0 -0.44640944488701106 0.018769306069148218 0.99911571603442495 -0.037623119523784804 
1 502.39882025183533 906.02754625240141 386.16854696708901 0.44601469217281614 -0.042045046949888885 -0.89403753187042967 -0.89482881464315323 0 -0.44640944488701106 0.018769306069148218 0.99911571603442495 -0.037623119523784804 
2 504.0383158986424 905.87299378439116 382.88217396793283 0.41082331904211117 -0.04282905134074938 -0.91070844560291364 -0.91154486531612577 0 -0.41120063049052608 0.017611332914627256 0.99908241519969287 -0.03904060183602083 4
1 505.52080864332083 905.7184413163809 379.5958009687767 0.41082331904211117 -0.04282905134074938 -0.91070844560291364 -0.91154486531612577 0 -0.41120063049052608 0.017611332914627256 0.99908241519969287 -0.03904060183602083 
1 504.0383158986424 905.87299378439116 382.88217396793283 0.41082331904211117 -0.04282905134074938 -0.91070844560291364 -0.91154486531612577 0 -0.41120063049052608 0.017611332914627256 0.99908241519969287 -0.03904060183602083 
2 505.52080864332083 905.7184413163809 379.5958009687767 0.37369547080781784 -0.043572991239631584 -0.92652743593061193 -0.92740824543486711 -1.7347234759768071e-18 -0.37405072690668767 0.016298509046682928 0.9990502462010763 -0.040409951353895565 4
1 506.84629848587065 905.56388884837054 376.30942796962057 0.37369547080781784 -0.043572991239631584 -0.92652743593061193 -0.92740824543486711 -1.7347234759768071e-18 -0.37405072690668767 0.016298509046682928 0.9990502462010763 -0.040409951353895565 
1 505.52080864332083 905.7184413163809 379.5958009687767 0.37369547080781784 -0.043572991239631584 -0.92652743593061193 -0.92740824543486711 -1.7347234759768071e-18 -0.37405072690668767 0.016298509046682928 0.9990502462010763 -0.040409951353895565 
2 506.84629848587065 905.56388884837054 376.30942796962057 0.33468095063183978 -0.044267304260637408 -0.9412911701793788 -0.94221480223056608 0 -0.33500935279125504 0.014829960950169701 0.99901972241467596 -0.041709309329216765 4
1 508.01478542629184 905.40933638036017 373.02305497046444 0.33468095063183978 -0.044267304260637408 -0.9412911701793788 -0.94221480223056608 0 -0.33500935279125504 0.014829960950169701 0.99901972241467596 -0.041709309329216765 
1 506.84629848587065 905.56388884837054 376.30942796962057 0.33468095063183978 -0.044267304260637408 -0.9412911701793788 -0.94221480223056608 0 -0.33500935279125504 0.014829960950169701 0.99901972241467596 -0.041709309329216765 
2 508.01478542629184 905.40933638036017 373.02305497046444 0.2938668191284099 -0.04490218376484275 -0.95479112192588944 -0.95575510771197358 -1.7347234759768075e-18 -0.29416351589290241 0.013208584247535344 0.99899138829779122 -0.042915491480670115 4
1 509.0262694645844 905.25478391234992 369.73668197130837 0.2938668191284099 -0.04490218376484275 -0.95479112192588944 -0.95575510771197358 -1.7347234759768075e-18 -0.29416351589290241 0.013208584247535344 0.99899138829779122 -0.042915491480670115 
1 508.01478542629184 905.40933638036017 373.02305497046444 0.2938668191284099 -0.04490218376484275 -0.95479112192588944 -0.95575510771197358 -1.7347234759768075e-18 -0.29416351589290241 0.013208584247535344 0.99899138829779122 -0.042915491480670115 
2 509.0262694645844 905.25478391234992 369.73668197130837 0.25138026897939758 -0.045467874404184379 -0.96681985538414084 -0.96782077425919433 0 -0.25164051524413483 0.011441559342124567 0.99896580141522628 -0.044004753409777532 4
1 509.88075060074834 905.10023144433967 366.45030897215224 0.25138026897939758 -0.045467874404184379 -0.96681985538414084 -0.96782077425919433 0 -0.25164051524413483 0.011441559342124567 0.99896580141522628 -0.044004753409777532 
1 509.0262694645844 905.25478391234992 369.73668197130837 0.25138026897939758 -0.045467874404184379 -0.96681985538414084 -0.96782077425919433 0 -0.25164051524413483 0.011441559342124567 0.99896580141522628 -0.044004753409777532 
2 509.88075060074834 905.10023144433967 366.45030897215224 0.20738992207646595 -0.045955017279791774 -0.97717836478706965 -0.97821183570376369 0 -0.20760925916026249 0.009540687092154632 0.99894351010796112 -0.044953741813063289 4
1 510.57822883478366 904.94567897632942 363.16393597299606 0.20738992207646595 -0.045955017279791774 -0.97717836478706965 -0.97821183570376369 0 -0.20760925916026249 0.009540687092154632 0.99894351010796112 -0.044953741813063289 
1 509.88075060074834 905.10023144433967 366.45030897215224 0.20738992207646595 -0.045955017279791774 -0.97717836478706965 -0.97821183570376369 0 -0.20760925916026249 0.009540687092154632 0.99894351010796112 -0.044953741813063289 
2 510.57822883478366 904.94567897632942 363.16393597299606 0.16210513503857055 -0.046355027173913578 -0.98568409576792537 -0.98674481887324161 8.6736173798840355e-19 -0.16227958105323598 0.0075224743894940641 0.99892502794539373 -0.04574058289258754 4
1 511.11870416669035 904.79112650831905 359.87756297383993 0.16210513503857055 -0.046355027173913578 -0.98568409576792537 -0.98674481887324161 8.6736173798840355e-19 -0.16227958105323598 0.0075224743894940641 0.99892502794539373 -0.04574058289258754 
1 510.57822883478366 904.94567897632942 363.16393597299606 0.16210513503857055 -0.046355027173913578 -0.98568409576792537 -0.98674481887324161 8.6736173798840355e-19 -0.16227958105323598 0.0075224743894940641 0.99892502794539373 -0.04574058289258754 
2 511.11870416669035 904.79112650831905 359.87756297383993 0.1157730233815867 -0.046660477007403924 -0.99217912039234535 -0.99326097351856046 0 -0.11589926007081193 0.0054079147597092475 0.99891080677177668 -0.046346030817214424 4
1 511.50217659646842 904.6365740403088 356.5911899746838 0.1157730233815867 -0.046660477007403924 -0.99217912039234535 -0.99326097351856046 0 -0.11589926007081193 0.0054079147597092475 0.99891080677177668 -0.046346030817214424 
1 511.11870416669035 904.79112650831905 359.87756297383993 0.1157730233815867 -0.046660477007403924 -0.99217912039234535 -0.99326097351856046 0 -0.11589926007081193 0.0054079147597092475 0.99891080677177668 -0.046346030817214424 
2 511.50217659646842 904.6365740403088 356.5911899746838 0.068673108664320179 -0.046865459296740075 -0.99653782310120265 -0.99763401268616025 0 -0.068748648944618046 0.00322193700881987 0.99890121069348281 -0.046754576214586722 4
1 511.72864612411786 904.48202157229855 353.30481697552773 0.068673108664320179 -0.046865459296740075 -0.99653782310120265 -0.99763401268616025 0 -0.068748648944618046 0.00322193700881987 0.99890121069348281 -0.046754576214586722 
1 511.50217659646842 904.6365740403088 356.5911899746838 0.068673108664320179 -0.046865459296740075 -0.99653782310120265 -0.99763401268616025 0 -0.068748648944618046 0.00322193700881987 0.99890121069348281 -0.046754576214586722 
2 511.72864612411786 904.48202157229855 353.30481697552773 0.021109737680432363 -0.046965892370639327 -0.99867341204664739 -2.1684043449710093e-19 -0.99889600137700141 0.046976360363885319 -0.99977716465973721 -0.00099165864446307912 -0.021086432559101306 4
1 511.79811274963868 904.32746910428818 350.0184439763716 0.021109737680432363 -0.046965892370639327 -0.99867341204664739 -2.1684043449710093e-19 -0.99889600137700141 0.046976360363885319 -0.99977716465973721 -0.00099165864446307912 -0.021086432559101306 
1 511.72864612411786 904.48202157229855 353.30481697552773 0.021109737680432363 -0.046965892370639327 -0.99867341204664739 -2.1684043449710093e-19 -0.99889600137700141 0.046976360363885319 -0.99977716465973721 -0.00099165864446307912 -0.021086432559101306 
2 511.79811274963868 904.32746910428818 350.0184439763716 -0.026597316578512442 -0.046959741480396361 -0.99854262073830213 0 -0.99889600137700318 0.046976360363850028 -0.99964622879837961 0.0012494451283036028 0.026567953177634347 4
1 511.71057647303087 904.17291663627793 346.73207097721541 -0.026597316578512442 -0.046959741480396361 -0.99854262073830213 0 -0.99889600137700318 0.046976360363850028 -0.99964622879837961 0.0012494451283036028 0.026567953177634347 
1 511.79811274963868 904.32746910428818 350.0184439763716 -0.026597316578512442 -0.046959741480396361 -0.99854262073830213 0 -0.99889600137700318 0.046976360363850028 -0.99964622879837961 0.0012494451283036028 0.026567953177634347 
2 511.71057647303087 904.17291663627793 346.73207097721541 -0.074123430767350673 -0.046847131906159405 -0.99614811310539797 -0.99724301573937713 0 0.074204902526940467 -0.0034762868567632804 0.99890207039137069 -0.046717975100838791 4
1 511.46603729429444 904.01836416826757 343.44569797805929 -0.074123430767350673 -0.046847131906159405 -0.99614811310539797 -0.99724301573937713 0 0.074204902526940467 -0.0034762868567632804 0.99890207039137069 -0.046717975100838791 
1 511.71057647303087 904.17291663627793 346.73207097721541 -0.074123430767350673 -0.046847131906159405 -0.99614811310539797 -0.99724301573937713 0 0.074204902526940467 -0.0034762868567632804 0.99890207039137069 -0.046717975100838791 
2 511.46603729429444 904.01836416826757 343.44569797805929 -0.12115008433080179 -0.046630341937357295 -0.99153833424504811 -0.99261809034064286 0 0.12128201321092684 -0.005655421746876603 0.99891221396617491 -0.046286120965790788 4
1 511.06449521342938 903.86381170025732 340.15932497890321 -0.12115008433080179 -0.046630341937357295 -0.99153833424504811 -0.99261809034064286 0 0.12128201321092684 -0.005655421746876603 0.99891221396617491 -0.046286120965790788 
1 511.46603729429444 904.01836416826757 343.44569797805929 -0.12115008433080179 -0.046630341937357295 -0.99153833424504811 -0.99261809034064286 0 0.12128201321092684 -0.005655421746876603 0.99891221396617491 -0.046286120965790788 
2 511.06449521342938 903.86381170025732 340.15932497890321 -0.16737533848567254 -0.04631367648915867 -0.9848048230166544 -0.98586270697474987 -8.6736173798840374e-19 0.16755513419892101 -0.0077600942793863955 0.99892694596254517 -0.045658926473554802 4
1 510.5059502304357 903.70925923224706 336.87295197974709 -0.16737533848567254 -0.04631367648915867 -0.9848048230166544 -0.98586270697474987 -8.6736173798840374e-19 0.16755513419892101 -0.0077600942793863955 0.99892694596254517 -0.045658926473554802 
1 511.06449521342938 903.86381170025732 340.15932497890321 -0.16737533848567254 -0.04631367648915867 -0.9848048230166544 -0.98586270697474987 -8.6736173798840374e-19 0.16755513419892101 -0.0077600942793863955 0.99892694596254517 -0.045658926473554802 
2 510.5059502304357 903.70925923224706 336.87295197974709 -0.2125230547737485 -0.045903234860055084 -0.97607727369251707 -0.97710725129700282 0 0.21274731364418176 -0.009765789904054677 0.99894589094173802 -0.04485238363974918 4
1 509.7904023453134 903.5547067642367 333.58657898059096 -0.2125230547737485 -0.045903234860055084 -0.97607727369251707 -0.97710725129700282 0 0.21274731364418176 -0.009765789904054677 0.99894589094173802 -0.04485238363974918 
1 510.5059502304357 903.70925923224706 336.87295197974709 -0.2125230547737485 -0.045903234860055084 -0.97607727369251707 -0.97710725129700282 0 0.21274731364418176 -0.009765789904054677 0.99894589094173802 -0.04485238363974918 
2 509.7904023453134 903.5547067642367 333.58657898059096 -0.25635023546234698 -0.045406596549572541 -0.96551685524810171 -0.96651372853549555 -1.7347234759768067e-18 0.25661491100950135 -0.01165200973281289 0.99896858859014404 -0.043886098931234324 4
1 508.91785155806247 903.40015429622645 330.30020598143483 -0.25635023546234698 -0.045406596549572541 -0.96551685524810171 -0.96651372853549555 -1.7347234759768067e-18 0.25661491100950135 -0.01165200973281289 0.99896858859014404 -0.043886098931234324 
1 509.7904023453134 903.5547067642367 333.58657898059096 -0.25635023546234698 -0.045406596549572541 -0.96551685524810171 -0.96651372853549555 -1.7347234759768067e-18 0.25661491100950135 -0.01165200973281289 0.99896858859014404 -0.043886098931234324 
2 508.91785155806247 903.40015429622645 330.30020598143483 -0.29865210548414967 -0.044832455514664235 -0.95330843425536216 -0.95426793160269507 0 0.29895269644998046 -0.013402783464582669 0.9989945199712188 -0.042782174592648478 4
1 507.88829786868291 903.24560182821608 327.01383298227864 -0.29865210548414967 -0.044832455514664235 -0.95330843425536216 -0.95426793160269507 0 0.29895269644998046 -0.013402783464582669 0.9989945199712188 -0.042782174592648478 
1 508.91785155806247 903.40015429622645 330.30020598143483 -0.29865210548414967 -0.044832455514664235 -0.95330843425536216 -0.95426793160269507 0 0.29895269644998046 -0.013402783464582669 0.9989945199712188 -0.042782174592648478 
2 507.88829786868291 903.24560182821608 327.01383298227864 -0.33926481660483038 -0.044190235080718045 -0.93965238643745364 -0.94057119805830314 1.7347234759768071e-18 0.3395965567893296 -0.015006851677122889 0.99902313442858315 -0.041564062352349031 4
1 506.70174127717473 903.09104936020583 323.72745998312257 -0.33926481660483038 -0.044190235080718045 -0.93965238643745364 -0.94057119805830314 1.7347234759768071e-18 0.3395965567893296 -0.015006851677122889 0.99902313442858315 -0.041564062352349031 
1 507.88829786868291 903.24560182821608 327.01383298227864 -0.33926481660483038 -0.044190235080718045 -0.93965238643745364 -0.94057119805830314 1.7347234759768071e-18 0.3395965567893296 -0.015006851677122889 0.99902313442858315 -0.041564062352349031 
2 506.70174127717473 903.09104936020583 323.72745998312257 -0.37806589491975484 -0.043489713263228154 -0.92475662957277949 -0.92563239366588035 0 0.37842393132091007 -0.016457548265089921 0.99905387484373542 -0.040255487387684662 4
1 505.35818178353793 902.93649689219558 320.44108698396644 -0.37806589491975484 -0.043489713263228154 -0.92475662957277949 -0.92563239366588035 0 0.37842393132091007 -0.016457548265089921 0.99905387484373542 -0.040255487387684662 
1 506.70174127717473 903.09104936020583 323.72745998312257 -0.37806589491975484 -0.043489713263228154 -0.92475662957277949 -0.92563239366588035 0 0.37842393132091007 -0.016457548265089921 0.99905387484373542 -0.040255487387684662 
2 505.35818178353793 902.93649689219558 320.44108698396644 -0.41497273945572077 -0.042740682574008565 -0.90882938968858307 -0.90966063802453689 0 0.41535228858017958 -0.017752440322593457 0.99908619951088706 -0.038879516579876837 4
1 503.8576193877725 902.78194442418521 317.15471398481031 -0.41497273945572077 -0.042740682574008565 -0.90882938968858307 -0.90966063802453689 0 0.41535228858017958 -0.017752440322593457 0.99908619951088706 -0.038879516579876837 
1 505.35818178353793 902.93649689219558 320.44108698396644 -0.41497273945572077 -0.042740682574008565 -0.90882938968858307 -0.90966063802453689 0 0.41535228858017958 -0.017752440322593457 0.99908619951088706 -0.038879516579876837 
2 503.8576193877725 902.78194442418521 317.15471398481031 -0.44993959561951158 -0.041952660958141583 -0.89207305448168406 -0.8928591280447975 -3.4694469519536142e-18 0.45033607169211298 -0.018892796532920562 0.9991195995668043 -0.037457816282245315 4
1 502.20005408987845 902.62739195617496 313.86834098565419 -0.44993959561951158 -0.041952660958141583 -0.89207305448168406 -0.8928591280447975 -3.4694469519536142e-18 0.45033607169211298 -0.018892796532920562 0.9991195995668043 -0.037457816282245315 
1 503.8576193877725 902.78194442418521 317.15471398481031 -0.44993959561951158 -0.041952660958141583 -0.89207305448168406 -0.8928591280447975 -3.4694469519536142e-18 0.45033607169211298 -0.018892796532920562 0.9991195995668043 -0.037457816282245315 
2 502.20005408987845 902.62739195617496 313.86834098565419 -0.48295347165700525 -0.041134662768683196 -0.8746793033640119 -0.8754202489316717 3.4694469519536134e-18 0.48336258415439026 -0.01988295689419009 0.99915361157276861 -0.03601011672068101 4
1 500.38548588985577 902.47283948816471 310.581967986498 -0.48295347165700525 -0.041134662768683196 -0.8746793033640119 -0.8754202489316717 3.4694469519536134e-18 0.48336258415439026 -0.01988295689419009 0.99915361157276861 -0.03601011672068101 
1 502.20005408987845 902.62739195617496 313.86834098565419 -0.48295347165700525 -0.041134662768683196 -0.8746793033640119 -0.8754202489316717 3.4694469519536134e-18 0.48336258415439026 -0.01988295689419009 0.99915361157276861 -0.03601011672068101 
2 500.38548588985577 902.47283948816471 310.581967986498 -0.51402945051601656 -0.040295031774667998 -0.85682555658458315 -0.85752201418915663 -3.4694469519536142e-18 0.51444727152641412 -0.020729669152548112 0.99918782539334339 -0.034553876809229361 4
1 498.41391478770447 902.31828702015446 307.29559498734193 -0.51402945051601656 -0.040295031774667998 -0.85682555658458315 -0.85752201418915663 -3.4694469519536142e-18 0.51444727152641412 -0.020729669152548112 0.99918782539334339 -0.034553876809229361 
1 500.38548588985577 902.47283948816471 310.581967986498 -0.51402945051601656 -0.040295031774667998 -0.85682555658458315 -0.85752201418915663 -3.4694469519536142e-18 0.51444727152641412 -0.020729669152548112 0.99918782539334339 -0.034553876809229361 
2 498.41391478770447 902.31828702015446 307.29559498734193 -0.5432057914477223 -0.039441332806330227 -0.83867267119187427 -0.83932576071876308 3.469446951953615e-18 0.54362879558929711 -0.021441444249941932 0.99922188790401323 -0.033104126661435029 4
1 496.28534078342454 902.16373455214421 304.0092219881858 -0.5432057914477223 -0.039441332806330227 -0.83867267119187427 -0.83932576071876308 3.469446951953615e-18 0.54362879558929711 -0.021441444249941932 0.99922188790401323 -0.033104126661435029 
1 498.41391478770447 902.31828702015446 307.29559498734193 -0.5432057914477223 -0.039441332806330227 -0.83867267119187427 -0.83932576071876308 3.469446951953615e-18 0.54362879558929711 -0.021441444249941932 0.99922188790401323 -0.033104126661435029 
2 496.28534078342454 902.16373455214421 304.0092219881858 -0.57053913445627857 -0.038580295014154477 -0.8203637345047019 -0.82097494765992152 0 0.57096421544155374 -0.022027967874260403 0.99925550328062784 -0.031673455679949808 4
1 493.99976387701599 902.00918208413373 300.72284898902967 -0.57053913445627857 -0.038580295014154477 -0.8203637345047019 -0.82097494765992152 0 0.57096421544155374 -0.022027967874260403 0.99925550328062784 -0.031673455679949808 
1 496.28534078342454 902.16373455214421 304.0092219881858 -0.57053913445627857 -0.038580295014154477 -0.8203637345047019 -0.82097494765992152 0 0.57096421544155374 -0.022027967874260403 0.99925550328062784 -0.031673455679949808 
2 493.99976387701599 902.00918208413373 300.72284898902967 -0.59610003284837898 -0.037717797770908293 -0.80202376434210121 -0.80259486620905485 0 0.59652450137011925 -0.022499590508070065 0.99928843070022233 -0.030272110855642329 4
1 491.55718406847882 901.85462961612347 297.43647598987354 -0.59610003284837898 -0.037717797770908293 -0.80202376434210121 -0.80259486620905485 0 0.59652450137011925 -0.022499590508070065 0.99928843070022233 -0.030272110855642329 
1 493.99976387701599 902.00918208413373 300.72284898902967 -0.59610003284837898 -0.037717797770908293 -0.80202376434210121 -0.80259486620905485 0 0.59652450137011925 -0.022499590508070065 0.99928843070022233 -0.030272110855642329 
2 491.55718406847882 901.85462961612347 297.43647598987354 -0.61996895667478547 -0.03685888967898554 -0.78376011317954308 -0.78429305579896424 3.469446951953615e-18 0.62039052428734187 -0.022866905892595133 0.99932048025227249 -0.028908171219688479 4
1 488.95760135781302 901.70007714811322 294.15010299071741 -0.61996895667478547 -0.03685888967898554 -0.78376011317954308 -0.78429305579896424 3.469446951953615e-18 0.62039052428734187 -0.022866905892595133 0.99932048025227249 -0.028908171219688479 
1 491.55718406847882 901.85462961612347 297.43647598987354 -0.61996895667478547 -0.03685888967898554 -0.78376011317954308 -0.78429305579896424 3.469446951953615e-18 0.62039052428734187 -0.022866905892595133 0.99932048025227249 -0.028908171219688479 
2 488.95760135781302 901.70007714811322 294.15010299071741 -0.6422328399780719 -0.036007831570746274 -0.76566338251171007 -0.7661602314751198 -3.4694469519536142e-18 0.64264959325124538 -0.023140418312799445 0.9993515077616949 -0.02758776857116008 4
1 486.20101574501859 901.54552468010297 290.86372999156129 -0.6422328399780719 -0.036007831570746274 -0.76566338251171007 -0.7661602314751198 -3.4694469519536142e-18 0.64264959325124538 -0.023140418312799445 0.9993515077616949 -0.02758776857116008 
1 488.95760135781302 901.70007714811322 294.15010299071741 -0.6422328399780719 -0.036007831570746274 -0.76566338251171007 -0.7661602314751198 -3.4694469519536142e-18 0.64264959325124538 -0.023140418312799445 0.9993515077616949 -0.02758776857116008 
2 486.20101574501859 901.54552468010297 290.86372999156129 -0.66298219050257379 -0.035168155442746811 -0.74780867601222956 -0.74827154998825363 3.4694469519536142e-18 0.66339255910673012 -0.023330292638227081 0.99938140909402295 -0.026315330183371996 4
1 483.28742723009555 901.39097221209272 287.57735699240516 -0.66298219050257379 -0.035168155442746811 -0.74780867601222956 -0.74827154998825363 3.4694469519536142e-18 0.66339255910673012 -0.023330292638227081 0.99938140909402295 -0.026315330183371996 
1 486.20101574501859 901.54552468010297 290.86372999156129 -0.66298219050257379 -0.035168155442746811 -0.74780867601222956 -0.74827154998825363 3.4694469519536142e-18 0.66339255910673012 -0.023330292638227081 0.99938140909402295 -0.026315330183371996 
2 483.28742723009555 901.39097221209272 287.57735699240516 -0.68230874191191304 -0.034342732615590767 -0.73025704887188636 -0.73068807126095459 0 0.68271146358981438 -0.023446177247663621 0.99941011437572214 -0.025093825056716687 4
1 480.21683581304387 901.23641974408235 284.29098399324903 -0.68230874191191304 -0.034342732615590767 -0.73025704887188636 -0.73068807126095459 0 0.68271146358981438 -0.023446177247663621 0.99941011437572214 -0.025093825056716687 
1 483.28742723009555 901.39097221209272 287.57735699240516 -0.68230874191191304 -0.034342732615590767 -0.73025704887188636 -0.73068807126095459 0 0.68271146358981438 -0.023446177247663621 0.99941011437572214 -0.025093825056716687 
2 480.21683581304387 901.23641974408235 284.29098399324903 -0.70030360379561052 -0.033533845836788076 -0.71305704098218892 -0.71345830246343334 3.469446951953615e-18 0.70069768848341163 -0.023497088263796477 0.99943758243493863 -0.023925000725785295 4
1 476.98924149386357 901.0818672760721 281.0046109940929 -0.70030360379561052 -0.033533845836788076 -0.71305704098218892 -0.71345830246343334 3.469446951953615e-18 0.70069768848341163 -0.023497088263796477 0.99943758243493863 -0.023925000725785295 
1 480.21683581304387 901.23641974408235 284.29098399324903 -0.70030360379561052 -0.033533845836788076 -0.71305704098218892 -0.71345830246343334 3.469446951953615e-18 0.70069768848341163 -0.023497088263796477 0.99943758243493863 -0.023925000725785295 
2 476.98924149386357 901.0818672760721 281.0046109940929 -0.71705585117304449 -0.032743261384942247 -0.69624621013861032 0.69661974066730992 0 -0.71744054590788908 0.02349134332281767 -0.99946379565939125 0.022809602254580411 4
1 473.60464427255465 900.92731480806174 277.71823799493677 -0.71705585117304449 -0.032743261384942247 -0.69624621013861032 0.69661974066730992 0 -0.71744054590788908 0.02349134332281767 -0.99946379565939125 0.022809602254580411 
1 476.98924149386357 901.0818672760721 281.0046109940929 -0.71705585117304449 -0.032743261384942247 -0.69624621013861032 0.69661974066730992 0 -0.71744054590788908 0.02349134332281767 -0.99946379565939125 0.022809602254580411 
2 473.60464427255465 900.92731480806174 277.71823799493677 -0.73265148999650331 -0.031972298402915551 -0.67985260633518096 0.68020035510596699 0 -0.73302624571956243 0.023436533865314753 -0.99948875538188775 0.021747568727217104 4
1 470.0630441491171 900.77276234005149 274.43186499578064 -0.73265148999650331 -0.031972298402915551 -0.67985260633518096 0.68020035510596699 0 -0.73302624571956243 0.023436533865314753 -0.99948875538188775 0.021747568727217104 
1 473.60464427255465 900.92731480806174 277.71823799493677 -0.73265148999650331 -0.031972298402915551 -0.67985260633518096 0.68020035510596699 0 -0.73302624571956243 0.023436533865314753 -0.99948875538188775 0.021747568727217104 
2 470.0630441491171 900.77276234005149 274.43186499578064 -0.74717273573760368 -0.031221893655521808 -0.66389614875140557 0.66421997070666938 -1.7347234759768071e-18 -0.74753717667714126 0.023339526233762717 -0.99951247783935304 0.020738205289277438 4
1 466.36444112355093 900.61820987204123 271.14549199662451 -0.74717273573760368 -0.031221893655521808 -0.66389614875140557 0.66421997070666938 -1.7347234759768071e-18 -0.74753717667714126 0.023339526233762717 -0.99951247783935304 0.020738205289277438 
1 470.0630441491171 900.77276234005149 274.43186499578064 -0.74717273573760368 -0.031221893655521808 -0.66389614875140557 0.66421997070666938 -1.7347234759768071e-18 -0.74753717667714126 0.023339526233762717 -0.99951247783935304 0.020738205289277438 
2 466.36444112355093 900.61820987204123 271.14549199662451 -0.76069754638005393 -0.030492660662745301 -0.64838988315447399 0.64869153074518915 -3.4694469519536134e-18 -0.76105144237394573 0.023206483379201587 -0.99953499070603169 0.019780330721809871 4
1 462.50883519585614 900.46365740403087 267.85911899746839 -0.76069754638005393 -0.030492660662745301 -0.64838988315447399 0.64869153074518915 -3.4694469519536134e-18 -0.76105144237394573 0.023206483379201587 -0.99953499070603169 0.019780330721809871 
1 466.36444112355093 900.61820987204123 271.14549199662451 -0.76069754638005393 -0.030492660662745301 -0.64838988315447399 0.64869153074518915 -3.4694469519536134e-18 -0.76105144237394573 0.023206483379201587 -0.99953499070603169 0.019780330721809871 
2 462.50883519585614 900.46365740403087 267.85911899746839 -0.77329935739995481 -0.029784942730678311 -0.63334110953841249 0.63362222860371642 -1.7347234759768067e-18 -0.77364259927905965 0.023042900513539903 -0.99955633017180701 0.018872401791846453 4
1 458.49622636603272 900.30910493602062 264.57274599831226 -0.77329935739995481 -0.029784942730678311 -0.63334110953841249 0.63362222860371642 -1.7347234759768067e-18 -0.77364259927905965 0.023042900513539903 -0.99955633017180701 0.018872401791846453 
1 462.50883519585614 900.46365740403087 267.85911899746839 -0.77329935739995481 -0.029784942730678311 -0.63334110953841249 0.63362222860371642 -1.7347234759768067e-18 -0.77364259927905965 0.023042900513539903 -0.99955633017180701 0.018872401791846453 
2 458.49622636603272 900.30910493602062 264.57274599831226 -0.78504697341897012 -0.029098859808984481 -0.61875237848717146 0.61901450728712859 1.7347234759768075e-18 -0.78537955140688098 0.02285364946323195 -0.99957653851909578 0.018012616367275757 4
1 454.32661463408067 900.15455246801025 261.28637299915613 -0.78504697341897012 -0.029098859808984481 -0.61875237848717146 0.61901450728712859 1.7347234759768075e-18 -0.78537955140688098 0.02285364946323195 -0.99957653851909578 0.018012616367275757 
1 458.49622636603272 900.30910493602062 264.57274599831226 -0.78504697341897012 -0.029098859808984481 -0.61875237848717146 0.61901450728712859 1.7347234759768075e-18 -0.78537955140688098 0.02285364946323195 -0.99957653851909578 0.018012616367275757 
2 454.32661463408067 900.15455246801025 261.28637299915613 -0.7960045783800227 -0.028434349379542763 -0.60462236062967789 0.60486693122834245 0 -0.79632656335601903 0.022643027722675645 -0.99959566214312989 0.017198997650678557 4
1 450 900 258 -0.7960045783800227 -0.028434349379542763 -0.60462236062967789 0.60486693122834245 0 -0.79632656335601903 0.022643027722675645 -0.99959566214312989 0.017198997650678557 
1 454.32661463408067 900.15455246801025 261.28637299915613 -0.7960045783800227 -0.028434349379542763 -0.60462236062967789 0.60486693122834245 0 -0.79632656335601903 0.022643027722675645 -0.99959566214312989 0.017198997650678557 
4 300 912.36419744082343 520.90983993249017 0 0 1 1 0 -0 -0 1 0 4
4 308.07661463408067 912.20964497281318 517.62346693333404 0 0 1 1 0 -0 -0 1 0 4
4 315.99622636603272 912.05509250480281 514.33709393417791 0 0 1 1 0 -0 -0 1 0 4
4 323.75883519585614 911.90054003679256 511.05072093502179 0 0 1 1 0 -0 -0 1 0 4
4 331.36444112355093 911.7459875687822 507.7643479358656 0 0 1 1 0 -0 -0 1 0 4
4 338.8130441491171 911.59143510077195 504.47797493670953 0 0 1 1 0 -0 -0 1 0 4
4 346.10464427255465 911.43688263276169 501.19160193755346 0 0 1 1 0 -0 -0 1 0 4
4 353.23924149386357 911.28233016475133 497.90522893839727 0 0 1 1 0 -0 -0 1 0 4
4 360.21683581304387 911.12777769674108 494.6188559392412 0 0 1 1 0 -0 -0 1 0 4
4 367.03742723009555 910.97322522873071 491.33248294008496 0 0 1 1 0 -0 -0 1 0 4
4 373.70101574501859 910.81867276072046 488.04610994092889 0 0 1 1 0 -0 -0 1 0 4
4 380.20760135781302 910.66412029271021 484.75973694177281 0 0 1 1 0 -0 -0 1 0 4
4 386.55718406847882 910.50956782469984 481.47336394261663 0 0 1 1 0 -0 -0 1 0 4
4 392.74976387701599 910.35501535668959 478.18699094346056 0 0 1 1 0 -0 -0 1 0 4
4 398.78534078342454 910.20046288867934 474.90061794430437 0 0 1 1 0 -0 -0 1 0 4
4 404.66391478770447 910.04591042066909 471.61424494514824 0 0 1 1 0 -0 -0 1 0 4
4 410.38548588985577 909.89135795265884 468.32787194599217 0 0 1 1 0 -0 -0 1 0 4
4 415.95005408987845 909.73680548464847 465.04149894683599 0 0 1 1 0 -0 -0 1 0 4
4 421.3576193877725 909.58225301663822 461.75512594767991 0 0 1 1 0 -0 -0 1 0 4
4 426.60818178353793 909.42770054862785 458.46875294852373 0 0 1 1 0 -0 -0 1 0 4
4 431.70174127717473 909.2731480806176 455.1823799493676 0 0 1 1 0 -0 -0 1 0 4
4 436.63829786868291 909.11859561260735 451.89600695021153 0 0 1 1 0 -0 -0 1 0 4
4 441.41785155806247 908.96404314459699 448.60963395105534 0 0 1 1 0 -0 -0 1 0 4
4 446.0404023453134 908.80949067658673 445.32326095189927 0 0 1 1 0 -0 -0 1 0 4
4 450.5059502304357 908.65493820857637 442.03688795274309 0 0 1 1 0 -0 -0 1 0 4
4 454.81449521342938 908.50038574056612 438.75051495358701 0 0 1 1 0 -0 -0 1 0 4
4 458.96603729429444 908.34583327255586 435.46414195443089 0 0 1 1 0 -0 -0 1 0 4
4 462.96057647303087 908.1912808045455 432.1777689552747 0 0 1 1 0 -0 -0 1 0 4
4 466.79811274963868 908.03672833653525 428.89139595611863 0 0 1 1 0 -0 -0 1 0 4
4 470.47864612411786 907.88217586852488 425.60502295696244 0 0 1 1 0 -0 -0 1 0 4
4 474.00217659646842 907.72762340051463 422.31864995780637 0 0 1 1 0 -0 -0 1 0 4
4 477.36870416669035 907.57307093250438 419.0322769586503 0 0 1 1 0 -0 -0 1 0 4
4 480.57822883478366 907.41851846449401 415.74590395949406 0 0 1 1 0 -0 -0 1 0 4
4 483.63075060074834 907.26396599648376 412.45953096033799 0 0 1 1 0 -0 -0 1 0 4
4 486.5262694645844 907.1094135284734 409.1731579611818 0 0 1 1 0 -0 -0 1 0 4
4 489.26478542629184 906.95486106046314 405.88678496202573 0 0 1 1 0 -0 -0 1 0 4
4 491.84629848587065 906.80030859245289 402.60041196286966 0 0 1 1 0 -0 -0 1 0 4
4 494.27080864332083 906.64575612444264 399.31403896371347 0 0 1 1 0 -0 -0 1 0 4
4 496.5383158986424 906.49120365643239 396.02766596455734 0 0 1 1 0 -0 -0 1 0 4
4 498.64882025183533 906.33665118842191 392.74129296540116 0 0 1 1 0 -0 -0 1 0 4
4 500.60232170289964 906.18209872041166 389.45491996624509 0 0 1 1 0 -0 -0 1 0 4
4 502.39882025183533 906.02754625240141 386.16854696708901 0 0 1 1 0 -0 -0 1 0 4
4 504.0383158986424 905.87299378439116 382.88217396793283 0 0 1 1 0 -0 -0 1 0 4
4 505.52080864332083 905.7184413163809 379.5958009687767 0 0 1 1 0 -0 -0 1 0 4
4 506.84629848587065 905.56388884837054 376.30942796962057 0 0 1 1 0 -0 -0 1 0 4
4 508.01478542629184 905.40933638036017 373.02305497046444 0 0 1 1 0 -0 -0 1 0 4
4 509.0262694645844 905.25478391234992 369.73668197130837 0 0 1 1 0 -0 -0 1 0 4
4 509.88075060074834 905.10023144433967 366.45030897215224 0 0 1 1 0 -0 -0 1 0 4
4 510.57822883478366 904.94567897632942 363.16393597299606 0 0 1 1 0 -0 -0 1 0 4
4 511.11870416669035 904.79112650831905 359.87756297383993 0 0 1 1 0 -0 -0 1 0 4
4 511.50217659646842 904.6365740403088 356.5911899746838 0 0 1 1 0 -0 -0 1 0 4
4 511.72864612411786 904.48202157229855 353.30481697552773 0 0 1 1 0 -0 -0 1 0 4
4 511.79811274963868 904.32746910428818 350.0184439763716 0 0 1 1 0 -0 -0 1 0 4
4 511.71057647303087 904.17291663627793 346.73207097721541 0 0 1 1 0 -0 -0 1 0 4
4 511.46603729429444 904.01836416826757 343.44569797805929 0 0 1 1 0 -0 -0 1 0 4
4 511.06449521342938 903.86381170025732 340.15932497890321 0 0 1 1 0 -0 -0 1 0 4
4 510.5059502304357 903.70925923224706 336.87295197974709 0 0 1 1 0 -0 -0 1 0 4
4 509.7904023453134 903.5547067642367 333.58657898059096 0 0 1 1 0 -0 -0 1 0 4
4 508.91785155806247 903.40015429622645 330.30020598143483 0 0 1 1 0 -0 -0 1 0 4
4 507.88829786868291 903.24560182821608 327.01383298227864 0 0 1 1 0 -0 -0 1 0 4
4 506.70174127717473 903.09104936020583 323.72745998312257 0 0 1 1 0 -0 -0 1 0 4
4 505.35818178353793 902.93649689219558 320.44108698396644 0 0 1 1 0 -0 -0 1 0 4
4 503.8576193877725 902.78194442418521 317.15471398481031 0 0 1 1 0 -0 -0 1 0 4
4 502.20005408987845 902.62739195617496 313.86834098565419 0 0 1 1 0 -0 -0 1 0 4
4 500.38548588985577 902.47283948816471 310.581967986498 0 0 1 1 0 -0 -0 1 0 4
4 498.41391478770447 902.31828702015446 307.29559498734193 0 0 1 1 0 -0 -0 1 0 4
4 496.28534078342454 902.16373455214421 304.0092219881858 0 0 1 1 0 -0 -0 1 0 4
4 493.99976387701599 902.00918208413373 300.72284898902967 0 0 1 1 0 -0 -0 1 0 4
4 491.55718406847882 901.85462961612347 297.43647598987354 0 0 1 1 0 -0 -0 1 0 4
4 488.95760135781302 901.70007714811322 294.15010299071741 0 0 1 1 0 -0 -0 1 0 4
4 486.20101574501859 901.54552468010297 290.86372999156129 0 0 1 1 0 -0 -0 1 0 4
4 483.28742723009555 901.39097221209272 287.57735699240516 0 0 1 1 0 -0 -0 1 0 4
4 480.21683581304387 901.23641974408235 284.29098399324903 0 0 1 1 0 -0 -0 1 0 4
4 476.98924149386357 901.0818672760721 281.0046109940929 0 0 1 1 0 -0 -0 1 0 4
4 473.60464427255465 900.92731480806174 277.71823799493677 0 0 1 1 0 -0 -0 1 0 4
4 470.0630441491171 900.77276234005149 274.43186499578064 0 0 1 1 0 -0 -0 1 0 4
4 466.36444112355093 900.61820987204123 271.14549199662451 0 0 1 1 0 -0 -0 1 0 4
4 462.50883519585614 900.46365740403087 267.85911899746839 0 0 1 1 0 -0 -0 1 0 4
4 458.49622636603272 900.30910493602062 264.57274599831226 0 0 1 1 0 -0 -0 1 0 4
4 454.32661463408067 900.15455246801025 261.28637299915613 0 0 1 1 0 -0 -0 1 0 4
4 450 900 258 0 0 1 1 0 -0 -0 1 0 4
Triangulations 0

TShapes 1770
Ve
1e-07
309.584189111688 912.209644972813 521.328493140322
0 0

0101101
*
Ed
 1e-07 1 1 0
1  1 0 0 6.28318530717959
2  1 1 0 0 6.28318530717959
2  2 2 0 0 6.28318530717959
0

0101000
+1770 0 -1770 0 *
Ve
1e-07
301.507574477607 912.364197440823 524.614866139478
0 0

0101101
*
Ed
 1e-07 1 1 0
1  2 0 0 8.72099982240549
3  3 4CN 1 0 0 8.72099982240549
0

0101000
-1770 0 +1768 0 *
Ed
 1e-07 1 1 0
1  3 0 0 6.28318530717959
2  5 1 0 0 6.28318530717959
2  6 3 0 0 6.28318530717959
0

0101000
+1768 0 -1768 0 *
Wi

0101100
-1769 0 +1767 0 +1766 0 -1767 0 *
Fa
0  1e-07 1 0

0111000
+1765 0 *
Wi

0101100
+1769 0 *
Fa
0  1e-07 2 0

0111000
+1763 0 *
Wi

0101100
-1766 0 *
Fa
0  1e-07 3 0

0111000
-1761 0 *
Sh

0101100
+1764 0 +1762 0 -1760 0 *
So

0100000
+1759 0 *
Ve
1e-07
317.529333930825 912.055092504803 518.031627895962
0 0

0101101
*
Ed
 1e-07 1 1 0
1  4 0 0 6.28318530717959
2  7 4 0 0 6.28318530717959
2  8 5 0 0 6.28318530717959
0

0101000
+1757 0 -1757 0 *
Ve
1e-07
309.609722198873 912.209644972813 521.318000895118
0 0

0101101
*
Ed
 1e-07 1 1 0
1  5 0 0 8.57580223301721
3  9 10CN 4 0 0 8.57580223301721
0

0101000
-1757 0 +1755 0 *
Ed
 1e-07 1 1 0
1  6 0 0 6.28318530717959
2  11 4 0 0 6.28318530717959
2  12 6 0 0 6.28318530717959
0

0101000
+1755 0 -1755 0 *
Wi

0101100
-1756 0 +1754 0 +1753 0 -1754 0 *
Fa
0  1e-07 4 0

0111000
+1752 0 *
Wi

0101100
+1756 0 *
Fa
0  1e-07 5 0

0111000
+1750 0 *
Wi

0101100
-1753 0 *
Fa
0  1e-07 6 0

0111000
-1748 0 *
Sh

0101100
+1751 0 +1749 0 -1747 0 *
So

0100000
+1746 0 *
Ve
1e-07
325.318277480588 911.900540036793 514.734216524892
0 0

0101101
*
Ed
 1e-07 1 1 0
1  7 0 0 6.28318530717959
2  13 7 0 0 6.28318530717959
2  14 8 0 0 6.28318530717959
0

0101000
+1744 0 -1744 0 *
Ve
1e-07
317.555668650765 912.055092504803 518.020589524048
0 0

0101101
*
Ed
 1e-07 1 1 0
1  8 0 0 8.43102780210118
3  15 16CN 7 0 0 8.43102780210118
0

0101000
-1744 0 +1742 0 *
Ed
 1e-07 1 1 0
1  9 0 0 6.28318530717959
2  17 7 0 0 6.28318530717959
2  18 9 0 0 6.28318530717959
0

0101000
+1742 0 -1742 0 *
Wi

0101100
-1743 0 +1741 0 +1740 0 -1741 0 *
Fa
0  1e-07 7 0

0111000
+1739 0 *
Wi

0101100
+1743 0 *
Fa
0  1e-07 8 0

0111000
+1737 0 *
Wi

0101100
-1740 0 *
Fa
0  1e-07 9 0

0111000
-1735 0 *
Sh

0101100
+1738 0 +1736 0 -1734 0 *
So

0100000
+1733 0 *
Ve
1e-07
332.95105352118 911.745987568782 511.436222266461
0 0

0101101
*
Ed
 1e-07 1 1 0
1  10 0 0 6.28318530717959
2  19 10 0 0 6.28318530717959
2  20 11 0 0 6.28318530717959
0

0101000
+1731 0 -1731 0 *
Ve
1e-07
325.345447593486 911.900540036793 514.722595265618
0 0

0101101
*
Ed
 1e-07 1 1 0
1  11 0 0 8.28669870831184
3  21 22CN 10 0 0 8.28669870831184
0

0101000
-1731 0 +1729 0 *
Ed
 1e-07 1 1 0
1  12 0 0 6.28318530717959
2  23 10 0 0 6.28318530717959
2  24 12 0 0 6.28318530717959
0

0101000
+1729 0 -1729 0 *
Wi

0101100
-1730 0 +1728 0 +1727 0 -1728 0 *
Fa
0  1e-07 10 0

0111000
+1726 0 *
Wi

0101100
+1730 0 *
Fa
0  1e-07 11 0

0111000
+1724 0 *
Wi

0101100
-1727 0 *
Fa
0  1e-07 12 0

0111000
-1722 0 *
Sh

0101100
+1725 0 +1723 0 -1721 0 *
So

0100000
+1720 0 *
Ve
1e-07
340.427697348321 911.591435100772 508.137605388859
0 0

0101101
*
Ed
 1e-07 1 1 0
1  13 0 0 6.28318530717959
2  25 13 0 0 6.28318530717959
2  26 14 0 0 6.28318530717959
0

0101000
+1718 0 -1718 0 *
Ve
1e-07
332.979094322755 911.745987568782 511.423978388015
0 0

0101101
*
Ed
 1e-07 1 1 0
1  14 0 0 8.14283863203881
3  27 28CN 13 0 0 8.14283863203881
0

0101000
-1718 0 +1716 0 *
Ed
 1e-07 1 1 0
1  15 0 0 6.28318530717959
2  29 13 0 0 6.28318530717959
2  30 15 0 0 6.28318530717959
0

0101000
+1716 0 -1716 0 *
Wi

0101100
-1717 0 +1715 0 +1714 0 -1715 0 *
Fa
0  1e-07 13 0

0111000
+1713 0 *
Wi

0101100
+1717 0 *
Fa
0  1e-07 14 0

0111000
+1711 0 *
Wi

0101100
-1714 0 *
Fa
0  1e-07 15 0

0111000
-1709 0 *
Sh

0101100
+1712 0 +1710 0 -1708 0 *
So

0100000
+1707 0 *
Ve
1e-07
347.748245835866 911.436882632762 504.838322916883
0 0

0101101
*
Ed
 1e-07 1 1 0
1  16 0 0 6.28318530717959
2  31 16 0 0 6.28318530717959
2  32 17 0 0 6.28318530717959
0

0101000
+1705 0 -1705 0 *
Ve
1e-07
340.456645712429 911.591435100772 508.124695916039
0 0

0101101
*
Ed
 1e-07 1 1 0
1  17 0 0 7.99947287732539
3  33 34CN 16 0 0 7.99947287732539
0

0101000
-1705 0 +1703 0 *
Ed
 1e-07 1 1 0
1  18 0 0 6.28318530717959
2  35 16 0 0 6.28318530717959
2  36 18 0 0 6.28318530717959
0

0101000
+1703 0 -1703 0 *
Wi

0101100
-1704 0 +1702 0 +1701 0 -1702 0 *
Fa
0  1e-07 16 0

0111000
+1700 0 *
Wi

0101100
+1704 0 *
Fa
0  1e-07 17 0

0111000
+1698 0 *
Wi

0101100
-1701 0 *
Fa
0  1e-07 18 0

0111000
-1696 0 *
Sh

0101100
+1699 0 +1697 0 -1695 0 *
So

0100000
+1694 0 *
Ve
1e-07
354.912737471796 911.282330164751 501.538328333108
0 0

0101101
*
Ed
 1e-07 1 1 0
1  19 0 0 6.28318530717959
2  37 19 0 0 6.28318530717959
2  38 20 0 0 6.28318530717959
0

0101000
+1692 0 -1692 0 *
Ve
1e-07
347.778140250487 911.436882632762 504.824701332264
0 0

0101101
*
Ed
 1e-07 1 1 0
1  20 0 0 7.85662850497972
3  39 40CN 19 0 0 7.85662850497972
0

0101000
-1692 0 +1690 0 *
Ed
 1e-07 1 1 0
1  21 0 0 6.28318530717959
2  41 19 0 0 6.28318530717959
2  42 21 0 0 6.28318530717959
0

0101000
+1690 0 -1690 0 *
Wi

0101100
-1691 0 +1689 0 +1688 0 -1689 0 *
Fa
0  1e-07 19 0

0111000
+1687 0 *
Wi

0101100
+1691 0 *
Fa
0  1e-07 20 0

0111000
+1685 0 *
Wi

0101100
-1688 0 *
Fa
0  1e-07 21 0

0111000
-1683 0 *
Sh

0101100
+1686 0 +1684 0 -1682 0 *
So

0100000
+1681 0 *
Ve
1e-07
361.921212385349 911.127777696741 498.237571249925
0 0

0101101
*
Ed
 1e-07 1 1 0
1  22 0 0 6.28318530717959
2  43 22 0 0 6.28318530717959
2  44 23 0 0 6.28318530717959
0

0101000
+1679 0 -1679 0 *
Ve
1e-07
354.943618066169 911.282330164751 501.523944249081
0 0

0101101
*
Ed
 1e-07 1 1 0
1  23 0 0 7.71433447797069
3  45 46CN 22 0 0 7.71433447797069
0

0101000
-1679 0 +1677 0 *
Ed
 1e-07 1 1 0
1  24 0 0 6.28318530717959
2  47 22 0 0 6.28318530717959
2  48 24 0 0 6.28318530717959
0

0101000
+1677 0 -1677 0 *
Wi

0101100
-1678 0 +1676 0 +1675 0 -1676 0 *
Fa
0  1e-07 22 0

0111000
+1674 0 *
Wi

0101100
+1678 0 *
Fa
0  1e-07 23 0

0111000
+1672 0 *
Wi

0101100
-1675 0 *
Fa
0  1e-07 24 0

0111000
-1670 0 *
Sh

0101100
+1673 0 +1671 0 -1669 0 *
So

0100000
+1668 0 *
Ve
1e-07
368.773712362577 910.973225228731 494.935997049773
0 0

0101101
*
Ed
 1e-07 1 1 0
1  25 0 0 6.28318530717959
2  49 25 0 0 6.28318530717959
2  50 26 0 0 6.28318530717959
0

0101000
+1666 0 -1666 0 *
Ve
1e-07
361.953120945525 911.127777696741 498.22237004893
0 0

0101101
*
Ed
 1e-07 1 1 0
1  26 0 0 7.57262182030175
3  51 52CN 25 0 0 7.57262182030175
0

0101000
-1666 0 +1664 0 *
Ed
 1e-07 1 1 0
1  27 0 0 6.28318530717959
2  53 25 0 0 6.28318530717959
2  54 27 0 0 6.28318530717959
0

0101000
+1664 0 -1664 0 *
Wi

0101100
-1665 0 +1663 0 +1662 0 -1663 0 *
Fa
0  1e-07 25 0

0111000
+1661 0 *
Wi

0101100
+1665 0 *
Fa
0  1e-07 26 0

0111000
+1659 0 *
Wi

0101100
-1662 0 *
Fa
0  1e-07 27 0

0111000
-1657 0 *
Sh

0101100
+1660 0 +1658 0 -1656 0 *
So

0100000
+1655 0 *
Ve
1e-07
375.470280847008 910.81867276072 491.633546490735
0 0

0101101
*
Ed
 1e-07 1 1 0
1  28 0 0 6.28318530717959
2  55 28 0 0 6.28318530717959
2  56 29 0 0 6.28318530717959
0

0101000
+1653 0 -1653 0 *
Ve
1e-07
368.806692332085 910.973225228731 494.919919489891
0 0

0101101
*
Ed
 1e-07 1 1 0
1  29 0 0 7.43152379066127
3  57 58CN 28 0 0 7.43152379066127
0

0101000
-1653 0 +1651 0 *
Ed
 1e-07 1 1 0
1  30 0 0 6.28318530717959
2  59 28 0 0 6.28318530717959
2  60 30 0 0 6.28318530717959
0

0101000
+1651 0 -1651 0 *
Wi

0101100
-1652 0 +1650 0 +1649 0 -1650 0 *
Fa
0  1e-07 28 0

0111000
+1648 0 *
Wi

0101100
+1652 0 *
Fa
0  1e-07 29 0

0111000
+1646 0 *
Wi

0101100
-1649 0 *
Fa
0  1e-07 30 0

0111000
-1644 0 *
Sh

0101100
+1647 0 +1645 0 -1643 0 *
So

0100000
+1642 0 *
Ve
1e-07
382.010962921425 910.66412029271 488.33015527453
0 0

0101101
*
Ed
 1e-07 1 1 0
1  31 0 0 6.28318530717959
2  61 31 0 0 6.28318530717959
2  62 32 0 0 6.28318530717959
0

0101000
+1640 0 -1640 0 *
Ve
1e-07
375.504377308631 910.81867276072 491.616528273686
0 0

0101101
*
Ed
 1e-07 1 1 0
1  32 0 0 7.29107607226626
3  63 64CN 31 0 0 7.29107607226626
0

0101000
-1640 0 +1638 0 *
Ed
 1e-07 1 1 0
1  33 0 0 6.28318530717959
2  65 31 0 0 6.28318530717959
2  66 33 0 0 6.28318530717959
0

0101000
+1638 0 -1638 0 *
Wi

0101100
-1639 0 +1637 0 +1636 0 -1637 0 *
Fa
0  1e-07 31 0

0111000
+1635 0 *
Wi

0101100
+1639 0 *
Fa
0  1e-07 32 0

0111000
+1633 0 *
Wi

0101100
-1636 0 *
Fa
0  1e-07 33 0

0111000
-1631 0 *
Sh

0101100
+1634 0 +1632 0 -1630 0 *
So

0100000
+1629 0 *
Ve
1e-07
388.395805265912 910.5095678247 485.025753573886
0 0

0101101
*
Ed
 1e-07 1 1 0
1  34 0 0 6.28318530717959
2  67 34 0 0 6.28318530717959
2  68 35 0 0 6.28318530717959
0

0101000
+1627 0 -1627 0 *
Ve
1e-07
382.046222555246 910.66412029271 488.312126573042
0 0

0101101
*
Ed
 1e-07 1 1 0
1  35 0 0 7.15131698042654
3  69 70CN 34 0 0 7.15131698042654
0

0101000
-1627 0 +1625 0 *
Ed
 1e-07 1 1 0
1  36 0 0 6.28318530717959
2  71 34 0 0 6.28318530717959
2  72 36 0 0 6.28318530717959
0

0101000
+1625 0 -1625 0 *
Wi

0101100
-1626 0 +1624 0 +1623 0 -1624 0 *
Fa
0  1e-07 34 0

0111000
+1622 0 *
Wi

0101100
+1626 0 *
Fa
0  1e-07 35 0

0111000
+1620 0 *
Wi

0101100
-1623 0 *
Fa
0  1e-07 36 0

0111000
-1618 0 *
Sh

0101100
+1621 0 +1619 0 -1617 0 *
So

0100000
+1616 0 *
Ve
1e-07
394.624856086331 910.35501535669 481.720265516228
0 0

0101101
*
Ed
 1e-07 1 1 0
1  37 0 0 6.28318530717959
2  73 37 0 0 6.28318530717959
2  74 38 0 0 6.28318530717959
0

0101000
+1614 0 -1614 0 *
Ve
1e-07
388.432276277794 910.5095678247 485.006638515384
0 0

0101101
*
Ed
 1e-07 1 1 0
1  38 0 0 7.0122876894814
3  75 76CN 37 0 0 7.0122876894814
0

0101000
-1614 0 +1612 0 *
Ed
 1e-07 1 1 0
1  39 0 0 6.28318530717959
2  77 37 0 0 6.28318530717959
2  78 39 0 0 6.28318530717959
0

0101000
+1612 0 -1612 0 *
Wi

0101100
-1613 0 +1611 0 +1610 0 -1611 0 *
Fa
0  1e-07 37 0

0111000
+1609 0 *
Wi

0101100
+1613 0 *
Fa
0  1e-07 38 0

0111000
+1607 0 *
Wi

0101100
-1610 0 *
Fa
0  1e-07 39 0

0111000
-1605 0 *
Sh

0101100
+1608 0 +1606 0 -1604 0 *
So

0100000
+1603 0 *
Ve
1e-07
400.698165006244 910.200462888679 478.413608620722
0 0

0101101
*
Ed
 1e-07 1 1 0
1  40 0 0 6.28318530717959
2  79 40 0 0 6.28318530717959
2  80 41 0 0 6.28318530717959
0

0101000
+1601 0 -1601 0 *
Ve
1e-07
394.662588099835 910.35501535669 481.699981619878
0 0

0101101
*
Ed
 1e-07 1 1 0
1  41 0 0 6.8740324808749
3  81 82CN 40 0 0 6.8740324808749
0

0101000
-1601 0 +1599 0 *
Ed
 1e-07 1 1 0
1  42 0 0 6.28318530717959
2  83 40 0 0 6.28318530717959
2  84 42 0 0 6.28318530717959
0

0101000
+1599 0 -1599 0 *
Wi

0101100
-1600 0 +1598 0 +1597 0 -1598 0 *
Fa
0  1e-07 40 0

0111000
+1596 0 *
Wi

0101100
+1600 0 *
Fa
0  1e-07 41 0

0111000
+1594 0 *
Wi

0101100
-1597 0 *
Fa
0  1e-07 42 0

0111000
-1592 0 *
Sh

0101100
+1595 0 +1593 0 -1591 0 *
So

0100000
+1590 0 *
Ve
1e-07
406.615782913896 910.045910420669 475.105693185916
0 0

0101101
*
Ed
 1e-07 1 1 0
1  43 0 0 6.28318530717959
2  85 43 0 0 6.28318530717959
2  86 44 0 0 6.28318530717959
0

0101000
+1588 0 -1588 0 *
Ve
1e-07
400.737208909616 910.200462888679 478.392066185072
0 0

0101101
*
Ed
 1e-07 1 1 0
1  44 0 0 6.73659901424645
3  87 88CN 43 0 0 6.73659901424645
0

0101000
-1588 0 +1586 0 *
Ed
 1e-07 1 1 0
1  45 0 0 6.28318530717959
2  89 43 0 0 6.28318530717959
2  90 45 0 0 6.28318530717959
0

0101000
+1586 0 -1586 0 *
Wi

0101100
-1587 0 +1585 0 +1584 0 -1585 0 *
Fa
0  1e-07 43 0

0111000
+1583 0 *
Wi

0101100
+1587 0 *
Fa
0  1e-07 44 0

0111000
+1581 0 *
Wi

0101100
-1584 0 *
Fa
0  1e-07 45 0

0111000
-1579 0 *
Sh

0101100
+1582 0 +1580 0 -1578 0 *
So

0100000
+1577 0 *
Ve
1e-07
412.377761754274 909.891357952659 471.796421625622
0 0

0101101
*
Ed
 1e-07 1 1 0
1  46 0 0 6.28318530717959
2  91 46 0 0 6.28318530717959
2  92 47 0 0 6.28318530717959
0

0101000
+1575 0 -1575 0 *
Ve
1e-07
406.656190652122 910.045910420669 475.082794624778
0 0

0101101
*
Ed
 1e-07 1 1 0
1  47 0 0 6.60003862351752
3  93 94CN 46 0 0 6.60003862351752
0

0101000
-1575 0 +1573 0 *
Ed
 1e-07 1 1 0
1  48 0 0 6.28318530717959
2  95 46 0 0 6.28318530717959
2  96 48 0 0 6.28318530717959
0

0101000
+1573 0 -1573 0 *
Wi

0101100
-1574 0 +1572 0 +1571 0 -1572 0 *
Fa
0  1e-07 46 0

0111000
+1570 0 *
Wi

0101100
+1574 0 *
Fa
0  1e-07 47 0

0111000
+1568 0 *
Wi

0101100
-1571 0 *
Fa
0  1e-07 48 0

0111000
-1566 0 *
Sh

0101100
+1569 0 +1567 0 -1565 0 *
So

0100000
+1564 0 *
Ve
1e-07
417.984154254371 909.736805484648 468.485687751302
0 0

0101101
*
Ed
 1e-07 1 1 0
1  49 0 0 6.28318530717959
2  97 49 0 0 6.28318530717959
2  98 50 0 0 6.28318530717959
0

0101000
+1562 0 -1562 0 *
Ve
1e-07
412.419586054348 909.891357952659 471.772060750459
0 0

0101101
*
Ed
 1e-07 1 1 0
1  50 0 0 6.46440664002927
3  99 100CN 49 0 0 6.46440664002927
0

0101000
-1562 0 +1560 0 *
Ed
 1e-07 1 1 0
1  51 0 0 6.28318530717959
2  101 49 0 0 6.28318530717959
2  102 51 0 0 6.28318530717959
0

0101000
+1560 0 -1560 0 *
Wi

0101100
-1561 0 +1559 0 +1558 0 -1559 0 *
Fa
0  1e-07 49 0

0111000
+1557 0 *
Wi

0101100
+1561 0 *
Fa
0  1e-07 50 0

0111000
+1555 0 *
Wi

0101100
-1558 0 *
Fa
0  1e-07 51 0

0111000
-1553 0 *
Sh

0101100
+1556 0 +1554 0 -1552 0 *
So

0100000
+1551 0 *
Ve
1e-07
423.435013567615 909.582253016638 465.1733760002
0 0

0101101
*
Ed
 1e-07 1 1 0
1  52 0 0 6.28318530717959
2  103 52 0 0 6.28318530717959
2  104 53 0 0 6.28318530717959
0

0101000
+1549 0 -1549 0 *
Ve
1e-07
418.027448269721 909.736805484648 468.459748999356
0 0

0101101
*
Ed
 1e-07 1 1 0
1  53 0 0 6.32976274483792
3  105 106CN 52 0 0 6.32976274483792
0

0101000
-1549 0 +1547 0 *
Ed
 1e-07 1 1 0
1  54 0 0 6.28318530717959
2  107 52 0 0 6.28318530717959
2  108 54 0 0 6.28318530717959
0

0101000
+1547 0 -1547 0 *
Wi

0101100
-1548 0 +1546 0 +1545 0 -1546 0 *
Fa
0  1e-07 52 0

0111000
+1544 0 *
Wi

0101100
+1548 0 *
Fa
0  1e-07 53 0

0111000
+1542 0 *
Wi

0101100
-1545 0 *
Fa
0  1e-07 54 0

0111000
-1540 0 *
Sh

0101100
+1543 0 +1541 0 -1539 0 *
So

0100000
+1538 0 *
Ve
1e-07
428.730392820926 909.427700548628 461.859360609812
0 0

0101101
*
Ed
 1e-07 1 1 0
1  55 0 0 6.28318530717959
2  109 55 0 0 6.28318530717959
2  110 56 0 0 6.28318530717959
0

0101000
+1536 0 -1536 0 *
Ve
1e-07
423.479830425161 909.582253016638 465.145733608968
0 0

0101101
*
Ed
 1e-07 1 1 0
1  56 0 0 6.1961713522769
3  111 112CN 55 0 0 6.1961713522769
0

0101000
-1536 0 +1534 0 *
Ed
 1e-07 1 1 0
1  57 0 0 6.28318530717959
2  113 55 0 0 6.28318530717959
2  114 57 0 0 6.28318530717959
0

0101000
+1534 0 -1534 0 *
Wi

0101100
-1535 0 +1533 0 +1532 0 -1533 0 *
Fa
0  1e-07 55 0

0111000
+1531 0 *
Wi

0101100
+1535 0 *
Fa
0  1e-07 56 0

0111000
+1529 0 *
Wi

0101100
-1532 0 *
Fa
0  1e-07 57 0

0111000
-1527 0 *
Sh

0101100
+1530 0 +1528 0 -1526 0 *
So

0100000
+1525 0 *
Ve
1e-07
433.870344545022 909.273148080618 458.543504741261
0 0

0101101
*
Ed
 1e-07 1 1 0
1  58 0 0 6.28318530717959
2  115 58 0 0 6.28318530717959
2  116 59 0 0 6.28318530717959
0

0101000
+1523 0 -1523 0 *
Ve
1e-07
428.776785051385 909.427700548628 461.829877740418
0 0

0101101
*
Ed
 1e-07 1 1 0
1  59 0 0 6.06370202682884
3  117 118CN 58 0 0 6.06370202682884
0

0101000
-1523 0 +1521 0 *
Ed
 1e-07 1 1 0
1  60 0 0 6.28318530717959
2  119 58 0 0 6.28318530717959
2  120 60 0 0 6.28318530717959
0

0101000
+1521 0 -1521 0 *
Wi

0101100
-1522 0 +1520 0 +1519 0 -1520 0 *
Fa
0  1e-07 58 0

0111000
+1518 0 *
Wi

0101100
+1522 0 *
Fa
0  1e-07 59 0

0111000
+1516 0 *
Wi

0101100
-1519 0 *
Fa
0  1e-07 60 0

0111000
-1514 0 *
Sh

0101100
+1517 0 +1515 0 -1513 0 *
So

0100000
+1512 0 *
Ve
1e-07
438.854919965446 909.118595612607 455.225659556737
0 0

0101101
*
Ed
 1e-07 1 1 0
1  61 0 0 6.28318530717959
2  121 61 0 0 6.28318530717959
2  122 62 0 0 6.28318530717959
0

0101000
+1510 0 -1510 0 *
Ve
1e-07
433.918363373937 909.273148080618 458.512032555893
0 0

0101101
*
Ed
 1e-07 1 1 0
1  62 0 0 5.93242993520471
3  123 124CN 61 0 0 5.93242993520471
0

0101000
-1510 0 +1508 0 *
Ed
 1e-07 1 1 0
1  63 0 0 6.28318530717959
2  125 61 0 0 6.28318530717959
2  126 63 0 0 6.28318530717959
0

0101000
+1508 0 -1508 0 *
Wi

0101100
-1509 0 +1507 0 +1506 0 -1507 0 *
Fa
0  1e-07 61 0

0111000
+1505 0 *
Wi

0101100
+1509 0 *
Fa
0  1e-07 62 0

0111000
+1503 0 *
Wi

0101100
-1506 0 *
Fa
0  1e-07 63 0

0111000
-1501 0 *
Sh

0101100
+1504 0 +1502 0 -1500 0 *
So

0100000
+1499 0 *
Ve
1e-07
443.68416812827 908.964043144597 451.905663259724
0 0

0101101
*
Ed
 1e-07 1 1 0
1  64 0 0 6.28318530717959
2  127 64 0 0 6.28318530717959
2  128 65 0 0 6.28318530717959
0

0101000
+1497 0 -1497 0 *
Ve
1e-07
438.90461443889 909.118595612607 455.19203625888
0 0

0101101
*
Ed
 1e-07 1 1 0
1  65 0 0 5.80243633524855
3  129 130CN 64 0 0 5.80243633524855
0

0101000
-1497 0 +1495 0 *
Ed
 1e-07 1 1 0
1  66 0 0 6.28318530717959
2  131 64 0 0 6.28318530717959
2  132 66 0 0 6.28318530717959
0

0101000
+1495 0 -1495 0 *
Wi

0101100
-1496 0 +1494 0 +1493 0 -1494 0 *
Fa
0  1e-07 64 0

0111000
+1492 0 *
Wi

0101100
+1496 0 *
Fa
0  1e-07 65 0

0111000
+1490 0 *
Wi

0101100
-1493 0 *
Fa
0  1e-07 66 0

0111000
-1488 0 *
Sh

0101100
+1491 0 +1489 0 -1487 0 *
So

0100000
+1486 0 *
Ve
1e-07
448.358134830688 908.809490676587 448.583340111404
0 0

0101101
*
Ed
 1e-07 1 1 0
1  67 0 0 6.28318530717959
2  133 67 0 0 6.28318530717959
2  134 68 0 0 6.28318530717959
0

0101000
+1484 0 -1484 0 *
Ve
1e-07
443.735584043438 908.964043144597 451.86971311056
0 0

0101101
*
Ed
 1e-07 1 1 0
1  68 0 0 5.67380910285712
3  135 136CN 67 0 0 5.67380910285712
0

0101000
-1484 0 +1482 0 *
Ed
 1e-07 1 1 0
1  69 0 0 6.28318530717959
2  137 67 0 0 6.28318530717959
2  138 69 0 0 6.28318530717959
0

0101000
+1482 0 -1482 0 *
Wi

0101100
-1483 0 +1481 0 +1480 0 -1481 0 *
Fa
0  1e-07 67 0

0111000
+1479 0 *
Wi

0101100
+1483 0 *
Fa
0  1e-07 68 0

0111000
+1477 0 *
Wi

0101100
-1480 0 *
Fa
0  1e-07 69 0

0111000
-1475 0 *
Sh

0101100
+1478 0 +1476 0 -1474 0 *
So

0100000
+1473 0 *
Ve
1e-07
452.876861322798 908.654938208576 445.258499442683
0 0

0101101
*
Ed
 1e-07 1 1 0
1  70 0 0 6.28318530717959
2  139 70 0 0 6.28318530717959
2  140 71 0 0 6.28318530717959
0

0101000
+1471 0 -1471 0 *
Ve
1e-07
448.411313437676 908.809490676587 448.544872441839
0 0

0101101
*
Ed
 1e-07 1 1 0
1  71 0 0 5.5466432974612
3  141 142CN 70 0 0 5.5466432974612
0

0101000
-1471 0 +1469 0 *
Ed
 1e-07 1 1 0
1  72 0 0 6.28318530717959
2  143 70 0 0 6.28318530717959
2  144 72 0 0 6.28318530717959
0

0101000
+1469 0 -1469 0 *
Wi

0101100
-1470 0 +1468 0 +1467 0 -1468 0 *
Fa
0  1e-07 70 0

0111000
+1466 0 *
Wi

0101100
+1470 0 *
Fa
0  1e-07 71 0

0111000
+1464 0 *
Wi

0101100
-1467 0 *
Fa
0  1e-07 72 0

0111000
-1462 0 *
Sh

0101100
+1465 0 +1463 0 -1461 0 *
So

0100000
+1460 0 *
Ve
1e-07
457.240382742978 908.500385740566 441.930934689091
0 0

0101101
*
Ed
 1e-07 1 1 0
1  73 0 0 6.28318530717959
2  145 73 0 0 6.28318530717959
2  146 74 0 0 6.28318530717959
0

0101000
+1458 0 -1458 0 *
Ve
1e-07
452.931837759984 908.654938208576 445.217307688247
0 0

0101101
*
Ed
 1e-07 1 1 0
1  74 0 0 5.4210417656969
3  147 148CN 73 0 0 5.4210417656969
0

0101000
-1458 0 +1456 0 *
Ed
 1e-07 1 1 0
1  75 0 0 6.28318530717959
2  149 73 0 0 6.28318530717959
2  150 75 0 0 6.28318530717959
0

0101000
+1456 0 -1456 0 *
Wi

0101100
-1457 0 +1455 0 +1454 0 -1455 0 *
Fa
0  1e-07 73 0

0111000
+1453 0 *
Wi

0101100
+1457 0 *
Fa
0  1e-07 74 0

0111000
+1451 0 *
Wi

0101100
-1454 0 *
Fa
0  1e-07 75 0

0111000
-1449 0 *
Sh

0101100
+1452 0 +1450 0 -1448 0 *
So

0100000
+1447 0 *
Ve
1e-07
461.448726245723 908.345833272556 438.600422485642
0 0

0101101
*
Ed
 1e-07 1 1 0
1  76 0 0 6.28318530717959
2  151 76 0 0 6.28318530717959
2  152 77 0 0 6.28318530717959
0

0101000
+1445 0 -1445 0 *
Ve
1e-07
457.297184164858 908.500385740566 441.886795484799
0 0

0101101
*
Ed
 1e-07 1 1 0
1  77 0 0 5.29711578164418
3  153 154CN 76 0 0 5.29711578164418
0

0101000
-1445 0 +1443 0 *
Ed
 1e-07 1 1 0
1  78 0 0 6.28318530717959
2  155 76 0 0 6.28318530717959
2  156 78 0 0 6.28318530717959
0

0101000
+1443 0 -1443 0 *
Wi

0101100
-1444 0 +1442 0 +1441 0 -1442 0 *
Fa
0  1e-07 76 0

0111000
+1440 0 *
Wi

0101100
+1444 0 *
Fa
0  1e-07 77 0

0111000
+1438 0 *
Wi

0101100
-1441 0 *
Fa
0  1e-07 78 0

0111000
-1436 0 *
Sh

0101100
+1439 0 +1437 0 -1435 0 *
So

0100000
+1434 0 *
Ve
1e-07
465.50190877794 908.191280804545 435.266721871074
0 0

0101101
*
Ed
 1e-07 1 1 0
1  79 0 0 6.28318530717959
2  157 79 0 0 6.28318530717959
2  158 80 0 0 6.28318530717959
0

0101000
+1432 0 -1432 0 *
Ve
1e-07
461.507369599204 908.345833272556 438.55309487023
0 0

0101101
*
Ed
 1e-07 1 1 0
1  80 0 0 5.17498572030989
3  159 160CN 79 0 0 5.17498572030989
0

0101000
-1432 0 +1430 0 *
Ed
 1e-07 1 1 0
1  81 0 0 6.28318530717959
2  161 79 0 0 6.28318530717959
2  162 81 0 0 6.28318530717959
0

0101000
+1430 0 -1430 0 *
Wi

0101100
-1431 0 +1429 0 +1428 0 -1429 0 *
Fa
0  1e-07 79 0

0111000
+1427 0 *
Wi

0101100
+1431 0 *
Fa
0  1e-07 80 0

0111000
+1425 0 *
Wi

0101100
-1428 0 *
Fa
0  1e-07 81 0

0111000
-1423 0 *
Sh

0101100
+1426 0 +1424 0 -1422 0 *
So

0100000
+1421 0 *
Ve
1e-07
469.399934458282 908.036728336535 431.929573665936
0 0

0101101
*
Ed
 1e-07 1 1 0
1  82 0 0 6.28318530717959
2  163 82 0 0 6.28318530717959
2  164 83 0 0 6.28318530717959
0

0101000
+1419 0 -1419 0 *
Ve
1e-07
465.562398181674 908.191280804545 435.215946665093
0 0

0101101
*
Ed
 1e-07 1 1 0
1  83 0 0 5.05478175881324
3  165 166CN 82 0 0 5.05478175881324
0

0101000
-1419 0 +1417 0 *
Ed
 1e-07 1 1 0
1  84 0 0 6.28318530717959
2  167 82 0 0 6.28318530717959
2  168 84 0 0 6.28318530717959
0

0101000
+1417 0 -1417 0 *
Wi

0101100
-1418 0 +1416 0 +1415 0 -1416 0 *
Fa
0  1e-07 82 0

0111000
+1414 0 *
Wi

0101100
+1418 0 *
Fa
0  1e-07 83 0

0111000
+1412 0 *
Wi

0101100
-1415 0 *
Fa
0  1e-07 84 0

0111000
-1410 0 *
Sh

0101100
+1413 0 +1411 0 -1409 0 *
So

0100000
+1408 0 *
Ve
1e-07
473.142791514818 907.882175868525 428.58870010726
0 0

0101101
*
Ed
 1e-07 1 1 0
1  85 0 0 6.28318530717959
2  169 85 0 0 6.28318530717959
2  170 86 0 0 6.28318530717959
0

0101000
+1406 0 -1406 0 *
Ve
1e-07
469.462258140339 908.036728336535 431.875073106416
0 0

0101101
*
Ed
 1e-07 1 1 0
1  86 0 0 4.93664459684977
3  171 172CN 85 0 0 4.93664459684977
0

0101000
-1406 0 +1404 0 *
Ed
 1e-07 1 1 0
1  87 0 0 6.28318530717959
2  173 85 0 0 6.28318530717959
2  174 87 0 0 6.28318530717959
0

0101000
+1404 0 -1404 0 *
Wi

0101100
-1405 0 +1403 0 +1402 0 -1403 0 *
Fa
0  1e-07 85 0

0111000
+1401 0 *
Wi

0101100
+1405 0 *
Fa
0  1e-07 86 0

0111000
+1399 0 *
Wi

0101100
-1402 0 *
Fa
0  1e-07 87 0

0111000
-1397 0 *
Sh

0101100
+1400 0 +1398 0 -1396 0 *
So

0100000
+1395 0 *
Ve
1e-07
476.730448740486 907.727623400515 425.243804843992
0 0

0101101
*
Ed
 1e-07 1 1 0
1  88 0 0 6.28318530717959
2  175 88 0 0 6.28318530717959
2  176 89 0 0 6.28318530717959
0

0101000
+1393 0 -1393 0 *
Ve
1e-07
473.206918268135 907.882175868525 428.530177843148
0 0

0101101
*
Ed
 1e-07 1 1 0
1  89 0 0 4.82072618435574
3  177 178CN 88 0 0 4.82072618435574
0

0101000
-1393 0 +1391 0 *
Ed
 1e-07 1 1 0
1  90 0 0 6.28318530717959
2  179 88 0 0 6.28318530717959
2  180 90 0 0 6.28318530717959
0

0101000
+1391 0 -1391 0 *
Wi

0101100
-1392 0 +1390 0 +1389 0 -1390 0 *
Fa
0  1e-07 88 0

0111000
+1388 0 *
Wi

0101100
+1392 0 *
Fa
0  1e-07 89 0

0111000
+1386 0 *
Wi

0101100
-1389 0 *
Fa
0  1e-07 90 0

0111000
-1384 0 *
Sh

0101100
+1387 0 +1385 0 -1383 0 *
So

0100000
+1382 0 *
Ve
1e-07
480.162851434707 907.573070932504 421.894573422093
0 0

0101101
*
Ed
 1e-07 1 1 0
1  91 0 0 6.28318530717959
2  181 91 0 0 6.28318530717959
2  182 92 0 0 6.28318530717959
0

0101000
+1380 0 -1380 0 *
Ve
1e-07
476.796323864485 907.727623400515 425.180946421249
0 0

0101101
*
Ed
 1e-07 1 1 0
1  92 0 0 4.7071904397437
3  183 184CN 91 0 0 4.7071904397437
0

0101000
-1380 0 +1378 0 *
Ed
 1e-07 1 1 0
1  93 0 0 6.28318530717959
2  185 91 0 0 6.28318530717959
2  186 93 0 0 6.28318530717959
0

0101000
+1378 0 -1378 0 *
Wi

0101100
-1379 0 +1377 0 +1376 0 -1377 0 *
Fa
0  1e-07 91 0

0111000
+1375 0 *
Wi

0101100
+1379 0 *
Fa
0  1e-07 92 0

0111000
+1373 0 *
Wi

0101100
-1376 0 *
Fa
0  1e-07 93 0

0111000
-1371 0 *
Sh

0101100
+1374 0 +1372 0 -1370 0 *
So

0100000
+1369 0 *
Ve
1e-07
477.716540854291 907.418518464494 412.951133503391
0 0

0101101
*
Ed
 1e-07 1 1 0
1  94 0 0 6.28318530717959
2  187 94 0 0 6.28318530717959
2  188 95 0 0 6.28318530717959
0

0101000
+1367 0 -1367 0 *
Ve
1e-07
474.507016186198 907.573070932504 416.237506502547
0 0

0101101
*
Ed
 1e-07 1 1 0
1  95 0 0 4.59621393649716
3  189 190CN 94 0 0 4.59621393649716
0

0101000
-1367 0 +1365 0 *
Ed
 1e-07 1 1 0
1  96 0 0 6.28318530717959
2  191 94 0 0 6.28318530717959
2  192 96 0 0 6.28318530717959
0

0101000
+1365 0 -1365 0 *
Wi

0101100
-1366 0 +1364 0 +1363 0 -1364 0 *
Fa
0  1e-07 94 0

0111000
+1362 0 *
Wi

0101100
+1366 0 *
Fa
0  1e-07 95 0

0111000
+1360 0 *
Wi

0101100
-1363 0 *
Fa
0  1e-07 96 0

0111000
-1358 0 *
Sh

0101100
+1361 0 +1359 0 -1357 0 *
So

0100000
+1356 0 *
Ve
1e-07
480.699972292228 907.263965996484 409.737300531755
0 0

0101101
*
Ed
 1e-07 1 1 0
1  97 0 0 6.28318530717959
2  193 97 0 0 6.28318530717959
2  194 98 0 0 6.28318530717959
0

0101000
+1354 0 -1354 0 *
Ve
1e-07
477.647450526263 907.418518464494 413.023673530911
0 0

0101101
*
Ed
 1e-07 1 1 0
1  98 0 0 4.48798652923984
3  195 196CN 97 0 0 4.48798652923984
0

0101000
-1354 0 +1352 0 *
Ed
 1e-07 1 1 0
1  99 0 0 6.28318530717959
2  197 97 0 0 6.28318530717959
2  198 99 0 0 6.28318530717959
0

0101000
+1352 0 -1352 0 *
Wi

0101100
-1353 0 +1351 0 +1350 0 -1351 0 *
Fa
0  1e-07 97 0

0111000
+1349 0 *
Wi

0101100
+1353 0 *
Fa
0  1e-07 98 0

0111000
+1347 0 *
Wi

0101100
-1350 0 *
Fa
0  1e-07 99 0

0111000
-1345 0 *
Sh

0101100
+1348 0 +1346 0 -1344 0 *
So

0100000
+1343 0 *
Ve
1e-07
483.52500596129 907.109413528473 406.528840018159
0 0

0101101
*
Ed
 1e-07 1 1 0
1  100 0 0 6.28318530717959
2  199 100 0 0 6.28318530717959
2  200 101 0 0 6.28318530717959
0

0101000
+1341 0 -1341 0 *
Ve
1e-07
480.629487097453 907.263965996484 409.815213017316
0 0

0101101
*
Ed
 1e-07 1 1 0
1  101 0 0 4.38271188258838
3  201 202CN 100 0 0 4.38271188258838
0

0101000
-1341 0 +1339 0 *
Ed
 1e-07 1 1 0
1  102 0 0 6.28318530717959
2  203 100 0 0 6.28318530717959
2  204 102 0 0 6.28318530717959
0

0101000
+1339 0 -1339 0 *
Wi

0101100
-1340 0 +1338 0 +1337 0 -1338 0 *
Fa
0  1e-07 100 0

0111000
+1336 0 *
Wi

0101100
+1340 0 *
Fa
0  1e-07 101 0

0111000
+1334 0 *
Wi

0101100
-1337 0 *
Fa
0  1e-07 102 0

0111000
-1332 0 *
Sh

0101100
+1335 0 +1333 0 -1331 0 *
So

0100000
+1330 0 *
Ve
1e-07
486.191841352221 906.954861060463 403.326118111842
0 0

0101101
*
Ed
 1e-07 1 1 0
1  103 0 0 6.28318530717959
2  205 103 0 0 6.28318530717959
2  206 104 0 0 6.28318530717959
0

0101000
+1328 0 -1328 0 *
Ve
1e-07
483.453325390513 907.109413528473 406.612491110998
0 0

0101101
*
Ed
 1e-07 1 1 0
1  104 0 0 4.28060785724137
3  207 208CN 103 0 0 4.28060785724137
0

0101000
-1328 0 +1326 0 *
Ed
 1e-07 1 1 0
1  105 0 0 6.28318530717959
2  209 103 0 0 6.28318530717959
2  210 105 0 0 6.28318530717959
0

0101000
+1326 0 -1326 0 *
Wi

0101100
-1327 0 +1325 0 +1324 0 -1325 0 *
Fa
0  1e-07 103 0

0111000
+1323 0 *
Wi

0101100
+1327 0 *
Fa
0  1e-07 104 0

0111000
+1321 0 *
Wi

0101100
-1324 0 *
Fa
0  1e-07 105 0

0111000
-1319 0 *
Sh

0101100
+1322 0 +1320 0 -1318 0 *
So

0100000
+1317 0 *
Ve
1e-07
488.700728882726 906.800308592453 400.129502844393
0 0

0101101
*
Ed
 1e-07 1 1 0
1  106 0 0 6.28318530717959
2  211 106 0 0 6.28318530717959
2  212 107 0 0 6.28318530717959
0

0101000
+1315 0 -1315 0 *
Ve
1e-07
486.119215823147 906.954861060463 403.415875843549
0 0

0101101
*
Ed
 1e-07 1 1 0
1  107 0 0 4.18190669811344
3  213 214CN 106 0 0 4.18190669811344
0

0101000
-1315 0 +1313 0 *
Ed
 1e-07 1 1 0
1  108 0 0 6.28318530717959
2  215 106 0 0 6.28318530717959
2  216 108 0 0 6.28318530717959
0

0101000
+1313 0 -1313 0 *
Wi

0101100
-1314 0 +1312 0 +1311 0 -1312 0 *
Fa
0  1e-07 106 0

0111000
+1310 0 *
Wi

0101100
+1314 0 *
Fa
0  1e-07 107 0

0111000
+1308 0 *
Wi

0101100
-1311 0 *
Fa
0  1e-07 108 0

0111000
-1306 0 *
Sh

0101100
+1309 0 +1307 0 -1305 0 *
So

0100000
+1304 0 *
Ve
1e-07
491.051976054926 906.645756124443 396.939356507492
0 0

0101101
*
Ed
 1e-07 1 1 0
1  109 0 0 6.28318530717959
2  217 109 0 0 6.28318530717959
2  218 110 0 0 6.28318530717959
0

0101000
+1302 0 -1302 0 *
Ve
1e-07
488.627465897476 906.800308592453 400.225729506648
0 0

0101101
*
Ed
 1e-07 1 1 0
1  110 0 0 4.08685495932141
3  219 220CN 109 0 0 4.08685495932141
0

0101000
-1302 0 +1300 0 *
Ed
 1e-07 1 1 0
1  111 0 0 6.28318530717959
2  221 109 0 0 6.28318530717959
2  222 111 0 0 6.28318530717959
0

0101000
+1300 0 -1300 0 *
Wi

0101100
-1301 0 +1299 0 +1298 0 -1299 0 *
Fa
0  1e-07 109 0

0111000
+1297 0 *
Wi

0101100
+1301 0 *
Fa
0  1e-07 110 0

0111000
+1295 0 *
Wi

0101100
-1298 0 *
Fa
0  1e-07 111 0

0111000
-1293 0 *
Sh

0101100
+1296 0 +1294 0 -1292 0 *
So

0100000
+1291 0 *
Ve
1e-07
493.245953236532 906.491203656432 393.756026006037
0 0

0101101
*
Ed
 1e-07 1 1 0
1  112 0 0 6.28318530717959
2  223 112 0 0 6.28318530717959
2  224 113 0 0 6.28318530717959
0

0101000
+1289 0 -1289 0 *
Ve
1e-07
490.978445981211 906.645756124443 397.042399005194
0 0

0101101
*
Ed
 1e-07 1 1 0
1  113 0 0 3.99571309128752
3  225 226CN 112 0 0 3.99571309128752
0

0101000
-1289 0 +1287 0 *
Ed
 1e-07 1 1 0
1  114 0 0 6.28318530717959
2  227 112 0 0 6.28318530717959
2  228 114 0 0 6.28318530717959
0

0101000
+1287 0 -1287 0 *
Wi

0101100
-1288 0 +1286 0 +1285 0 -1286 0 *
Fa
0  1e-07 112 0

0111000
+1284 0 *
Wi

0101100
+1288 0 *
Fa
0  1e-07 113 0

0111000
+1282 0 *
Wi

0101100
-1285 0 *
Fa
0  1e-07 114 0

0111000
-1280 0 *
Sh

0101100
+1283 0 +1281 0 -1279 0 *
So

0100000
+1278 0 *
Ve
1e-07
495.283098600808 906.336651188422 390.579831013896
0 0

0101101
*
Ed
 1e-07 1 1 0
1  115 0 0 6.28318530717959
2  229 115 0 0 6.28318530717959
2  230 116 0 0 6.28318530717959
0

0101000
+1276 0 -1276 0 *
Ve
1e-07
493.172594247615 906.491203656432 393.866204013052
0 0

0101101
*
Ed
 1e-07 1 1 0
1  116 0 0 3.90875460726269
3  231 232CN 115 0 0 3.90875460726269
0

0101000
-1276 0 +1274 0 *
Ed
 1e-07 1 1 0
1  117 0 0 6.28318530717959
2  233 115 0 0 6.28318530717959
2  234 117 0 0 6.28318530717959
0

0101000
+1274 0 -1274 0 *
Wi

0101100
-1275 0 +1273 0 +1272 0 -1273 0 *
Fa
0  1e-07 115 0

0111000
+1271 0 *
Wi

0101100
+1275 0 *
Fa
0  1e-07 116 0

0111000
+1269 0 *
Wi

0101100
-1272 0 *
Fa
0  1e-07 117 0

0111000
-1267 0 *
Sh

0101100
+1270 0 +1268 0 -1266 0 *
So

0100000
+1265 0 *
Ve
1e-07
497.163921637899 906.182098720412 387.411049864451
0 0

0101101
*
Ed
 1e-07 1 1 0
1  118 0 0 6.28318530717959
2  235 118 0 0 6.28318530717959
2  236 119 0 0 6.28318530717959
0

0101000
+1263 0 -1263 0 *
Ve
1e-07
495.210420186835 906.336651188422 390.697422863607
0 0

0101101
*
Ed
 1e-07 1 1 0
1  119 0 0 3.82626474178937
3  237 238CN 118 0 0 3.82626474178937
0

0101000
-1263 0 +1261 0 *
Ed
 1e-07 1 1 0
1  120 0 0 6.28318530717959
2  239 118 0 0 6.28318530717959
2  240 120 0 0 6.28318530717959
0

0101000
+1261 0 -1261 0 *
Wi

0101100
-1262 0 +1260 0 +1259 0 -1260 0 *
Fa
0  1e-07 118 0

0111000
+1258 0 *
Wi

0101100
+1262 0 *
Fa
0  1e-07 119 0

0111000
+1256 0 *
Wi

0101100
-1259 0 *
Fa
0  1e-07 120 0

0111000
-1254 0 *
Sh

0101100
+1257 0 +1255 0 -1253 0 *
So

0100000
+1252 0 *
Ve
1e-07
498.889004535432 906.027546252401 384.249903269867
0 0

0101101
*
Ed
 1e-07 1 1 0
1  121 0 0 6.28318530717959
2  241 121 0 0 6.28318530717959
2  242 122 0 0 6.28318530717959
0

0101000
+1250 0 -1250 0 *
Ve
1e-07
497.092505986496 906.182098720412 387.536276269023
0 0

0101101
*
Ed
 1e-07 1 1 0
1  122 0 0 3.74853851404493
3  243 244CN 121 0 0 3.74853851404493
0

0101000
-1250 0 +1248 0 *
Ed
 1e-07 1 1 0
1  123 0 0 6.28318530717959
2  245 121 0 0 6.28318530717959
2  246 123 0 0 6.28318530717959
0

0101000
+1248 0 -1248 0 *
Wi

0101100
-1249 0 +1247 0 +1246 0 -1247 0 *
Fa
0  1e-07 121 0

0111000
+1245 0 *
Wi

0101100
+1249 0 *
Fa
0  1e-07 122 0

0111000
+1243 0 *
Wi

0101100
-1246 0 *
Fa
0  1e-07 123 0

0111000
-1241 0 *
Sh

0101100
+1244 0 +1242 0 -1240 0 *
So

0100000
+1239 0 *
Ve
1e-07
500.45900064007 905.872993784391 381.096536188385
0 0

0101101
*
Ed
 1e-07 1 1 0
1  124 0 0 6.28318530717959
2  247 124 0 0 6.28318530717959
2  248 125 0 0 6.28318530717959
0

0101000
+1237 0 -1237 0 *
Ve
1e-07
498.819504993263 906.027546252401 384.382909187541
0 0

0101101
*
Ed
 1e-07 1 1 0
1  125 0 0 3.67587811697425
3  249 250CN 124 0 0 3.67587811697425
0

0101000
-1237 0 +1235 0 *
Ed
 1e-07 1 1 0
1  126 0 0 6.28318530717959
2  251 124 0 0 6.28318530717959
2  252 126 0 0 6.28318530717959
0

0101000
+1235 0 -1235 0 *
Wi

0101100
-1236 0 +1234 0 +1233 0 -1234 0 *
Fa
0  1e-07 124 0

0111000
+1232 0 *
Wi

0101100
+1236 0 *
Fa
0  1e-07 125 0

0111000
+1230 0 *
Wi

0101100
-1233 0 *
Fa
0  1e-07 126 0

0111000
-1228 0 *
Sh

0101100
+1231 0 +1229 0 -1227 0 *
So

0100000
+1226 0 *
Ve
1e-07
501.874629182056 905.718441316381 377.950998446815
0 0

0101101
*
Ed
 1e-07 1 1 0
1  127 0 0 6.28318530717959
2  253 127 0 0 6.28318530717959
2  254 128 0 0 6.28318530717959
0

0101000
+1224 0 -1224 0 *
Ve
1e-07
500.392136437378 905.872993784391 381.237371445971
0 0

0101101
*
Ed
 1e-07 1 1 0
1  128 0 0 3.60858957114476
3  255 256CN 127 0 0 3.60858957114476
0

0101000
-1224 0 +1222 0 *
Ed
 1e-07 1 1 0
1  129 0 0 6.28318530717959
2  257 127 0 0 6.28318530717959
2  258 129 0 0 6.28318530717959
0

0101000
+1222 0 -1222 0 *
Wi

0101100
-1223 0 +1221 0 +1220 0 -1221 0 *
Fa
0  1e-07 127 0

0111000
+1219 0 *
Wi

0101100
+1223 0 *
Fa
0  1e-07 128 0

0111000
+1217 0 *
Wi

0101100
-1220 0 *
Fa
0  1e-07 129 0

0111000
-1215 0 *
Sh

0101100
+1218 0 +1216 0 -1214 0 *
So

0100000
+1213 0 *
Ve
1e-07
503.136665504131 905.563888848371 374.813225061994
0 0

0101101
*
Ed
 1e-07 1 1 0
1  130 0 0 6.28318530717959
2  259 130 0 0 6.28318530717959
2  260 131 0 0 6.28318530717959
0

0101000
+1211 0 -1211 0 *
Ve
1e-07
501.811175661581 905.718441316381 378.09959806115
0 0

0101101
*
Ed
 1e-07 1 1 0
1  131 0 0 3.54697861251704
3  261 262CN 130 0 0 3.54697861251704
0

0101000
-1211 0 +1209 0 *
Ed
 1e-07 1 1 0
1  132 0 0 6.28318530717959
2  263 130 0 0 6.28318530717959
2  264 132 0 0 6.28318530717959
0

0101000
+1209 0 -1209 0 *
Wi

0101100
-1210 0 +1208 0 +1207 0 -1208 0 *
Fa
0  1e-07 130 0

0111000
+1206 0 *
Wi

0101100
+1210 0 *
Fa
0  1e-07 131 0

0111000
+1204 0 *
Wi

0101100
-1207 0 *
Fa
0  1e-07 132 0

0111000
-1202 0 *
Sh

0101100
+1205 0 +1203 0 -1201 0 *
So

0100000
+1200 0 *
Ve
1e-07
504.24592621737 905.40933638036 371.683017559299
0 0

0101101
*
Ed
 1e-07 1 1 0
1  133 0 0 6.28318530717959
2  265 133 0 0 6.28318530717959
2  266 134 0 0 6.28318530717959
0

0101000
+1198 0 -1198 0 *
Ve
1e-07
503.077439276948 905.563888848371 374.969390558456
0 0

0101101
*
Ed
 1e-07 1 1 0
1  134 0 0 3.49134582716829
3  267 268CN 133 0 0 3.49134582716829
0

0101000
-1198 0 +1196 0 *
Ed
 1e-07 1 1 0
1  135 0 0 6.28318530717959
2  269 133 0 0 6.28318530717959
2  270 135 0 0 6.28318530717959
0

0101000
+1196 0 -1196 0 *
Wi

0101100
-1197 0 +1195 0 +1194 0 -1195 0 *
Fa
0  1e-07 133 0

0111000
+1193 0 *
Wi

0101100
+1197 0 *
Fa
0  1e-07 134 0

0111000
+1191 0 *
Wi

0101100
-1194 0 *
Fa
0  1e-07 135 0

0111000
-1189 0 *
Sh

0101100
+1192 0 +1190 0 -1188 0 *
So

0100000
+1187 0 *
Ve
1e-07
505.203249033736 905.25478391235 368.560027907737
0 0

0101101
*
Ed
 1e-07 1 1 0
1  136 0 0 6.28318530717959
2  271 136 0 0 6.28318530717959
2  272 137 0 0 6.28318530717959
0

0101000
+1185 0 -1185 0 *
Ve
1e-07
504.191764995444 905.40933638036 371.846400906893
0 0

0101101
*
Ed
 1e-07 1 1 0
1  137 0 0 3.44198110318328
3  273 274CN 136 0 0 3.44198110318328
0

0101000
-1185 0 +1183 0 *
Ed
 1e-07 1 1 0
1  138 0 0 6.28318530717959
2  275 136 0 0 6.28318530717959
2  276 138 0 0 6.28318530717959
0

0101000
+1183 0 -1183 0 *
Wi

0101100
-1184 0 +1182 0 +1181 0 -1182 0 *
Fa
0  1e-07 136 0

0111000
+1180 0 *
Wi

0101100
+1184 0 *
Fa
0  1e-07 137 0

0111000
+1178 0 *
Wi

0101100
-1181 0 *
Fa
0  1e-07 138 0

0111000
-1176 0 *
Sh

0101100
+1179 0 +1177 0 -1175 0 *
So

0100000
+1174 0 *
Ve
1e-07
506.009467503712 905.10023144434 365.443746911176
0 0

0101101
*
Ed
 1e-07 1 1 0
1  139 0 0 6.28318530717959
2  277 139 0 0 6.28318530717959
2  278 140 0 0 6.28318530717959
0

0101000
+1172 0 -1172 0 *
Ve
1e-07
505.154986367548 905.25478391235 368.730119910332
0 0

0101101
*
Ed
 1e-07 1 1 0
1  140 0 0 3.39915753783353
3  279 280CN 139 0 0 3.39915753783353
0

0101000
-1172 0 +1170 0 *
Ed
 1e-07 1 1 0
1  141 0 0 6.28318530717959
2  281 139 0 0 6.28318530717959
2  282 141 0 0 6.28318530717959
0

0101000
+1170 0 -1170 0 *
Wi

0101100
-1171 0 +1169 0 +1168 0 -1169 0 *
Fa
0  1e-07 139 0

0111000
+1167 0 *
Wi

0101100
+1171 0 *
Fa
0  1e-07 140 0

0111000
+1165 0 *
Wi

0101100
-1168 0 *
Fa
0  1e-07 141 0

0111000
-1163 0 *
Sh

0101100
+1166 0 +1164 0 -1162 0 *
So

0100000
+1161 0 *
Ve
1e-07
506.665381491969 904.945678976329 362.333498936355
0 0

0101101
*
Ed
 1e-07 1 1 0
1  142 0 0 6.28318530717959
2  283 142 0 0 6.28318530717959
2  284 143 0 0 6.28318530717959
0

0101000
+1159 0 -1159 0 *
Ve
1e-07
505.967903257933 905.10023144434 365.619871935511
0 0

0101101
*
Ed
 1e-07 1 1 0
1  143 0 0 3.36312501134048
3  285 286CN 142 0 0 3.36312501134048
0

0101000
-1159 0 +1157 0 *
Ed
 1e-07 1 1 0
1  144 0 0 6.28318530717959
2  287 142 0 0 6.28318530717959
2  288 144 0 0 6.28318530717959
0

0101000
+1157 0 -1157 0 *
Wi

0101100
-1158 0 +1156 0 +1155 0 -1156 0 *
Fa
0  1e-07 142 0

0111000
+1154 0 *
Wi

0101100
+1158 0 *
Fa
0  1e-07 143 0

0111000
+1152 0 *
Wi

0101100
-1155 0 *
Fa
0  1e-07 144 0

0111000
-1150 0 *
Sh

0101100
+1153 0 +1151 0 -1149 0 *
So

0100000
+1148 0 *
Ve
1e-07
507.171724891197 904.791126508319 359.228444649627
0 0

0101101
*
Ed
 1e-07 1 1 0
1  145 0 0 6.28318530717959
2  289 145 0 0 6.28318530717959
2  290 146 0 0 6.28318530717959
0

0101000
+1146 0 -1146 0 *
Ve
1e-07
506.631249559291 904.945678976329 362.514817648783
0 0

0101101
*
Ed
 1e-07 1 1 0
1  146 0 0 3.3341037085475
3  291 292CN 145 0 0 3.3341037085475
0

0101000
-1146 0 +1144 0 *
Ed
 1e-07 1 1 0
1  147 0 0 6.28318530717959
2  293 145 0 0 6.28318530717959
2  294 147 0 0 6.28318530717959
0

0101000
+1144 0 -1144 0 *
Wi

0101100
-1145 0 +1143 0 +1142 0 -1143 0 *
Fa
0  1e-07 145 0

0111000
+1141 0 *
Wi

0101100
+1145 0 *
Fa
0  1e-07 146 0

0111000
+1139 0 *
Wi

0101100
-1142 0 *
Fa
0  1e-07 147 0

0111000
-1137 0 *
Sh

0101100
+1140 0 +1138 0 -1136 0 *
So

0100000
+1135 0 *
Ve
1e-07
507.529132702394 904.636574040309 356.127592934401
0 0

0101101
*
Ed
 1e-07 1 1 0
1  148 0 0 6.28318530717959
2  295 148 0 0 6.28318530717959
2  296 149 0 0 6.28318530717959
0

0101000
+1133 0 -1133 0 *
Ve
1e-07
507.145660272616 904.791126508319 359.413965933557
0 0

0101101
*
Ed
 1e-07 1 1 0
1  149 0 0 3.3122779260428
3  297 298CN 148 0 0 3.3122779260428
0

0101000
-1133 0 +1131 0 *
Ed
 1e-07 1 1 0
1  150 0 0 6.28318530717959
2  299 148 0 0 6.28318530717959
2  300 150 0 0 6.28318530717959
0

0101000
+1131 0 -1131 0 *
Wi

0101100
-1132 0 +1130 0 +1129 0 -1130 0 *
Fa
0  1e-07 148 0

0111000
+1128 0 *
Wi

0101100
+1132 0 *
Fa
0  1e-07 149 0

0111000
+1126 0 *
Wi

0101100
-1129 0 *
Fa
0  1e-07 150 0

0111000
-1124 0 *
Sh

0101100
+1127 0 +1125 0 -1123 0 *
So

0100000
+1122 0 *
Ve
1e-07
507.738110073373 904.482021572299 353.029822379749
0 0

0101101
*
Ed
 1e-07 1 1 0
1  151 0 0 6.28318530717959
2  301 151 0 0 6.28318530717959
2  302 152 0 0 6.28318530717959
0

0101000
+1120 0 -1120 0 *
Ve
1e-07
507.511640545724 904.636574040309 356.316195378905
0 0

0101101
*
Ed
 1e-07 1 1 0
1  152 0 0 3.29779053335774
3  303 304CN 151 0 0 3.29779053335774
0

0101000
-1120 0 +1118 0 *
Ed
 1e-07 1 1 0
1  153 0 0 6.28318530717959
2  305 151 0 0 6.28318530717959
2  306 153 0 0 6.28318530717959
0

0101000
+1118 0 -1118 0 *
Wi

0101100
-1119 0 +1117 0 +1116 0 -1117 0 *
Fa
0  1e-07 151 0

0111000
+1115 0 *
Wi

0101100
+1119 0 *
Fa
0  1e-07 152 0

0111000
+1113 0 *
Wi

0101100
-1116 0 *
Fa
0  1e-07 153 0

0111000
-1111 0 *
Sh

0101100
+1114 0 +1112 0 -1110 0 *
So

0100000
+1109 0 *
Ve
1e-07
511.798112749639 900.33188509878 350.206349417827
0 0

0101101
*
Ed
 1e-07 1 1 0
1  154 0 0 6.28318530717959
2  307 154 0 0 6.28318530717959
2  308 155 0 0 6.28318530717959
0

0101000
+1107 0 -1107 0 *
Ve
1e-07
511.728646124118 900.486437566791 353.492722416983
0 0

0101101
*
Ed
 1e-07 1 1 0
1  155 0 0 3.29073845314571
3  309 310CN 154 0 0 3.29073845314571
0

0101000
-1107 0 +1105 0 *
Ed
 1e-07 1 1 0
1  156 0 0 6.28318530717959
2  311 154 0 0 6.28318530717959
2  312 156 0 0 6.28318530717959
0

0101000
+1105 0 -1105 0 *
Wi

0101100
-1106 0 +1104 0 +1103 0 -1104 0 *
Fa
0  1e-07 154 0

0111000
+1102 0 *
Wi

0101100
+1106 0 *
Fa
0  1e-07 155 0

0111000
+1100 0 *
Wi

0101100
-1103 0 *
Fa
0  1e-07 156 0

0111000
-1098 0 *
Sh

0101100
+1101 0 +1099 0 -1097 0 *
So

0100000
+1096 0 *
Ve
1e-07
511.710576473031 900.17733263077 346.919976418671
0 0

0101101
*
Ed
 1e-07 1 1 0
1  157 0 0 6.28318530717959
2  313 157 0 0 6.28318530717959
2  314 158 0 0 6.28318530717959
0

0101000
+1094 0 -1094 0 *
Ve
1e-07
511.798112749639 900.33188509878 350.206349417827
0 0

0101101
*
Ed
 1e-07 1 1 0
1  158 0 0 3.29116948130497
3  315 316CN 157 0 0 3.29116948130497
0

0101000
-1094 0 +1092 0 *
Ed
 1e-07 1 1 0
1  159 0 0 6.28318530717959
2  317 157 0 0 6.28318530717959
2  318 159 0 0 6.28318530717959
0

0101000
+1092 0 -1092 0 *
Wi

0101100
-1093 0 +1091 0 +1090 0 -1091 0 *
Fa
0  1e-07 157 0

0111000
+1089 0 *
Wi

0101100
+1093 0 *
Fa
0  1e-07 158 0

0111000
+1087 0 *
Wi

0101100
-1090 0 *
Fa
0  1e-07 159 0

0111000
-1085 0 *
Sh

0101100
+1088 0 +1086 0 -1084 0 *
So

0100000
+1083 0 *
Ve
1e-07
507.477065231337 904.018364168268 343.742517588167
0 0

0101101
*
Ed
 1e-07 1 1 0
1  160 0 0 6.28318530717959
2  319 160 0 0 6.28318530717959
2  320 161 0 0 6.28318530717959
0

0101000
+1081 0 -1081 0 *
Ve
1e-07
507.721604410073 904.172916636278 347.028890587323
0 0

0101101
*
Ed
 1e-07 1 1 0
1  161 0 0 3.29908068481018
3  321 322CN 160 0 0 3.29908068481018
0

0101000
-1081 0 +1079 0 *
Ed
 1e-07 1 1 0
1  162 0 0 6.28318530717959
2  323 160 0 0 6.28318530717959
2  324 162 0 0 6.28318530717959
0

0101000
+1079 0 -1079 0 *
Wi

0101100
-1080 0 +1078 0 +1077 0 -1078 0 *
Fa
0  1e-07 160 0

0111000
+1076 0 *
Wi

0101100
+1080 0 *
Fa
0  1e-07 161 0

0111000
+1074 0 *
Wi

0101100
-1077 0 *
Fa
0  1e-07 162 0

0111000
-1072 0 *
Sh

0101100
+1075 0 +1073 0 -1071 0 *
So

0100000
+1070 0 *
Ve
1e-07
507.094022852067 903.863811700257 340.644453031747
0 0

0101101
*
Ed
 1e-07 1 1 0
1  163 0 0 6.28318530717959
2  325 163 0 0 6.28318530717959
2  326 164 0 0 6.28318530717959
0

0101000
+1068 0 -1068 0 *
Ve
1e-07
507.495564932932 904.018364168268 343.930826030903
0 0

0101101
*
Ed
 1e-07 1 1 0
1  164 0 0 3.31441850068086
3  327 328CN 163 0 0 3.31441850068086
0

0101000
-1068 0 +1066 0 *
Ed
 1e-07 1 1 0
1  165 0 0 6.28318530717959
2  329 163 0 0 6.28318530717959
2  330 165 0 0 6.28318530717959
0

0101000
+1066 0 -1066 0 *
Wi

0101100
-1067 0 +1065 0 +1064 0 -1065 0 *
Fa
0  1e-07 163 0

0111000
+1063 0 *
Wi

0101100
+1067 0 *
Fa
0  1e-07 164 0

0111000
+1061 0 *
Wi

0101100
-1064 0 *
Fa
0  1e-07 165 0

0111000
-1059 0 *
Sh

0101100
+1062 0 +1060 0 -1058 0 *
So

0100000
+1057 0 *
Ve
1e-07
506.562499402537 903.709259232247 337.543172516543
0 0

0101101
*
Ed
 1e-07 1 1 0
1  166 0 0 6.28318530717959
2  331 166 0 0 6.28318530717959
2  332 167 0 0 6.28318530717959
0

0101000
+1055 0 -1055 0 *
Ve
1e-07
507.12104438553 903.863811700257 340.829545515699
0 0

0101101
*
Ed
 1e-07 1 1 0
1  167 0 0 3.33708052839273
3  333 334CN 166 0 0 3.33708052839273
0

0101000
-1055 0 +1053 0 *
Ed
 1e-07 1 1 0
1  168 0 0 6.28318530717959
2  335 166 0 0 6.28318530717959
2  336 168 0 0 6.28318530717959
0

0101000
+1053 0 -1053 0 *
Wi

0101100
-1054 0 +1052 0 +1051 0 -1052 0 *
Fa
0  1e-07 166 0

0111000
+1050 0 *
Wi

0101100
+1054 0 *
Fa
0  1e-07 167 0

0111000
+1048 0 *
Wi

0101100
-1051 0 *
Fa
0  1e-07 168 0

0111000
-1046 0 *
Sh

0101100
+1049 0 +1047 0 -1045 0 *
So

0100000
+1044 0 *
Ve
1e-07
505.881973340125 903.554706764237 334.437568235168
0 0

0101101
*
Ed
 1e-07 1 1 0
1  169 0 0 6.28318530717959
2  337 169 0 0 6.28318530717959
2  338 170 0 0 6.28318530717959
0

0101000
+1042 0 -1042 0 *
Ve
1e-07
506.597521225248 903.709259232247 337.723941234324
0 0

0101101
*
Ed
 1e-07 1 1 0
1  170 0 0 3.36691887797338
3  339 340CN 169 0 0 3.36691887797338
0

0101000
-1042 0 +1040 0 *
Ed
 1e-07 1 1 0
1  171 0 0 6.28318530717959
2  341 169 0 0 6.28318530717959
2  342 171 0 0 6.28318530717959
0

0101000
+1040 0 -1040 0 *
Wi

0101100
-1041 0 +1039 0 +1038 0 -1039 0 *
Fa
0  1e-07 169 0

0111000
+1037 0 *
Wi

0101100
+1041 0 *
Fa
0  1e-07 170 0

0111000
+1035 0 *
Wi

0101100
-1038 0 *
Fa
0  1e-07 171 0

0111000
-1033 0 *
Sh

0101100
+1036 0 +1034 0 -1032 0 *
So

0100000
+1031 0 *
Ve
1e-07
505.051796643921 903.400154296226 331.326665625473
0 0

0101101
*
Ed
 1e-07 1 1 0
1  172 0 0 6.28318530717959
2  343 172 0 0 6.28318530717959
2  344 173 0 0 6.28318530717959
0

0101000
+1029 0 -1029 0 *
Ve
1e-07
505.924347431171 903.554706764237 334.613038624629
0 0

0101101
*
Ed
 1e-07 1 1 0
1  173 0 0 3.40374482464281
3  345 346CN 172 0 0 3.40374482464281
0

0101000
-1029 0 +1027 0 *
Ed
 1e-07 1 1 0
1  174 0 0 6.28318530717959
2  347 172 0 0 6.28318530717959
2  348 174 0 0 6.28318530717959
0

0101000
+1027 0 -1027 0 *
Wi

0101100
-1028 0 +1026 0 +1025 0 -1026 0 *
Fa
0  1e-07 172 0

0111000
+1024 0 *
Wi

0101100
+1028 0 *
Fa
0  1e-07 173 0

0111000
+1022 0 *
Wi

0101100
-1025 0 *
Fa
0  1e-07 174 0

0111000
-1020 0 *
Sh

0101100
+1023 0 +1021 0 -1019 0 *
So

0100000
+1018 0 *
Ve
1e-07
504.071226142272 903.245601828216 328.209643768079
0 0

0101101
*
Ed
 1e-07 1 1 0
1  175 0 0 6.28318530717959
2  349 175 0 0 6.28318530717959
2  350 176 0 0 6.28318530717959
0

0101000
+1016 0 -1016 0 *
Ve
1e-07
505.100779831652 903.400154296226 331.496016767235
0 0

0101101
*
Ed
 1e-07 1 1 0
1  176 0 0 3.44733444189362
3  351 352CN 175 0 0 3.44733444189362
0

0101000
-1016 0 +1014 0 *
Ed
 1e-07 1 1 0
1  177 0 0 6.28318530717959
2  353 175 0 0 6.28318530717959
2  354 177 0 0 6.28318530717959
0

0101000
+1014 0 -1014 0 *
Wi

0101100
-1015 0 +1013 0 +1012 0 -1013 0 *
Fa
0  1e-07 175 0

0111000
+1011 0 *
Wi

0101100
+1015 0 *
Fa
0  1e-07 176 0

0111000
+1009 0 *
Wi

0101100
-1012 0 *
Fa
0  1e-07 177 0

0111000
-1007 0 *
Sh

0101100
+1010 0 +1008 0 -1006 0 *
So

0100000
+1005 0 *
Ve
1e-07
502.939456484942 903.091049360206 325.08584621028
0 0

0101101
*
Ed
 1e-07 1 1 0
1  178 0 0 6.28318530717959
2  355 178 0 0 6.28318530717959
2  356 179 0 0 6.28318530717959
0

0101000
+1003 0 -1003 0 *
Ve
1e-07
504.12601307645 903.245601828216 328.372219209436
0 0

0101101
*
Ed
 1e-07 1 1 0
1  179 0 0 3.49743484568357
3  357 358CN 178 0 0 3.49743484568357
0

0101000
-1003 0 +1001 0 *
Ed
 1e-07 1 1 0
1  180 0 0 6.28318530717959
2  359 178 0 0 6.28318530717959
2  360 180 0 0 6.28318530717959
0

0101000
+1001 0 -1001 0 *
Wi

0101100
-1002 0 +1000 0 +999 0 -1000 0 *
Fa
0  1e-07 178 0

0111000
+998 0 *
Wi

0101100
+1002 0 *
Fa
0  1e-07 179 0

0111000
+996 0 *
Wi

0101100
-999 0 *
Fa
0  1e-07 180 0

0111000
-994 0 *
Sh

0101100
+997 0 +995 0 -993 0 *
So

0100000
+992 0 *
Ve
1e-07
501.655652208874 902.936496892196 321.95478270925
0 0

0101101
*
Ed
 1e-07 1 1 0
1  181 0 0 6.28318530717959
2  361 181 0 0 6.28318530717959
2  362 182 0 0 6.28318530717959
0

0101000
+990 0 -990 0 *
Ve
1e-07
502.999211702511 903.091049360206 325.241155708406
0 0

0101101
*
Ed
 1e-07 1 1 0
1  182 0 0 3.55377068307623
3  363 364CN 181 0 0 3.55377068307623
0

0101000
-990 0 +988 0 *
Ed
 1e-07 1 1 0
1  183 0 0 6.28318530717959
2  365 181 0 0 6.28318530717959
2  366 183 0 0 6.28318530717959
0

0101000
+988 0 -988 0 *
Wi

0101100
-989 0 +987 0 +986 0 -987 0 *
Fa
0  1e-07 181 0

0111000
+985 0 *
Wi

0101100
+989 0 *
Fa
0  1e-07 182 0

0111000
+983 0 *
Wi

0101100
-986 0 *
Fa
0  1e-07 183 0

0111000
-981 0 *
Sh

0101100
+984 0 +982 0 -980 0 *
So

0100000
+979 0 *
Ve
1e-07
500.218976835674 902.781944424185 318.816123139131
0 0

0101101
*
Ed
 1e-07 1 1 0
1  184 0 0 6.28318530717959
2  367 184 0 0 6.28318530717959
2  368 185 0 0 6.28318530717959
0

0101000
+977 0 -977 0 *
Ve
1e-07
501.71953923144 902.936496892196 322.102496138287
0 0

0101101
*
Ed
 1e-07 1 1 0
1  185 0 0 3.61605053318338
3  369 370CN 184 0 0 3.61605053318338
0

0101000
-977 0 +975 0 *
Ed
 1e-07 1 1 0
1  186 0 0 6.28318530717959
2  371 184 0 0 6.28318530717959
2  372 186 0 0 6.28318530717959
0

0101000
+975 0 -975 0 *
Wi

0101100
-976 0 +974 0 +973 0 -974 0 *
Fa
0  1e-07 184 0

0111000
+972 0 *
Wi

0101100
+976 0 *
Fa
0  1e-07 185 0

0111000
+970 0 *
Wi

0101100
-973 0 *
Fa
0  1e-07 186 0

0111000
-968 0 *
Sh

0101100
+971 0 +969 0 -967 0 *
So

0100000
+966 0 *
Ve
1e-07
498.628617577699 902.627391956175 315.669685272423
0 0

0101101
*
Ed
 1e-07 1 1 0
1  187 0 0 6.28318530717959
2  373 187 0 0 6.28318530717959
2  374 188 0 0 6.28318530717959
0

0101000
+964 0 -964 0 *
Ve
1e-07
500.286182875593 902.781944424185 318.956058271579
0 0

0101101
*
Ed
 1e-07 1 1 0
1  188 0 0 3.6839729466614
3  375 376CN 187 0 0 3.6839729466614
0

0101000
-964 0 +962 0 *
Ed
 1e-07 1 1 0
1  189 0 0 6.28318530717959
2  377 187 0 0 6.28318530717959
2  378 189 0 0 6.28318530717959
0

0101000
+962 0 -962 0 *
Wi

0101100
-963 0 +961 0 +960 0 -961 0 *
Fa
0  1e-07 187 0

0111000
+959 0 *
Wi

0101100
+963 0 *
Fa
0  1e-07 188 0

0111000
+957 0 *
Wi

0101100
-960 0 *
Fa
0  1e-07 189 0

0111000
-955 0 *
Sh

0101100
+958 0 +956 0 -954 0 *
So

0100000
+953 0 *
Ve
1e-07
496.883804894129 902.472839488165 312.515418323116
0 0

0101101
*
Ed
 1e-07 1 1 0
1  190 0 0 6.28318530717959
2  379 190 0 0 6.28318530717959
2  380 191 0 0 6.28318530717959
0

0101000
+951 0 -951 0 *
Ve
1e-07
498.698373094152 902.627391956175 315.801791322272
0 0

0101101
*
Ed
 1e-07 1 1 0
1  191 0 0 3.75723192090725
3  381 382CN 190 0 0 3.75723192090725
0

0101000
-951 0 +949 0 *
Ed
 1e-07 1 1 0
1  192 0 0 6.28318530717959
2  383 190 0 0 6.28318530717959
2  384 192 0 0 6.28318530717959
0

0101000
+949 0 -949 0 *
Wi

0101100
-950 0 +948 0 +947 0 -948 0 *
Fa
0  1e-07 190 0

0111000
+946 0 *
Wi

0101100
+950 0 *
Fa
0  1e-07 191 0

0111000
+944 0 *
Wi

0101100
-947 0 *
Fa
0  1e-07 192 0

0111000
-942 0 *
Sh

0101100
+945 0 +943 0 -941 0 *
So

0100000
+940 0 *
Ve
1e-07
494.983826730948 902.318287020154 309.353384073448
0 0

0101101
*
Ed
 1e-07 1 1 0
1  193 0 0 6.28318530717959
2  385 193 0 0 6.28318530717959
2  386 194 0 0 6.28318530717959
0

0101000
+938 0 -938 0 *
Ve
1e-07
496.955397833099 902.472839488165 312.639757072604
0 0

0101101
*
Ed
 1e-07 1 1 0
1  194 0 0 3.83552168104786
3  387 388CN 193 0 0 3.83552168104786
0

0101000
-938 0 +936 0 *
Ed
 1e-07 1 1 0
1  195 0 0 6.28318530717959
2  389 193 0 0 6.28318530717959
2  390 195 0 0 6.28318530717959
0

0101000
+936 0 -936 0 *
Wi

0101100
-937 0 +935 0 +934 0 -935 0 *
Fa
0  1e-07 193 0

0111000
+933 0 *
Wi

0101100
+937 0 *
Fa
0  1e-07 194 0

0111000
+931 0 *
Wi

0101100
-934 0 *
Fa
0  1e-07 195 0

0111000
-929 0 *
Sh

0101100
+932 0 +930 0 -928 0 *
So

0100000
+927 0 *
Ve
1e-07
492.928037740549 902.163734552144 306.183737170543
0 0

0101101
*
Ed
 1e-07 1 1 0
1  196 0 0 6.28318530717959
2  391 196 0 0 6.28318530717959
2  392 197 0 0 6.28318530717959
0

0101000
+925 0 -925 0 *
Ve
1e-07
495.056611744829 902.318287020154 309.470110169699
0 0

0101101
*
Ed
 1e-07 1 1 0
1  197 0 0 3.91854070371188
3  393 394CN 196 0 0 3.91854070371188
0

0101000
-925 0 +923 0 *
Ed
 1e-07 1 1 0
1  198 0 0 6.28318530717959
2  395 196 0 0 6.28318530717959
2  396 198 0 0 6.28318530717959
0

0101000
+923 0 -923 0 *
Wi

0101100
-924 0 +922 0 +921 0 -922 0 *
Fa
0  1e-07 196 0

0111000
+920 0 *
Wi

0101100
+924 0 *
Fa
0  1e-07 197 0

0111000
+918 0 *
Wi

0101100
-921 0 *
Fa
0  1e-07 198 0

0111000
-916 0 *
Sh

0101100
+919 0 +917 0 -915 0 *
So

0100000
+914 0 *
Ve
1e-07
490.715864086376 902.009182084134 303.006705850796
0 0

0101101
*
Ed
 1e-07 1 1 0
1  199 0 0 6.28318530717959
2  397 199 0 0 6.28318530717959
2  398 200 0 0 6.28318530717959
0

0101000
+912 0 -912 0 *
Ve
1e-07
493.001440992785 902.163734552144 306.293078849952
0 0

0101101
*
Ed
 1e-07 1 1 0
1  200 0 0 4.00599497628974
3  399 400CN 199 0 0 4.00599497628974
0

0101000
-912 0 +910 0 *
Ed
 1e-07 1 1 0
1  201 0 0 6.28318530717959
2  401 199 0 0 6.28318530717959
2  402 201 0 0 6.28318530717959
0

0101000
+910 0 -910 0 *
Wi

0101100
-911 0 +909 0 +908 0 -909 0 *
Fa
0  1e-07 199 0

0111000
+907 0 *
Wi

0101100
+911 0 *
Fa
0  1e-07 200 0

0111000
+905 0 *
Wi

0101100
-908 0 *
Fa
0  1e-07 201 0

0111000
-903 0 *
Sh

0101100
+906 0 +904 0 -902 0 *
So

0100000
+901 0 *
Ve
1e-07
488.346804603643 901.854629616123 299.822573995354
0 0

0101101
*
Ed
 1e-07 1 1 0
1  202 0 0 6.28318530717959
2  403 202 0 0 6.28318530717959
2  404 203 0 0 6.28318530717959
0

0101000
+899 0 -899 0 *
Ve
1e-07
490.78938441218 902.009182084134 303.10894699451
0 0

0101101
*
Ed
 1e-07 1 1 0
1  203 0 0 4.09760052665264
3  405 406CN 202 0 0 4.09760052665264
0

0101000
-899 0 +897 0 *
Ed
 1e-07 1 1 0
1  204 0 0 6.28318530717959
2  407 202 0 0 6.28318530717959
2  408 204 0 0 6.28318530717959
0

0101000
+897 0 -897 0 *
Wi

0101100
-898 0 +896 0 +895 0 -896 0 *
Fa
0  1e-07 202 0

0111000
+894 0 *
Wi

0101100
+898 0 *
Fa
0  1e-07 203 0

0111000
+892 0 *
Wi

0101100
-895 0 *
Fa
0  1e-07 204 0

0111000
-890 0 *
Sh

0101100
+893 0 +891 0 -889 0 *
So

0100000
+888 0 *
Ve
1e-07
485.820429134617 901.700077148113 296.631665087867
0 0

0101101
*
Ed
 1e-07 1 1 0
1  205 0 0 6.28318530717959
2  409 205 0 0 6.28318530717959
2  410 206 0 0 6.28318530717959
0

0101000
+886 0 -886 0 *
Ve
1e-07
488.420011845283 901.854629616123 299.918038087023
0 0

0101101
*
Ed
 1e-07 1 1 0
1  206 0 0 4.19308528705809
3  411 412CN 205 0 0 4.19308528705809
0

0101000
-886 0 +884 0 *
Ed
 1e-07 1 1 0
1  207 0 0 6.28318530717959
2  413 205 0 0 6.28318530717959
2  414 207 0 0 6.28318530717959
0

0101000
+884 0 -884 0 *
Wi

0101100
-885 0 +883 0 +882 0 -883 0 *
Fa
0  1e-07 205 0

0111000
+881 0 *
Wi

0101100
+885 0 *
Fa
0  1e-07 206 0

0111000
+879 0 *
Wi

0101100
-882 0 *
Fa
0  1e-07 207 0

0111000
-877 0 *
Sh

0101100
+880 0 +878 0 -876 0 *
So

0100000
+875 0 *
Ve
1e-07
483.136374819118 901.545524680103 293.434328364566
0 0

0101101
*
Ed
 1e-07 1 1 0
1  208 0 0 6.28318530717959
2  415 208 0 0 6.28318530717959
2  416 209 0 0 6.28318530717959
0

0101000
+873 0 -873 0 *
Ve
1e-07
485.892960431913 901.700077148113 296.720701363722
0 0

0101101
*
Ed
 1e-07 1 1 0
1  209 0 0 4.29219037271365
3  417 418CN 208 0 0 4.29219037271365
0

0101000
-873 0 +871 0 *
Ed
 1e-07 1 1 0
1  210 0 0 6.28318530717959
2  419 208 0 0 6.28318530717959
2  420 210 0 0 6.28318530717959
0

0101000
+871 0 -871 0 *
Wi

0101100
-872 0 +870 0 +869 0 -870 0 *
Fa
0  1e-07 208 0

0111000
+868 0 *
Wi

0101100
+872 0 *
Fa
0  1e-07 209 0

0111000
+866 0 *
Wi

0101100
-869 0 *
Fa
0  1e-07 210 0

0111000
-864 0 *
Sh

0101100
+867 0 +865 0 -863 0 *
So

0100000
+862 0 *
Ve
1e-07
480.294341030143 901.390972212093 290.230927228832
0 0

0101101
*
Ed
 1e-07 1 1 0
1  211 0 0 6.28318530717959
2  421 211 0 0 6.28318530717959
2  422 212 0 0 6.28318530717959
0

0101000
+860 0 -860 0 *
Ve
1e-07
483.207929545066 901.545524680103 293.517300227988
0 0

0101101
*
Ed
 1e-07 1 1 0
1  212 0 0 4.39467086244715
3  423 424CN 211 0 0 4.39467086244715
0

0101000
-860 0 +858 0 *
Ed
 1e-07 1 1 0
1  213 0 0 6.28318530717959
2  425 211 0 0 6.28318530717959
2  426 213 0 0 6.28318530717959
0

0101000
+858 0 -858 0 *
Wi

0101100
-859 0 +857 0 +856 0 -857 0 *
Fa
0  1e-07 211 0

0111000
+855 0 *
Wi

0101100
+859 0 *
Fa
0  1e-07 212 0

0111000
+853 0 *
Wi

0101100
-856 0 *
Fa
0  1e-07 213 0

0111000
-851 0 *
Sh

0101100
+854 0 +852 0 -850 0 *
So

0100000
+849 0 *
Ve
1e-07
477.294083528 901.236419744082 287.021829847608
0 0

0101101
*
Ed
 1e-07 1 1 0
1  214 0 0 6.28318530717959
2  427 214 0 0 6.28318530717959
2  428 215 0 0 6.28318530717959
0

0101000
+847 0 -847 0 *
Ve
1e-07
480.364674945052 901.390972212093 290.308202846764
0 0

0101101
*
Ed
 1e-07 1 1 0
1  215 0 0 4.50029616863401
3  429 430CN 214 0 0 4.50029616863401
0

0101000
-847 0 +845 0 *
Ed
 1e-07 1 1 0
1  216 0 0 6.28318530717959
2  431 214 0 0 6.28318530717959
2  432 216 0 0 6.28318530717959
0

0101000
+845 0 -845 0 *
Wi

0101100
-846 0 +844 0 +843 0 -844 0 *
Fa
0  1e-07 214 0

0111000
+842 0 *
Wi

0101100
+846 0 *
Fa
0  1e-07 215 0

0111000
+840 0 *
Wi

0101100
-843 0 *
Fa
0  1e-07 216 0

0111000
-838 0 *
Sh

0101100
+841 0 +839 0 -837 0 *
So

0100000
+836 0 *
Ve
1e-07
474.13540828401 901.081867276072 283.807401748027
0 0

0101101
*
Ed
 1e-07 1 1 0
1  217 0 0 6.28318530717959
2  433 217 0 0 6.28318530717959
2  434 218 0 0 6.28318530717959
0

0101000
+834 0 -834 0 *
Ve
1e-07
477.36300260319 901.236419744082 287.093774747183
0 0

0101101
*
Ed
 1e-07 1 1 0
1  218 0 0 4.60885007829018
3  435 436CN 217 0 0 4.60885007829018
0

0101000
-834 0 +832 0 *
Ed
 1e-07 1 1 0
1  219 0 0 6.28318530717959
2  437 217 0 0 6.28318530717959
2  438 219 0 0 6.28318530717959
0

0101000
+832 0 -832 0 *
Wi

0101100
-833 0 +831 0 +830 0 -831 0 *
Fa
0  1e-07 217 0

0111000
+829 0 *
Wi

0101100
+833 0 *
Fa
0  1e-07 218 0

0111000
+827 0 *
Wi

0101100
-830 0 *
Fa
0  1e-07 219 0

0111000
-825 0 *
Sh

0101100
+828 0 +826 0 -824 0 *
So

0100000
+823 0 *
Ve
1e-07
476.391123235224 900.927314808062 274.848475811305
0 0

0101101
*
Ed
 1e-07 1 1 0
1  220 0 0 6.28318530717959
2  439 220 0 0 6.28318530717959
2  440 221 0 0 6.28318530717959
0

0101000
+821 0 -821 0 *
Ve
1e-07
479.775720456533 901.081867276072 278.134848810461
0 0

0101101
*
Ed
 1e-07 1 1 0
1  221 0 0 4.72013053902566
3  441 442CN 220 0 0 4.72013053902566
0

0101000
-821 0 +819 0 *
Ed
 1e-07 1 1 0
1  222 0 0 6.28318530717959
2  443 220 0 0 6.28318530717959
2  444 222 0 0 6.28318530717959
0

0101000
+819 0 -819 0 *
Wi

0101100
-820 0 +818 0 +817 0 -818 0 *
Fa
0  1e-07 220 0

0111000
+816 0 *
Wi

0101100
+820 0 *
Fa
0  1e-07 221 0

0111000
+814 0 *
Wi

0101100
-817 0 *
Fa
0  1e-07 222 0

0111000
-812 0 *
Sh

0101100
+815 0 +813 0 -811 0 *
So

0100000
+810 0 *
Ve
1e-07
472.783845569541 900.772762340051 271.499760012902
0 0

0101101
*
Ed
 1e-07 1 1 0
1  223 0 0 6.28318530717959
2  445 223 0 0 6.28318530717959
2  446 224 0 0 6.28318530717959
0

0101000
+808 0 -808 0 *
Ve
1e-07
476.325445692979 900.927314808062 274.786133012059
0 0

0101101
*
Ed
 1e-07 1 1 0
1  224 0 0 4.83394925390031
3  447 448CN 223 0 0 4.83394925390031
0

0101000
-808 0 +806 0 *
Ed
 1e-07 1 1 0
1  225 0 0 6.28318530717959
2  449 223 0 0 6.28318530717959
2  450 225 0 0 6.28318530717959
0

0101000
+806 0 -806 0 *
Wi

0101100
-807 0 +805 0 +804 0 -805 0 *
Fa
0  1e-07 223 0

0111000
+803 0 *
Wi

0101100
+807 0 *
Fa
0  1e-07 224 0

0111000
+801 0 *
Wi

0101100
-804 0 *
Fa
0  1e-07 225 0

0111000
-799 0 *
Sh

0101100
+802 0 +800 0 -798 0 *
So

0100000
+797 0 *
Ve
1e-07
469.021321006378 900.618209872041 268.155343289916
0 0

0101101
*
Ed
 1e-07 1 1 0
1  226 0 0 6.28318530717959
2  451 226 0 0 6.28318530717959
2  452 227 0 0 6.28318530717959
0

0101000
+795 0 -795 0 *
Ve
1e-07
472.719924031944 900.772762340051 271.441716289072
0 0

0101101
*
Ed
 1e-07 1 1 0
1  227 0 0 4.95013113924043
3  453 454CN 226 0 0 4.95013113924043
0

0101000
-795 0 +793 0 *
Ed
 1e-07 1 1 0
1  228 0 0 6.28318530717959
2  455 226 0 0 6.28318530717959
2  456 228 0 0 6.28318530717959
0

0101000
+793 0 -793 0 *
Wi

0101100
-794 0 +792 0 +791 0 -792 0 *
Fa
0  1e-07 226 0

0111000
+790 0 *
Wi

0101100
+794 0 *
Fa
0  1e-07 227 0

0111000
+788 0 *
Wi

0101100
-791 0 *
Fa
0  1e-07 228 0

0111000
-786 0 *
Sh

0101100
+789 0 +787 0 -785 0 *
So

0100000
+784 0 *
Ve
1e-07
465.103601318837 900.463657404031 264.814913227973
0 0

0101101
*
Ed
 1e-07 1 1 0
1  229 0 0 6.28318530717959
2  457 229 0 0 6.28318530717959
2  458 230 0 0 6.28318530717959
0

0101000
+782 0 -782 0 *
Ve
1e-07
468.959207246532 900.618209872041 268.101286227129
0 0

0101101
*
Ed
 1e-07 1 1 0
1  230 0 0 5.06851368989231
3  459 460CN 229 0 0 5.06851368989231
0

0101000
-782 0 +780 0 *
Ed
 1e-07 1 1 0
1  231 0 0 6.28318530717959
2  461 229 0 0 6.28318530717959
2  462 231 0 0 6.28318530717959
0

0101000
+780 0 -780 0 *
Wi

0101100
-781 0 +779 0 +778 0 -779 0 *
Fa
0  1e-07 229 0

0111000
+777 0 *
Wi

0101100
+781 0 *
Fa
0  1e-07 230 0

0111000
+775 0 *
Wi

0101100
-778 0 *
Fa
0  1e-07 231 0

0111000
-773 0 *
Sh

0101100
+776 0 +774 0 -772 0 *
So

0100000
+771 0 *
Ve
1e-07
461.030715280448 900.309104936021 261.478175601196
0 0

0101101
*
Ed
 1e-07 1 1 0
1  232 0 0 6.28318530717959
2  463 232 0 0 6.28318530717959
2  464 233 0 0 6.28318530717959
0

0101000
+769 0 -769 0 *
Ve
1e-07
465.043324110271 900.463657404031 264.764548600352
0 0

0101101
*
Ed
 1e-07 1 1 0
1  233 0 0 5.18894628765103
3  465 466CN 232 0 0 5.18894628765103
0

0101000
-769 0 +767 0 *
Ed
 1e-07 1 1 0
1  234 0 0 6.28318530717959
2  467 232 0 0 6.28318530717959
2  468 234 0 0 6.28318530717959
0

0101000
+767 0 -767 0 *
Wi

0101100
-768 0 +766 0 +765 0 -766 0 *
Fa
0  1e-07 232 0

0111000
+764 0 *
Wi

0101100
+768 0 *
Fa
0  1e-07 233 0

0111000
+762 0 *
Wi

0101100
-765 0 *
Fa
0  1e-07 234 0

0111000
-760 0 *
Sh

0101100
+763 0 +761 0 -759 0 *
So

0100000
+758 0 *
Ve
1e-07
456.802672663229 900.15455246801 258.144854793529
0 0

0101101
*
Ed
 1e-07 1 1 0
1  235 0 0 6.28318530717959
2  469 235 0 0 6.28318530717959
2  470 236 0 0 6.28318530717959
0

0101000
+756 0 -756 0 *
Ve
1e-07
460.972284395181 900.309104936021 261.431227792685
0 0

0101101
*
Ed
 1e-07 1 1 0
1  236 0 0 5.31128948092482
3  471 472CN 235 0 0 5.31128948092482
0

0101000
-756 0 +754 0 *
Ed
 1e-07 1 1 0
1  237 0 0 6.28318530717959
2  473 235 0 0 6.28318530717959
2  474 237 0 0 6.28318530717959
0

0101000
+754 0 -754 0 *
Wi

0101100
-755 0 +753 0 +752 0 -753 0 *
Fa
0  1e-07 235 0

0111000
+751 0 *
Wi

0101100
+755 0 *
Fa
0  1e-07 236 0

0111000
+749 0 *
Wi

0101100
-752 0 *
Fa
0  1e-07 237 0

0111000
-747 0 *
Sh

0101100
+750 0 +748 0 -746 0 *
So

0100000
+745 0 *
Ve
1e-07
452.419467724913 900 254.814693746576
0 0

0101101
*
Ed
 1e-07 1 1 0
1  238 0 0 6.28318530717959
2  475 238 0 0 6.28318530717959
2  476 239 0 0 6.28318530717959
0

0101000
+743 0 -743 0 *
Ve
1e-07
456.746082358994 900.15455246801 258.101066745732
0 0

0101101
*
Ed
 1e-07 1 1 0
1  239 0 0 5.43541425714651
3  477 478CN 238 0 0 5.43541425714651
0

0101000
-743 0 +741 0 *
Ed
 1e-07 1 1 0
1  240 0 0 6.28318530717959
2  479 238 0 0 6.28318530717959
2  480 240 0 0 6.28318530717959
0

0101000
+741 0 -741 0 *
Wi

0101100
-742 0 +740 0 +739 0 -740 0 *
Fa
0  1e-07 238 0

0111000
+738 0 *
Wi

0101100
+742 0 *
Fa
0  1e-07 239 0

0111000
+736 0 *
Wi

0101100
-739 0 *
Fa
0  1e-07 240 0

0111000
-734 0 *
Sh

0101100
+737 0 +735 0 -733 0 *
So

0100000
+732 0 *
Ve
1e-07
300 912.364197440823 524.90983993249
0 0

0101101
*
Ed
 1e-07 1 1 1
2  481 241 0 0 6.28318530717959
0

0101000
+730 0 -730 0 *
Ve
1e-07
300 912.364197440823 516.90983993249
0 0

0101101
*
Ed
 1e-07 1 1 0
1  241 0 4.71238898038469 7.85398163397448
3  482 483CN 241 0 4.71238898038469 7.85398163397448
0

0101000
-730 0 +728 0 *
Ed
 1e-07 1 1 1
2  484 241 0 0 6.28318530717959
0

0101000
+728 0 -728 0 *
Wi

0101100
-729 0 +727 0 +726 0 -727 0 *
Fa
0  1e-07 241 0

0111000
+725 0 *
Sh

0101100
+724 0 *
So

0100000
+723 0 *
Ve
1e-07
308.076614634081 912.209644972813 521.623466933334
0 0

0101101
*
Ed
 1e-07 1 1 1
2  485 242 0 0 6.28318530717959
0

0101000
+721 0 -721 0 *
Ve
1e-07
308.076614634081 912.209644972813 513.623466933334
0 0

0101101
*
Ed
 1e-07 1 1 0
1  242 0 4.71238898038469 7.85398163397448
3  486 487CN 242 0 4.71238898038469 7.85398163397448
0

0101000
-721 0 +719 0 *
Ed
 1e-07 1 1 1
2  488 242 0 0 6.28318530717959
0

0101000
+719 0 -719 0 *
Wi

0101100
-720 0 +718 0 +717 0 -718 0 *
Fa
0  1e-07 242 0

0111000
+716 0 *
Sh

0101100
+715 0 *
So

0100000
+714 0 *
Ve
1e-07
315.996226366033 912.055092504803 518.337093934178
0 0

0101101
*
Ed
 1e-07 1 1 1
2  489 243 0 0 6.28318530717959
0

0101000
+712 0 -712 0 *
Ve
1e-07
315.996226366033 912.055092504803 510.337093934178
0 0

0101101
*
Ed
 1e-07 1 1 0
1  243 0 4.71238898038469 7.85398163397448
3  490 491CN 243 0 4.71238898038469 7.85398163397448
0

0101000
-712 0 +710 0 *
Ed
 1e-07 1 1 1
2  492 243 0 0 6.28318530717959
0

0101000
+710 0 -710 0 *
Wi

0101100
-711 0 +709 0 +708 0 -709 0 *
Fa
0  1e-07 243 0

0111000
+707 0 *
Sh

0101100
+706 0 *
So

0100000
+705 0 *
Ve
1e-07
323.758835195856 911.900540036793 515.050720935022
0 0

0101101
*
Ed
 1e-07 1 1 1
2  493 244 0 0 6.28318530717959
0

0101000
+703 0 -703 0 *
Ve
1e-07
323.758835195856 911.900540036793 507.050720935022
0 0

0101101
*
Ed
 1e-07 1 1 0
1  244 0 4.71238898038469 7.85398163397448
3  494 495CN 244 0 4.71238898038469 7.85398163397448
0

0101000
-703 0 +701 0 *
Ed
 1e-07 1 1 1
2  496 244 0 0 6.28318530717959
0

0101000
+701 0 -701 0 *
Wi

0101100
-702 0 +700 0 +699 0 -700 0 *
Fa
0  1e-07 244 0

0111000
+698 0 *
Sh

0101100
+697 0 *
So

0100000
+696 0 *
Ve
1e-07
331.364441123551 911.745987568782 511.764347935866
0 0

0101101
*
Ed
 1e-07 1 1 1
2  497 245 0 0 6.28318530717959
0

0101000
+694 0 -694 0 *
Ve
1e-07
331.364441123551 911.745987568782 503.764347935866
0 0

0101101
*
Ed
 1e-07 1 1 0
1  245 0 4.71238898038469 7.85398163397448
3  498 499CN 245 0 4.71238898038469 7.85398163397448
0

0101000
-694 0 +692 0 *
Ed
 1e-07 1 1 1
2  500 245 0 0 6.28318530717959
0

0101000
+692 0 -692 0 *
Wi

0101100
-693 0 +691 0 +690 0 -691 0 *
Fa
0  1e-07 245 0

0111000
+689 0 *
Sh

0101100
+688 0 *
So

0100000
+687 0 *
Ve
1e-07
338.813044149117 911.591435100772 508.47797493671
0 0

0101101
*
Ed
 1e-07 1 1 1
2  501 246 0 0 6.28318530717959
0

0101000
+685 0 -685 0 *
Ve
1e-07
338.813044149117 911.591435100772 500.47797493671
0 0

0101101
*
Ed
 1e-07 1 1 0
1  246 0 4.71238898038469 7.85398163397448
3  502 503CN 246 0 4.71238898038469 7.85398163397448
0

0101000
-685 0 +683 0 *
Ed
 1e-07 1 1 1
2  504 246 0 0 6.28318530717959
0

0101000
+683 0 -683 0 *
Wi

0101100
-684 0 +682 0 +681 0 -682 0 *
Fa
0  1e-07 246 0

0111000
+680 0 *
Sh

0101100
+679 0 *
So

0100000
+678 0 *
Ve
1e-07
346.104644272555 911.436882632762 505.191601937553
0 0

0101101
*
Ed
 1e-07 1 1 1
2  505 247 0 0 6.28318530717959
0

0101000
+676 0 -676 0 *
Ve
1e-07
346.104644272555 911.436882632762 497.191601937553
0 0

0101101
*
Ed
 1e-07 1 1 0
1  247 0 4.71238898038469 7.85398163397448
3  506 507CN 247 0 4.71238898038469 7.85398163397448
0

0101000
-676 0 +674 0 *
Ed
 1e-07 1 1 1
2  508 247 0 0 6.28318530717959
0

0101000
+674 0 -674 0 *
Wi

0101100
-675 0 +673 0 +672 0 -673 0 *
Fa
0  1e-07 247 0

0111000
+671 0 *
Sh

0101100
+670 0 *
So

0100000
+669 0 *
Ve
1e-07
353.239241493864 911.282330164751 501.905228938397
0 0

0101101
*
Ed
 1e-07 1 1 1
2  509 248 0 0 6.28318530717959
0

0101000
+667 0 -667 0 *
Ve
1e-07
353.239241493864 911.282330164751 493.905228938397
0 0

0101101
*
Ed
 1e-07 1 1 0
1  248 0 4.71238898038469 7.85398163397448
3  510 511CN 248 0 4.71238898038469 7.85398163397448
0

0101000
-667 0 +665 0 *
Ed
 1e-07 1 1 1
2  512 248 0 0 6.28318530717959
0

0101000
+665 0 -665 0 *
Wi

0101100
-666 0 +664 0 +663 0 -664 0 *
Fa
0  1e-07 248 0

0111000
+662 0 *
Sh

0101100
+661 0 *
So

0100000
+660 0 *
Ve
1e-07
360.216835813044 911.127777696741 498.618855939241
0 0

0101101
*
Ed
 1e-07 1 1 1
2  513 249 0 0 6.28318530717959
0

0101000
+658 0 -658 0 *
Ve
1e-07
360.216835813044 911.127777696741 490.618855939241
0 0

0101101
*
Ed
 1e-07 1 1 0
1  249 0 4.71238898038469 7.85398163397448
3  514 515CN 249 0 4.71238898038469 7.85398163397448
0

0101000
-658 0 +656 0 *
Ed
 1e-07 1 1 1
2  516 249 0 0 6.28318530717959
0

0101000
+656 0 -656 0 *
Wi

0101100
-657 0 +655 0 +654 0 -655 0 *
Fa
0  1e-07 249 0

0111000
+653 0 *
Sh

0101100
+652 0 *
So

0100000
+651 0 *
Ve
1e-07
367.037427230096 910.973225228731 495.332482940085
0 0

0101101
*
Ed
 1e-07 1 1 1
2  517 250 0 0 6.28318530717959
0

0101000
+649 0 -649 0 *
Ve
1e-07
367.037427230096 910.973225228731 487.332482940085
0 0

0101101
*
Ed
 1e-07 1 1 0
1  250 0 4.71238898038469 7.85398163397448
3  518 519CN 250 0 4.71238898038469 7.85398163397448
0

0101000
-649 0 +647 0 *
Ed
 1e-07 1 1 1
2  520 250 0 0 6.28318530717959
0

0101000
+647 0 -647 0 *
Wi

0101100
-648 0 +646 0 +645 0 -646 0 *
Fa
0  1e-07 250 0

0111000
+644 0 *
Sh

0101100
+643 0 *
So

0100000
+642 0 *
Ve
1e-07
373.701015745019 910.81867276072 492.046109940929
0 0

0101101
*
Ed
 1e-07 1 1 1
2  521 251 0 0 6.28318530717959
0

0101000
+640 0 -640 0 *
Ve
1e-07
373.701015745019 910.81867276072 484.046109940929
0 0

0101101
*
Ed
 1e-07 1 1 0
1  251 0 4.71238898038469 7.85398163397448
3  522 523CN 251 0 4.71238898038469 7.85398163397448
0

0101000
-640 0 +638 0 *
Ed
 1e-07 1 1 1
2  524 251 0 0 6.28318530717959
0

0101000
+638 0 -638 0 *
Wi

0101100
-639 0 +637 0 +636 0 -637 0 *
Fa
0  1e-07 251 0

0111000
+635 0 *
Sh

0101100
+634 0 *
So

0100000
+633 0 *
Ve
1e-07
380.207601357813 910.66412029271 488.759736941773
0 0

0101101
*
Ed
 1e-07 1 1 1
2  525 252 0 0 6.28318530717959
0

0101000
+631 0 -631 0 *
Ve
1e-07
380.207601357813 910.66412029271 480.759736941773
0 0

0101101
*
Ed
 1e-07 1 1 0
1  252 0 4.71238898038469 7.85398163397448
3  526 527CN 252 0 4.71238898038469 7.85398163397448
0

0101000
-631 0 +629 0 *
Ed
 1e-07 1 1 1
2  528 252 0 0 6.28318530717959
0

0101000
+629 0 -629 0 *
Wi

0101100
-630 0 +628 0 +627 0 -628 0 *
Fa
0  1e-07 252 0

0111000
+626 0 *
Sh

0101100
+625 0 *
So

0100000
+624 0 *
Ve
1e-07
386.557184068479 910.5095678247 485.473363942617
0 0

0101101
*
Ed
 1e-07 1 1 1
2  529 253 0 0 6.28318530717959
0

0101000
+622 0 -622 0 *
Ve
1e-07
386.557184068479 910.5095678247 477.473363942617
0 0

0101101
*
Ed
 1e-07 1 1 0
1  253 0 4.71238898038469 7.85398163397448
3  530 531CN 253 0 4.71238898038469 7.85398163397448
0

0101000
-622 0 +620 0 *
Ed
 1e-07 1 1 1
2  532 253 0 0 6.28318530717959
0

0101000
+620 0 -620 0 *
Wi

0101100
-621 0 +619 0 +618 0 -619 0 *
Fa
0  1e-07 253 0

0111000
+617 0 *
Sh

0101100
+616 0 *
So

0100000
+615 0 *
Ve
1e-07
392.749763877016 910.35501535669 482.186990943461
0 0

0101101
*
Ed
 1e-07 1 1 1
2  533 254 0 0 6.28318530717959
0

0101000
+613 0 -613 0 *
Ve
1e-07
392.749763877016 910.35501535669 474.186990943461
0 0

0101101
*
Ed
 1e-07 1 1 0
1  254 0 4.71238898038469 7.85398163397448
3  534 535CN 254 0 4.71238898038469 7.85398163397448
0

0101000
-613 0 +611 0 *
Ed
 1e-07 1 1 1
2  536 254 0 0 6.28318530717959
0

0101000
+611 0 -611 0 *
Wi

0101100
-612 0 +610 0 +609 0 -610 0 *
Fa
0  1e-07 254 0

0111000
+608 0 *
Sh

0101100
+607 0 *
So

0100000
+606 0 *
Ve
1e-07
398.785340783425 910.200462888679 478.900617944304
0 0

0101101
*
Ed
 1e-07 1 1 1
2  537 255 0 0 6.28318530717959
0

0101000
+604 0 -604 0 *
Ve
1e-07
398.785340783425 910.200462888679 470.900617944304
0 0

0101101
*
Ed
 1e-07 1 1 0
1  255 0 4.71238898038469 7.85398163397448
3  538 539CN 255 0 4.71238898038469 7.85398163397448
0

0101000
-604 0 +602 0 *
Ed
 1e-07 1 1 1
2  540 255 0 0 6.28318530717959
0

0101000
+602 0 -602 0 *
Wi

0101100
-603 0 +601 0 +600 0 -601 0 *
Fa
0  1e-07 255 0

0111000
+599 0 *
Sh

0101100
+598 0 *
So

0100000
+597 0 *
Ve
1e-07
404.663914787704 910.045910420669 475.614244945148
0 0

0101101
*
Ed
 1e-07 1 1 1
2  541 256 0 0 6.28318530717959
0

0101000
+595 0 -595 0 *
Ve
1e-07
404.663914787704 910.045910420669 467.614244945148
0 0

0101101
*
Ed
 1e-07 1 1 0
1  256 0 4.71238898038469 7.85398163397448
3  542 543CN 256 0 4.71238898038469 7.85398163397448
0

0101000
-595 0 +593 0 *
Ed
 1e-07 1 1 1
2  544 256 0 0 6.28318530717959
0

0101000
+593 0 -593 0 *
Wi

0101100
-594 0 +592 0 +591 0 -592 0 *
Fa
0  1e-07 256 0

0111000
+590 0 *
Sh

0101100
+589 0 *
So

0100000
+588 0 *
Ve
1e-07
410.385485889856 909.891357952659 472.327871945992
0 0

0101101
*
Ed
 1e-07 1 1 1
2  545 257 0 0 6.28318530717959
0

0101000
+586 0 -586 0 *
Ve
1e-07
410.385485889856 909.891357952659 464.327871945992
0 0

0101101
*
Ed
 1e-07 1 1 0
1  257 0 4.71238898038469 7.85398163397448
3  546 547CN 257 0 4.71238898038469 7.85398163397448
0

0101000
-586 0 +584 0 *
Ed
 1e-07 1 1 1
2  548 257 0 0 6.28318530717959
0

0101000
+584 0 -584 0 *
Wi

0101100
-585 0 +583 0 +582 0 -583 0 *
Fa
0  1e-07 257 0

0111000
+581 0 *
Sh

0101100
+580 0 *
So

0100000
+579 0 *
Ve
1e-07
415.950054089878 909.736805484648 469.041498946836
0 0

0101101
*
Ed
 1e-07 1 1 1
2  549 258 0 0 6.28318530717959
0

0101000
+577 0 -577 0 *
Ve
1e-07
415.950054089878 909.736805484648 461.041498946836
0 0

0101101
*
Ed
 1e-07 1 1 0
1  258 0 4.71238898038469 7.85398163397448
3  550 551CN 258 0 4.71238898038469 7.85398163397448
0

0101000
-577 0 +575 0 *
Ed
 1e-07 1 1 1
2  552 258 0 0 6.28318530717959
0

0101000
+575 0 -575 0 *
Wi

0101100
-576 0 +574 0 +573 0 -574 0 *
Fa
0  1e-07 258 0

0111000
+572 0 *
Sh

0101100
+571 0 *
So

0100000
+570 0 *
Ve
1e-07
421.357619387773 909.582253016638 465.75512594768
0 0

0101101
*
Ed
 1e-07 1 1 1
2  553 259 0 0 6.28318530717959
0

0101000
+568 0 -568 0 *
Ve
1e-07
421.357619387773 909.582253016638 457.75512594768
0 0

0101101
*
Ed
 1e-07 1 1 0
1  259 0 4.71238898038469 7.85398163397448
3  554 555CN 259 0 4.71238898038469 7.85398163397448
0

0101000
-568 0 +566 0 *
Ed
 1e-07 1 1 1
2  556 259 0 0 6.28318530717959
0

0101000
+566 0 -566 0 *
Wi

0101100
-567 0 +565 0 +564 0 -565 0 *
Fa
0  1e-07 259 0

0111000
+563 0 *
Sh

0101100
+562 0 *
So

0100000
+561 0 *
Ve
1e-07
426.608181783538 909.427700548628 462.468752948524
0 0

0101101
*
Ed
 1e-07 1 1 1
2  557 260 0 0 6.28318530717959
0

0101000
+559 0 -559 0 *
Ve
1e-07
426.608181783538 909.427700548628 454.468752948524
0 0

0101101
*
Ed
 1e-07 1 1 0
1  260 0 4.71238898038469 7.85398163397448
3  558 559CN 260 0 4.71238898038469 7.85398163397448
0

0101000
-559 0 +557 0 *
Ed
 1e-07 1 1 1
2  560 260 0 0 6.28318530717959
0

0101000
+557 0 -557 0 *
Wi

0101100
-558 0 +556 0 +555 0 -556 0 *
Fa
0  1e-07 260 0

0111000
+554 0 *
Sh

0101100
+553 0 *
So

0100000
+552 0 *
Ve
1e-07
431.701741277175 909.273148080618 459.182379949368
0 0

0101101
*
Ed
 1e-07 1 1 1
2  561 261 0 0 6.28318530717959
0

0101000
+550 0 -550 0 *
Ve
1e-07
431.701741277175 909.273148080618 451.182379949368
0 0

0101101
*
Ed
 1e-07 1 1 0
1  261 0 4.71238898038469 7.85398163397448
3  562 563CN 261 0 4.71238898038469 7.85398163397448
0

0101000
-550 0 +548 0 *
Ed
 1e-07 1 1 1
2  564 261 0 0 6.28318530717959
0

0101000
+548 0 -548 0 *
Wi

0101100
-549 0 +547 0 +546 0 -547 0 *
Fa
0  1e-07 261 0

0111000
+545 0 *
Sh

0101100
+544 0 *
So

0100000
+543 0 *
Ve
1e-07
436.638297868683 909.118595612607 455.896006950212
0 0

0101101
*
Ed
 1e-07 1 1 1
2  565 262 0 0 6.28318530717959
0

0101000
+541 0 -541 0 *
Ve
1e-07
436.638297868683 909.118595612607 447.896006950212
0 0

0101101
*
Ed
 1e-07 1 1 0
1  262 0 4.71238898038469 7.85398163397448
3  566 567CN 262 0 4.71238898038469 7.85398163397448
0

0101000
-541 0 +539 0 *
Ed
 1e-07 1 1 1
2  568 262 0 0 6.28318530717959
0

0101000
+539 0 -539 0 *
Wi

0101100
-540 0 +538 0 +537 0 -538 0 *
Fa
0  1e-07 262 0

0111000
+536 0 *
Sh

0101100
+535 0 *
So

0100000
+534 0 *
Ve
1e-07
441.417851558062 908.964043144597 452.609633951055
0 0

0101101
*
Ed
 1e-07 1 1 1
2  569 263 0 0 6.28318530717959
0

0101000
+532 0 -532 0 *
Ve
1e-07
441.417851558062 908.964043144597 444.609633951055
0 0

0101101
*
Ed
 1e-07 1 1 0
1  263 0 4.71238898038469 7.85398163397448
3  570 571CN 263 0 4.71238898038469 7.85398163397448
0

0101000
-532 0 +530 0 *
Ed
 1e-07 1 1 1
2  572 263 0 0 6.28318530717959
0

0101000
+530 0 -530 0 *
Wi

0101100
-531 0 +529 0 +528 0 -529 0 *
Fa
0  1e-07 263 0

0111000
+527 0 *
Sh

0101100
+526 0 *
So

0100000
+525 0 *
Ve
1e-07
446.040402345313 908.809490676587 449.323260951899
0 0

0101101
*
Ed
 1e-07 1 1 1
2  573 264 0 0 6.28318530717959
0

0101000
+523 0 -523 0 *
Ve
1e-07
446.040402345313 908.809490676587 441.323260951899
0 0

0101101
*
Ed
 1e-07 1 1 0
1  264 0 4.71238898038469 7.85398163397448
3  574 575CN 264 0 4.71238898038469 7.85398163397448
0

0101000
-523 0 +521 0 *
Ed
 1e-07 1 1 1
2  576 264 0 0 6.28318530717959
0

0101000
+521 0 -521 0 *
Wi

0101100
-522 0 +520 0 +519 0 -520 0 *
Fa
0  1e-07 264 0

0111000
+518 0 *
Sh

0101100
+517 0 *
So

0100000
+516 0 *
Ve
1e-07
450.505950230436 908.654938208576 446.036887952743
0 0

0101101
*
Ed
 1e-07 1 1 1
2  577 265 0 0 6.28318530717959
0

0101000
+514 0 -514 0 *
Ve
1e-07
450.505950230436 908.654938208576 438.036887952743
0 0

0101101
*
Ed
 1e-07 1 1 0
1  265 0 4.71238898038469 7.85398163397448
3  578 579CN 265 0 4.71238898038469 7.85398163397448
0

0101000
-514 0 +512 0 *
Ed
 1e-07 1 1 1
2  580 265 0 0 6.28318530717959
0

0101000
+512 0 -512 0 *
Wi

0101100
-513 0 +511 0 +510 0 -511 0 *
Fa
0  1e-07 265 0

0111000
+509 0 *
Sh

0101100
+508 0 *
So

0100000
+507 0 *
Ve
1e-07
454.814495213429 908.500385740566 442.750514953587
0 0

0101101
*
Ed
 1e-07 1 1 1
2  581 266 0 0 6.28318530717959
0

0101000
+505 0 -505 0 *
Ve
1e-07
454.814495213429 908.500385740566 434.750514953587
0 0

0101101
*
Ed
 1e-07 1 1 0
1  266 0 4.71238898038469 7.85398163397448
3  582 583CN 266 0 4.71238898038469 7.85398163397448
0

0101000
-505 0 +503 0 *
Ed
 1e-07 1 1 1
2  584 266 0 0 6.28318530717959
0

0101000
+503 0 -503 0 *
Wi

0101100
-504 0 +502 0 +501 0 -502 0 *
Fa
0  1e-07 266 0

0111000
+500 0 *
Sh

0101100
+499 0 *
So

0100000
+498 0 *
Ve
1e-07
458.966037294294 908.345833272556 439.464141954431
0 0

0101101
*
Ed
 1e-07 1 1 1
2  585 267 0 0 6.28318530717959
0

0101000
+496 0 -496 0 *
Ve
1e-07
458.966037294294 908.345833272556 431.464141954431
0 0

0101101
*
Ed
 1e-07 1 1 0
1  267 0 4.71238898038469 7.85398163397448
3  586 587CN 267 0 4.71238898038469 7.85398163397448
0

0101000
-496 0 +494 0 *
Ed
 1e-07 1 1 1
2  588 267 0 0 6.28318530717959
0

0101000
+494 0 -494 0 *
Wi

0101100
-495 0 +493 0 +492 0 -493 0 *
Fa
0  1e-07 267 0

0111000
+491 0 *
Sh

0101100
+490 0 *
So

0100000
+489 0 *
Ve
1e-07
462.960576473031 908.191280804545 436.177768955275
0 0

0101101
*
Ed
 1e-07 1 1 1
2  589 268 0 0 6.28318530717959
0

0101000
+487 0 -487 0 *
Ve
1e-07
462.960576473031 908.191280804545 428.177768955275
0 0

0101101
*
Ed
 1e-07 1 1 0
1  268 0 4.71238898038469 7.85398163397448
3  590 591CN 268 0 4.71238898038469 7.85398163397448
0

0101000
-487 0 +485 0 *
Ed
 1e-07 1 1 1
2  592 268 0 0 6.28318530717959
0

0101000
+485 0 -485 0 *
Wi

0101100
-486 0 +484 0 +483 0 -484 0 *
Fa
0  1e-07 268 0

0111000
+482 0 *
Sh

0101100
+481 0 *
So

0100000
+480 0 *
Ve
1e-07
466.798112749639 908.036728336535 432.891395956119
0 0

0101101
*
Ed
 1e-07 1 1 1
2  593 269 0 0 6.28318530717959
0

0101000
+478 0 -478 0 *
Ve
1e-07
466.798112749639 908.036728336535 424.891395956119
0 0

0101101
*
Ed
 1e-07 1 1 0
1  269 0 4.71238898038469 7.85398163397448
3  594 595CN 269 0 4.71238898038469 7.85398163397448
0

0101000
-478 0 +476 0 *
Ed
 1e-07 1 1 1
2  596 269 0 0 6.28318530717959
0

0101000
+476 0 -476 0 *
Wi

0101100
-477 0 +475 0 +474 0 -475 0 *
Fa
0  1e-07 269 0

0111000
+473 0 *
Sh

0101100
+472 0 *
So

0100000
+471 0 *
Ve
1e-07
470.478646124118 907.882175868525 429.605022956962
0 0

0101101
*
Ed
 1e-07 1 1 1
2  597 270 0 0 6.28318530717959
0

0101000
+469 0 -469 0 *
Ve
1e-07
470.478646124118 907.882175868525 421.605022956962
0 0

0101101
*
Ed
 1e-07 1 1 0
1  270 0 4.71238898038469 7.85398163397448
3  598 599CN 270 0 4.71238898038469 7.85398163397448
0

0101000
-469 0 +467 0 *
Ed
 1e-07 1 1 1
2  600 270 0 0 6.28318530717959
0

0101000
+467 0 -467 0 *
Wi

0101100
-468 0 +466 0 +465 0 -466 0 *
Fa
0  1e-07 270 0

0111000
+464 0 *
Sh

0101100
+463 0 *
So

0100000
+462 0 *
Ve
1e-07
474.002176596468 907.727623400515 426.318649957806
0 0

0101101
*
Ed
 1e-07 1 1 1
2  601 271 0 0 6.28318530717959
0

0101000
+460 0 -460 0 *
Ve
1e-07
474.002176596468 907.727623400515 418.318649957806
0 0

0101101
*
Ed
 1e-07 1 1 0
1  271 0 4.71238898038469 7.85398163397448
3  602 603CN 271 0 4.71238898038469 7.85398163397448
0

0101000
-460 0 +458 0 *
Ed
 1e-07 1 1 1
2  604 271 0 0 6.28318530717959
0

0101000
+458 0 -458 0 *
Wi

0101100
-459 0 +457 0 +456 0 -457 0 *
Fa
0  1e-07 271 0

0111000
+455 0 *
Sh

0101100
+454 0 *
So

0100000
+453 0 *
Ve
1e-07
477.36870416669 907.573070932504 423.03227695865
0 0

0101101
*
Ed
 1e-07 1 1 1
2  605 272 0 0 6.28318530717959
0

0101000
+451 0 -451 0 *
Ve
1e-07
477.36870416669 907.573070932504 415.03227695865
0 0

0101101
*
Ed
 1e-07 1 1 0
1  272 0 4.71238898038469 7.85398163397448
3  606 607CN 272 0 4.71238898038469 7.85398163397448
0

0101000
-451 0 +449 0 *
Ed
 1e-07 1 1 1
2  608 272 0 0 6.28318530717959
0

0101000
+449 0 -449 0 *
Wi

0101100
-450 0 +448 0 +447 0 -448 0 *
Fa
0  1e-07 272 0

0111000
+446 0 *
Sh

0101100
+445 0 *
So

0100000
+444 0 *
Ve
1e-07
480.578228834784 907.418518464494 419.745903959494
0 0

0101101
*
Ed
 1e-07 1 1 1
2  609 273 0 0 6.28318530717959
0

0101000
+442 0 -442 0 *
Ve
1e-07
480.578228834784 907.418518464494 411.745903959494
0 0

0101101
*
Ed
 1e-07 1 1 0
1  273 0 4.71238898038469 7.85398163397448
3  610 611CN 273 0 4.71238898038469 7.85398163397448
0

0101000
-442 0 +440 0 *
Ed
 1e-07 1 1 1
2  612 273 0 0 6.28318530717959
0

0101000
+440 0 -440 0 *
Wi

0101100
-441 0 +439 0 +438 0 -439 0 *
Fa
0  1e-07 273 0

0111000
+437 0 *
Sh

0101100
+436 0 *
So

0100000
+435 0 *
Ve
1e-07
483.630750600748 907.263965996484 416.459530960338
0 0

0101101
*
Ed
 1e-07 1 1 1
2  613 274 0 0 6.28318530717959
0

0101000
+433 0 -433 0 *
Ve
1e-07
483.630750600748 907.263965996484 408.459530960338
0 0

0101101
*
Ed
 1e-07 1 1 0
1  274 0 4.71238898038469 7.85398163397448
3  614 615CN 274 0 4.71238898038469 7.85398163397448
0

0101000
-433 0 +431 0 *
Ed
 1e-07 1 1 1
2  616 274 0 0 6.28318530717959
0

0101000
+431 0 -431 0 *
Wi

0101100
-432 0 +430 0 +429 0 -430 0 *
Fa
0  1e-07 274 0

0111000
+428 0 *
Sh

0101100
+427 0 *
So

0100000
+426 0 *
Ve
1e-07
486.526269464584 907.109413528473 413.173157961182
0 0

0101101
*
Ed
 1e-07 1 1 1
2  617 275 0 0 6.28318530717959
0

0101000
+424 0 -424 0 *
Ve
1e-07
486.526269464584 907.109413528473 405.173157961182
0 0

0101101
*
Ed
 1e-07 1 1 0
1  275 0 4.71238898038469 7.85398163397448
3  618 619CN 275 0 4.71238898038469 7.85398163397448
0

0101000
-424 0 +422 0 *
Ed
 1e-07 1 1 1
2  620 275 0 0 6.28318530717959
0

0101000
+422 0 -422 0 *
Wi

0101100
-423 0 +421 0 +420 0 -421 0 *
Fa
0  1e-07 275 0

0111000
+419 0 *
Sh

0101100
+418 0 *
So

0100000
+417 0 *
Ve
1e-07
489.264785426292 906.954861060463 409.886784962026
0 0

0101101
*
Ed
 1e-07 1 1 1
2  621 276 0 0 6.28318530717959
0

0101000
+415 0 -415 0 *
Ve
1e-07
489.264785426292 906.954861060463 401.886784962026
0 0

0101101
*
Ed
 1e-07 1 1 0
1  276 0 4.71238898038469 7.85398163397448
3  622 623CN 276 0 4.71238898038469 7.85398163397448
0

0101000
-415 0 +413 0 *
Ed
 1e-07 1 1 1
2  624 276 0 0 6.28318530717959
0

0101000
+413 0 -413 0 *
Wi

0101100
-414 0 +412 0 +411 0 -412 0 *
Fa
0  1e-07 276 0

0111000
+410 0 *
Sh

0101100
+409 0 *
So

0100000
+408 0 *
Ve
1e-07
491.846298485871 906.800308592453 406.60041196287
0 0

0101101
*
Ed
 1e-07 1 1 1
2  625 277 0 0 6.28318530717959
0

0101000
+406 0 -406 0 *
Ve
1e-07
491.846298485871 906.800308592453 398.60041196287
0 0

0101101
*
Ed
 1e-07 1 1 0
1  277 0 4.71238898038469 7.85398163397448
3  626 627CN 277 0 4.71238898038469 7.85398163397448
0

0101000
-406 0 +404 0 *
Ed
 1e-07 1 1 1
2  628 277 0 0 6.28318530717959
0

0101000
+404 0 -404 0 *
Wi

0101100
-405 0 +403 0 +402 0 -403 0 *
Fa
0  1e-07 277 0

0111000
+401 0 *
Sh

0101100
+400 0 *
So

0100000
+399 0 *
Ve
1e-07
494.270808643321 906.645756124443 403.314038963713
0 0

0101101
*
Ed
 1e-07 1 1 1
2  629 278 0 0 6.28318530717959
0

0101000
+397 0 -397 0 *
Ve
1e-07
494.270808643321 906.645756124443 395.314038963713
0 0

0101101
*
Ed
 1e-07 1 1 0
1  278 0 4.71238898038469 7.85398163397448
3  630 631CN 278 0 4.71238898038469 7.85398163397448
0

0101000
-397 0 +395 0 *
Ed
 1e-07 1 1 1
2  632 278 0 0 6.28318530717959
0

0101000
+395 0 -395 0 *
Wi

0101100
-396 0 +394 0 +393 0 -394 0 *
Fa
0  1e-07 278 0

0111000
+392 0 *
Sh

0101100
+391 0 *
So

0100000
+390 0 *
Ve
1e-07
496.538315898642 906.491203656432 400.027665964557
0 0

0101101
*
Ed
 1e-07 1 1 1
2  633 279 0 0 6.28318530717959
0

0101000
+388 0 -388 0 *
Ve
1e-07
496.538315898642 906.491203656432 392.027665964557
0 0

0101101
*
Ed
 1e-07 1 1 0
1  279 0 4.71238898038469 7.85398163397448
3  634 635CN 279 0 4.71238898038469 7.85398163397448
0

0101000
-388 0 +386 0 *
Ed
 1e-07 1 1 1
2  636 279 0 0 6.28318530717959
0

0101000
+386 0 -386 0 *
Wi

0101100
-387 0 +385 0 +384 0 -385 0 *
Fa
0  1e-07 279 0

0111000
+383 0 *
Sh

0101100
+382 0 *
So

0100000
+381 0 *
Ve
1e-07
498.648820251835 906.336651188422 396.741292965401
0 0

0101101
*
Ed
 1e-07 1 1 1
2  637 280 0 0 6.28318530717959
0

0101000
+379 0 -379 0 *
Ve
1e-07
498.648820251835 906.336651188422 388.741292965401
0 0

0101101
*
Ed
 1e-07 1 1 0
1  280 0 4.71238898038469 7.85398163397448
3  638 639CN 280 0 4.71238898038469 7.85398163397448
0

0101000
-379 0 +377 0 *
Ed
 1e-07 1 1 1
2  640 280 0 0 6.28318530717959
0

0101000
+377 0 -377 0 *
Wi

0101100
-378 0 +376 0 +375 0 -376 0 *
Fa
0  1e-07 280 0

0111000
+374 0 *
Sh

0101100
+373 0 *
So

0100000
+372 0 *
Ve
1e-07
500.6023217029 906.182098720412 393.454919966245
0 0

0101101
*
Ed
 1e-07 1 1 1
2  641 281 0 0 6.28318530717959
0

0101000
+370 0 -370 0 *
Ve
1e-07
500.6023217029 906.182098720412 385.454919966245
0 0

0101101
*
Ed
 1e-07 1 1 0
1  281 0 4.71238898038469 7.85398163397448
3  642 643CN 281 0 4.71238898038469 7.85398163397448
0

0101000
-370 0 +368 0 *
Ed
 1e-07 1 1 1
2  644 281 0 0 6.28318530717959
0

0101000
+368 0 -368 0 *
Wi

0101100
-369 0 +367 0 +366 0 -367 0 *
Fa
0  1e-07 281 0

0111000
+365 0 *
Sh

0101100
+364 0 *
So

0100000
+363 0 *
Ve
1e-07
502.398820251835 906.027546252401 390.168546967089
0 0

0101101
*
Ed
 1e-07 1 1 1
2  645 282 0 0 6.28318530717959
0

0101000
+361 0 -361 0 *
Ve
1e-07
502.398820251835 906.027546252401 382.168546967089
0 0

0101101
*
Ed
 1e-07 1 1 0
1  282 0 4.71238898038469 7.85398163397448
3  646 647CN 282 0 4.71238898038469 7.85398163397448
0

0101000
-361 0 +359 0 *
Ed
 1e-07 1 1 1
2  648 282 0 0 6.28318530717959
0

0101000
+359 0 -359 0 *
Wi

0101100
-360 0 +358 0 +357 0 -358 0 *
Fa
0  1e-07 282 0

0111000
+356 0 *
Sh

0101100
+355 0 *
So

0100000
+354 0 *
Ve
1e-07
504.038315898642 905.872993784391 386.882173967933
0 0

0101101
*
Ed
 1e-07 1 1 1
2  649 283 0 0 6.28318530717959
0

0101000
+352 0 -352 0 *
Ve
1e-07
504.038315898642 905.872993784391 378.882173967933
0 0

0101101
*
Ed
 1e-07 1 1 0
1  283 0 4.71238898038469 7.85398163397448
3  650 651CN 283 0 4.71238898038469 7.85398163397448
0

0101000
-352 0 +350 0 *
Ed
 1e-07 1 1 1
2  652 283 0 0 6.28318530717959
0

0101000
+350 0 -350 0 *
Wi

0101100
-351 0 +349 0 +348 0 -349 0 *
Fa
0  1e-07 283 0

0111000
+347 0 *
Sh

0101100
+346 0 *
So

0100000
+345 0 *
Ve
1e-07
505.520808643321 905.718441316381 383.595800968777
0 0

0101101
*
Ed
 1e-07 1 1 1
2  653 284 0 0 6.28318530717959
0

0101000
+343 0 -343 0 *
Ve
1e-07
505.520808643321 905.718441316381 375.595800968777
0 0

0101101
*
Ed
 1e-07 1 1 0
1  284 0 4.71238898038469 7.85398163397448
3  654 655CN 284 0 4.71238898038469 7.85398163397448
0

0101000
-343 0 +341 0 *
Ed
 1e-07 1 1 1
2  656 284 0 0 6.28318530717959
0

0101000
+341 0 -341 0 *
Wi

0101100
-342 0 +340 0 +339 0 -340 0 *
Fa
0  1e-07 284 0

0111000
+338 0 *
Sh

0101100
+337 0 *
So

0100000
+336 0 *
Ve
1e-07
506.846298485871 905.563888848371 380.309427969621
0 0

0101101
*
Ed
 1e-07 1 1 1
2  657 285 0 0 6.28318530717959
0

0101000
+334 0 -334 0 *
Ve
1e-07
506.846298485871 905.563888848371 372.309427969621
0 0

0101101
*
Ed
 1e-07 1 1 0
1  285 0 4.71238898038469 7.85398163397448
3  658 659CN 285 0 4.71238898038469 7.85398163397448
0

0101000
-334 0 +332 0 *
Ed
 1e-07 1 1 1
2  660 285 0 0 6.28318530717959
0

0101000
+332 0 -332 0 *
Wi

0101100
-333 0 +331 0 +330 0 -331 0 *
Fa
0  1e-07 285 0

0111000
+329 0 *
Sh

0101100
+328 0 *
So

0100000
+327 0 *
Ve
1e-07
508.014785426292 905.40933638036 377.023054970464
0 0

0101101
*
Ed
 1e-07 1 1 1
2  661 286 0 0 6.28318530717959
0

0101000
+325 0 -325 0 *
Ve
1e-07
508.014785426292 905.40933638036 369.023054970464
0 0

0101101
*
Ed
 1e-07 1 1 0
1  286 0 4.71238898038469 7.85398163397448
3  662 663CN 286 0 4.71238898038469 7.85398163397448
0

0101000
-325 0 +323 0 *
Ed
 1e-07 1 1 1
2  664 286 0 0 6.28318530717959
0

0101000
+323 0 -323 0 *
Wi

0101100
-324 0 +322 0 +321 0 -322 0 *
Fa
0  1e-07 286 0

0111000
+320 0 *
Sh

0101100
+319 0 *
So

0100000
+318 0 *
Ve
1e-07
509.026269464584 905.25478391235 373.736681971308
0 0

0101101
*
Ed
 1e-07 1 1 1
2  665 287 0 0 6.28318530717959
0

0101000
+316 0 -316 0 *
Ve
1e-07
509.026269464584 905.25478391235 365.736681971308
0 0

0101101
*
Ed
 1e-07 1 1 0
1  287 0 4.71238898038469 7.85398163397448
3  666 667CN 287 0 4.71238898038469 7.85398163397448
0

0101000
-316 0 +314 0 *
Ed
 1e-07 1 1 1
2  668 287 0 0 6.28318530717959
0

0101000
+314 0 -314 0 *
Wi

0101100
-315 0 +313 0 +312 0 -313 0 *
Fa
0  1e-07 287 0

0111000
+311 0 *
Sh

0101100
+310 0 *
So

0100000
+309 0 *
Ve
1e-07
509.880750600748 905.10023144434 370.450308972152
0 0

0101101
*
Ed
 1e-07 1 1 1
2  669 288 0 0 6.28318530717959
0

0101000
+307 0 -307 0 *
Ve
1e-07
509.880750600748 905.10023144434 362.450308972152
0 0

0101101
*
Ed
 1e-07 1 1 0
1  288 0 4.71238898038469 7.85398163397448
3  670 671CN 288 0 4.71238898038469 7.85398163397448
0

0101000
-307 0 +305 0 *
Ed
 1e-07 1 1 1
2  672 288 0 0 6.28318530717959
0

0101000
+305 0 -305 0 *
Wi

0101100
-306 0 +304 0 +303 0 -304 0 *
Fa
0  1e-07 288 0

0111000
+302 0 *
Sh

0101100
+301 0 *
So

0100000
+300 0 *
Ve
1e-07
510.578228834784 904.945678976329 367.163935972996
0 0

0101101
*
Ed
 1e-07 1 1 1
2  673 289 0 0 6.28318530717959
0

0101000
+298 0 -298 0 *
Ve
1e-07
510.578228834784 904.945678976329 359.163935972996
0 0

0101101
*
Ed
 1e-07 1 1 0
1  289 0 4.71238898038469 7.85398163397448
3  674 675CN 289 0 4.71238898038469 7.85398163397448
0

0101000
-298 0 +296 0 *
Ed
 1e-07 1 1 1
2  676 289 0 0 6.28318530717959
0

0101000
+296 0 -296 0 *
Wi

0101100
-297 0 +295 0 +294 0 -295 0 *
Fa
0  1e-07 289 0

0111000
+293 0 *
Sh

0101100
+292 0 *
So

0100000
+291 0 *
Ve
1e-07
511.11870416669 904.791126508319 363.87756297384
0 0

0101101
*
Ed
 1e-07 1 1 1
2  677 290 0 0 6.28318530717959
0

0101000
+289 0 -289 0 *
Ve
1e-07
511.11870416669 904.791126508319 355.87756297384
0 0

0101101
*
Ed
 1e-07 1 1 0
1  290 0 4.71238898038469 7.85398163397448
3  678 679CN 290 0 4.71238898038469 7.85398163397448
0

0101000
-289 0 +287 0 *
Ed
 1e-07 1 1 1
2  680 290 0 0 6.28318530717959
0

0101000
+287 0 -287 0 *
Wi

0101100
-288 0 +286 0 +285 0 -286 0 *
Fa
0  1e-07 290 0

0111000
+284 0 *
Sh

0101100
+283 0 *
So

0100000
+282 0 *
Ve
1e-07
511.502176596468 904.636574040309 360.591189974684
0 0

0101101
*
Ed
 1e-07 1 1 1
2  681 291 0 0 6.28318530717959
0

0101000
+280 0 -280 0 *
Ve
1e-07
511.502176596468 904.636574040309 352.591189974684
0 0

0101101
*
Ed
 1e-07 1 1 0
1  291 0 4.71238898038469 7.85398163397448
3  682 683CN 291 0 4.71238898038469 7.85398163397448
0

0101000
-280 0 +278 0 *
Ed
 1e-07 1 1 1
2  684 291 0 0 6.28318530717959
0

0101000
+278 0 -278 0 *
Wi

0101100
-279 0 +277 0 +276 0 -277 0 *
Fa
0  1e-07 291 0

0111000
+275 0 *
Sh

0101100
+274 0 *
So

0100000
+273 0 *
Ve
1e-07
511.728646124118 904.482021572299 357.304816975528
0 0

0101101
*
Ed
 1e-07 1 1 1
2  685 292 0 0 6.28318530717959
0

0101000
+271 0 -271 0 *
Ve
1e-07
511.728646124118 904.482021572299 349.304816975528
0 0

0101101
*
Ed
 1e-07 1 1 0
1  292 0 4.71238898038469 7.85398163397448
3  686 687CN 292 0 4.71238898038469 7.85398163397448
0

0101000
-271 0 +269 0 *
Ed
 1e-07 1 1 1
2  688 292 0 0 6.28318530717959
0

0101000
+269 0 -269 0 *
Wi

0101100
-270 0 +268 0 +267 0 -268 0 *
Fa
0  1e-07 292 0

0111000
+266 0 *
Sh

0101100
+265 0 *
So

0100000
+264 0 *
Ve
1e-07
511.798112749639 904.327469104288 354.018443976372
0 0

0101101
*
Ed
 1e-07 1 1 1
2  689 293 0 0 6.28318530717959
0

0101000
+262 0 -262 0 *
Ve
1e-07
511.798112749639 904.327469104288 346.018443976372
0 0

0101101
*
Ed
 1e-07 1 1 0
1  293 0 4.71238898038469 7.85398163397448
3  690 691CN 293 0 4.71238898038469 7.85398163397448
0

0101000
-262 0 +260 0 *
Ed
 1e-07 1 1 1
2  692 293 0 0 6.28318530717959
0

0101000
+260 0 -260 0 *
Wi

0101100
-261 0 +259 0 +258 0 -259 0 *
Fa
0  1e-07 293 0

0111000
+257 0 *
Sh

0101100
+256 0 *
So

0100000
+255 0 *
Ve
1e-07
511.710576473031 904.172916636278 350.732070977215
0 0

0101101
*
Ed
 1e-07 1 1 1
2  693 294 0 0 6.28318530717959
0

0101000
+253 0 -253 0 *
Ve
1e-07
511.710576473031 904.172916636278 342.732070977215
0 0

0101101
*
Ed
 1e-07 1 1 0
1  294 0 4.71238898038469 7.85398163397448
3  694 695CN 294 0 4.71238898038469 7.85398163397448
0

0101000
-253 0 +251 0 *
Ed
 1e-07 1 1 1
2  696 294 0 0 6.28318530717959
0

0101000
+251 0 -251 0 *
Wi

0101100
-252 0 +250 0 +249 0 -250 0 *
Fa
0  1e-07 294 0

0111000
+248 0 *
Sh

0101100
+247 0 *
So

0100000
+246 0 *
Ve
1e-07
511.466037294294 904.018364168268 347.445697978059
0 0

0101101
*
Ed
 1e-07 1 1 1
2  697 295 0 0 6.28318530717959
0

0101000
+244 0 -244 0 *
Ve
1e-07
511.466037294294 904.018364168268 339.445697978059
0 0

0101101
*
Ed
 1e-07 1 1 0
1  295 0 4.71238898038469 7.85398163397448
3  698 699CN 295 0 4.71238898038469 7.85398163397448
0

0101000
-244 0 +242 0 *
Ed
 1e-07 1 1 1
2  700 295 0 0 6.28318530717959
0

0101000
+242 0 -242 0 *
Wi

0101100
-243 0 +241 0 +240 0 -241 0 *
Fa
0  1e-07 295 0

0111000
+239 0 *
Sh

0101100
+238 0 *
So

0100000
+237 0 *
Ve
1e-07
511.064495213429 903.863811700257 344.159324978903
0 0

0101101
*
Ed
 1e-07 1 1 1
2  701 296 0 0 6.28318530717959
0

0101000
+235 0 -235 0 *
Ve
1e-07
511.064495213429 903.863811700257 336.159324978903
0 0

0101101
*
Ed
 1e-07 1 1 0
1  296 0 4.71238898038469 7.85398163397448
3  702 703CN 296 0 4.71238898038469 7.85398163397448
0

0101000
-235 0 +233 0 *
Ed
 1e-07 1 1 1
2  704 296 0 0 6.28318530717959
0

0101000
+233 0 -233 0 *
Wi

0101100
-234 0 +232 0 +231 0 -232 0 *
Fa
0  1e-07 296 0

0111000
+230 0 *
Sh

0101100
+229 0 *
So

0100000
+228 0 *
Ve
1e-07
510.505950230436 903.709259232247 340.872951979747
0 0

0101101
*
Ed
 1e-07 1 1 1
2  705 297 0 0 6.28318530717959
0

0101000
+226 0 -226 0 *
Ve
1e-07
510.505950230436 903.709259232247 332.872951979747
0 0

0101101
*
Ed
 1e-07 1 1 0
1  297 0 4.71238898038469 7.85398163397448
3  706 707CN 297 0 4.71238898038469 7.85398163397448
0

0101000
-226 0 +224 0 *
Ed
 1e-07 1 1 1
2  708 297 0 0 6.28318530717959
0

0101000
+224 0 -224 0 *
Wi

0101100
-225 0 +223 0 +222 0 -223 0 *
Fa
0  1e-07 297 0

0111000
+221 0 *
Sh

0101100
+220 0 *
So

0100000
+219 0 *
Ve
1e-07
509.790402345313 903.554706764237 337.586578980591
0 0

0101101
*
Ed
 1e-07 1 1 1
2  709 298 0 0 6.28318530717959
0

0101000
+217 0 -217 0 *
Ve
1e-07
509.790402345313 903.554706764237 329.586578980591
0 0

0101101
*
Ed
 1e-07 1 1 0
1  298 0 4.71238898038469 7.85398163397448
3  710 711CN 298 0 4.71238898038469 7.85398163397448
0

0101000
-217 0 +215 0 *
Ed
 1e-07 1 1 1
2  712 298 0 0 6.28318530717959
0

0101000
+215 0 -215 0 *
Wi

0101100
-216 0 +214 0 +213 0 -214 0 *
Fa
0  1e-07 298 0

0111000
+212 0 *
Sh

0101100
+211 0 *
So

0100000
+210 0 *
Ve
1e-07
508.917851558062 903.400154296226 334.300205981435
0 0

0101101
*
Ed
 1e-07 1 1 1
2  713 299 0 0 6.28318530717959
0

0101000
+208 0 -208 0 *
Ve
1e-07
508.917851558062 903.400154296226 326.300205981435
0 0

0101101
*
Ed
 1e-07 1 1 0
1  299 0 4.71238898038469 7.85398163397448
3  714 715CN 299 0 4.71238898038469 7.85398163397448
0

0101000
-208 0 +206 0 *
Ed
 1e-07 1 1 1
2  716 299 0 0 6.28318530717959
0

0101000
+206 0 -206 0 *
Wi

0101100
-207 0 +205 0 +204 0 -205 0 *
Fa
0  1e-07 299 0

0111000
+203 0 *
Sh

0101100
+202 0 *
So

0100000
+201 0 *
Ve
1e-07
507.888297868683 903.245601828216 331.013832982279
0 0

0101101
*
Ed
 1e-07 1 1 1
2  717 300 0 0 6.28318530717959
0

0101000
+199 0 -199 0 *
Ve
1e-07
507.888297868683 903.245601828216 323.013832982279
0 0

0101101
*
Ed
 1e-07 1 1 0
1  300 0 4.71238898038469 7.85398163397448
3  718 719CN 300 0 4.71238898038469 7.85398163397448
0

0101000
-199 0 +197 0 *
Ed
 1e-07 1 1 1
2  720 300 0 0 6.28318530717959
0

0101000
+197 0 -197 0 *
Wi

0101100
-198 0 +196 0 +195 0 -196 0 *
Fa
0  1e-07 300 0

0111000
+194 0 *
Sh

0101100
+193 0 *
So

0100000
+192 0 *
Ve
1e-07
506.701741277175 903.091049360206 327.727459983123
0 0

0101101
*
Ed
 1e-07 1 1 1
2  721 301 0 0 6.28318530717959
0

0101000
+190 0 -190 0 *
Ve
1e-07
506.701741277175 903.091049360206 319.727459983123
0 0

0101101
*
Ed
 1e-07 1 1 0
1  301 0 4.71238898038469 7.85398163397448
3  722 723CN 301 0 4.71238898038469 7.85398163397448
0

0101000
-190 0 +188 0 *
Ed
 1e-07 1 1 1
2  724 301 0 0 6.28318530717959
0

0101000
+188 0 -188 0 *
Wi

0101100
-189 0 +187 0 +186 0 -187 0 *
Fa
0  1e-07 301 0

0111000
+185 0 *
Sh

0101100
+184 0 *
So

0100000
+183 0 *
Ve
1e-07
505.358181783538 902.936496892196 324.441086983966
0 0

0101101
*
Ed
 1e-07 1 1 1
2  725 302 0 0 6.28318530717959
0

0101000
+181 0 -181 0 *
Ve
1e-07
505.358181783538 902.936496892196 316.441086983966
0 0

0101101
*
Ed
 1e-07 1 1 0
1  302 0 4.71238898038469 7.85398163397448
3  726 727CN 302 0 4.71238898038469 7.85398163397448
0

0101000
-181 0 +179 0 *
Ed
 1e-07 1 1 1
2  728 302 0 0 6.28318530717959
0

0101000
+179 0 -179 0 *
Wi

0101100
-180 0 +178 0 +177 0 -178 0 *
Fa
0  1e-07 302 0

0111000
+176 0 *
Sh

0101100
+175 0 *
So

0100000
+174 0 *
Ve
1e-07
503.857619387773 902.781944424185 321.15471398481
0 0

0101101
*
Ed
 1e-07 1 1 1
2  729 303 0 0 6.28318530717959
0

0101000
+172 0 -172 0 *
Ve
1e-07
503.857619387773 902.781944424185 313.15471398481
0 0

0101101
*
Ed
 1e-07 1 1 0
1  303 0 4.71238898038469 7.85398163397448
3  730 731CN 303 0 4.71238898038469 7.85398163397448
0

0101000
-172 0 +170 0 *
Ed
 1e-07 1 1 1
2  732 303 0 0 6.28318530717959
0

0101000
+170 0 -170 0 *
Wi

0101100
-171 0 +169 0 +168 0 -169 0 *
Fa
0  1e-07 303 0

0111000
+167 0 *
Sh

0101100
+166 0 *
So

0100000
+165 0 *
Ve
1e-07
502.200054089878 902.627391956175 317.868340985654
0 0

0101101
*
Ed
 1e-07 1 1 1
2  733 304 0 0 6.28318530717959
0

0101000
+163 0 -163 0 *
Ve
1e-07
502.200054089878 902.627391956175 309.868340985654
0 0

0101101
*
Ed
 1e-07 1 1 0
1  304 0 4.71238898038469 7.85398163397448
3  734 735CN 304 0 4.71238898038469 7.85398163397448
0

0101000
-163 0 +161 0 *
Ed
 1e-07 1 1 1
2  736 304 0 0 6.28318530717959
0

0101000
+161 0 -161 0 *
Wi

0101100
-162 0 +160 0 +159 0 -160 0 *
Fa
0  1e-07 304 0

0111000
+158 0 *
Sh

0101100
+157 0 *
So

0100000
+156 0 *
Ve
1e-07
500.385485889856 902.472839488165 314.581967986498
0 0

0101101
*
Ed
 1e-07 1 1 1
2  737 305 0 0 6.28318530717959
0

0101000
+154 0 -154 0 *
Ve
1e-07
500.385485889856 902.472839488165 306.581967986498
0 0

0101101
*
Ed
 1e-07 1 1 0
1  305 0 4.71238898038469 7.85398163397448
3  738 739CN 305 0 4.71238898038469 7.85398163397448
0

0101000
-154 0 +152 0 *
Ed
 1e-07 1 1 1
2  740 305 0 0 6.28318530717959
0

0101000
+152 0 -152 0 *
Wi

0101100
-153 0 +151 0 +150 0 -151 0 *
Fa
0  1e-07 305 0

0111000
+149 0 *
Sh

0101100
+148 0 *
So

0100000
+147 0 *
Ve
1e-07
498.413914787704 902.318287020154 311.295594987342
0 0

0101101
*
Ed
 1e-07 1 1 1
2  741 306 0 0 6.28318530717959
0

0101000
+145 0 -145 0 *
Ve
1e-07
498.413914787704 902.318287020154 303.295594987342
0 0

0101101
*
Ed
 1e-07 1 1 0
1  306 0 4.71238898038469 7.85398163397448
3  742 743CN 306 0 4.71238898038469 7.85398163397448
0

0101000
-145 0 +143 0 *
Ed
 1e-07 1 1 1
2  744 306 0 0 6.28318530717959
0

0101000
+143 0 -143 0 *
Wi

0101100
-144 0 +142 0 +141 0 -142 0 *
Fa
0  1e-07 306 0

0111000
+140 0 *
Sh

0101100
+139 0 *
So

0100000
+138 0 *
Ve
1e-07
496.285340783425 902.163734552144 308.009221988186
0 0

0101101
*
Ed
 1e-07 1 1 1
2  745 307 0 0 6.28318530717959
0

0101000
+136 0 -136 0 *
Ve
1e-07
496.285340783425 902.163734552144 300.009221988186
0 0

0101101
*
Ed
 1e-07 1 1 0
1  307 0 4.71238898038469 7.85398163397448
3  746 747CN 307 0 4.71238898038469 7.85398163397448
0

0101000
-136 0 +134 0 *
Ed
 1e-07 1 1 1
2  748 307 0 0 6.28318530717959
0

0101000
+134 0 -134 0 *
Wi

0101100
-135 0 +133 0 +132 0 -133 0 *
Fa
0  1e-07 307 0

0111000
+131 0 *
Sh

0101100
+130 0 *
So

0100000
+129 0 *
Ve
1e-07
493.999763877016 902.009182084134 304.72284898903
0 0

0101101
*
Ed
 1e-07 1 1 1
2  749 308 0 0 6.28318530717959
0

0101000
+127 0 -127 0 *
Ve
1e-07
493.999763877016 902.009182084134 296.72284898903
0 0

0101101
*
Ed
 1e-07 1 1 0
1  308 0 4.71238898038469 7.85398163397448
3  750 751CN 308 0 4.71238898038469 7.85398163397448
0

0101000
-127 0 +125 0 *
Ed
 1e-07 1 1 1
2  752 308 0 0 6.28318530717959
0

0101000
+125 0 -125 0 *
Wi

0101100
-126 0 +124 0 +123 0 -124 0 *
Fa
0  1e-07 308 0

0111000
+122 0 *
Sh

0101100
+121 0 *
So

0100000
+120 0 *
Ve
1e-07
491.557184068479 901.854629616123 301.436475989874
0 0

0101101
*
Ed
 1e-07 1 1 1
2  753 309 0 0 6.28318530717959
0

0101000
+118 0 -118 0 *
Ve
1e-07
491.557184068479 901.854629616123 293.436475989874
0 0

0101101
*
Ed
 1e-07 1 1 0
1  309 0 4.71238898038469 7.85398163397448
3  754 755CN 309 0 4.71238898038469 7.85398163397448
0

0101000
-118 0 +116 0 *
Ed
 1e-07 1 1 1
2  756 309 0 0 6.28318530717959
0

0101000
+116 0 -116 0 *
Wi

0101100
-117 0 +115 0 +114 0 -115 0 *
Fa
0  1e-07 309 0

0111000
+113 0 *
Sh

0101100
+112 0 *
So

0100000
+111 0 *
Ve
1e-07
488.957601357813 901.700077148113 298.150102990717
0 0

0101101
*
Ed
 1e-07 1 1 1
2  757 310 0 0 6.28318530717959
0

0101000
+109 0 -109 0 *
Ve
1e-07
488.957601357813 901.700077148113 290.150102990717
0 0

0101101
*
Ed
 1e-07 1 1 0
1  310 0 4.71238898038469 7.85398163397448
3  758 759CN 310 0 4.71238898038469 7.85398163397448
0

0101000
-109 0 +107 0 *
Ed
 1e-07 1 1 1
2  760 310 0 0 6.28318530717959
0

0101000
+107 0 -107 0 *
Wi

0101100
-108 0 +106 0 +105 0 -106 0 *
Fa
0  1e-07 310 0

0111000
+104 0 *
Sh

0101100
+103 0 *
So

0100000
+102 0 *
Ve
1e-07
486.201015745019 901.545524680103 294.863729991561
0 0

0101101
*
Ed
 1e-07 1 1 1
2  761 311 0 0 6.28318530717959
0

0101000
+100 0 -100 0 *
Ve
1e-07
486.201015745019 901.545524680103 286.863729991561
0 0

0101101
*
Ed
 1e-07 1 1 0
1  311 0 4.71238898038469 7.85398163397448
3  762 763CN 311 0 4.71238898038469 7.85398163397448
0

0101000
-100 0 +98 0 *
Ed
 1e-07 1 1 1
2  764 311 0 0 6.28318530717959
0

0101000
+98 0 -98 0 *
Wi

0101100
-99 0 +97 0 +96 0 -97 0 *
Fa
0  1e-07 311 0

0111000
+95 0 *
Sh

0101100
+94 0 *
So

0100000
+93 0 *
Ve
1e-07
483.287427230096 901.390972212093 291.577356992405
0 0

0101101
*
Ed
 1e-07 1 1 1
2  765 312 0 0 6.28318530717959
0

0101000
+91 0 -91 0 *
Ve
1e-07
483.287427230096 901.390972212093 283.577356992405
0 0

0101101
*
Ed
 1e-07 1 1 0
1  312 0 4.71238898038469 7.85398163397448
3  766 767CN 312 0 4.71238898038469 7.85398163397448
0

0101000
-91 0 +89 0 *
Ed
 1e-07 1 1 1
2  768 312 0 0 6.28318530717959
0

0101000
+89 0 -89 0 *
Wi

0101100
-90 0 +88 0 +87 0 -88 0 *
Fa
0  1e-07 312 0

0111000
+86 0 *
Sh

0101100
+85 0 *
So

0100000
+84 0 *
Ve
1e-07
480.216835813044 901.236419744082 288.290983993249
0 0

0101101
*
Ed
 1e-07 1 1 1
2  769 313 0 0 6.28318530717959
0

0101000
+82 0 -82 0 *
Ve
1e-07
480.216835813044 901.236419744082 280.290983993249
0 0

0101101
*
Ed
 1e-07 1 1 0
1  313 0 4.71238898038469 7.85398163397448
3  770 771CN 313 0 4.71238898038469 7.85398163397448
0

0101000
-82 0 +80 0 *
Ed
 1e-07 1 1 1
2  772 313 0 0 6.28318530717959
0

0101000
+80 0 -80 0 *
Wi

0101100
-81 0 +79 0 +78 0 -79 0 *
Fa
0  1e-07 313 0

0111000
+77 0 *
Sh

0101100
+76 0 *
So

0100000
+75 0 *
Ve
1e-07
476.989241493864 901.081867276072 285.004610994093
0 0

0101101
*
Ed
 1e-07 1 1 1
2  773 314 0 0 6.28318530717959
0

0101000
+73 0 -73 0 *
Ve
1e-07
476.989241493864 901.081867276072 277.004610994093
0 0

0101101
*
Ed
 1e-07 1 1 0
1  314 0 4.71238898038469 7.85398163397448
3  774 775CN 314 0 4.71238898038469 7.85398163397448
0

0101000
-73 0 +71 0 *
Ed
 1e-07 1 1 1
2  776 314 0 0 6.28318530717959
0

0101000
+71 0 -71 0 *
Wi

0101100
-72 0 +70 0 +69 0 -70 0 *
Fa
0  1e-07 314 0

0111000
+68 0 *
Sh

0101100
+67 0 *
So

0100000
+66 0 *
Ve
1e-07
473.604644272555 900.927314808062 281.718237994937
0 0

0101101
*
Ed
 1e-07 1 1 1
2  777 315 0 0 6.28318530717959
0

0101000
+64 0 -64 0 *
Ve
1e-07
473.604644272555 900.927314808062 273.718237994937
0 0

0101101
*
Ed
 1e-07 1 1 0
1  315 0 4.71238898038469 7.85398163397448
3  778 779CN 315 0 4.71238898038469 7.85398163397448
0

0101000
-64 0 +62 0 *
Ed
 1e-07 1 1 1
2  780 315 0 0 6.28318530717959
0

0101000
+62 0 -62 0 *
Wi

0101100
-63 0 +61 0 +60 0 -61 0 *
Fa
0  1e-07 315 0

0111000
+59 0 *
Sh

0101100
+58 0 *
So

0100000
+57 0 *
Ve
1e-07
470.063044149117 900.772762340051 278.431864995781
0 0

0101101
*
Ed
 1e-07 1 1 1
2  781 316 0 0 6.28318530717959
0

0101000
+55 0 -55 0 *
Ve
1e-07
470.063044149117 900.772762340051 270.431864995781
0 0

0101101
*
Ed
 1e-07 1 1 0
1  316 0 4.71238898038469 7.85398163397448
3  782 783CN 316 0 4.71238898038469 7.85398163397448
0

0101000
-55 0 +53 0 *
Ed
 1e-07 1 1 1
2  784 316 0 0 6.28318530717959
0

0101000
+53 0 -53 0 *
Wi

0101100
-54 0 +52 0 +51 0 -52 0 *
Fa
0  1e-07 316 0

0111000
+50 0 *
Sh

0101100
+49 0 *
So

0100000
+48 0 *
Ve
1e-07
466.364441123551 900.618209872041 275.145491996625
0 0

0101101
*
Ed
 1e-07 1 1 1
2  785 317 0 0 6.28318530717959
0

0101000
+46 0 -46 0 *
Ve
1e-07
466.364441123551 900.618209872041 267.145491996625
0 0

0101101
*
Ed
 1e-07 1 1 0
1  317 0 4.71238898038469 7.85398163397448
3  786 787CN 317 0 4.71238898038469 7.85398163397448
0

0101000
-46 0 +44 0 *
Ed
 1e-07 1 1 1
2  788 317 0 0 6.28318530717959
0

0101000
+44 0 -44 0 *
Wi

0101100
-45 0 +43 0 +42 0 -43 0 *
Fa
0  1e-07 317 0

0111000
+41 0 *
Sh

0101100
+40 0 *
So

0100000
+39 0 *
Ve
1e-07
462.508835195856 900.463657404031 271.859118997468
0 0

0101101
*
Ed
 1e-07 1 1 1
2  789 318 0 0 6.28318530717959
0

0101000
+37 0 -37 0 *
Ve
1e-07
462.508835195856 900.463657404031 263.859118997468
0 0

0101101
*
Ed
 1e-07 1 1 0
1  318 0 4.71238898038469 7.85398163397448
3  790 791CN 318 0 4.71238898038469 7.85398163397448
0

0101000
-37 0 +35 0 *
Ed
 1e-07 1 1 1
2  792 318 0 0 6.28318530717959
0

0101000
+35 0 -35 0 *
Wi

0101100
-36 0 +34 0 +33 0 -34 0 *
Fa
0  1e-07 318 0

0111000
+32 0 *
Sh

0101100
+31 0 *
So

0100000
+30 0 *
Ve
1e-07
458.496226366033 900.309104936021 268.572745998312
0 0

0101101
*
Ed
 1e-07 1 1 1
2  793 319 0 0 6.28318530717959
0

0101000
+28 0 -28 0 *
Ve
1e-07
458.496226366033 900.309104936021 260.572745998312
0 0

0101101
*
Ed
 1e-07 1 1 0
1  319 0 4.71238898038469 7.85398163397448
3  794 795CN 319 0 4.71238898038469 7.85398163397448
0

0101000
-28 0 +26 0 *
Ed
 1e-07 1 1 1
2  796 319 0 0 6.28318530717959
0

0101000
+26 0 -26 0 *
Wi

0101100
-27 0 +25 0 +24 0 -25 0 *
Fa
0  1e-07 319 0

0111000
+23 0 *
Sh

0101100
+22 0 *
So

0100000
+21 0 *
Ve
1e-07
454.326614634081 900.15455246801 265.286372999156
0 0

0101101
*
Ed
 1e-07 1 1 1
2  797 320 0 0 6.28318530717959
0

0101000
+19 0 -19 0 *
Ve
1e-07
454.326614634081 900.15455246801 257.286372999156
0 0

0101101
*
Ed
 1e-07 1 1 0
1  320 0 4.71238898038469 7.85398163397448
3  798 799CN 320 0 4.71238898038469 7.85398163397448
0

0101000
-19 0 +17 0 *
Ed
 1e-07 1 1 1
2  800 320 0 0 6.28318530717959
0

0101000
+17 0 -17 0 *
Wi

0101100
-18 0 +16 0 +15 0 -16 0 *
Fa
0  1e-07 320 0

0111000
+14 0 *
Sh

0101100
+13 0 *
So

0100000
+12 0 *
Ve
1e-07
450 900 262
0 0

0101101
*
Ed
 1e-07 1 1 1
2  801 321 0 0 6.28318530717959
0

0101000
+10 0 -10 0 *
Ve
1e-07
450 900 254
0 0

0101101
*
Ed
 1e-07 1 1 0
1  321 0 4.71238898038469 7.85398163397448
3  802 803CN 321 0 4.71238898038469 7.85398163397448
0

0101000
-10 0 +8 0 *
Ed
 1e-07 1 1 1
2  804 321 0 0 6.28318530717959
0

0101000
+8 0 -8 0 *
Wi

0101100
-9 0 +7 0 +6 0 -7 0 *
Fa
0  1e-07 321 0

0111000
+5 0 *
Sh

0101100
+4 0 *
So

0100000
+3 0 *
Co

0100000
+1758 0 +1745 0 +1732 0 +1719 0 +1706 0 +1693 0 +1680 0 +1667 0 +1654 0 +1641 0 
+1628 0 +1615 0 +1602 0 +1589 0 +1576 0 +1563 0 +1550 0 +1537 0 +1524 0 +1511 0 
+1498 0 +1485 0 +1472 0 +1459 0 +1446 0 +1433 0 +1420 0 +1407 0 +1394 0 +1381 0 
+1368 0 +1355 0 +1342 0 +1329 0 +1316 0 +1303 0 +1290 0 +1277 0 +1264 0 +1251 0 
+1238 0 +1225 0 +1212 0 +1199 0 +1186 0 +1173 0 +1160 0 +1147 0 +1134 0 +1121 0 
+1108 0 +1095 0 +1082 0 +1069 0 +1056 0 +1043 0 +1030 0 +1017 0 +1004 0 +991 0 
+978 0 +965 0 +952 0 +939 0 +926 0 +913 0 +900 0 +887 0 +874 0 +861 0 
+848 0 +835 0 +822 0 +809 0 +796 0 +783 0 +770 0 +757 0 +744 0 +731 0 
+722 0 +713 0 +704 0 +695 0 +686 0 +677 0 +668 0 +659 0 +650 0 +641 0 
+632 0 +623 0 +614 0 +605 0 +596 0 +587 0 +578 0 +569 0 +560 0 +551 0 
+542 0 +533 0 +524 0 +515 0 +506 0 +497 0 +488 0 +479 0 +470 0 +461 0 
+452 0 +443 0 +434 0 +425 0 +416 0 +407 0 +398 0 +389 0 +380 0 +371 0 
+362 0 +353 0 +344 0 +335 0 +326 0 +317 0 +308 0 +299 0 +290 0 +281 0 
+272 0 +263 0 +254 0 +245 0 +236 0 +227 0 +218 0 +209 0 +200 0 +191 0 
+182 0 +173 0 +164 0 +155 0 +146 0 +137 0 +128 0 +119 0 +110 0 +101 0 
+92 0 +83 0 +74 0 +65 0 +56 0 +47 0 +38 0 +29 0 +20 0 +11 0 
+2 0 *

+1 0 