DBRep_DrawableShape

CASCADE Topology V1, (c) Matra-Datavision
Locations 0
Curve2ds 804
1 0 7.5086461694190891 1 0 
2 0 0 1 0 -0 1 4
1 6.2831853071795862 -0 0 1 
1 0 -0 0 1 
1 0 0 1 0 
2 0 0 1 0 -0 1 4
1 0 7.411967580129164 1 0 
2 0 0 1 0 -0 1 4
1 6.2831853071795862 -0 0 1 
1 0 -0 0 1 
1 0 0 1 0 
2 0 0 1 0 -0 1 4
1 0 7.3157897308871451 1 0 
2 0 0 1 0 -0 1 4
1 6.2831853071795862 -0 0 1 
1 0 -0 0 1 
1 0 0 1 0 
2 0 0 1 0 -0 1 4
1 0 7.2201326324754307 1 0 
2 0 0 1 0 -0 1 4
1 6.2831853071795862 -0 0 1 
1 0 -0 0 1 
1 0 0 1 0 
2 0 0 1 0 -0 1 4
1 0 7.1250172589849647 1 0 
2 0 0 1 0 -0 1 4
1 6.2831853071795862 -0 0 1 
1 0 -0 0 1 
1 0 0 1 0 
2 0 0 1 0 -0 1 4
1 0 7.0304655974867876 1 0 
2 0 0 1 0 -0 1 4
1 6.2831853071795862 -0 0 1 
1 0 -0 0 1 
1 0 0 1 0 
2 0 0 1 0 -0 1 4
1 0 6.9365006999474543 1 0 
2 0 0 1 0 -0 1 4
1 6.2831853071795862 -0 0 1 
1 0 -0 0 1 
1 0 0 1 0 
2 0 0 1 0 -0 1 4
1 0 6.8431467374017352 1 0 
2 0 0 1 0 -0 1 4
1 6.2831853071795862 -0 0 1 
1 0 -0 0 1 
1 0 0 1 0 
2 0 0 1 0 -0 1 4
1 0 6.7504290563761407 1 0 
2 0 0 1 0 -0 1 4
1 6.2831853071795862 -0 0 1 
1 0 -0 0 1 
1 0 0 1 0 
2 0 0 1 0 -0 1 4
1 0 6.6583742375325183 1 0 
2 0 0 1 0 -0 1 4
1 6.2831853071795862 -0 0 1 
1 0 -0 0 1 
1 0 0 1 0 
2 0 0 1 0 -0 1 4
1 0 6.5670101564731 1 0 
2 0 0 1 0 -0 1 4
1 6.2831853071795862 -0 0 1 
1 0 -0 0 1 
1 0 0 1 0 
2 0 0 1 0 -0 1 4
1 0 6.4763660466128359 1 0 
2 0 0 1 0 -0 1 4
1 6.2831853071795862 -0 0 1 
1 0 -0 0 1 
1 0 0 1 0 
2 0 0 1 0 -0 1 4
1 0 6.3864725639849516 1 0 
2 0 0 1 0 -0 1 4
1 6.2831853071795862 -0 0 1 
1 0 -0 0 1 
1 0 0 1 0 
2 0 0 1 0 -0 1 4
1 0 6.2973618537972111 1 0 
2 0 0 1 0 -0 1 4
1 6.2831853071795862 -0 0 1 
1 0 -0 0 1 
1 0 0 1 0 
2 0 0 1 0 -0 1 4
1 0 6.2090676184997511 1 0 
2 0 0 1 0 -0 1 4
1 6.2831853071795862 -0 0 1 
1 0 -0 0 1 
1 0 0 1 0 
2 0 0 1 0 -0 1 4
1 0 6.121625187060892 1 0 
2 0 0 1 0 -0 1 4
1 6.2831853071795862 -0 0 1 
1 0 -0 0 1 
1 0 0 1 0 
2 0 0 1 0 -0 1 4
1 0 6.0350715850709165 1 0 
2 0 0 1 0 -0 1 4
1 6.2831853071795862 -0 0 1 
1 0 -0 0 1 
1 0 0 1 0 
2 0 0 1 0 -0 1 4
1 0 5.9494456052068703 1 0 
2 0 0 1 0 -0 1 4
1 6.2831853071795862 -0 0 1 
1 0 -0 0 1 
1 0 0 1 0 
2 0 0 1 0 -0 1 4
1 0 5.8647878774953002 1 0 
2 0 0 1 0 -0 1 4
1 6.2831853071795862 -0 0 1 
1 0 -0 0 1 
1 0 0 1 0 
2 0 0 1 0 -0 1 4
1 0 5.7811409386927766 1 0 
2 0 0 1 0 -0 1 4
1 6.2831853071795862 -0 0 1 
1 0 -0 0 1 
1 0 0 1 0 
2 0 0 1 0 -0 1 4
1 0 5.6985492999849088 1 0 
2 0 0 1 0 -0 1 4
1 6.2831853071795862 -0 0 1 
1 0 -0 0 1 
1 0 0 1 0 
2 0 0 1 0 -0 1 4
1 0 5.6170595120581464 1 0 
2 0 0 1 0 -0 1 4
1 6.2831853071795862 -0 0 1 
1 0 -0 0 1 
1 0 0 1 0 
2 0 0 1 0 -0 1 4
1 0 5.5367202264481872 1 0 
2 0 0 1 0 -0 1 4
1 6.2831853071795862 -0 0 1 
1 0 -0 0 1 
1 0 0 1 0 
2 0 0 1 0 -0 1 4
1 0 5.4575822518981374 1 0 
2 0 0 1 0 -0 1 4
1 6.2831853071795862 -0 0 1 
1 0 -0 0 1 
1 0 0 1 0 
2 0 0 1 0 -0 1 4
1 0 5.379698604273246 1 0 
2 0 0 1 0 -0 1 4
1 6.2831853071795862 -0 0 1 
1 0 -0 0 1 
1 0 0 1 0 
2 0 0 1 0 -0 1 4
1 0 5.3031245483885243 1 0 
2 0 0 1 0 -0 1 4
1 6.2831853071795862 -0 0 1 
1 0 -0 0 1 
1 0 0 1 0 
2 0 0 1 0 -0 1 4
1 0 5.2279176298922305 1 0 
2 0 0 1 0 -0 1 4
1 6.2831853071795862 -0 0 1 
1 0 -0 0 1 
1 0 0 1 0 
2 0 0 1 0 -0 1 4
1 0 5.1541376951404665 1 0 
2 0 0 1 0 -0 1 4
1 6.2831853071795862 -0 0 1 
1 0 -0 0 1 
1 0 0 1 0 
2 0 0 1 0 -0 1 4
1 0 5.0818468967800889 1 0 
2 0 0 1 0 -0 1 4
1 6.2831853071795862 -0 0 1 
1 0 -0 0 1 
1 0 0 1 0 
2 0 0 1 0 -0 1 4
1 0 5.0111096825425649 1 0 
2 0 0 1 0 -0 1 4
1 6.2831853071795862 -0 0 1 
1 0 -0 0 1 
1 0 0 1 0 
2 0 0 1 0 -0 1 4
1 0 4.9419927645582193 1 0 
2 0 0 1 0 -0 1 4
1 6.2831853071795862 -0 0 1 
1 0 -0 0 1 
1 0 0 1 0 
2 0 0 1 0 -0 1 4
1 0 4.87456506631466 1 0 
2 0 0 1 0 -0 1 4
1 6.2831853071795862 -0 0 1 
1 0 -0 0 1 
1 0 0 1 0 
2 0 0 1 0 -0 1 4
1 0 4.808897644246299 1 0 
2 0 0 1 0 -0 1 4
1 6.2831853071795862 -0 0 1 
1 0 -0 0 1 
1 0 0 1 0 
2 0 0 1 0 -0 1 4
1 0 4.7450635808443709 1 0 
2 0 0 1 0 -0 1 4
1 6.2831853071795862 -0 0 1 
1 0 -0 0 1 
1 0 0 1 0 
2 0 0 1 0 -0 1 4
1 0 4.6831378461440245 1 0 
2 0 0 1 0 -0 1 4
1 6.2831853071795862 -0 0 1 
1 0 -0 0 1 
1 0 0 1 0 
2 0 0 1 0 -0 1 4
1 0 4.6231971245051717 1 0 
2 0 0 1 0 -0 1 4
1 6.2831853071795862 -0 0 1 
1 0 -0 0 1 
1 0 0 1 0 
2 0 0 1 0 -0 1 4
1 0 4.5653196037511776 1 0 
2 0 0 1 0 -0 1 4
1 6.2831853071795862 -0 0 1 
1 0 -0 0 1 
1 0 0 1 0 
2 0 0 1 0 -0 1 4
1 0 4.5095847240150198 1 0 
2 0 0 1 0 -0 1 4
1 6.2831853071795862 -0 0 1 
1 0 -0 0 1 
1 0 0 1 0 
2 0 0 1 0 -0 1 4
1 0 4.4560728840605917 1 0 
2 0 0 1 0 -0 1 4
1 6.2831853071795862 -0 0 1 
1 0 -0 0 1 
1 0 0 1 0 
2 0 0 1 0 -0 1 4
1 0 4.4048651034241022 1 0 
2 0 0 1 0 -0 1 4
1 6.2831853071795862 -0 0 1 
1 0 -0 0 1 
1 0 0 1 0 
2 0 0 1 0 -0 1 4
1 0 4.3560426394817044 1 0 
2 0 0 1 0 -0 1 4
1 6.2831853071795862 -0 0 1 
1 0 -0 0 1 
1 0 0 1 0 
2 0 0 1 0 -0 1 4
1 0 4.309686559474625 1 0 
2 0 0 1 0 -0 1 4
1 6.2831853071795862 -0 0 1 
1 0 -0 0 1 
1 0 0 1 0 
2 0 0 1 0 -0 1 4
1 0 4.2658772686475572 1 0 
2 0 0 1 0 -0 1 4
1 6.2831853071795862 -0 0 1 
1 0 -0 0 1 
1 0 0 1 0 
2 0 0 1 0 -0 1 4
1 0 4.2246939969335386 1 0 
2 0 0 1 0 -0 1 4
1 6.2831853071795862 -0 0 1 
1 0 -0 0 1 
1 0 0 1 0 
2 0 0 1 0 -0 1 4
1 0 4.1862142480531555 1 0 
2 0 0 1 0 -0 1 4
1 6.2831853071795862 -0 0 1 
1 0 -0 0 1 
1 0 0 1 0 
2 0 0 1 0 -0 1 4
1 0 4.1505132164341356 1 0 
2 0 0 1 0 -0 1 4
1 6.2831853071795862 -0 0 1 
1 0 -0 0 1 
1 0 0 1 0 
2 0 0 1 0 -0 1 4
1 0 4.1176631789524007 1 0 
2 0 0 1 0 -0 1 4
1 6.2831853071795862 -0 0 1 
1 0 -0 0 1 
1 0 0 1 0 
2 0 0 1 0 -0 1 4
1 0 4.0877328700785434 1 0 
2 0 0 1 0 -0 1 4
1 6.2831853071795862 -0 0 1 
1 0 -0 0 1 
1 0 0 1 0 
2 0 0 1 0 -0 1 4
1 0 4.0607868505076077 1 0 
2 0 0 1 0 -0 1 4
1 6.2831853071795862 -0 0 1 
1 0 -0 0 1 
1 0 0 1 0 
2 0 0 1 0 -0 1 4
1 0 4.0368848806604154 1 0 
2 0 0 1 0 -0 1 4
1 6.2831853071795862 -0 0 1 
1 0 -0 0 1 
1 0 0 1 0 
2 0 0 1 0 -0 1 4
1 0 4.0160813114861655 1 0 
2 0 0 1 0 -0 1 4
1 6.2831853071795862 -0 0 1 
1 0 -0 0 1 
1 0 0 1 0 
2 0 0 1 0 -0 1 4
1 0 3.9984245056705587 1 0 
2 0 0 1 0 -0 1 4
1 6.2831853071795862 -0 0 1 
1 0 -0 0 1 
1 0 0 1 0 
2 0 0 1 0 -0 1 4
1 0 3.9839563025890921 1 0 
2 0 0 1 0 -0 1 4
1 6.2831853071795862 -0 0 1 
1 0 -0 0 1 
1 0 0 1 0 
2 0 0 1 0 -0 1 4
1 0 3.9727115400752266 1 0 
2 0 0 1 0 -0 1 4
1 6.2831853071795862 -0 0 1 
1 0 -0 0 1 
1 0 0 1 0 
2 0 0 1 0 -0 1 4
1 0 3.9647176452641153 1 0 
2 0 0 1 0 -0 1 4
1 6.2831853071795862 -0 0 1 
1 0 -0 0 1 
1 0 0 1 0 
2 0 0 1 0 -0 1 4
1 0 3.9599943054257802 1 0 
2 0 0 1 0 -0 1 4
1 6.2831853071795862 -0 0 1 
1 0 -0 0 1 
1 0 0 1 0 
2 0 0 1 0 -0 1 4
1 0 3.9585532278416586 1 0 
2 0 0 1 0 -0 1 4
1 6.2831853071795862 -0 0 1 
1 0 -0 0 1 
1 0 0 1 0 
2 0 0 1 0 -0 1 4
1 0 3.9603979954823787 1 0 
2 0 0 1 0 -0 1 4
1 6.2831853071795862 -0 0 1 
1 0 -0 0 1 
1 0 0 1 0 
2 0 0 1 0 -0 1 4
1 0 3.9655240226104498 1 0 
2 0 0 1 0 -0 1 4
1 6.2831853071795862 -0 0 1 
1 0 -0 0 1 
1 0 0 1 0 
2 0 0 1 0 -0 1 4
1 0 3.973918611584101 1 0 
2 0 0 1 0 -0 1 4
1 6.2831853071795862 -0 0 1 
1 0 -0 0 1 
1 0 0 1 0 
2 0 0 1 0 -0 1 4
1 0 3.9855611092296002 1 0 
2 0 0 1 0 -0 1 4
1 6.2831853071795862 -0 0 1 
1 0 -0 0 1 
1 0 0 1 0 
2 0 0 1 0 -0 1 4
1 0 4.0004231583204648 1 0 
2 0 0 1 0 -0 1 4
1 6.2831853071795862 -0 0 1 
1 0 -0 0 1 
1 0 0 1 0 
2 0 0 1 0 -0 1 4
1 0 4.0184690371040679 1 0 
2 0 0 1 0 -0 1 4
1 6.2831853071795862 -0 0 1 
1 0 -0 0 1 
1 0 0 1 0 
2 0 0 1 0 -0 1 4
1 0 4.0396560775660779 1 0 
2 0 0 1 0 -0 1 4
1 6.2831853071795862 -0 0 1 
1 0 -0 0 1 
1 0 0 1 0 
2 0 0 1 0 -0 1 4
1 0 4.0639351513260182 1 0 
2 0 0 1 0 -0 1 4
1 6.2831853071795862 -0 0 1 
1 0 -0 0 1 
1 0 0 1 0 
2 0 0 1 0 -0 1 4
1 0 4.0912512107745371 1 0 
2 0 0 1 0 -0 1 4
1 6.2831853071795862 -0 0 1 
1 0 -0 0 1 
1 0 0 1 0 
2 0 0 1 0 -0 1 4
1 0 4.1215438723201823 1 0 
2 0 0 1 0 -0 1 4
1 6.2831853071795862 -0 0 1 
1 0 -0 0 1 
1 0 0 1 0 
2 0 0 1 0 -0 1 4
1 0 4.1547480284091911 1 0 
2 0 0 1 0 -0 1 4
1 6.2831853071795862 -0 0 1 
1 0 -0 0 1 
1 0 0 1 0 
2 0 0 1 0 -0 1 4
1 0 4.1907944752749255 1 0 
2 0 0 1 0 -0 1 4
1 6.2831853071795862 -0 0 1 
1 0 -0 0 1 
1 0 0 1 0 
2 0 0 1 0 -0 1 4
1 0 4.2296105440966825 1 0 
2 0 0 1 0 -0 1 4
1 6.2831853071795862 -0 0 1 
1 0 -0 0 1 
1 0 0 1 0 
2 0 0 1 0 -0 1 4
1 0 4.2711207243283891 1 0 
2 0 0 1 0 -0 1 4
1 6.2831853071795862 -0 0 1 
1 0 -0 0 1 
1 0 0 1 0 
2 0 0 1 0 -0 1 4
1 0 4.3152472692947406 1 0 
2 0 0 1 0 -0 1 4
1 6.2831853071795862 -0 0 1 
1 0 -0 0 1 
1 0 0 1 0 
2 0 0 1 0 -0 1 4
1 0 4.3619107756622197 1 0 
2 0 0 1 0 -0 1 4
1 6.2831853071795862 -0 0 1 
1 0 -0 0 1 
1 0 0 1 0 
2 0 0 1 0 -0 1 4
1 0 4.4110307299808538 1 0 
2 0 0 1 0 -0 1 4
1 6.2831853071795862 -0 0 1 
1 0 -0 0 1 
1 0 0 1 0 
2 0 0 1 0 -0 1 4
1 0 4.4625260170834729 1 0 
2 0 0 1 0 -0 1 4
1 6.2831853071795862 -0 0 1 
1 0 -0 0 1 
1 0 0 1 0 
2 0 0 1 0 -0 1 4
1 0 4.5163153866590147 1 0 
2 0 0 1 0 -0 1 4
1 6.2831853071795862 -0 0 1 
1 0 -0 0 1 
1 0 0 1 0 
2 0 0 1 0 -0 1 4
1 0 4.5723178757292979 1 0 
2 0 0 1 0 -0 1 4
1 6.2831853071795862 -0 0 1 
1 0 -0 0 1 
1 0 0 1 0 
2 0 0 1 0 -0 1 4
1 0 4.6304531860249503 1 0 
2 0 0 1 0 -0 1 4
1 6.2831853071795862 -0 0 1 
1 0 -0 0 1 
1 0 0 1 0 
2 0 0 1 0 -0 1 4
1 0 4.6906420163489679 1 0 
2 0 0 1 0 -0 1 4
1 6.2831853071795862 -0 0 1 
1 0 -0 0 1 
1 0 0 1 0 
2 0 0 1 0 -0 1 4
1 0 4.7528063509280738 1 0 
2 0 0 1 0 -0 1 4
1 6.2831853071795862 -0 0 1 
1 0 -0 0 1 
1 0 0 1 0 
2 0 0 1 0 -0 1 4
1 0 1.5707963267948966 1 0 
1 6.2831853071795862 -6.2831853071795862 0 1 
1 0 -6.2831853071795862 0 1 
1 0 -1.5707963267948966 1 0 
1 0 1.5707963267948966 1 0 
1 6.2831853071795862 -6.2831853071795862 0 1 
1 0 -6.2831853071795862 0 1 
1 0 -1.5707963267948966 1 0 
1 0 1.5707963267948966 1 0 
1 6.2831853071795862 -6.2831853071795862 0 1 
1 0 -6.2831853071795862 0 1 
1 0 -1.5707963267948966 1 0 
1 0 1.5707963267948966 1 0 
1 6.2831853071795862 -6.2831853071795862 0 1 
1 0 -6.2831853071795862 0 1 
1 0 -1.5707963267948966 1 0 
1 0 1.5707963267948966 1 0 
1 6.2831853071795862 -6.2831853071795862 0 1 
1 0 -6.2831853071795862 0 1 
1 0 -1.5707963267948966 1 0 
1 0 1.5707963267948966 1 0 
1 6.2831853071795862 -6.2831853071795862 0 1 
1 0 -6.2831853071795862 0 1 
1 0 -1.5707963267948966 1 0 
1 0 1.5707963267948966 1 0 
1 6.2831853071795862 -6.2831853071795862 0 1 
1 0 -6.2831853071795862 0 1 
1 0 -1.5707963267948966 1 0 
1 0 1.5707963267948966 1 0 
1 6.2831853071795862 -6.2831853071795862 0 1 
1 0 -6.2831853071795862 0 1 
1 0 -1.5707963267948966 1 0 
1 0 1.5707963267948966 1 0 
1 6.2831853071795862 -6.2831853071795862 0 1 
1 0 -6.2831853071795862 0 1 
1 0 -1.5707963267948966 1 0 
1 0 1.5707963267948966 1 0 
1 6.2831853071795862 -6.2831853071795862 0 1 
1 0 -6.2831853071795862 0 1 
1 0 -1.5707963267948966 1 0 
1 0 1.5707963267948966 1 0 
1 6.2831853071795862 -6.2831853071795862 0 1 
1 0 -6.2831853071795862 0 1 
1 0 -1.5707963267948966 1 0 
1 0 1.5707963267948966 1 0 
1 6.2831853071795862 -6.2831853071795862 0 1 
1 0 -6.2831853071795862 0 1 
1 0 -1.5707963267948966 1 0 
1 0 1.5707963267948966 1 0 
1 6.2831853071795862 -6.2831853071795862 0 1 
1 0 -6.2831853071795862 0 1 
1 0 -1.5707963267948966 1 0 
1 0 1.5707963267948966 1 0 
1 6.2831853071795862 -6.2831853071795862 0 1 
1 0 -6.2831853071795862 0 1 
1 0 -1.5707963267948966 1 0 
1 0 1.5707963267948966 1 0 
1 6.2831853071795862 -6.2831853071795862 0 1 
1 0 -6.2831853071795862 0 1 
1 0 -1.5707963267948966 1 0 
1 0 1.5707963267948966 1 0 
1 6.2831853071795862 -6.2831853071795862 0 1 
1 0 -6.2831853071795862 0 1 
1 0 -1.5707963267948966 1 0 
1 0 1.5707963267948966 1 0 
1 6.2831853071795862 -6.2831853071795862 0 1 
1 0 -6.2831853071795862 0 1 
1 0 -1.5707963267948966 1 0 
1 0 1.5707963267948966 1 0 
1 6.2831853071795862 -6.2831853071795862 0 1 
1 0 -6.2831853071795862 0 1 
1 0 -1.5707963267948966 1 0 
1 0 1.5707963267948966 1 0 
1 6.2831853071795862 -6.2831853071795862 0 1 
1 0 -6.2831853071795862 0 1 
1 0 -1.5707963267948966 1 0 
1 0 1.5707963267948966 1 0 
1 6.2831853071795862 -6.2831853071795862 0 1 
1 0 -6.2831853071795862 0 1 
1 0 -1.5707963267948966 1 0 
1 0 1.5707963267948966 1 0 
1 6.2831853071795862 -6.2831853071795862 0 1 
1 0 -6.2831853071795862 0 1 
1 0 -1.5707963267948966 1 0 
1 0 1.5707963267948966 1 0 
1 6.2831853071795862 -6.2831853071795862 0 1 
1 0 -6.2831853071795862 0 1 
1 0 -1.5707963267948966 1 0 
1 0 1.5707963267948966 1 0 
1 6.2831853071795862 -6.2831853071795862 0 1 
1 0 -6.2831853071795862 0 1 
1 0 -1.5707963267948966 1 0 
1 0 1.5707963267948966 1 0 
1 6.2831853071795862 -6.2831853071795862 0 1 
1 0 -6.2831853071795862 0 1 
1 0 -1.5707963267948966 1 0 
1 0 1.5707963267948966 1 0 
1 6.2831853071795862 -6.2831853071795862 0 1 
1 0 -6.2831853071795862 0 1 
1 0 -1.5707963267948966 1 0 
1 0 1.5707963267948966 1 0 
1 6.2831853071795862 -6.2831853071795862 0 1 
1 0 -6.2831853071795862 0 1 
1 0 -1.5707963267948966 1 0 
1 0 1.5707963267948966 1 0 
1 6.2831853071795862 -6.2831853071795862 0 1 
1 0 -6.2831853071795862 0 1 
1 0 -1.5707963267948966 1 0 
1 0 1.5707963267948966 1 0 
1 6.2831853071795862 -6.2831853071795862 0 1 
1 0 -6.2831853071795862 0 1 
1 0 -1.5707963267948966 1 0 
1 0 1.5707963267948966 1 0 
1 6.2831853071795862 -6.2831853071795862 0 1 
1 0 -6.2831853071795862 0 1 
1 0 -1.5707963267948966 1 0 
1 0 1.5707963267948966 1 0 
1 6.2831853071795862 -6.2831853071795862 0 1 
1 0 -6.2831853071795862 0 1 
1 0 -1.5707963267948966 1 0 
1 0 1.5707963267948966 1 0 
1 6.2831853071795862 -6.2831853071795862 0 1 
1 0 -6.2831853071795862 0 1 
1 0 -1.5707963267948966 1 0 
1 0 1.5707963267948966 1 0 
1 6.2831853071795862 -6.2831853071795862 0 1 
1 0 -6.2831853071795862 0 1 
1 0 -1.5707963267948966 1 0 
1 0 1.5707963267948966 1 0 
1 6.2831853071795862 -6.2831853071795862 0 1 
1 0 -6.2831853071795862 0 1 
1 0 -1.5707963267948966 1 0 
1 0 1.5707963267948966 1 0 
1 6.2831853071795862 -6.2831853071795862 0 1 
1 0 -6.2831853071795862 0 1 
1 0 -1.5707963267948966 1 0 
1 0 1.5707963267948966 1 0 
1 6.2831853071795862 -6.2831853071795862 0 1 
1 0 -6.2831853071795862 0 1 
1 0 -1.5707963267948966 1 0 
1 0 1.5707963267948966 1 0 
1 6.2831853071795862 -6.2831853071795862 0 1 
1 0 -6.2831853071795862 0 1 
1 0 -1.5707963267948966 1 0 
1 0 1.5707963267948966 1 0 
1 6.2831853071795862 -6.2831853071795862 0 1 
1 0 -6.2831853071795862 0 1 
1 0 -1.5707963267948966 1 0 
1 0 1.5707963267948966 1 0 
1 6.2831853071795862 -6.2831853071795862 0 1 
1 0 -6.2831853071795862 0 1 
1 0 -1.5707963267948966 1 0 
1 0 1.5707963267948966 1 0 
1 6.2831853071795862 -6.2831853071795862 0 1 
1 0 -6.2831853071795862 0 1 
1 0 -1.5707963267948966 1 0 
1 0 1.5707963267948966 1 0 
1 6.2831853071795862 -6.2831853071795862 0 1 
1 0 -6.2831853071795862 0 1 
1 0 -1.5707963267948966 1 0 
1 0 1.5707963267948966 1 0 
1 6.2831853071795862 -6.2831853071795862 0 1 
1 0 -6.2831853071795862 0 1 
1 0 -1.5707963267948966 1 0 
1 0 1.5707963267948966 1 0 
1 6.2831853071795862 -6.2831853071795862 0 1 
1 0 -6.2831853071795862 0 1 
1 0 -1.5707963267948966 1 0 
1 0 1.5707963267948966 1 0 
1 6.2831853071795862 -6.2831853071795862 0 1 
1 0 -6.2831853071795862 0 1 
1 0 -1.5707963267948966 1 0 
1 0 1.5707963267948966 1 0 
1 6.2831853071795862 -6.2831853071795862 0 1 
1 0 -6.2831853071795862 0 1 
1 0 -1.5707963267948966 1 0 
1 0 1.5707963267948966 1 0 
1 6.2831853071795862 -6.2831853071795862 0 1 
1 0 -6.2831853071795862 0 1 
1 0 -1.5707963267948966 1 0 
1 0 1.5707963267948966 1 0 
1 6.2831853071795862 -6.2831853071795862 0 1 
1 0 -6.2831853071795862 0 1 
1 0 -1.5707963267948966 1 0 
1 0 1.5707963267948966 1 0 
1 6.2831853071795862 -6.2831853071795862 0 1 
1 0 -6.2831853071795862 0 1 
1 0 -1.5707963267948966 1 0 
1 0 1.5707963267948966 1 0 
1 6.2831853071795862 -6.2831853071795862 0 1 
1 0 -6.2831853071795862 0 1 
1 0 -1.5707963267948966 1 0 
1 0 1.5707963267948966 1 0 
1 6.2831853071795862 -6.2831853071795862 0 1 
1 0 -6.2831853071795862 0 1 
1 0 -1.5707963267948966 1 0 
1 0 1.5707963267948966 1 0 
1 6.2831853071795862 -6.2831853071795862 0 1 
1 0 -6.2831853071795862 0 1 
1 0 -1.5707963267948966 1 0 
1 0 1.5707963267948966 1 0 
1 6.2831853071795862 -6.2831853071795862 0 1 
1 0 -6.2831853071795862 0 1 
1 0 -1.5707963267948966 1 0 
1 0 1.5707963267948966 1 0 
1 6.2831853071795862 -6.2831853071795862 0 1 
1 0 -6.2831853071795862 0 1 
1 0 -1.5707963267948966 1 0 
1 0 1.5707963267948966 1 0 
1 6.2831853071795862 -6.2831853071795862 0 1 
1 0 -6.2831853071795862 0 1 
1 0 -1.5707963267948966 1 0 
1 0 1.5707963267948966 1 0 
1 6.2831853071795862 -6.2831853071795862 0 1 
1 0 -6.2831853071795862 0 1 
1 0 -1.5707963267948966 1 0 
1 0 1.5707963267948966 1 0 
1 6.2831853071795862 -6.2831853071795862 0 1 
1 0 -6.2831853071795862 0 1 
1 0 -1.5707963267948966 1 0 
1 0 1.5707963267948966 1 0 
1 6.2831853071795862 -6.2831853071795862 0 1 
1 0 -6.2831853071795862 0 1 
1 0 -1.5707963267948966 1 0 
1 0 1.5707963267948966 1 0 
1 6.2831853071795862 -6.2831853071795862 0 1 
1 0 -6.2831853071795862 0 1 
1 0 -1.5707963267948966 1 0 
1 0 1.5707963267948966 1 0 
1 6.2831853071795862 -6.2831853071795862 0 1 
1 0 -6.2831853071795862 0 1 
1 0 -1.5707963267948966 1 0 
1 0 1.5707963267948966 1 0 
1 6.2831853071795862 -6.2831853071795862 0 1 
1 0 -6.2831853071795862 0 1 
1 0 -1.5707963267948966 1 0 
1 0 1.5707963267948966 1 0 
1 6.2831853071795862 -6.2831853071795862 0 1 
1 0 -6.2831853071795862 0 1 
1 0 -1.5707963267948966 1 0 
1 0 1.5707963267948966 1 0 
1 6.2831853071795862 -6.2831853071795862 0 1 
1 0 -6.2831853071795862 0 1 
1 0 -1.5707963267948966 1 0 
1 0 1.5707963267948966 1 0 
1 6.2831853071795862 -6.2831853071795862 0 1 
1 0 -6.2831853071795862 0 1 
1 0 -1.5707963267948966 1 0 
1 0 1.5707963267948966 1 0 
1 6.2831853071795862 -6.2831853071795862 0 1 
1 0 -6.2831853071795862 0 1 
1 0 -1.5707963267948966 1 0 
1 0 1.5707963267948966 1 0 
1 6.2831853071795862 -6.2831853071795862 0 1 
1 0 -6.2831853071795862 0 1 
1 0 -1.5707963267948966 1 0 
1 0 1.5707963267948966 1 0 
1 6.2831853071795862 -6.2831853071795862 0 1 
1 0 -6.2831853071795862 0 1 
1 0 -1.5707963267948966 1 0 
1 0 1.5707963267948966 1 0 
1 6.2831853071795862 -6.2831853071795862 0 1 
1 0 -6.2831853071795862 0 1 
1 0 -1.5707963267948966 1 0 
1 0 1.5707963267948966 1 0 
1 6.2831853071795862 -6.2831853071795862 0 1 
1 0 -6.2831853071795862 0 1 
1 0 -1.5707963267948966 1 0 
1 0 1.5707963267948966 1 0 
1 6.2831853071795862 -6.2831853071795862 0 1 
1 0 -6.2831853071795862 0 1 
1 0 -1.5707963267948966 1 0 
1 0 1.5707963267948966 1 0 
1 6.2831853071795862 -6.2831853071795862 0 1 
1 0 -6.2831853071795862 0 1 
1 0 -1.5707963267948966 1 0 
1 0 1.5707963267948966 1 0 
1 6.2831853071795862 -6.2831853071795862 0 1 
1 0 -6.2831853071795862 0 1 
1 0 -1.5707963267948966 1 0 
1 0 1.5707963267948966 1 0 
1 6.2831853071795862 -6.2831853071795862 0 1 
1 0 -6.2831853071795862 0 1 
1 0 -1.5707963267948966 1 0 
1 0 1.5707963267948966 1 0 
1 6.2831853071795862 -6.2831853071795862 0 1 
1 0 -6.2831853071795862 0 1 
1 0 -1.5707963267948966 1 0 
1 0 1.5707963267948966 1 0 
1 6.2831853071795862 -6.2831853071795862 0 1 
1 0 -6.2831853071795862 0 1 
1 0 -1.5707963267948966 1 0 
1 0 1.5707963267948966 1 0 
1 6.2831853071795862 -6.2831853071795862 0 1 
1 0 -6.2831853071795862 0 1 
1 0 -1.5707963267948966 1 0 
1 0 1.5707963267948966 1 0 
1 6.2831853071795862 -6.2831853071795862 0 1 
1 0 -6.2831853071795862 0 1 
1 0 -1.5707963267948966 1 0 
1 0 1.5707963267948966 1 0 
1 6.2831853071795862 -6.2831853071795862 0 1 
1 0 -6.2831853071795862 0 1 
1 0 -1.5707963267948966 1 0 
1 0 1.5707963267948966 1 0 
1 6.2831853071795862 -6.2831853071795862 0 1 
1 0 -6.2831853071795862 0 1 
1 0 -1.5707963267948966 1 0 
1 0 1.5707963267948966 1 0 
1 6.2831853071795862 -6.2831853071795862 0 1 
1 0 -6.2831853071795862 0 1 
1 0 -1.5707963267948966 1 0 
1 0 1.5707963267948966 1 0 
1 6.2831853071795862 -6.2831853071795862 0 1 
1 0 -6.2831853071795862 0 1 
1 0 -1.5707963267948966 1 0 
1 0 1.5707963267948966 1 0 
1 6.2831853071795862 -6.2831853071795862 0 1 
1 0 -6.2831853071795862 0 1 
1 0 -1.5707963267948966 1 0 
1 0 1.5707963267948966 1 0 
1 6.2831853071795862 -6.2831853071795862 0 1 
1 0 -6.2831853071795862 0 1 
1 0 -1.5707963267948966 1 0 
Curves 321
2 306.38041321174796 947.0014568228197 567.17296633301225 0.84974215960979138 -0.079236008227290267 -0.52121005092178785 0.522853964033269 -6.9388939039072268e-18 0.85242227346233579 -0.067542538273187111 -0.99685588476981213 0.041428860995811424 4
1 302.0914158561331 947.59641197247561 574.49623727917822 0.84974215960979138 -0.079236008227290267 -0.52121005092178785 
2 300 947.59641197247561 571.08654818532887 0.84974215960979138 -0.079236008227290267 -0.52121005092178785 0.522853964033269 -6.9388939039072268e-18 0.85242227346233579 -0.067542538273187111 -0.99685588476981213 0.041428860995811424 4
2 312.64676532952762 946.40650167316369 563.25938448069564 0.84543706512953487 -0.080269529409577933 -0.52800849572097175 0.5297177916392195 1.387778780781446e-17 0.84817395693387598 -0.06808252438054184 -0.99677319518954011 0.042520197854761028 4
1 308.49928437830482 947.0014568228197 570.56566216074771 0.84543706512953487 -0.080269529409577933 -0.52800849572097175 
2 306.38041321174796 947.0014568228197 567.17296633301225 0.84543706512953487 -0.080269529409577933 -0.52800849572097175 0.5297177916392195 1.387778780781446e-17 0.84817395693387598 -0.06808252438054184 -0.99677319518954011 0.042520197854761028 4
2 318.79905635333898 945.81154652350779 559.34580262837903 0.84096061397670929 -0.081324801770068858 -0.53495001855965485 0.53672784771198612 6.9388939039072299e-18 0.8437554251620899 -0.068618242693727141 -0.99668765248550117 0.043649285819652994 4
1 314.79367672037557 946.40650167316369 566.63440618134405 0.8409606139767094 -0.081324801770068872 -0.53495001855965496 
2 312.64676532952762 946.40650167316369 563.25938448069564 0.84096061397670929 -0.081324801770068858 -0.53495001855965485 0.53672784771198612 6.9388939039072299e-18 0.8437554251620899 -0.068618242693727141 -0.99668765248550117 0.043649285819652994 4
2 324.83728628318204 945.21659137385177 555.43222077606242 0.83630457184175599 -0.082402246598624482 -0.54203739065868584 0.54388706790898056 0 0.83915842208808933 -0.069148539232215339 -0.99659915199417037 0.044817516291638639 4
1 320.97460462497492 945.81154652350779 562.70243631673134 0.83630457184175599 -0.082402246598624482 -0.54203739065868584 
2 318.79905635333898 945.81154652350779 559.34580262837903 0.83630457184175599 -0.082402246598624482 -0.54203739065868584 0.54388706790898056 0 0.83915842208808933 -0.069148539232215339 -0.99659915199417037 0.044817516291638639 4
2 330.76145511905679 944.62163622419587 551.51863892374581 0.83146027869674433 -0.083502274875985383 -0.54927331542690783 0.55119832787003975 0 0.83437425856342906 -0.069672148688009986 -0.99650758656948291 0.046026314284987588 4
1 327.0420795946622 945.21659137385177 558.76971781031614 0.83146027869674444 -0.083502274875985397 -0.54927331542690794 
2 324.83728628318204 945.21659137385177 555.43222077606242 0.83146027869674433 -0.083502274875985383 -0.54927331542690783 0.55119832787003975 0 0.83437425856342906 -0.069672148688009986 -0.99650758656948291 0.046026314284987588 4
2 336.57156286096324 944.02668107453997 547.6050570714292 0.82641862922754572 -0.084625284258354638 -0.55666040862437571 0.5586644234999496 1.387778780781446e-17 0.82939379182356376 -0.070187685395183677 -0.9964128467980492 0.047277135643713067 4
1 332.99611281305658 944.62163622419587 554.83621409104012 0.82641862922754572 -0.084625284258354638 -0.55666040862437571 
2 330.76145511905679 944.62163622419587 551.51863892374581 0.82641862922754572 -0.084625284258354638 -0.55666040862437571 0.5586644234999496 1.387778780781446e-17 0.82939379182356376 -0.070187685395183677 -0.9964128467980492 0.047277135643713067 4
2 342.26760950890139 943.43172592488395 543.69147521911259 0.82117005307608426 -0.085771655679429695 -0.56420117601173991 0.56628804868387761 0 0.82420740467300246 -0.070693633722049135 -0.99631482126986826 0.048571463527089673 4
1 338.83671505569873 944.02668107453997 550.90188669012116 0.82117005307608426 -0.085771655679429695 -0.56420117601173991 
2 336.57156286096324 944.02668107453997 547.6050570714292 0.82117005307608426 -0.085771655679429695 -0.56420117601173991 0.56628804868387761 0 0.82420740467300246 -0.070693633722049135 -0.99631482126986826 0.048571463527089673 4
2 347.84959506287123 942.83677077522805 539.77789336679598 0.8157044950477359 -0.086941749532291945 -0.57189798823494953 0.57407177017223765 6.9388939039072268e-18 0.81880498453008566 -0.071188337880806876 -0.99621339691266164 0.049910804055874142 4
1 344.56389658959034 943.43172592488395 546.96669515723295 0.8157044950477359 -0.086941749532291945 -0.57189798823494953 
2 342.26760950890139 943.43172592488395 543.69147521911259 0.8157044950477359 -0.086941749532291945 -0.57189798823494953 0.57407177017223765 6.9388939039072268e-18 0.81880498453008566 -0.071188337880806876 -0.99621339691266164 0.049910804055874142 4
2 353.31751952287277 942.24181562557203 535.86431151447937 0.81001139547371348 -0.088135901390452992 -0.57975305267744781 0.58201799935248666 0 0.81317590251416627 -0.071669991157081184 -0.99610845939892123 0.051296680998399506 4
1 350.17766706028118 942.83677077522805 543.03059697685262 0.81001139547371359 -0.088135901390453006 -0.57975305267744792 
2 347.84959506287123 942.83677077522805 539.77789336679598 0.81001139547371348 -0.088135901390452992 -0.57975305267744781 0.58201799935248666 0 0.81317590251416627 -0.071669991157081184 -0.99610845939892123 0.051296680998399506 4
2 358.67138288890601 941.64686047591613 531.95072966216276 0.80407967095843047 -0.089354417224283694 -0.58776838199574055 0.59012896060676734 0 0.80730899279840596 -0.072136624571425001 -0.99599989363579189 0.052730629362189967 4
1 355.67803536529982 942.24181562557203 539.09354748567296 0.80407967095843047 -0.089354417224283694 -0.58776838199574055 
2 353.31751952287277 942.24181562557203 535.86431151447937 0.80407967095843047 -0.089354417224283694 -0.58776838199574055 0.59012896060676734 0 0.80730899279840596 -0.072136624571425001 -0.99599989363579189 0.052730629362189967 4
2 363.91118516097094 941.05190532626023 528.03714780984615 0.79789769578779524 -0.090597568068241124 -0.59594575903906499 0.59840665593671172 0 0.80119253249805189 -0.072586094998758746 -0.99588758434881619 0.054214187743714788 4
1 361.06500951265286 941.64686047591613 535.15549979215496 0.79789769578779524 -0.090597568068241124 -0.59594575903906499 
2 358.67138288890601 941.64686047591613 531.95072966216276 0.79789769578779524 -0.090597568068241124 -0.59594575903906499 0.59840665593671172 0 0.80119253249805189 -0.072586094998758746 -0.99588758434881619 0.054214187743714788 4
2 369.03692633906758 940.45695017660421 524.12356595752954 0.79145328432715978 -0.091865584090507046 -0.6042866978409025 0.60685282552088826 -6.9388939039072268e-18 0.79481422241761268 -0.073016072785836175 -0.99577141677179615 0.055748889273450952 4
1 366.3385964630545 941.05190532626023 531.2164046995166 0.79145328432715978 -0.091865584090507046 -0.6042866978409025 
2 363.91118516097094 941.05190532626023 528.03714780984615 0.79145328432715978 -0.091865584090507046 -0.6042866978409025 0.60685282552088826 -6.9388939039072268e-18 0.79481422241761268 -0.073016072785836175 -0.99577141677179615 0.055748889273450952 4
2 374.04860642319591 939.86199502694831 520.20998410521292 0.78473367479734446 -0.093158648016593015 -0.61279240035984162 0.61546890385719 6.9388939039072268e-18 0.78816116904147793 -0.073424028927081497 -0.99565127745597781 0.057336250979590282 4
1 371.49880195449634 940.45695017660421 527.27621063369543 0.78473367479734424 -0.093158648016593001 -0.6127924003598415 
2 369.03692633906758 940.45695017660421 524.12356595752954 0.78473367479734446 -0.093158648016593015 -0.61279240035984162 0.61546890385719 6.9388939039072268e-18 0.78816116904147793 -0.073424028927081497 -0.99565127745597781 0.057336250979590282 4
2 378.94622541335593 939.26703987729229 516.29640225289631 0.77772551488475106 -0.094476887856978942 -0.62146370864122757 0.62425597113312636 6.9388939039072299e-18 0.7812198682218966 -0.073807221881644 -0.99552705521289575 0.058977761378793875 4
1 376.5456303077284 939.86199502694831 523.33486357810057 0.77772551488475106 -0.094476887856978942 -0.62146370864122757 
2 374.04860642319591 939.86199502694831 520.20998410521292 0.77772551488475106 -0.094476887856978942 -0.62146370864122757 0.62425597113312636 6.9388939039072299e-18 0.7812198682218966 -0.073807221881644 -0.99552705521289575 0.058977761378793875 4
2 383.72978330954766 938.67208472763639 512.3828204005797 0.77041484971741014 -0.09582036888811607 -0.63030105207039433 0.63321469946285325 0 0.77397619109644999 -0.074162684141480861 -0.99539864220630003 0.060674866087908154 4
1 381.47908421120735 939.26703987729229 519.39230701728206 0.77041484971741014 -0.09582036888811607 -0.63030105207039433 
2 378.94622541335593 939.26703987729229 516.29640225289631 0.77041484971741014 -0.09582036888811607 -0.63030105207039433 0.63321469946285325 0 0.77397619109644999 -0.074162684141480861 -0.99539864220630003 0.060674866087908154 4
2 388.39928011177108 938.07712957798049 508.46923854826315 0.76278711282311196 -0.097189084838686712 -0.63930438939459777 0.64234529363259896 0 0.76641537285472705 -0.074487208694051774 -0.99526593520938844 0.06242895123858979 4
1 386.29916448407806 938.67208472763639 515.44848189199865 0.76278711282311207 -0.097189084838686726 -0.63930438939459788 
2 383.72978330954766 938.67208472763639 512.3828204005797 0.76278711282311196 -0.097189084838686712 -0.63930438939459777 0.64234529363259896 0 0.76641537285472705 -0.074487208694051774 -0.99526593520938844 0.06242895123858979 4
2 392.95471582002619 937.48217442832447 504.55565669594648 0.75482712077914615 -0.098582948233417678 -0.64847314520639276 0.65164742600798753 0 0.75852200507115441 -0.074777335559837815 -0.99512883704453436 0.064241324464585331 4
1 391.00586981580301 938.07712957798049 511.50332656854778 0.75482712077914627 -0.098582948233417692 -0.64847314520639288 
2 388.39928011177108 938.07712957798049 508.46923854826315 0.75482712077914615 -0.098582948233417678 -0.64847314520639276 0.65164742600798753 0 0.75852200507115441 -0.074777335559837815 -0.99512883704453436 0.064241324464585331 4
2 397.39609043431301 936.88721927866857 500.64207484362987 0.74651907236529513 -0.10000177985242964 -0.65780614060770626 0.66112016527974704 -6.9388939039072284e-18 0.75028003242821284 -0.075029338630559911 -0.99498725822311229 0.066113193224307157 4
1 395.59919648114516 937.48217442832447 507.55677682565931 0.74651907236529513 -0.10000177985242964 -0.65780614060770626 
2 392.95471582002619 937.48217442832447 504.55565669594648 0.74651907236529513 -0.10000177985242964 -0.65780614060770626 0.66112016527974704 -6.9388939039072284e-18 0.75028003242821284 -0.075029338630559911 -0.99498725822311229 0.066113193224307157 4
2 401.72340395463152 936.29226412901266 496.7284929913132 0.73784655314193492 -0.10144529726964183 -0.66730151781517755 0.67076189876213999 -1.3877787807814457e-17 0.7416727547705988 -0.075239213084497575 -0.99484111880333637 0.068045640217074668 4
1 400.07913802936156 936.88721927866857 503.60876586271229 0.73784655314193492 -0.10144529726964183 -0.66730151781517755 
2 397.39609043431301 936.88721927866857 500.64207484362987 0.73784655314193492 -0.10144529726964183 -0.66730151781517755 0.67076189876213999 -1.3877787807814457e-17 0.7416727547705988 -0.075239213084497575 -0.99484111880333637 0.068045640217074668 4
2 405.93665638098173 935.69730897935665 492.81491113899665 0.72879254649392855 -0.10291310244211872 -0.67695665852448283 0.6805702480125303 0 0.73268283555721658 -0.075402663713281859 -0.99469035048387711 0.07003959565277168 4
1 404.44568494668164 936.29226412901266 499.65922433354206 0.72879254649392855 -0.10291310244211872 -0.67695665852448283 
2 401.72340395463152 936.29226412901266 496.7284929913132 0.72879254649392855 -0.10291310244211872 -0.67695665852448283 0.6805702480125303 0 0.73268283555721658 -0.075402663713281859 -0.99469035048387711 0.07003959565277168 4
2 410.03584771336364 935.10235382970075 488.9013292866801 0.71933945230460006 -0.1044046683350582 -0.68676809593047095 0.69054197761729141 0 0.72329231791053916 -0.075515094560745316 -0.99453489895018099 0.072095806144568494 4
1 408.69882429145088 935.69730897935665 495.70808041063879 0.71933945230460006 -0.1044046683350582 -0.68676809593047095 
2 405.93665638098173 935.69730897935665 492.81491113899665 0.71933945230460006 -0.1044046683350582 -0.68676809593047095 0.69054197761729141 0 0.72329231791053916 -0.075515094560745316 -0.99453489895018099 0.072095806144568494 4
2 414.02097795177724 934.50739868004484 484.98774743436343 0.70946911455339234 -0.10591932458232137 -0.69673142040161373 0.70067289708950409 0 0.71348264960277841 -0.075571600347131368 -0.99437472648897551 0.074214800012858656 4
1 412.83853930172165 935.10235382970075 491.75525988509122 0.70946911455339245 -0.10591932458232138 -0.69673142040161384 
2 410.03584771336364 935.10235382970075 488.9013292866801 0.70946911455339234 -0.10591932458232137 -0.69673142040161373 0.70067289708950409 0 0.71348264960277841 -0.075571600347131368 -0.99437472648897551 0.074214800012858656 4
2 417.89204709622254 933.91244353038894 481.07416558204682 0.69916285925983945 -0.10745624220163404 -0.70684117893874121 -0.71095775595529742 -6.9388939039072299e-18 -0.70323471845963892 0.07556696023139689 0.99420981488411375 -0.076396848819062682 4
1 411.17714692795607 934.50739868004484 482.17480856052487 0.69916285925983956 -0.10745624220163405 -0.70684117893874132 
2 414.02097795177724 934.50739868004484 484.98774743436343 0.69916285925983945 -0.10745624220163404 -0.70684117893874121 -0.71095775595529742 -6.9388939039072299e-18 -0.70323471845963892 0.07556696023139689 0.99420981488411375 -0.076396848819062682 4
2 421.64905514669954 933.31748838073293 477.16058372973015 0.68840154432309597 -0.1090144174096674 -0.71709076871091237 -0.72139013227050452 2.775557561562892e-17 -0.69252889980328192 0.075495634551412727 0.99404016860327671 -0.078641924994551943 4
1 415.00648656714054 933.91244353038894 478.3040499828337 0.68840154432309608 -0.10901441740966741 -0.71709076871091249 
2 417.89204709622254 933.91244353038894 481.07416558204682 0.68840154432309597 -0.1090144174096674 -0.71709076871091237 -0.72139013227050452 2.775557561562892e-17 -0.69252889980328192 0.075495634551412727 0.99404016860327671 -0.078641924994551943 4
2 425.29200210320823 932.72253323107702 473.2470018774136 0.67716562292448867 -0.110592654611415 -0.72747232516109472 -0.73196231501334796 -6.9388939039072268e-18 -0.68134511769022066 0.075351765271888457 0.99386581828031506 -0.080949655492842928 4
1 418.72120588664615 933.31748838073293 474.43520325896924 0.67716562292448867 -0.110592654611415 -0.72747232516109472 
2 421.64905514669954 933.31748838073293 477.16058372973015 0.67716562292448867 -0.110592654611415 -0.72747232516109472 -0.73196231501334796 -6.9388939039072268e-18 -0.68134511769022066 0.075351765271888457 0.99386581828031506 -0.080949655492842928 4
2 428.82088796574862 932.12757808142112 469.33342002509704 0.66543522226207652 -0.11218954867592035 -0.7379766054157233 -0.74266518104777013 -1.3877787807814454e-17 -0.66966292181909159 0.075129180963882006 0.99368682449144585 -0.08331927147907002 4
1 422.32134137901716 932.72253323107702 470.56835019013721 0.66543522226207652 -0.11218954867592035 -0.7379766054157233 
2 425.29200210320823 932.72253323107702 473.2470018774136 0.66543522226207652 -0.11218954867592035 -0.7379766054157233 -0.74266518104777013 -1.3877787807814454e-17 -0.66966292181909159 0.075129180963882006 0.99368682449144585 -0.08331927147907002 4
2 432.23571273432071 931.5326229317651 465.41983817278037 0.65319023946490196 -0.11380346665260689 -0.7485928680168098 -0.75348806764782261 -6.9388939039072299e-18 -0.65746158208092309 0.074821407231716514 0.99350328181533909 -0.085749554179696194 4
1 425.80693569515734 932.12757808142112 466.70357369677333 0.65319023946490207 -0.1138034666526069 -0.74859286801680991 
2 428.82088796574862 932.12757808142112 469.33342002509704 0.65319023946490196 -0.11380346665260689 -0.7485928680168098 -0.75348806764782261 -6.9388939039072299e-18 -0.65746158208092309 0.074821407231716514 0.99350328181533909 -0.085749554179696194 4
2 435.5364764089245 930.9376677821092 461.50625632046376 0.64041045657664175 -0.11543252913418489 -0.75930875032820666 -0.76441864192253528 0 -0.64472020278668696 0.074421683591571849 0.99331532315659243 -0.08823877715443712 4
1 429.17803816663059 931.5326229317651 462.84095736163363 0.64041045657664175 -0.11543252913418489 -0.75930875032820666 
2 432.23571273432071 931.5326229317651 465.41983817278037 0.64041045657664175 -0.11543252913418489 -0.75930875032820666 -0.76441864192253528 0 -0.64472020278668696 0.074421683591571849 0.99331532315659243 -0.08823877715443712 4
2 438.72317898955998 930.34271263245319 457.5926744681471 0.62707567649364071 -0.11707459152950592 -0.77011014534821065 -0.77544276888274732 -6.9388939039072299e-18 -0.63141785862252764 0.07392298788266774 0.99312312429939897 -0.0907846454214567 4
1 432.43470533339354 930.9376677821092 458.98058488597366 0.62707567649364071 -0.11707459152950592 -0.77011014534821065 
2 435.5364764089245 930.9376677821092 461.50625632046376 0.62707567649364071 -0.11707459152950592 -0.77011014534821065 -0.77544276888274732 -6.9388939039072299e-18 -0.63141785862252764 0.07392298788266774 0.99312312429939897 -0.0907846454214567 4
2 441.79582047622716 929.74775748279728 453.67909261583054 0.6131658816751675 -0.11872722557412289 -0.78098108008900313 -0.78654438034748553 1.3877787807814457e-17 -0.61753375433557478 0.073318069350634812 0.99292690864306399 -0.093384232069574621 4
1 435.57700146817007 930.34271263245319 455.12253945080482 0.6131658816751675 -0.11872722557412289 -0.78098108008900313 
2 438.72317898955998 930.34271263245319 457.5926744681471 0.6131658816751675 -0.11872722557412289 -0.78098108008900313 -0.78654438034748553 1.3877787807814457e-17 -0.61753375433557478 0.073318069350634812 0.99292690864306399 -0.093384232069574621 4
2 444.75440086892604 929.15280233314138 449.76551076351399 0.59866141729637967 -0.12038770147998941 -0.7919035981564011 -0.79770534739561771 -6.9388939039072299e-18 -0.60304741002381967 0.072599491576228387 0.99272695205296257 -0.096033913231254889 4
1 438.60499908664468 929.74775748279728 451.26690297573526 0.59866141729637978 -0.12038770147998942 -0.79190359815640121 
2 441.79582047622716 929.74775748279728 453.67909261583054 0.59866141729637967 -0.12038770147998941 -0.7919035981564011 -0.79770534739561771 -6.9388939039072299e-18 -0.60304741002381967 0.072599491576228387 0.99272695205296257 -0.096033913231254889 4
2 447.59892016765662 928.55784718348536 445.85192891119732 0.58354320027184081 -0.12205297120094098 -0.80285764967241913 -0.80890535961995946 6.9388939039072253e-18 -0.58793887367489495 0.071759686416555613 0.99252358774037319 -0.098729302561981688 4
1 441.51877943044622 929.15280233314138 447.41375526881438 0.58354320027184081 -0.12205297120094098 -0.80285764967241913 
2 444.75440086892604 929.15280233314138 449.76551076351399 0.58354320027184081 -0.12205297120094098 -0.80285764967241913 -0.80890535961995946 6.9388939039072253e-18 -0.58793887367489495 0.071759686416555613 0.99252358774037319 -0.098729302561981688 4
2 450.32937837241889 927.96289203382946 441.93834705888071 0.56779295521691597 -0.12371965337373075 -0.8138209922182672 -0.82012181502689152 0 -0.57218896224673643 0.070791020073440958 0.99231721106160609 -0.10146518667936198 4
1 444.31843290754904 928.55784718348536 443.56317306221035 0.56779295521691608 -0.12371965337373077 -0.81382099221826731 
2 447.59892016765662 928.55784718348536 445.85192891119732 0.56779295521691597 -0.12371965337373075 -0.8138209922182672 -0.82012181502689152 0 -0.57218896224673643 0.070791020073440958 0.99231721106160609 -0.10146518667936198 4
2 452.94577548321286 927.36793688417345 438.02476520656404 0.55139347792013949 -0.12538402057621018 -0.82476910701800477 -0.83132972502532898 6.9388939039072315e-18 -0.55577953208921871 0.069685872287311074 0.99210828410216623 -0.10423546334819102 4
1 447.00405947231758 927.96289203382946 439.71522893052384 0.5513934779201396 -0.1253840205762102 -0.82476910701800488 
2 450.32937837241889 927.96289203382946 441.93834705888071 0.55139347792013949 -0.12538402057621018 -0.82476910701800477 -0.83132972502532898 6.9388939039072315e-18 -0.55577953208921871 0.069685872287311074 0.99210828410216623 -0.10423546334819102 4
2 455.44811150003852 926.77298173451754 434.11118335424749 0.53432892625315842 -0.12704198962363947 -0.83567513511029723 -0.84250163954118107 -1.3877787807814463e-17 -0.53869377884882064 0.068436729462831011 0.99189733988577022 -0.10703308454848999 4
1 449.57576892504812 927.36793688417345 435.86999009116875 0.53432892625315853 -0.1270419896236395 -0.83567513511029745 
2 452.94577548321286 927.36793688417345 438.02476520656404 0.53432892625315842 -0.12704198962363947 -0.83567513511029723 -0.84250163954118107 -1.3877787807814463e-17 -0.53869377884882064 0.068436729462831011 0.99189733988577022 -0.10703308454848999 4
2 457.83638642289588 926.17802658486164 430.19760150193093 0.51658513763091685 -0.12868911569925356 -0.84650983873750163 -0.85360759784570739 1.3877787807814454e-17 -0.52091656616014936 0.067036292252241336 0.99168498602154109 -0.1098500069209281 4
1 452.03368110865568 926.77298173451754 432.02751708960687 0.51658513763091685 -0.12868911569925356 -0.84650983873750163 
2 455.44811150003852 926.77298173451754 434.11118335424749 0.51658513763091685 -0.12868911569925356 -0.84650983873750163 -0.85360759784570739 1.3877787807814454e-17 -0.52091656616014936 0.067036292252241336 0.99168498602154109 -0.1098500069209281 4
2 460.11060025178494 925.58307143520562 426.28401964961427 0.49814997114778364 -0.13032059117332342 -0.8572415935789035 -0.86461511115635625 6.9388939039072284e-18 -0.50243478139961806 0.065477597738037741 0.99147190757793813 -0.11267715242328506 4
1 454.37792597827047 926.17802658486164 428.18786237633248 0.49814997114778364 -0.13032059117332342 -0.8572415935789035 
2 457.83638642289588 926.17802658486164 430.19760150193093 0.49814997114778364 -0.13032059117332342 -0.8572415935789035 -0.86461511115635625 6.9388939039072284e-18 -0.50243478139961806 0.065477597738037741 0.99147190757793813 -0.11267715242328506 4
2 462.2707529867057 924.98811628554972 422.37043779729765 0.47901367135142942 -0.13193125000791556 -0.86783641772500741 -0.8754891834103572 0 -0.48323771555153489 0.063754155863683534 0.99125886894965487 -0.11550438233573768 4
1 456.60864351814354 925.58307143520562 424.35106878740811 0.47901367135142947 -0.13193125000791558 -0.86783641772500753 
2 460.11060025178494 925.58307143520562 426.28401964961427 0.47901367135142942 -0.13193125000791556 -0.86783641772500741 -0.8754891834103572 0 -0.48323771555153489 0.063754155863683534 0.99125886894965487 -0.11550438233573768 4
2 464.31684462765816 924.39316113589371 418.45685594498099 0.45916924928928798 -0.13351557865765065 -0.87825804338065949 -0.88619237676707807 6.9388939039072284e-18 -0.46331746282642683 0.061860099151464933 0.99104671446693815 -0.1183204879860552 4
1 458.72598347963736 924.98811628554972 420.51716794599196 0.45916924928928798 -0.13351557865765065 -0.87825804338065949 
2 462.2707529867057 924.98811628554972 422.37043779729765 0.45916924928928798 -0.13351557865765065 -0.87825804338065949 -0.88619237676707807 6.9388939039072284e-18 -0.46331746282642683 0.061860099151464933 0.99104671446693815 -0.1183204879860552 4
2 466.24887517464231 923.7982059862378 414.54327409266443 0.43861287499639801 -0.13506773435432035 -0.88846803714246514 -0.89668492830469038 0 -0.44266933409850323 0.059790344024820523 0.99083636748778592 -0.12111320169578071 4
1 460.73010491443938 924.39316113589371 416.686178608587 0.43861287499639801 -0.13506773435432035 -0.88846803714246514 
2 464.31684462765816 924.39316113589371 418.45685594498099 0.43861287499639801 -0.13506773435432035 -0.88846803714246514 -0.89668492830469038 0 -0.44266933409850323 0.059790344024820523 0.99083636748778592 -0.12111320169578071 4
2 468.06684462765816 923.2032508365819 410.62969224034782 0.41734427402945629 -0.13658157159974266 -0.89842597426508686 -0.90692492397753877 1.3877787807814457e-17 -0.42129227653534729 0.057540761232031133 0.99062882771467153 -0.12386923143982938 4
1 462.62117547873214 923.7982059862378 412.85810498652302 0.41734427402945629 -0.13658157159974266 -0.89842597426508686 
2 466.24887517464231 923.7982059862378 414.54327409266443 0.41734427402945629 -0.13658157159974266 -0.89842597426508686 -0.90692492397753877 1.3877787807814457e-17 -0.42129227653534729 0.057540761232031133 0.99062882771467153 -0.12386923143982938 4
2 469.7707529867057 922.60829568692589 406.71611038803121 0.39536711905453786 -0.13805067757144374 -0.90808967155924636 -0.91686853513122257 0 -0.39918929004461789 0.055108351969923086 0.9904251664926863 -0.12657432251880238 4
1 464.39937048713324 923.2032508365819 409.03293508016935 0.39536711905453792 -0.13805067757144376 -0.90808967155924647 
2 468.06684462765816 923.2032508365819 410.62969224034782 0.39536711905453786 -0.13805067757144374 -0.90808967155924636 -0.91686853513122257 0 -0.39918929004461789 0.055108351969923086 0.9904251664926863 -0.12657432251880238 4
2 471.36060025178494 922.01334053726998 402.8025285357146 0.37268940594329003 -0.13946841697218484 -0.91741548240963877 -0.9264703216833674 -1.387778780781446e-17 -0.37636782944337555 0.05249142537172484 0.9902265198767769 -0.12921334913689014 4
1 466.06487169997223 922.60829568692589 405.21063907025768 0.37268940594329009 -0.13946841697218487 -0.91741548240963888 
2 469.7707529867057 922.60829568692589 406.71611038803121 0.37268940594329003 -0.13946841697218484 -0.91741548240963877 -0.9264703216833674 -1.387778780781446e-17 -0.37636782944337555 0.05249142537172484 0.9902265198767769 -0.12921334913689014 4
2 472.83638642289588 921.41838538761408 398.88894668339799 0.3493238024297447 -0.14082798661577525 -0.9263586558357253 -0.93568360443290377 6.9388939039072284e-18 -0.35284017967834891 0.049689772101250251 0.99003407930522624 -0.1317704381216773 4
1 467.6178658340533 922.01334053726998 401.39116781700119 0.3493238024297447 -0.14082798661577525 -0.9263586558357253 
2 471.36060025178494 922.01334053726998 402.8025285357146 0.3493238024297447 -0.14082798661577525 -0.9263586558357253 -0.93568360443290377 6.9388939039072284e-18 -0.35284017967834891 0.049689772101250251 0.99003407930522624 -0.1317704381216773 4
2 474.19811150003852 920.82343023795806 394.97536483108138 0.32528795624254592 -0.14212247973994799 -0.93487375953981922 -0.94446090685080097 -1.3877787807814457e-17 -0.32862379011654469 0.046704827952903531 0.98984907978568548 -0.13422912609907586 4
1 469.05854279549266 921.41838538761408 397.57445152293184 0.32528795624254592 -0.14212247973994799 -0.93487375953981922 
2 472.83638642289588 921.41838538761408 398.88894668339799 0.32528795624254592 -0.14212247973994799 -0.93487375953981922 -0.94446090685080097 -1.3877787807814457e-17 -0.32862379011654469 0.046704827952903531 0.98984907978568548 -0.13422912609907586 4
2 475.44577548321286 920.22847508830216 391.06178297876477 0.3006047488860305 -0.14334495967875779 -0.9429151645200442 -0.95275446415277021 6.9388939039072284e-18 -0.30374155302982164 0.043539820671823055 0.98967278558859806 -0.13657255024773532 4
1 470.38709364342742 920.82343023795806 393.76039861896209 0.3006047488860305 -0.14334495967875779 -0.9429151645200442 
2 474.19811150003852 920.82343023795806 394.97536483108138 0.3006047488860305 -0.14334495967875779 -0.9429151645200442 -0.95275446415277021 6.9388939039072284e-18 -0.30374155302982164 0.043539820671823055 0.98967278558859806 -0.13657255024773532 4
2 476.57937837241889 919.63351993864615 387.14820112644816 0.27530248102867849 -0.14448854211708065 -0.95043758613405782 -0.96051679452328842 6.9388939039072299e-18 -0.27822201106078404 0.040199892763054988 0.9895064735497594 -0.13878367131964148 4
1 471.60370830511971 920.22847508830216 389.9488949345216 0.27530248102867855 -0.14448854211708068 -0.95043758613405793 
2 475.44577548321286 920.22847508830216 391.06178297876477 0.27530248102867849 -0.14448854211708065 -0.95043758613405782 -0.96051679452328842 6.9388939039072299e-18 -0.27822201106078404 0.040199892763054988 0.9895064735497594 -0.13878367131964148 4
2 477.59892016765662 919.03856478899024 383.23461927413155 0.24941497589056949 -0.145546484705707 -0.9573966735848406 -0.96770132415889709 -6.9388939039072315e-18 -0.25209947881960681 0.03669219293833461 0.98935141420519102 -0.14084552597638536 4
1 472.70857307578331 919.63351993864615 386.13980321116975 0.24941497589056952 -0.14554648470570702 -0.95739667358484071 
2 476.57937837241889 919.63351993864615 387.14820112644816 0.24941497589056949 -0.145546484705707 -0.9573966735848406 -0.96770132415889709 -6.9388939039072315e-18 -0.25209947881960681 0.03669219293833461 0.98935141420519102 -0.14084552597638536 4
2 478.50440086892604 918.44360963933423 379.32103742181494 0.22298158820038494 -0.14651228236262767 -0.96374963680435577 -0.97426305448205308 6.9388939039072284e-18 -0.22541406493672933 0.033025929130517787 0.98920885111127754 -0.14274150373375066 4
1 473.70186794972841 919.03856478899024 382.33296301438463 0.22298158820038494 -0.14651228236262767 -0.96374963680435577 
2 477.59892016765662 919.03856478899024 383.23461927413155 0.22298158820038494 -0.14651228236262767 -0.96374963680435577 -0.97426305448205308 6.9388939039072284e-18 -0.22541406493672933 0.033025929130517787 0.98920885111127754 -0.14274150373375066 4
2 479.29582047622716 917.84865448967832 375.40745556949832 0.19604710827712532 -0.14737976614249415 -0.96945589681427013 -0.98015925664210068 6.9388939039072284e-18 -0.19821158295822341 0.029212376743116553 0.98907997883476739 -0.1444556420263137 4
1 474.58376384235765 918.44360963933423 378.52819108998204 0.19604710827712532 -0.14737976614249415 -0.96945589681427013 
2 478.50440086892604 918.44360963933423 379.32103742181494 0.19604710827712532 -0.14737976614249415 -0.96945589681427013 -0.98015925664210068 6.9388939039072284e-18 -0.19821158295822341 0.029212376743116553 0.98907997883476739 -0.1444556420263137 4
2 479.97317898955998 917.25369934002242 371.49387371718171 0.16866155358845578 -0.14814320316531071 -0.97447774304857782 -0.98535017549657777 1.0408340855860843e-17 -0.17054334243488797 0.025264837026822775 0.98896592021966134 -0.14597293123756408 4
1 475.35441977424085 917.84865448967832 374.72528219975879 0.16866155358845578 -0.14814320316531071 -0.97447774304857782 
2 479.29582047622716 917.84865448967832 375.40745556949832 0.16866155358845578 -0.14814320316531071 -0.97447774304857782 -0.98535017549657777 1.0408340855860843e-17 -0.17054334243488797 0.025264837026822775 0.98896592021966134 -0.14597293123756408 4
2 480.5364764089245 916.65874419036641 367.5802918648651 0.14087984368984569 -0.14879739477693071 -0.97878097904971717 3.469446951953615e-18 -0.98864099078060186 0.15029634509311898 -0.99002670147927052 -0.021173725603873712 -0.13927958824654535 4
1 479.97317898955998 913.29913537690004 372.09505909755421 0.14087984368984569 -0.14879739477693071 -0.97878097904971717 
2 479.97317898955998 917.25369934002242 371.49387371718171 0.14087984368984569 -0.14879739477693071 -0.97878097904971717 3.469446951953615e-18 -0.98864099078060186 0.15029634509311898 -0.99002670147927052 -0.021173725603873712 -0.13927958824654535 4
2 480.98571273432071 916.06378904071062 363.66671001254849 0.11276135862842281 -0.14933776991206946 -0.98233553660547268 3.469446951953615e-18 -0.98864099078061041 0.15029634509306286 -0.99362209919076994 -0.016947620069580061 -0.11148050131617165 4
1 480.5364764089245 912.70418022724391 368.18147724523737 0.11276135862842282 -0.14933776991206948 -0.98233553660547279 
2 480.5364764089245 916.65874419036641 367.5802918648651 0.11276135862842281 -0.14933776991206946 -0.98233553660547268 3.469446951953615e-18 -0.98864099078061041 0.15029634509306286 -0.99362209919076994 -0.016947620069580061 -0.11148050131617165 4
2 481.32088796574862 915.4688338910546 359.75312816023188 0.0843693855057909 -0.1497604705638281 -0.98511603795993297 -1.7347234759768067e-18 -0.98864099078060186 0.15029634509311898 -0.99643454716773816 -0.012680410279272738 -0.083411032877995672 4
1 480.98571273432071 912.10922507758823 364.26789539292099 0.0843693855057909 -0.1497604705638281 -0.98511603795993297 
2 480.98571273432071 916.06378904071062 363.66671001254849 0.0843693855057909 -0.1497604705638281 -0.98511603795993297 -1.7347234759768067e-18 -0.98864099078060186 0.15029634509311898 -0.99643454716773816 -0.012680410279272738 -0.083411032877995672 4
2 481.54200210320823 914.87387874139858 355.83954630791527 0.055770462676889655 -0.15006242635378952 -0.98710228633592945 -3.4694469519536142e-18 -0.98864099078060186 0.15029634509311895 -0.99844361658173053 -0.0083820967044887142 -0.055136965477172763 4
1 481.32088796574862 911.51426992793222 360.35431354060438 0.055770462676889655 -0.15006242635378952 -0.98710228633592945 
2 481.32088796574862 915.4688338910546 359.75312816023188 0.055770462676889655 -0.15006242635378952 -0.98710228633592945 -3.4694469519536142e-18 -0.98864099078060186 0.15029634509311895 -0.99844361658173053 -0.0083820967044887142 -0.055136965477172763 4
2 481.64905514669954 914.2789235917428 351.92596445559866 0.027033635716250077 -0.15024141545875758 -0.98827966670417244 -8.6736173798840355e-19 -0.98864099078061052 0.15029634509306283 -0.99963452448380408 -0.0040630566427296688 -0.026726560398915567 4
1 481.54200210320823 910.91931477827609 356.44073168828754 0.027033635716250077 -0.15024141545875758 -0.98827966670417244 
2 481.54200210320823 914.87387874139858 355.83954630791527 0.027033635716250077 -0.15024141545875758 -0.98827966670417244 -8.6736173798840355e-19 -0.98864099078061052 0.15029634509306283 -0.99963452448380408 -0.0040630566427296688 -0.026726560398915567 4
2 481.64204709622254 913.68396844208678 348.01238260328205 -0.0017703565099764062 -0.15029610956637471 -0.98863944149879024 -5.4210108624275222e-20 -0.98864099078060186 0.15029634509311898 -0.99999843291768598 0.00026607811296126382 0.0017502470140579628 4
1 481.64905514669954 910.32435962862041 352.52714983597116 -0.0017703565099764062 -0.15029610956637471 -0.98863944149879024 
2 481.64905514669954 914.2789235917428 351.92596445559866 -0.0017703565099764062 -0.15029610956637471 -0.98863944149879024 -5.4210108624275222e-20 -0.98864099078060186 0.15029634509311898 -0.99999843291768598 0.00026607811296126382 0.0017502470140579628 4
2 481.52097795177724 913.08901329243076 344.09880075096544 -0.030569943875187269 -0.15022610109758686 -0.98817892968858911 -8.6736173798840355e-19 -0.98864099078060186 0.15029634509311895 -0.99953263004839821 0.0045945508341424255 0.030222699600872534 4
1 481.64204709622254 909.7294044789644 348.61356798365455 -0.030569943875187269 -0.15022610109758686 -0.98817892968858911 
2 481.64204709622254 913.68396844208678 348.01238260328205 -0.030569943875187269 -0.15022610109758686 -0.98817892968858911 -8.6736173798840355e-19 -0.98864099078060186 0.15029634509311895 -0.99953263004839821 0.0045945508341424255 0.030222699600872534 4
2 481.28584771336364 912.49405814277475 340.18521889864883 -0.059293610900589218 -0.15003191161211663 -0.98690156206401036 -3.4694469519536134e-18 -0.98864099078060186 0.15029634509311898 -0.99824058608452182 0.008911613005732082 0.058620094227718016 4
1 481.52097795177724 909.13444932930838 344.69998613133794 -0.059293610900589218 -0.15003191161211663 -0.98690156206401036 
2 481.52097795177724 913.08901329243076 344.09880075096544 -0.059293610900589218 -0.15003191161211663 -0.98690156206401036 -3.4694469519536134e-18 -0.98864099078060186 0.15029634509311898 -0.99824058608452182 0.008911613005732082 0.058620094227718016 4
2 480.93665638098173 911.89910299311896 336.27163704633222 -0.087870781088470767 -0.14971498105710451 -0.98481681051755654 -1.7347234759768071e-18 -0.98864099078061041 0.15029634509306283 -0.99613188174603773 0.013206657238069783 0.08687265607597186 4
1 481.28584771336364 908.53949417965225 340.7864042790211 -0.087870781088470767 -0.14971498105710451 -0.98481681051755654 
2 481.28584771336364 912.49405814277475 340.18521889864883 -0.087870781088470767 -0.14971498105710451 -0.98481681051755654 -1.7347234759768071e-18 -0.98864099078061041 0.15029634509306283 -0.99613188174603773 0.013206657238069783 0.08687265607597186 4
2 480.47340395463152 911.30414784346294 332.35805519401561 -0.11623267430962933 -0.149277638292446 -0.98193999415883937 -3.4694469519536134e-18 -0.98864099078060186 0.15029634509311898 -0.99322201215178063 0.01746934612913616 0.11491238629055096 4
1 480.93665638098173 907.94453902999658 336.87282242670472 -0.11623267430962933 -0.149277638292446 -0.98193999415883937 
2 480.93665638098173 911.89910299311896 336.27163704633222 -0.11623267430962933 -0.149277638292446 -0.98193999415883937 -3.4694469519536134e-18 -0.98864099078060186 0.15029634509311898 -0.99322201215178063 0.01746934612913616 0.11491238629055096 4
2 479.89609043431301 910.70919269380693 328.44447334169899 -0.1443131132559714 -0.14872305406456096 -0.97829196998241719 3.469446951953615e-18 -0.98864099078060186 0.15029634509311895 -0.98953207393311371 0.021689733471381839 0.14267385927201681 4
1 480.47340395463152 907.34958388034056 332.9592405743881 -0.14431311325597143 -0.14872305406456099 -0.9782919699824173 
2 480.47340395463152 911.30414784346294 332.35805519401561 -0.1443131132559714 -0.14872305406456096 -0.97829196998241719 3.469446951953615e-18 -0.98864099078060186 0.15029634509311895 -0.98953207393311371 0.021689733471381839 0.14267385927201681 4
2 479.20471582002619 910.11423754415114 324.53089148938238 -0.17204925754138892 -0.14805517826872358 -0.97389872017950285 -0.98475156675448861 0 0.17396652486780323 -0.02575664485209294 0.98897910199751782 -0.14579756876624067 4
1 475.95708416729508 910.70919269380693 329.14033944117023 -0.17204925754138892 -0.14805517826872358 -0.97389872017950285 
2 479.89609043431301 910.70919269380693 328.44447334169899 -0.17204925754138892 -0.14805517826872358 -0.97389872017950285 -0.98475156675448861 0 0.17396652486780323 -0.02575664485209294 0.98897910199751782 -0.14579756876624067 4
2 478.39928011177108 909.51928239449512 320.61730963706577 -0.19938224759479986 -0.14727866388429803 -0.96879085178819779 -0.97947195576648993 6.9388939039072299e-18 0.20158047491502568 -0.029688503010647231 0.98909503848945479 -0.14425532095742891 4
1 475.28682799696026 910.11423754415114 325.33721338904246 -0.19938224759479986 -0.14727866388429803 -0.96879085178819779 
2 479.20471582002619 910.11423754415114 324.53089148938238 -0.19938224759479986 -0.14727866388429803 -0.96879085178819779 -0.97947195576648993 6.9388939039072299e-18 0.20158047491502568 -0.029688503010647231 0.98909503848945479 -0.14425532095742891 4
2 477.47978330954766 908.92432724483911 316.70372778474916 -0.22625774476824484 -0.14639878036978241 -0.9630030270142601 -0.9734917628283406 -1.387778780781446e-17 0.22872207524716517 -0.033484632859830603 0.98922565530127671 -0.14251800677809856 4
1 474.50531306045769 909.51928239449512 321.53219793805442 -0.22625774476824487 -0.14639878036978243 -0.96300302701426022 
2 478.39928011177108 909.51928239449512 320.61730963706577 -0.22625774476824484 -0.14639878036978241 -0.9630030270142601 -0.9734917628283406 -1.387778780781446e-17 0.22872207524716517 -0.033484632859830603 0.98922565530127671 -0.14251800677809856 4
2 476.44622541335593 908.32937209518332 312.79014593243255 -0.25262635877009737 -0.14542131954374773 -0.95657334411780337 -0.96685114627798785 6.9388939039072268e-18 0.2553406762365551 -0.037131978071512702 0.98936981954280134 -0.14060076949413003 4
1 473.6123787244357 908.92432724483911 317.72509048969539 -0.25262635877009737 -0.14542131954374773 -0.95657334411780337 
2 477.47978330954766 908.92432724483911 316.70372778474916 -0.25262635877009737 -0.14542131954374773 -0.95657334411780337 -0.96685114627798785 6.9388939039072268e-18 0.2553406762365551 -0.037131978071512702 0.98936981954280134 -0.14060076949413003 4
2 475.29860642319591 907.7344169455273 308.87656408011594 -0.27844395831069624 -0.14435249704647499 -0.94954268923346408 -0.95959315180549731 0 0.28139115659165986 -0.040619516100801757 0.98952632941041418 -0.13851966761182063 4
1 472.60785280613396 908.32937209518332 313.91571055879922 -0.27844395831069624 -0.14435249704647499 -0.94954268923346408 
2 476.44622541335593 908.32937209518332 312.79014593243255 -0.27844395831069624 -0.14435249704647499 -0.94954268923346408 -0.95959315180549731 0 0.28139115659165986 -0.040619516100801757 0.98952632941041418 -0.13851966761182063 4
2 474.03692633906758 907.1394617958714 304.96298222779933 -0.30367186541789232 -0.14319885239435434 -0.94195407893726824 -0.95176300859066987 1.3877787807814457e-17 0.30683411720086878 -0.043938293458599217 0.98969393686782781 -0.13629137058158194 4
1 471.49155438883321 907.7344169455273 310.1039005489194 -0.30367186541789232 -0.14319885239435434 -0.94195407893726824 
2 475.29860642319591 907.7344169455273 308.87656408011594 -0.30367186541789232 -0.14319885239435434 -0.94195407893726824 -0.95176300859066987 1.3877787807814457e-17 0.30683411720086878 -0.043938293458599217 0.98969393686782781 -0.13629137058158194 4
2 472.66118516097094 906.54450664621538 301.04940037548272 -0.328276937991902 -0.141967150421278 -0.93385201192904388 -0.94340743725024212 0 0.33163595604356688 -0.047081411656741401 0.98987136952296095 -0.13393286555265752 4
1 470.2632965900666 907.1394617958714 306.28952605197361 -0.32827693799190205 -0.14196715042127803 -0.93385201192904399 
2 474.03692633906758 907.1394617958714 304.96298222779933 -0.328276937991902 -0.141967150421278 -0.93385201192904388 -0.94340743725024212 0 0.33163595604356688 -0.047081411656741401 0.98987136952296095 -0.13393286555265752 4
2 471.17138288890601 905.94955149655948 297.13581852316611 -0.35223154863377898 -0.14066428657037666 -0.92528184605054087 -0.93457398706723671 0 0.35576883322917507 -0.050043969110157224 0.99005735110833204 -0.13146118313804528 4
1 468.92288921270199 906.54450664621538 302.47247570839943 -0.35223154863377898 -0.14066428657037666 -0.92528184605054087 
2 472.66118516097094 906.54450664621538 301.04940037548272 -0.35223154863377898 -0.14066428657037666 -0.92528184605054087 -0.93457398706723671 0 0.35576883322917507 -0.050043969110157224 0.99005735110833204 -0.13146118313804528 4
2 469.56751952287277 905.35459634690358 293.2222366708495 -0.37551347048038242 -0.13929719810236832 -0.91628921421601839 -0.92531041700033523 -2.0816681711721688e-17 0.37921053807966065 -0.052822965445388198 0.99025062009616005 -0.12889314846308073 4
1 467.47014122090468 905.94955149655948 298.65266067548475 -0.37551347048038247 -0.13929719810236835 -0.9162892142160185 
2 471.17138288890601 905.94955149655948 297.13581852316611 -0.37551347048038242 -0.13929719810236832 -0.91628921421601839 -0.92531041700033523 -2.0816681711721688e-17 0.37921053807966065 -0.052822965445388198 0.99025062009616005 -0.12889314846308073 4
2 467.84959506287123 904.75964119724756 289.30865481853289 -0.39810568266284047 -0.13787278283898949 -0.90691948991285132 -0.91566413171451022 0 0.40194427212178568 -0.055417175343622664 0.99044994611147963 -0.12624516198532656 4
1 465.90486299601474 905.35459634690358 294.83001375933662 -0.39810568266284052 -0.13787278283898952 -0.90691948991285143 
2 469.56751952287277 905.35459634690358 293.2222366708495 -0.39810568266284047 -0.13787278283898949 -0.90691948991285132 -0.91566413171451022 0 0.40194427212178568 -0.055417175343622664 0.99044994611147963 -0.12624516198532656 4
2 466.01760950890139 904.16468604759166 285.39507296621628 -0.41999610908861701 -0.13639782660744065 -0.89721730993510651 -0.90568168056180565 6.9388939039072299e-18 0.42395836292582251 -0.057826999275130735 0.99065414393559503 -0.12353301282680464 4
1 464.22686834062398 904.75964119724756 291.00448827023615 -0.41999610908861706 -0.13639782660744068 -0.89721730993510662 
2 467.84959506287123 904.75964119724756 289.30865481853289 -0.41999610908861701 -0.13639782660744065 -0.89721730993510651 -0.90568168056180565 6.9388939039072299e-18 0.42395836292582251 -0.057826999275130735 0.99065414393559503 -0.12353301282680464 4
2 464.07156286096324 903.56973089793564 281.48149111389966 -0.44117730459488175 -0.13487894011080684 -0.88722615911895897 -0.89540832426552863 1.387778780781446e-17 0.44524592399706259 -0.060054298317380642 0.99086208501212991 -0.12077172574332815 4
1 462.43597621183926 904.16468604759166 287.17605666220453 -0.44117730459488175 -0.13487894011080684 -0.88722615911895897 
2 466.01760950890139 904.16468604759166 285.39507296621628 -0.44117730459488175 -0.13487894011080684 -0.88722615911895897 -0.89540832426552863 1.387778780781446e-17 0.44524592399706259 -0.060054298317380642 0.99086208501212991 -0.12077172574332815 4
2 462.01145511905679 902.97477574827974 277.56790926158305 -0.4616461022344589 -0.13332250554468278 -0.87698801919240577 -0.88488767117156952 0 0.46580447551366055 -0.062102219769408065 0.99107270647278356 -0.11797544144619301 4
1 460.53201217627696 903.56973089793564 283.34470901595432 -0.46164610223445895 -0.13332250554468281 -0.87698801919240588 
2 464.07156286096324 903.56973089793564 281.48149111389966 -0.4616461022344589 -0.13332250554468278 -0.87698801919240577 -0.88488767117156952 0 0.46580447551366055 -0.062102219769408065 0.99107270647278356 -0.11797544144619301 4
2 459.83728628318204 902.37982059862384 273.65432740926644 -0.48140323465831147 -0.1317346329296161 -0.86654308152994575 -0.87416138243002917 6.9388939039072268e-18 0.485635539749739 -0.063975019566507835 0.99128501778595401 -0.11515732883566562 4
1 458.51480958933666 902.97477574827974 279.510451420582 -0.48140323465831147 -0.1317346329296161 -0.86654308152994575 
2 462.01145511905679 902.97477574827974 277.56790926158305 -0.48140323465831147 -0.1317346329296161 -0.86654308152994575 -0.87416138243002917 6.9388939039072268e-18 0.485635539749739 -0.063975019566507835 0.99128501778595401 -0.11515732883566562 4
2 457.54905635333898 901.78486544896782 269.74074555694983 -0.50045294138218155 -0.13012112583294946 -0.85592952167447089 -0.86326894341691229 0 0.50474422367358274 -0.065677886642084654 0.99149810519837389 -0.11232952681402937 4
1 456.38421050951439 902.37982059862384 275.67330430396078 -0.50045294138218155 -0.13012112583294946 -0.85592952167447089 
2 459.83728628318204 902.37982059862384 273.65432740926644 -0.50045294138218155 -0.13012112583294946 -0.85592952167447089 -0.86326894341691229 0 0.50474422367358274 -0.065677886642084654 0.99149810519837389 -0.11232952681402937 4
2 455.14676532952762 901.18991029931192 265.82716370463322 -0.51880257229716731 -0.12848745592580896 -0.84518333197452244 -0.85224749711792136 2.0816681711721685e-17 0.52313879960889786 -0.067216773457828866 0.9917111341866206 -0.10950311272381995 4
1 454.14006636486732 901.78486544896782 271.83330075538544 -0.51880257229716731 -0.12848745592580896 -0.84518333197452244 
2 457.54905635333898 901.78486544896782 269.74074555694983 -0.51880257229716731 -0.12848745592580896 -0.84518333197452244 -0.85224749711792136 2.0816681711721685e-17 0.52313879960889786 -0.067216773457828866 0.9917111341866206 -0.10950311272381995 4
2 452.63041321174796 900.5949551496559 261.91358185231661 -0.536462196221553 -0.12683874565194564 -0.83433820757927002 -0.84113173406085917 -3.4694469519536142e-17 0.54083029311954434 -0.06859823598985712 0.99192335016443745 -0.10668809407632528 4
1 451.78223839328416 901.18991029931192 267.99048487711138 -0.536462196221553 -0.12683874565194564 -0.83433820757927002 
2 455.14676532952762 901.18991029931192 265.82716370463322 -0.536462196221553 -0.12683874565194564 -0.83433820757927002 -0.84113173406085917 -3.4694469519536142e-17 0.54083029311954434 -0.06859823598985712 0.99192335016443745 -0.10668809407632528 4
2 450 900 258 -0.5534442216932165 -0.12517975817376326 -0.82342548030647433 -0.82995383266263312 -6.9388939039072284e-18 0.55783208553166441 -0.069829285568419774 0.99213407770500373 -0.10389342006809639 4
1 449.31059788109741 900.5949551496559 264.14491019444324 -0.5534442216932165 -0.12517975817376326 -0.82342548030647433 
2 452.63041321174796 900.5949551496559 261.91358185231661 -0.5534442216932165 -0.12517975817376326 -0.82342548030647433 -0.82995383266263312 -6.9388939039072284e-18 0.55783208553166441 -0.069829285568419774 0.99213407770500373 -0.10389342006809639 4
2 300 947.59641197247561 571.08654818532887 -2.4492935982947064e-16 -1 0 1 -2.4492935982947064e-16 0 0 0 1 4
2 306.38041321174796 947.0014568228197 567.17296633301225 -2.4492935982947064e-16 -1 0 1 -2.4492935982947064e-16 0 0 0 1 4
2 312.64676532952762 946.40650167316369 563.25938448069564 -2.4492935982947064e-16 -1 0 1 -2.4492935982947064e-16 0 0 0 1 4
2 318.79905635333898 945.81154652350779 559.34580262837903 -2.4492935982947064e-16 -1 0 1 -2.4492935982947064e-16 0 0 0 1 4
2 324.83728628318204 945.21659137385177 555.43222077606242 -2.4492935982947064e-16 -1 0 1 -2.4492935982947064e-16 0 0 0 1 4
2 330.76145511905679 944.62163622419587 551.51863892374581 -2.4492935982947064e-16 -1 0 1 -2.4492935982947064e-16 0 0 0 1 4
2 336.57156286096324 944.02668107453997 547.6050570714292 -2.4492935982947064e-16 -1 0 1 -2.4492935982947064e-16 0 0 0 1 4
2 342.26760950890139 943.43172592488395 543.69147521911259 -2.4492935982947064e-16 -1 0 1 -2.4492935982947064e-16 0 0 0 1 4
2 347.84959506287123 942.83677077522805 539.77789336679598 -2.4492935982947064e-16 -1 0 1 -2.4492935982947064e-16 0 0 0 1 4
2 353.31751952287277 942.24181562557203 535.86431151447937 -2.4492935982947064e-16 -1 0 1 -2.4492935982947064e-16 0 0 0 1 4
2 358.67138288890601 941.64686047591613 531.95072966216276 -2.4492935982947064e-16 -1 0 1 -2.4492935982947064e-16 0 0 0 1 4
2 363.91118516097094 941.05190532626023 528.03714780984615 -2.4492935982947064e-16 -1 0 1 -2.4492935982947064e-16 0 0 0 1 4
2 369.03692633906758 940.45695017660421 524.12356595752954 -2.4492935982947064e-16 -1 0 1 -2.4492935982947064e-16 0 0 0 1 4
2 374.04860642319591 939.86199502694831 520.20998410521292 -2.4492935982947064e-16 -1 0 1 -2.4492935982947064e-16 0 0 0 1 4
2 378.94622541335593 939.26703987729229 516.29640225289631 -2.4492935982947064e-16 -1 0 1 -2.4492935982947064e-16 0 0 0 1 4
2 383.72978330954766 938.67208472763639 512.3828204005797 -2.4492935982947064e-16 -1 0 1 -2.4492935982947064e-16 0 0 0 1 4
2 388.39928011177108 938.07712957798049 508.46923854826315 -2.4492935982947064e-16 -1 0 1 -2.4492935982947064e-16 0 0 0 1 4
2 392.95471582002619 937.48217442832447 504.55565669594648 -2.4492935982947064e-16 -1 0 1 -2.4492935982947064e-16 0 0 0 1 4
2 397.39609043431301 936.88721927866857 500.64207484362987 -2.4492935982947064e-16 -1 0 1 -2.4492935982947064e-16 0 0 0 1 4
2 401.72340395463152 936.29226412901266 496.7284929913132 -2.4492935982947064e-16 -1 0 1 -2.4492935982947064e-16 0 0 0 1 4
2 405.93665638098173 935.69730897935665 492.81491113899665 -2.4492935982947064e-16 -1 0 1 -2.4492935982947064e-16 0 0 0 1 4
2 410.03584771336364 935.10235382970075 488.9013292866801 -2.4492935982947064e-16 -1 0 1 -2.4492935982947064e-16 0 0 0 1 4
2 414.02097795177724 934.50739868004484 484.98774743436343 -2.4492935982947064e-16 -1 0 1 -2.4492935982947064e-16 0 0 0 1 4
2 417.89204709622254 933.91244353038894 481.07416558204682 -2.4492935982947064e-16 -1 0 1 -2.4492935982947064e-16 0 0 0 1 4
2 421.64905514669954 933.31748838073293 477.16058372973015 -2.4492935982947064e-16 -1 0 1 -2.4492935982947064e-16 0 0 0 1 4
2 425.29200210320823 932.72253323107702 473.2470018774136 -2.4492935982947064e-16 -1 0 1 -2.4492935982947064e-16 0 0 0 1 4
2 428.82088796574862 932.12757808142112 469.33342002509704 -2.4492935982947064e-16 -1 0 1 -2.4492935982947064e-16 0 0 0 1 4
2 432.23571273432071 931.5326229317651 465.41983817278037 -2.4492935982947064e-16 -1 0 1 -2.4492935982947064e-16 0 0 0 1 4
2 435.5364764089245 930.9376677821092 461.50625632046376 -2.4492935982947064e-16 -1 0 1 -2.4492935982947064e-16 0 0 0 1 4
2 438.72317898955998 930.34271263245319 457.5926744681471 -2.4492935982947064e-16 -1 0 1 -2.4492935982947064e-16 0 0 0 1 4
2 441.79582047622716 929.74775748279728 453.67909261583054 -2.4492935982947064e-16 -1 0 1 -2.4492935982947064e-16 0 0 0 1 4
2 444.75440086892604 929.15280233314138 449.76551076351399 -2.4492935982947064e-16 -1 0 1 -2.4492935982947064e-16 0 0 0 1 4
2 447.59892016765662 928.55784718348536 445.85192891119732 -2.4492935982947064e-16 -1 0 1 -2.4492935982947064e-16 0 0 0 1 4
2 450.32937837241889 927.96289203382946 441.93834705888071 -2.4492935982947064e-16 -1 0 1 -2.4492935982947064e-16 0 0 0 1 4
2 452.94577548321286 927.36793688417345 438.02476520656404 -2.4492935982947064e-16 -1 0 1 -2.4492935982947064e-16 0 0 0 1 4
2 455.44811150003852 926.77298173451754 434.11118335424749 -2.4492935982947064e-16 -1 0 1 -2.4492935982947064e-16 0 0 0 1 4
2 457.83638642289588 926.17802658486164 430.19760150193093 -2.4492935982947064e-16 -1 0 1 -2.4492935982947064e-16 0 0 0 1 4
2 460.11060025178494 925.58307143520562 426.28401964961427 -2.4492935982947064e-16 -1 0 1 -2.4492935982947064e-16 0 0 0 1 4
2 462.2707529867057 924.98811628554972 422.37043779729765 -2.4492935982947064e-16 -1 0 1 -2.4492935982947064e-16 0 0 0 1 4
2 464.31684462765816 924.39316113589371 418.45685594498099 -2.4492935982947064e-16 -1 0 1 -2.4492935982947064e-16 0 0 0 1 4
2 466.24887517464231 923.7982059862378 414.54327409266443 -2.4492935982947064e-16 -1 0 1 -2.4492935982947064e-16 0 0 0 1 4
2 468.06684462765816 923.2032508365819 410.62969224034782 -2.4492935982947064e-16 -1 0 1 -2.4492935982947064e-16 0 0 0 1 4
2 469.7707529867057 922.60829568692589 406.71611038803121 -2.4492935982947064e-16 -1 0 1 -2.4492935982947064e-16 0 0 0 1 4
2 471.36060025178494 922.01334053726998 402.8025285357146 -2.4492935982947064e-16 -1 0 1 -2.4492935982947064e-16 0 0 0 1 4
2 472.83638642289588 921.41838538761408 398.88894668339799 -2.4492935982947064e-16 -1 0 1 -2.4492935982947064e-16 0 0 0 1 4
2 474.19811150003852 920.82343023795806 394.97536483108138 -2.4492935982947064e-16 -1 0 1 -2.4492935982947064e-16 0 0 0 1 4
2 475.44577548321286 920.22847508830216 391.06178297876477 -2.4492935982947064e-16 -1 0 1 -2.4492935982947064e-16 0 0 0 1 4
2 476.57937837241889 919.63351993864615 387.14820112644816 -2.4492935982947064e-16 -1 0 1 -2.4492935982947064e-16 0 0 0 1 4
2 477.59892016765662 919.03856478899024 383.23461927413155 -2.4492935982947064e-16 -1 0 1 -2.4492935982947064e-16 0 0 0 1 4
2 478.50440086892604 918.44360963933423 379.32103742181494 -2.4492935982947064e-16 -1 0 1 -2.4492935982947064e-16 0 0 0 1 4
2 479.29582047622716 917.84865448967832 375.40745556949832 -2.4492935982947064e-16 -1 0 1 -2.4492935982947064e-16 0 0 0 1 4
2 479.97317898955998 917.25369934002242 371.49387371718171 -2.4492935982947064e-16 -1 0 1 -2.4492935982947064e-16 0 0 0 1 4
2 480.5364764089245 916.65874419036641 367.5802918648651 -2.4492935982947064e-16 -1 0 1 -2.4492935982947064e-16 0 0 0 1 4
2 480.98571273432071 916.06378904071062 363.66671001254849 -2.4492935982947064e-16 -1 0 1 -2.4492935982947064e-16 0 0 0 1 4
2 481.32088796574862 915.4688338910546 359.75312816023188 -2.4492935982947064e-16 -1 0 1 -2.4492935982947064e-16 0 0 0 1 4
2 481.54200210320823 914.87387874139858 355.83954630791527 -2.4492935982947064e-16 -1 0 1 -2.4492935982947064e-16 0 0 0 1 4
2 481.64905514669954 914.2789235917428 351.92596445559866 -2.4492935982947064e-16 -1 0 1 -2.4492935982947064e-16 0 0 0 1 4
2 481.64204709622254 913.68396844208678 348.01238260328205 -2.4492935982947064e-16 -1 0 1 -2.4492935982947064e-16 0 0 0 1 4
2 481.52097795177724 913.08901329243076 344.09880075096544 -2.4492935982947064e-16 -1 0 1 -2.4492935982947064e-16 0 0 0 1 4
2 481.28584771336364 912.49405814277475 340.18521889864883 -2.4492935982947064e-16 -1 0 1 -2.4492935982947064e-16 0 0 0 1 4
2 480.93665638098173 911.89910299311896 336.27163704633222 -2.4492935982947064e-16 -1 0 1 -2.4492935982947064e-16 0 0 0 1 4
2 480.47340395463152 911.30414784346294 332.35805519401561 -2.4492935982947064e-16 -1 0 1 -2.4492935982947064e-16 0 0 0 1 4
2 479.89609043431301 910.70919269380693 328.44447334169899 -2.4492935982947064e-16 -1 0 1 -2.4492935982947064e-16 0 0 0 1 4
2 479.20471582002619 910.11423754415114 324.53089148938238 -2.4492935982947064e-16 -1 0 1 -2.4492935982947064e-16 0 0 0 1 4
2 478.39928011177108 909.51928239449512 320.61730963706577 -2.4492935982947064e-16 -1 0 1 -2.4492935982947064e-16 0 0 0 1 4
2 477.47978330954766 908.92432724483911 316.70372778474916 -2.4492935982947064e-16 -1 0 1 -2.4492935982947064e-16 0 0 0 1 4
2 476.44622541335593 908.32937209518332 312.79014593243255 -2.4492935982947064e-16 -1 0 1 -2.4492935982947064e-16 0 0 0 1 4
2 475.29860642319591 907.7344169455273 308.87656408011594 -2.4492935982947064e-16 -1 0 1 -2.4492935982947064e-16 0 0 0 1 4
2 474.03692633906758 907.1394617958714 304.96298222779933 -2.4492935982947064e-16 -1 0 1 -2.4492935982947064e-16 0 0 0 1 4
2 472.66118516097094 906.54450664621538 301.04940037548272 -2.4492935982947064e-16 -1 0 1 -2.4492935982947064e-16 0 0 0 1 4
2 471.17138288890601 905.94955149655948 297.13581852316611 -2.4492935982947064e-16 -1 0 1 -2.4492935982947064e-16 0 0 0 1 4
2 469.56751952287277 905.35459634690358 293.2222366708495 -2.4492935982947064e-16 -1 0 1 -2.4492935982947064e-16 0 0 0 1 4
2 467.84959506287123 904.75964119724756 289.30865481853289 -2.4492935982947064e-16 -1 0 1 -2.4492935982947064e-16 0 0 0 1 4
2 466.01760950890139 904.16468604759166 285.39507296621628 -2.4492935982947064e-16 -1 0 1 -2.4492935982947064e-16 0 0 0 1 4
2 464.07156286096324 903.56973089793564 281.48149111389966 -2.4492935982947064e-16 -1 0 1 -2.4492935982947064e-16 0 0 0 1 4
2 462.01145511905679 902.97477574827974 277.56790926158305 -2.4492935982947064e-16 -1 0 1 -2.4492935982947064e-16 0 0 0 1 4
2 459.83728628318204 902.37982059862384 273.65432740926644 -2.4492935982947064e-16 -1 0 1 -2.4492935982947064e-16 0 0 0 1 4
2 457.54905635333898 901.78486544896782 269.74074555694983 -2.4492935982947064e-16 -1 0 1 -2.4492935982947064e-16 0 0 0 1 4
2 455.14676532952762 901.18991029931192 265.82716370463322 -2.4492935982947064e-16 -1 0 1 -2.4492935982947064e-16 0 0 0 1 4
2 452.63041321174796 900.5949551496559 261.91358185231661 -2.4492935982947064e-16 -1 0 1 -2.4492935982947064e-16 0 0 0 1 4
2 450 900 258 -2.4492935982947064e-16 -1 0 1 -2.4492935982947064e-16 0 0 0 1 4
Polygon3D 0
PolygonOnTriangulations 0
Surfaces 321
2 300 947.59641197247561 571.08654818532887 0.84974215960979138 -0.079236008227290267 -0.52121005092178785 0.522853964033269 0 0.8524222734623359 -0.067542538273187111 -0.99685588476981213 0.041428860995811424 4
1 306.38041321174796 947.0014568228197 567.17296633301225 0.84974215960979138 -0.079236008227290267 -0.52121005092178785 0.522853964033269 0 0.8524222734623359 -0.067542538273187111 -0.99685588476981213 0.041428860995811424 
1 300 947.59641197247561 571.08654818532887 0.84974215960979138 -0.079236008227290267 -0.52121005092178785 0.522853964033269 0 0.8524222734623359 -0.067542538273187111 -0.99685588476981213 0.041428860995811424 
2 306.38041321174796 947.0014568228197 567.17296633301225 0.84543706512953487 -0.080269529409577933 -0.52800849572097175 0.5297177916392195 0 0.84817395693387598 -0.068082524380541853 -0.99677319518954011 0.042520197854761015 4
1 312.64676532952762 946.40650167316369 563.25938448069564 0.84543706512953487 -0.080269529409577933 -0.52800849572097175 0.5297177916392195 0 0.84817395693387598 -0.068082524380541853 -0.99677319518954011 0.042520197854761015 
1 306.38041321174796 947.0014568228197 567.17296633301225 0.84543706512953487 -0.080269529409577933 -0.52800849572097175 0.5297177916392195 0 0.84817395693387598 -0.068082524380541853 -0.99677319518954011 0.042520197854761015 
2 312.64676532952762 946.40650167316369 563.25938448069564 0.84096061397670929 -0.081324801770068858 -0.53495001855965485 0.53672784771198612 0 0.8437554251620899 -0.068618242693727141 -0.99668765248550117 0.043649285819652987 4
1 318.79905635333898 945.81154652350779 559.34580262837903 0.84096061397670929 -0.081324801770068858 -0.53495001855965485 0.53672784771198612 0 0.8437554251620899 -0.068618242693727141 -0.99668765248550117 0.043649285819652987 
1 312.64676532952762 946.40650167316369 563.25938448069564 0.84096061397670929 -0.081324801770068858 -0.53495001855965485 0.53672784771198612 0 0.8437554251620899 -0.068618242693727141 -0.99668765248550117 0.043649285819652987 
2 318.79905635333898 945.81154652350779 559.34580262837903 0.83630457184175599 -0.082402246598624482 -0.54203739065868584 0.54388706790898067 0 0.83915842208808944 -0.069148539232215353 -0.99659915199417048 0.044817516291638645 4
1 324.83728628318204 945.21659137385177 555.43222077606242 0.83630457184175599 -0.082402246598624482 -0.54203739065868584 0.54388706790898067 0 0.83915842208808944 -0.069148539232215353 -0.99659915199417048 0.044817516291638645 
1 318.79905635333898 945.81154652350779 559.34580262837903 0.83630457184175599 -0.082402246598624482 -0.54203739065868584 0.54388706790898067 0 0.83915842208808944 -0.069148539232215353 -0.99659915199417048 0.044817516291638645 
2 324.83728628318204 945.21659137385177 555.43222077606242 0.83146027869674433 -0.083502274875985383 -0.54927331542690783 0.55119832787003975 0 0.83437425856342906 -0.069672148688009986 -0.99650758656948291 0.046026314284987588 4
1 330.76145511905679 944.62163622419587 551.51863892374581 0.83146027869674433 -0.083502274875985383 -0.54927331542690783 0.55119832787003975 0 0.83437425856342906 -0.069672148688009986 -0.99650758656948291 0.046026314284987588 
1 324.83728628318204 945.21659137385177 555.43222077606242 0.83146027869674433 -0.083502274875985383 -0.54927331542690783 0.55119832787003975 0 0.83437425856342906 -0.069672148688009986 -0.99650758656948291 0.046026314284987588 
2 330.76145511905679 944.62163622419587 551.51863892374581 0.82641862922754572 -0.084625284258354638 -0.55666040862437571 0.5586644234999496 6.9388939039072299e-18 0.82939379182356376 -0.070187685395183691 -0.9964128467980492 0.04727713564371306 4
1 336.57156286096324 944.02668107453997 547.6050570714292 0.82641862922754572 -0.084625284258354638 -0.55666040862437571 0.5586644234999496 6.9388939039072299e-18 0.82939379182356376 -0.070187685395183691 -0.9964128467980492 0.04727713564371306 
1 330.76145511905679 944.62163622419587 551.51863892374581 0.82641862922754572 -0.084625284258354638 -0.55666040862437571 0.5586644234999496 6.9388939039072299e-18 0.82939379182356376 -0.070187685395183691 -0.9964128467980492 0.04727713564371306 
2 336.57156286096324 944.02668107453997 547.6050570714292 0.82117005307608426 -0.085771655679429695 -0.56420117601173991 0.56628804868387761 0 0.82420740467300246 -0.070693633722049135 -0.99631482126986826 0.048571463527089673 4
1 342.26760950890139 943.43172592488395 543.69147521911259 0.82117005307608426 -0.085771655679429695 -0.56420117601173991 0.56628804868387761 0 0.82420740467300246 -0.070693633722049135 -0.99631482126986826 0.048571463527089673 
1 336.57156286096324 944.02668107453997 547.6050570714292 0.82117005307608426 -0.085771655679429695 -0.56420117601173991 0.56628804868387761 0 0.82420740467300246 -0.070693633722049135 -0.99631482126986826 0.048571463527089673 
2 342.26760950890139 943.43172592488395 543.69147521911259 0.8157044950477359 -0.086941749532291945 -0.57189798823494953 0.57407177017223765 6.9388939039072284e-18 0.81880498453008566 -0.071188337880806876 -0.99621339691266164 0.049910804055874142 4
1 347.84959506287123 942.83677077522805 539.77789336679598 0.8157044950477359 -0.086941749532291945 -0.57189798823494953 0.57407177017223765 6.9388939039072284e-18 0.81880498453008566 -0.071188337880806876 -0.99621339691266164 0.049910804055874142 
1 342.26760950890139 943.43172592488395 543.69147521911259 0.8157044950477359 -0.086941749532291945 -0.57189798823494953 0.57407177017223765 6.9388939039072284e-18 0.81880498453008566 -0.071188337880806876 -0.99621339691266164 0.049910804055874142 
2 347.84959506287123 942.83677077522805 539.77789336679598 0.81001139547371348 -0.088135901390452992 -0.57975305267744781 0.58201799935248666 0 0.81317590251416627 -0.071669991157081184 -0.99610845939892123 0.051296680998399506 4
1 353.31751952287277 942.24181562557203 535.86431151447937 0.81001139547371348 -0.088135901390452992 -0.57975305267744781 0.58201799935248666 0 0.81317590251416627 -0.071669991157081184 -0.99610845939892123 0.051296680998399506 
1 347.84959506287123 942.83677077522805 539.77789336679598 0.81001139547371348 -0.088135901390452992 -0.57975305267744781 0.58201799935248666 0 0.81317590251416627 -0.071669991157081184 -0.99610845939892123 0.051296680998399506 
2 353.31751952287277 942.24181562557203 535.86431151447937 0.80407967095843047 -0.089354417224283694 -0.58776838199574055 0.59012896060676734 -6.9388939039072299e-18 0.80730899279840596 -0.072136624571425001 -0.99599989363579189 0.05273062936218996 4
1 358.67138288890601 941.64686047591613 531.95072966216276 0.80407967095843047 -0.089354417224283694 -0.58776838199574055 0.59012896060676734 -6.9388939039072299e-18 0.80730899279840596 -0.072136624571425001 -0.99599989363579189 0.05273062936218996 
1 353.31751952287277 942.24181562557203 535.86431151447937 0.80407967095843047 -0.089354417224283694 -0.58776838199574055 0.59012896060676734 -6.9388939039072299e-18 0.80730899279840596 -0.072136624571425001 -0.99599989363579189 0.05273062936218996 
2 358.67138288890601 941.64686047591613 531.95072966216276 0.79789769578779524 -0.090597568068241124 -0.59594575903906499 0.59840665593671172 0 0.80119253249805189 -0.072586094998758746 -0.99588758434881619 0.054214187743714788 4
1 363.91118516097094 941.05190532626023 528.03714780984615 0.79789769578779524 -0.090597568068241124 -0.59594575903906499 0.59840665593671172 0 0.80119253249805189 -0.072586094998758746 -0.99588758434881619 0.054214187743714788 
1 358.67138288890601 941.64686047591613 531.95072966216276 0.79789769578779524 -0.090597568068241124 -0.59594575903906499 0.59840665593671172 0 0.80119253249805189 -0.072586094998758746 -0.99588758434881619 0.054214187743714788 
2 363.91118516097094 941.05190532626023 528.03714780984615 0.79145328432715978 -0.091865584090507046 -0.6042866978409025 0.60685282552088826 -6.9388939039072284e-18 0.79481422241761279 -0.073016072785836175 -0.99577141677179615 0.055748889273450952 4
1 369.03692633906758 940.45695017660421 524.12356595752954 0.79145328432715978 -0.091865584090507046 -0.6042866978409025 0.60685282552088826 -6.9388939039072284e-18 0.79481422241761279 -0.073016072785836175 -0.99577141677179615 0.055748889273450952 
1 363.91118516097094 941.05190532626023 528.03714780984615 0.79145328432715978 -0.091865584090507046 -0.6042866978409025 0.60685282552088826 -6.9388939039072284e-18 0.79481422241761279 -0.073016072785836175 -0.99577141677179615 0.055748889273450952 
2 369.03692633906758 940.45695017660421 524.12356595752954 0.78473367479734446 -0.093158648016593015 -0.61279240035984162 0.61546890385719 6.9388939039072284e-18 0.78816116904147793 -0.073424028927081497 -0.99565127745597781 0.057336250979590282 4
1 374.04860642319591 939.86199502694831 520.20998410521292 0.78473367479734446 -0.093158648016593015 -0.61279240035984162 0.61546890385719 6.9388939039072284e-18 0.78816116904147793 -0.073424028927081497 -0.99565127745597781 0.057336250979590282 
1 369.03692633906758 940.45695017660421 524.12356595752954 0.78473367479734446 -0.093158648016593015 -0.61279240035984162 0.61546890385719 6.9388939039072284e-18 0.78816116904147793 -0.073424028927081497 -0.99565127745597781 0.057336250979590282 
2 374.04860642319591 939.86199502694831 520.20998410521292 0.77772551488475106 -0.094476887856978942 -0.62146370864122757 0.62425597113312636 0 0.7812198682218966 -0.073807221881644 -0.99552705521289575 0.058977761378793868 4
1 378.94622541335593 939.26703987729229 516.29640225289631 0.77772551488475106 -0.094476887856978942 -0.62146370864122757 0.62425597113312636 0 0.7812198682218966 -0.073807221881644 -0.99552705521289575 0.058977761378793868 
1 374.04860642319591 939.86199502694831 520.20998410521292 0.77772551488475106 -0.094476887856978942 -0.62146370864122757 0.62425597113312636 0 0.7812198682218966 -0.073807221881644 -0.99552705521289575 0.058977761378793868 
2 378.94622541335593 939.26703987729229 516.29640225289631 0.77041484971741014 -0.09582036888811607 -0.63030105207039433 0.63321469946285325 -6.9388939039072284e-18 0.77397619109645011 -0.074162684141480861 -0.99539864220630003 0.060674866087908147 4
1 383.72978330954766 938.67208472763639 512.3828204005797 0.77041484971741014 -0.09582036888811607 -0.63030105207039433 0.63321469946285325 -6.9388939039072284e-18 0.77397619109645011 -0.074162684141480861 -0.99539864220630003 0.060674866087908147 
1 378.94622541335593 939.26703987729229 516.29640225289631 0.77041484971741014 -0.09582036888811607 -0.63030105207039433 0.63321469946285325 -6.9388939039072284e-18 0.77397619109645011 -0.074162684141480861 -0.99539864220630003 0.060674866087908147 
2 383.72978330954766 938.67208472763639 512.3828204005797 0.76278711282311196 -0.097189084838686712 -0.63930438939459777 0.64234529363259896 0 0.76641537285472705 -0.074487208694051774 -0.99526593520938844 0.06242895123858979 4
1 388.39928011177108 938.07712957798049 508.46923854826315 0.76278711282311196 -0.097189084838686712 -0.63930438939459777 0.64234529363259896 0 0.76641537285472705 -0.074487208694051774 -0.99526593520938844 0.06242895123858979 
1 383.72978330954766 938.67208472763639 512.3828204005797 0.76278711282311196 -0.097189084838686712 -0.63930438939459777 0.64234529363259896 0 0.76641537285472705 -0.074487208694051774 -0.99526593520938844 0.06242895123858979 
2 388.39928011177108 938.07712957798049 508.46923854826315 0.75482712077914615 -0.098582948233417678 -0.64847314520639276 0.65164742600798753 0 0.75852200507115441 -0.074777335559837815 -0.99512883704453436 0.064241324464585331 4
1 392.95471582002619 937.48217442832447 504.55565669594648 0.75482712077914615 -0.098582948233417678 -0.64847314520639276 0.65164742600798753 0 0.75852200507115441 -0.074777335559837815 -0.99512883704453436 0.064241324464585331 
1 388.39928011177108 938.07712957798049 508.46923854826315 0.75482712077914615 -0.098582948233417678 -0.64847314520639276 0.65164742600798753 0 0.75852200507115441 -0.074777335559837815 -0.99512883704453436 0.064241324464585331 
2 392.95471582002619 937.48217442832447 504.55565669594648 0.74651907236529513 -0.10000177985242964 -0.65780614060770626 0.66112016527974704 0 0.75028003242821284 -0.075029338630559911 -0.99498725822311229 0.066113193224307157 4
1 397.39609043431301 936.88721927866857 500.64207484362987 0.74651907236529513 -0.10000177985242964 -0.65780614060770626 0.66112016527974704 0 0.75028003242821284 -0.075029338630559911 -0.99498725822311229 0.066113193224307157 
1 392.95471582002619 937.48217442832447 504.55565669594648 0.74651907236529513 -0.10000177985242964 -0.65780614060770626 0.66112016527974704 0 0.75028003242821284 -0.075029338630559911 -0.99498725822311229 0.066113193224307157 
2 397.39609043431301 936.88721927866857 500.64207484362987 0.73784655314193492 -0.10144529726964183 -0.66730151781517755 0.67076189876213999 0 0.7416727547705988 -0.075239213084497561 -0.99484111880333637 0.068045640217074682 4
1 401.72340395463152 936.29226412901266 496.7284929913132 0.73784655314193492 -0.10144529726964183 -0.66730151781517755 0.67076189876213999 0 0.7416727547705988 -0.075239213084497561 -0.99484111880333637 0.068045640217074682 
1 397.39609043431301 936.88721927866857 500.64207484362987 0.73784655314193492 -0.10144529726964183 -0.66730151781517755 0.67076189876213999 0 0.7416727547705988 -0.075239213084497561 -0.99484111880333637 0.068045640217074682 
2 401.72340395463152 936.29226412901266 496.7284929913132 0.72879254649392855 -0.10291310244211872 -0.67695665852448283 0.6805702480125303 0 0.73268283555721658 -0.075402663713281859 -0.99469035048387711 0.07003959565277168 4
1 405.93665638098173 935.69730897935665 492.81491113899665 0.72879254649392855 -0.10291310244211872 -0.67695665852448283 0.6805702480125303 0 0.73268283555721658 -0.075402663713281859 -0.99469035048387711 0.07003959565277168 
1 401.72340395463152 936.29226412901266 496.7284929913132 0.72879254649392855 -0.10291310244211872 -0.67695665852448283 0.6805702480125303 0 0.73268283555721658 -0.075402663713281859 -0.99469035048387711 0.07003959565277168 
2 405.93665638098173 935.69730897935665 492.81491113899665 0.71933945230460006 -0.1044046683350582 -0.68676809593047095 0.69054197761729141 6.9388939039072284e-18 0.72329231791053916 -0.075515094560745316 -0.99453489895018099 0.072095806144568494 4
1 410.03584771336364 935.10235382970075 488.9013292866801 0.71933945230460006 -0.1044046683350582 -0.68676809593047095 0.69054197761729141 6.9388939039072284e-18 0.72329231791053916 -0.075515094560745316 -0.99453489895018099 0.072095806144568494 
1 405.93665638098173 935.69730897935665 492.81491113899665 0.71933945230460006 -0.1044046683350582 -0.68676809593047095 0.69054197761729141 6.9388939039072284e-18 0.72329231791053916 -0.075515094560745316 -0.99453489895018099 0.072095806144568494 
2 410.03584771336364 935.10235382970075 488.9013292866801 0.70946911455339234 -0.10591932458232137 -0.69673142040161373 0.70067289708950409 0 0.71348264960277841 -0.075571600347131368 -0.99437472648897551 0.074214800012858656 4
1 414.02097795177724 934.50739868004484 484.98774743436343 0.70946911455339234 -0.10591932458232137 -0.69673142040161373 0.70067289708950409 0 0.71348264960277841 -0.075571600347131368 -0.99437472648897551 0.074214800012858656 
1 410.03584771336364 935.10235382970075 488.9013292866801 0.70946911455339234 -0.10591932458232137 -0.69673142040161373 0.70067289708950409 0 0.71348264960277841 -0.075571600347131368 -0.99437472648897551 0.074214800012858656 
2 414.02097795177724 934.50739868004484 484.98774743436343 0.69916285925983945 -0.10745624220163404 -0.70684117893874121 -0.71095775595529742 -6.9388939039072299e-18 -0.70323471845963892 0.07556696023139689 0.99420981488411375 -0.076396848819062682 4
1 417.89204709622254 933.91244353038894 481.07416558204682 0.69916285925983945 -0.10745624220163404 -0.70684117893874121 -0.71095775595529742 -6.9388939039072299e-18 -0.70323471845963892 0.07556696023139689 0.99420981488411375 -0.076396848819062682 
1 414.02097795177724 934.50739868004484 484.98774743436343 0.69916285925983945 -0.10745624220163404 -0.70684117893874121 -0.71095775595529742 -6.9388939039072299e-18 -0.70323471845963892 0.07556696023139689 0.99420981488411375 -0.076396848819062682 
2 417.89204709622254 933.91244353038894 481.07416558204682 0.68840154432309597 -0.1090144174096674 -0.71709076871091237 -0.72139013227050452 1.387778780781446e-17 -0.69252889980328192 0.075495634551412727 0.99404016860327671 -0.078641924994551943 4
1 421.64905514669954 933.31748838073293 477.16058372973015 0.68840154432309597 -0.1090144174096674 -0.71709076871091237 -0.72139013227050452 1.387778780781446e-17 -0.69252889980328192 0.075495634551412727 0.99404016860327671 -0.078641924994551943 
1 417.89204709622254 933.91244353038894 481.07416558204682 0.68840154432309597 -0.1090144174096674 -0.71709076871091237 -0.72139013227050452 1.387778780781446e-17 -0.69252889980328192 0.075495634551412727 0.99404016860327671 -0.078641924994551943 
2 421.64905514669954 933.31748838073293 477.16058372973015 0.67716562292448867 -0.110592654611415 -0.72747232516109472 -0.73196231501334785 6.9388939039072284e-18 -0.68134511769022066 0.075351765271888457 0.99386581828031506 -0.080949655492842915 4
1 425.29200210320823 932.72253323107702 473.2470018774136 0.67716562292448867 -0.110592654611415 -0.72747232516109472 -0.73196231501334785 6.9388939039072284e-18 -0.68134511769022066 0.075351765271888457 0.99386581828031506 -0.080949655492842915 
1 421.64905514669954 933.31748838073293 477.16058372973015 0.67716562292448867 -0.110592654611415 -0.72747232516109472 -0.73196231501334785 6.9388939039072284e-18 -0.68134511769022066 0.075351765271888457 0.99386581828031506 -0.080949655492842915 
2 425.29200210320823 932.72253323107702 473.2470018774136 0.66543522226207652 -0.11218954867592035 -0.7379766054157233 -0.74266518104777013 -6.9388939039072268e-18 -0.66966292181909159 0.07512918096388202 0.99368682449144585 -0.083319271479070006 4
1 428.82088796574862 932.12757808142112 469.33342002509704 0.66543522226207652 -0.11218954867592035 -0.7379766054157233 -0.74266518104777013 -6.9388939039072268e-18 -0.66966292181909159 0.07512918096388202 0.99368682449144585 -0.083319271479070006 
1 425.29200210320823 932.72253323107702 473.2470018774136 0.66543522226207652 -0.11218954867592035 -0.7379766054157233 -0.74266518104777013 -6.9388939039072268e-18 -0.66966292181909159 0.07512918096388202 0.99368682449144585 -0.083319271479070006 
2 428.82088796574862 932.12757808142112 469.33342002509704 0.65319023946490196 -0.11380346665260689 -0.7485928680168098 -0.75348806764782261 -6.9388939039072299e-18 -0.65746158208092309 0.074821407231716514 0.99350328181533909 -0.085749554179696194 4
1 432.23571273432071 931.5326229317651 465.41983817278037 0.65319023946490196 -0.11380346665260689 -0.7485928680168098 -0.75348806764782261 -6.9388939039072299e-18 -0.65746158208092309 0.074821407231716514 0.99350328181533909 -0.085749554179696194 
1 428.82088796574862 932.12757808142112 469.33342002509704 0.65319023946490196 -0.11380346665260689 -0.7485928680168098 -0.75348806764782261 -6.9388939039072299e-18 -0.65746158208092309 0.074821407231716514 0.99350328181533909 -0.085749554179696194 
2 432.23571273432071 931.5326229317651 465.41983817278037 0.64041045657664175 -0.11543252913418489 -0.75930875032820666 -0.76441864192253528 0 -0.64472020278668696 0.074421683591571849 0.99331532315659243 -0.08823877715443712 4
1 435.5364764089245 930.9376677821092 461.50625632046376 0.64041045657664175 -0.11543252913418489 -0.75930875032820666 -0.76441864192253528 0 -0.64472020278668696 0.074421683591571849 0.99331532315659243 -0.08823877715443712 
1 432.23571273432071 931.5326229317651 465.41983817278037 0.64041045657664175 -0.11543252913418489 -0.75930875032820666 -0.76441864192253528 0 -0.64472020278668696 0.074421683591571849 0.99331532315659243 -0.08823877715443712 
2 435.5364764089245 930.9376677821092 461.50625632046376 0.62707567649364071 -0.11707459152950592 -0.77011014534821065 -0.77544276888274732 0 -0.63141785862252753 0.07392298788266774 0.99312312429939897 -0.090784645421456714 4
1 438.72317898955998 930.34271263245319 457.5926744681471 0.62707567649364071 -0.11707459152950592 -0.77011014534821065 -0.77544276888274732 0 -0.63141785862252753 0.07392298788266774 0.99312312429939897 -0.090784645421456714 
1 435.5364764089245 930.9376677821092 461.50625632046376 0.62707567649364071 -0.11707459152950592 -0.77011014534821065 -0.77544276888274732 0 -0.63141785862252753 0.07392298788266774 0.99312312429939897 -0.090784645421456714 
2 438.72317898955998 930.34271263245319 457.5926744681471 0.6131658816751675 -0.11872722557412289 -0.78098108008900313 -0.78654438034748553 6.9388939039072268e-18 -0.61753375433557478 0.073318069350634799 0.99292690864306399 -0.093384232069574635 4
1 441.79582047622716 929.74775748279728 453.67909261583054 0.6131658816751675 -0.11872722557412289 -0.78098108008900313 -0.78654438034748553 6.9388939039072268e-18 -0.61753375433557478 0.073318069350634799 0.99292690864306399 -0.093384232069574635 
1 438.72317898955998 930.34271263245319 457.5926744681471 0.6131658816751675 -0.11872722557412289 -0.78098108008900313 -0.78654438034748553 6.9388939039072268e-18 -0.61753375433557478 0.073318069350634799 0.99292690864306399 -0.093384232069574635 
2 441.79582047622716 929.74775748279728 453.67909261583054 0.59866141729637967 -0.12038770147998941 -0.7919035981564011 -0.79770534739561771 -6.9388939039072299e-18 -0.60304741002381967 0.072599491576228387 0.99272695205296257 -0.096033913231254889 4
1 444.75440086892604 929.15280233314138 449.76551076351399 0.59866141729637967 -0.12038770147998941 -0.7919035981564011 -0.79770534739561771 -6.9388939039072299e-18 -0.60304741002381967 0.072599491576228387 0.99272695205296257 -0.096033913231254889 
1 441.79582047622716 929.74775748279728 453.67909261583054 0.59866141729637967 -0.12038770147998941 -0.7919035981564011 -0.79770534739561771 -6.9388939039072299e-18 -0.60304741002381967 0.072599491576228387 0.99272695205296257 -0.096033913231254889 
2 444.75440086892604 929.15280233314138 449.76551076351399 0.58354320027184081 -0.12205297120094098 -0.80285764967241913 -0.80890535961995946 0 -0.58793887367489495 0.071759686416555613 0.99252358774037319 -0.098729302561981688 4
1 447.59892016765662 928.55784718348536 445.85192891119732 0.58354320027184081 -0.12205297120094098 -0.80285764967241913 -0.80890535961995946 0 -0.58793887367489495 0.071759686416555613 0.99252358774037319 -0.098729302561981688 
1 444.75440086892604 929.15280233314138 449.76551076351399 0.58354320027184081 -0.12205297120094098 -0.80285764967241913 -0.80890535961995946 0 -0.58793887367489495 0.071759686416555613 0.99252358774037319 -0.098729302561981688 
2 447.59892016765662 928.55784718348536 445.85192891119732 0.56779295521691597 -0.12371965337373075 -0.8138209922182672 -0.82012181502689152 0 -0.57218896224673643 0.070791020073440958 0.99231721106160609 -0.10146518667936198 4
1 450.32937837241889 927.96289203382946 441.93834705888071 0.56779295521691597 -0.12371965337373075 -0.8138209922182672 -0.82012181502689152 0 -0.57218896224673643 0.070791020073440958 0.99231721106160609 -0.10146518667936198 
1 447.59892016765662 928.55784718348536 445.85192891119732 0.56779295521691597 -0.12371965337373075 -0.8138209922182672 -0.82012181502689152 0 -0.57218896224673643 0.070791020073440958 0.99231721106160609 -0.10146518667936198 
2 450.32937837241889 927.96289203382946 441.93834705888071 0.55139347792013949 -0.12538402057621018 -0.82476910701800477 -0.83132972502532898 0 -0.55577953208921871 0.069685872287311074 0.99210828410216623 -0.10423546334819102 4
1 452.94577548321286 927.36793688417345 438.02476520656404 0.55139347792013949 -0.12538402057621018 -0.82476910701800477 -0.83132972502532898 0 -0.55577953208921871 0.069685872287311074 0.99210828410216623 -0.10423546334819102 
1 450.32937837241889 927.96289203382946 441.93834705888071 0.55139347792013949 -0.12538402057621018 -0.82476910701800477 -0.83132972502532898 0 -0.55577953208921871 0.069685872287311074 0.99210828410216623 -0.10423546334819102 
2 452.94577548321286 927.36793688417345 438.02476520656404 0.53432892625315842 -0.12704198962363947 -0.83567513511029723 -0.84250163954118107 6.9388939039072299e-18 -0.53869377884882053 0.068436729462831011 0.99189733988577022 -0.10703308454848999 4
1 455.44811150003852 926.77298173451754 434.11118335424749 0.53432892625315842 -0.12704198962363947 -0.83567513511029723 -0.84250163954118107 6.9388939039072299e-18 -0.53869377884882053 0.068436729462831011 0.99189733988577022 -0.10703308454848999 
1 452.94577548321286 927.36793688417345 438.02476520656404 0.53432892625315842 -0.12704198962363947 -0.83567513511029723 -0.84250163954118107 6.9388939039072299e-18 -0.53869377884882053 0.068436729462831011 0.99189733988577022 -0.10703308454848999 
2 455.44811150003852 926.77298173451754 434.11118335424749 0.51658513763091685 -0.12868911569925356 -0.84650983873750163 -0.85360759784570739 6.9388939039072284e-18 -0.52091656616014936 0.067036292252241322 0.99168498602154109 -0.10985000692092811 4
1 457.83638642289588 926.17802658486164 430.19760150193093 0.51658513763091685 -0.12868911569925356 -0.84650983873750163 -0.85360759784570739 6.9388939039072284e-18 -0.52091656616014936 0.067036292252241322 0.99168498602154109 -0.10985000692092811 
1 455.44811150003852 926.77298173451754 434.11118335424749 0.51658513763091685 -0.12868911569925356 -0.84650983873750163 -0.85360759784570739 6.9388939039072284e-18 -0.52091656616014936 0.067036292252241322 0.99168498602154109 -0.10985000692092811 
2 457.83638642289588 926.17802658486164 430.19760150193093 0.49814997114778364 -0.13032059117332342 -0.8572415935789035 -0.86461511115635614 -6.9388939039072284e-18 -0.50243478139961806 0.065477597738037754 0.99147190757793824 -0.11267715242328508 4
1 460.11060025178494 925.58307143520562 426.28401964961427 0.49814997114778364 -0.13032059117332342 -0.8572415935789035 -0.86461511115635614 -6.9388939039072284e-18 -0.50243478139961806 0.065477597738037754 0.99147190757793824 -0.11267715242328508 
1 457.83638642289588 926.17802658486164 430.19760150193093 0.49814997114778364 -0.13032059117332342 -0.8572415935789035 -0.86461511115635614 -6.9388939039072284e-18 -0.50243478139961806 0.065477597738037754 0.99147190757793824 -0.11267715242328508 
2 460.11060025178494 925.58307143520562 426.28401964961427 0.47901367135142942 -0.13193125000791556 -0.86783641772500741 -0.8754891834103572 0 -0.48323771555153489 0.063754155863683534 0.99125886894965487 -0.11550438233573768 4
1 462.2707529867057 924.98811628554972 422.37043779729765 0.47901367135142942 -0.13193125000791556 -0.86783641772500741 -0.8754891834103572 0 -0.48323771555153489 0.063754155863683534 0.99125886894965487 -0.11550438233573768 
1 460.11060025178494 925.58307143520562 426.28401964961427 0.47901367135142942 -0.13193125000791556 -0.86783641772500741 -0.8754891834103572 0 -0.48323771555153489 0.063754155863683534 0.99125886894965487 -0.11550438233573768 
2 462.2707529867057 924.98811628554972 422.37043779729765 0.45916924928928798 -0.13351557865765065 -0.87825804338065949 -0.88619237676707807 6.9388939039072284e-18 -0.46331746282642683 0.061860099151464933 0.99104671446693815 -0.1183204879860552 4
1 464.31684462765816 924.39316113589371 418.45685594498099 0.45916924928928798 -0.13351557865765065 -0.87825804338065949 -0.88619237676707807 6.9388939039072284e-18 -0.46331746282642683 0.061860099151464933 0.99104671446693815 -0.1183204879860552 
1 462.2707529867057 924.98811628554972 422.37043779729765 0.45916924928928798 -0.13351557865765065 -0.87825804338065949 -0.88619237676707807 6.9388939039072284e-18 -0.46331746282642683 0.061860099151464933 0.99104671446693815 -0.1183204879860552 
2 464.31684462765816 924.39316113589371 418.45685594498099 0.43861287499639801 -0.13506773435432035 -0.88846803714246514 -0.89668492830469038 0 -0.44266933409850323 0.059790344024820523 0.99083636748778592 -0.12111320169578071 4
1 466.24887517464231 923.7982059862378 414.54327409266443 0.43861287499639801 -0.13506773435432035 -0.88846803714246514 -0.89668492830469038 0 -0.44266933409850323 0.059790344024820523 0.99083636748778592 -0.12111320169578071 
1 464.31684462765816 924.39316113589371 418.45685594498099 0.43861287499639801 -0.13506773435432035 -0.88846803714246514 -0.89668492830469038 0 -0.44266933409850323 0.059790344024820523 0.99083636748778592 -0.12111320169578071 
2 466.24887517464231 923.7982059862378 414.54327409266443 0.41734427402945629 -0.13658157159974266 -0.89842597426508686 -0.90692492397753877 6.9388939039072284e-18 -0.42129227653534729 0.057540761232031126 0.99062882771467153 -0.12386923143982938 4
1 468.06684462765816 923.2032508365819 410.62969224034782 0.41734427402945629 -0.13658157159974266 -0.89842597426508686 -0.90692492397753877 6.9388939039072284e-18 -0.42129227653534729 0.057540761232031126 0.99062882771467153 -0.12386923143982938 
1 466.24887517464231 923.7982059862378 414.54327409266443 0.41734427402945629 -0.13658157159974266 -0.89842597426508686 -0.90692492397753877 6.9388939039072284e-18 -0.42129227653534729 0.057540761232031126 0.99062882771467153 -0.12386923143982938 
2 468.06684462765816 923.2032508365819 410.62969224034782 0.39536711905453786 -0.13805067757144374 -0.90808967155924636 -0.91686853513122257 6.9388939039072299e-18 -0.39918929004461789 0.055108351969923093 0.9904251664926863 -0.12657432251880238 4
1 469.7707529867057 922.60829568692589 406.71611038803121 0.39536711905453786 -0.13805067757144374 -0.90808967155924636 -0.91686853513122257 6.9388939039072299e-18 -0.39918929004461789 0.055108351969923093 0.9904251664926863 -0.12657432251880238 
1 468.06684462765816 923.2032508365819 410.62969224034782 0.39536711905453786 -0.13805067757144374 -0.90808967155924636 -0.91686853513122257 6.9388939039072299e-18 -0.39918929004461789 0.055108351969923093 0.9904251664926863 -0.12657432251880238 
2 469.7707529867057 922.60829568692589 406.71611038803121 0.37268940594329003 -0.13946841697218484 -0.91741548240963877 -0.9264703216833674 -6.9388939039072299e-18 -0.37636782944337555 0.052491425371724847 0.9902265198767769 -0.12921334913689014 4
1 471.36060025178494 922.01334053726998 402.8025285357146 0.37268940594329003 -0.13946841697218484 -0.91741548240963877 -0.9264703216833674 -6.9388939039072299e-18 -0.37636782944337555 0.052491425371724847 0.9902265198767769 -0.12921334913689014 
1 469.7707529867057 922.60829568692589 406.71611038803121 0.37268940594329003 -0.13946841697218484 -0.91741548240963877 -0.9264703216833674 -6.9388939039072299e-18 -0.37636782944337555 0.052491425371724847 0.9902265198767769 -0.12921334913689014 
2 471.36060025178494 922.01334053726998 402.8025285357146 0.3493238024297447 -0.14082798661577525 -0.9263586558357253 -0.93568360443290366 -6.9388939039072299e-18 -0.35284017967834891 0.049689772101250251 0.99003407930522636 -0.1317704381216773 4
1 472.83638642289588 921.41838538761408 398.88894668339799 0.3493238024297447 -0.14082798661577525 -0.9263586558357253 -0.93568360443290366 -6.9388939039072299e-18 -0.35284017967834891 0.049689772101250251 0.99003407930522636 -0.1317704381216773 
1 471.36060025178494 922.01334053726998 402.8025285357146 0.3493238024297447 -0.14082798661577525 -0.9263586558357253 -0.93568360443290366 -6.9388939039072299e-18 -0.35284017967834891 0.049689772101250251 0.99003407930522636 -0.1317704381216773 
2 472.83638642289588 921.41838538761408 398.88894668339799 0.32528795624254592 -0.14212247973994799 -0.93487375953981922 -0.94446090685080086 -6.9388939039072268e-18 -0.32862379011654463 0.046704827952903524 0.98984907978568537 -0.13422912609907586 4
1 474.19811150003852 920.82343023795806 394.97536483108138 0.32528795624254592 -0.14212247973994799 -0.93487375953981922 -0.94446090685080086 -6.9388939039072268e-18 -0.32862379011654463 0.046704827952903524 0.98984907978568537 -0.13422912609907586 
1 472.83638642289588 921.41838538761408 398.88894668339799 0.32528795624254592 -0.14212247973994799 -0.93487375953981922 -0.94446090685080086 -6.9388939039072268e-18 -0.32862379011654463 0.046704827952903524 0.98984907978568537 -0.13422912609907586 
2 474.19811150003852 920.82343023795806 394.97536483108138 0.3006047488860305 -0.14334495967875779 -0.9429151645200442 -0.9527544641527701 6.9388939039072284e-18 -0.30374155302982164 0.043539820671823062 0.98967278558859817 -0.13657255024773532 4
1 475.44577548321286 920.22847508830216 391.06178297876477 0.3006047488860305 -0.14334495967875779 -0.9429151645200442 -0.9527544641527701 6.9388939039072284e-18 -0.30374155302982164 0.043539820671823062 0.98967278558859817 -0.13657255024773532 
1 474.19811150003852 920.82343023795806 394.97536483108138 0.3006047488860305 -0.14334495967875779 -0.9429151645200442 -0.9527544641527701 6.9388939039072284e-18 -0.30374155302982164 0.043539820671823062 0.98967278558859817 -0.13657255024773532 
2 475.44577548321286 920.22847508830216 391.06178297876477 0.27530248102867849 -0.14448854211708065 -0.95043758613405782 -0.96051679452328842 0 -0.27822201106078404 0.040199892763054981 0.9895064735497594 -0.13878367131964148 4
1 476.57937837241889 919.63351993864615 387.14820112644816 0.27530248102867849 -0.14448854211708065 -0.95043758613405782 -0.96051679452328842 0 -0.27822201106078404 0.040199892763054981 0.9895064735497594 -0.13878367131964148 
1 475.44577548321286 920.22847508830216 391.06178297876477 0.27530248102867849 -0.14448854211708065 -0.95043758613405782 -0.96051679452328842 0 -0.27822201106078404 0.040199892763054981 0.9895064735497594 -0.13878367131964148 
2 476.57937837241889 919.63351993864615 387.14820112644816 0.24941497589056949 -0.145546484705707 -0.9573966735848406 -0.96770132415889709 -6.9388939039072315e-18 -0.25209947881960676 0.036692192938334603 0.98935141420519102 -0.14084552597638536 4
1 477.59892016765662 919.03856478899024 383.23461927413155 0.24941497589056949 -0.145546484705707 -0.9573966735848406 -0.96770132415889709 -6.9388939039072315e-18 -0.25209947881960676 0.036692192938334603 0.98935141420519102 -0.14084552597638536 
1 476.57937837241889 919.63351993864615 387.14820112644816 0.24941497589056949 -0.145546484705707 -0.9573966735848406 -0.96770132415889709 -6.9388939039072315e-18 -0.25209947881960676 0.036692192938334603 0.98935141420519102 -0.14084552597638536 
2 477.59892016765662 919.03856478899024 383.23461927413155 0.22298158820038494 -0.14651228236262767 -0.96374963680435577 -0.97426305448205308 0 -0.22541406493672933 0.03302592913051778 0.98920885111127754 -0.14274150373375066 4
1 478.50440086892604 918.44360963933423 379.32103742181494 0.22298158820038494 -0.14651228236262767 -0.96374963680435577 -0.97426305448205308 0 -0.22541406493672933 0.03302592913051778 0.98920885111127754 -0.14274150373375066 
1 477.59892016765662 919.03856478899024 383.23461927413155 0.22298158820038494 -0.14651228236262767 -0.96374963680435577 -0.97426305448205308 0 -0.22541406493672933 0.03302592913051778 0.98920885111127754 -0.14274150373375066 
2 478.50440086892604 918.44360963933423 379.32103742181494 0.19604710827712532 -0.14737976614249415 -0.96945589681427013 -0.98015925664210068 3.4694469519536142e-18 -0.19821158295822341 0.029212376743116549 0.98907997883476739 -0.1444556420263137 4
1 479.29582047622716 917.84865448967832 375.40745556949832 0.19604710827712532 -0.14737976614249415 -0.96945589681427013 -0.98015925664210068 3.4694469519536142e-18 -0.19821158295822341 0.029212376743116549 0.98907997883476739 -0.1444556420263137 
1 478.50440086892604 918.44360963933423 379.32103742181494 0.19604710827712532 -0.14737976614249415 -0.96945589681427013 -0.98015925664210068 3.4694469519536142e-18 -0.19821158295822341 0.029212376743116549 0.98907997883476739 -0.1444556420263137 
2 479.29582047622716 917.84865448967832 375.40745556949832 0.16866155358845578 -0.14814320316531071 -0.97447774304857782 -0.98535017549657777 3.4694469519536142e-18 -0.17054334243488797 0.025264837026822768 0.98896592021966134 -0.14597293123756408 4
1 479.97317898955998 917.25369934002242 371.49387371718171 0.16866155358845578 -0.14814320316531071 -0.97447774304857782 -0.98535017549657777 3.4694469519536142e-18 -0.17054334243488797 0.025264837026822768 0.98896592021966134 -0.14597293123756408 
1 479.29582047622716 917.84865448967832 375.40745556949832 0.16866155358845578 -0.14814320316531071 -0.97447774304857782 -0.98535017549657777 3.4694469519536142e-18 -0.17054334243488797 0.025264837026822768 0.98896592021966134 -0.14597293123756408 
2 479.97317898955998 917.25369934002242 371.49387371718171 0.14087984368984569 -0.14879739477693071 -0.97878097904971717 0 -0.98864099078060186 0.15029634509311898 -0.99002670147927052 -0.021173725603873709 -0.13927958824654535 4
1 480.5364764089245 916.65874419036641 367.5802918648651 0.14087984368984569 -0.14879739477693071 -0.97878097904971717 0 -0.98864099078060186 0.15029634509311898 -0.99002670147927052 -0.021173725603873709 -0.13927958824654535 
1 479.97317898955998 917.25369934002242 371.49387371718171 0.14087984368984569 -0.14879739477693071 -0.97878097904971717 0 -0.98864099078060186 0.15029634509311898 -0.99002670147927052 -0.021173725603873709 -0.13927958824654535 
2 480.5364764089245 916.65874419036641 367.5802918648651 0.11276135862842281 -0.14933776991206946 -0.98233553660547268 3.469446951953615e-18 -0.98864099078061041 0.15029634509306283 -0.99362209919076994 -0.016947620069580057 -0.11148050131617165 4
1 480.98571273432071 916.06378904071062 363.66671001254849 0.11276135862842281 -0.14933776991206946 -0.98233553660547268 3.469446951953615e-18 -0.98864099078061041 0.15029634509306283 -0.99362209919076994 -0.016947620069580057 -0.11148050131617165 
1 480.5364764089245 916.65874419036641 367.5802918648651 0.11276135862842281 -0.14933776991206946 -0.98233553660547268 3.469446951953615e-18 -0.98864099078061041 0.15029634509306283 -0.99362209919076994 -0.016947620069580057 -0.11148050131617165 
2 480.98571273432071 916.06378904071062 363.66671001254849 0.0843693855057909 -0.1497604705638281 -0.98511603795993297 -1.7347234759768071e-18 -0.98864099078060197 0.15029634509311898 -0.99643454716773805 -0.012680410279272735 -0.083411032877995658 4
1 481.32088796574862 915.4688338910546 359.75312816023188 0.0843693855057909 -0.1497604705638281 -0.98511603795993297 -1.7347234759768071e-18 -0.98864099078060197 0.15029634509311898 -0.99643454716773805 -0.012680410279272735 -0.083411032877995658 
1 480.98571273432071 916.06378904071062 363.66671001254849 0.0843693855057909 -0.1497604705638281 -0.98511603795993297 -1.7347234759768071e-18 -0.98864099078060197 0.15029634509311898 -0.99643454716773805 -0.012680410279272735 -0.083411032877995658 
2 481.32088796574862 915.4688338910546 359.75312816023188 0.055770462676889655 -0.15006242635378952 -0.98710228633592945 -1.7347234759768071e-18 -0.98864099078060186 0.15029634509311895 -0.99844361658173053 -0.008382096704488716 -0.055136965477172763 4
1 481.54200210320823 914.87387874139858 355.83954630791527 0.055770462676889655 -0.15006242635378952 -0.98710228633592945 -1.7347234759768071e-18 -0.98864099078060186 0.15029634509311895 -0.99844361658173053 -0.008382096704488716 -0.055136965477172763 
1 481.32088796574862 915.4688338910546 359.75312816023188 0.055770462676889655 -0.15006242635378952 -0.98710228633592945 -1.7347234759768071e-18 -0.98864099078060186 0.15029634509311895 -0.99844361658173053 -0.008382096704488716 -0.055136965477172763 
2 481.54200210320823 914.87387874139858 355.83954630791527 0.027033635716250077 -0.15024141545875758 -0.98827966670417244 0 -0.98864099078061041 0.15029634509306281 -0.99963452448380419 -0.0040630566427296696 -0.026726560398915574 4
1 481.64905514669954 914.2789235917428 351.92596445559866 0.027033635716250077 -0.15024141545875758 -0.98827966670417244 0 -0.98864099078061041 0.15029634509306281 -0.99963452448380419 -0.0040630566427296696 -0.026726560398915574 
1 481.54200210320823 914.87387874139858 355.83954630791527 0.027033635716250077 -0.15024141545875758 -0.98827966670417244 0 -0.98864099078061041 0.15029634509306281 -0.99963452448380419 -0.0040630566427296696 -0.026726560398915574 
2 481.64905514669954 914.2789235917428 351.92596445559866 -0.0017703565099764062 -0.15029610956637471 -0.98863944149879024 0 -0.98864099078060186 0.15029634509311898 -0.99999843291768598 0.00026607811296126377 0.0017502470140579628 4
1 481.64204709622254 913.68396844208678 348.01238260328205 -0.0017703565099764062 -0.15029610956637471 -0.98863944149879024 0 -0.98864099078060186 0.15029634509311898 -0.99999843291768598 0.00026607811296126377 0.0017502470140579628 
1 481.64905514669954 914.2789235917428 351.92596445559866 -0.0017703565099764062 -0.15029610956637471 -0.98863944149879024 0 -0.98864099078060186 0.15029634509311898 -0.99999843291768598 0.00026607811296126377 0.0017502470140579628 
2 481.64204709622254 913.68396844208678 348.01238260328205 -0.030569943875187269 -0.15022610109758686 -0.98817892968858911 0 -0.98864099078060186 0.15029634509311898 -0.99953263004839821 0.0045945508341424255 0.030222699600872534 4
1 481.52097795177724 913.08901329243076 344.09880075096544 -0.030569943875187269 -0.15022610109758686 -0.98817892968858911 0 -0.98864099078060186 0.15029634509311898 -0.99953263004839821 0.0045945508341424255 0.030222699600872534 
1 481.64204709622254 913.68396844208678 348.01238260328205 -0.030569943875187269 -0.15022610109758686 -0.98817892968858911 0 -0.98864099078060186 0.15029634509311898 -0.99953263004839821 0.0045945508341424255 0.030222699600872534 
2 481.52097795177724 913.08901329243076 344.09880075096544 -0.059293610900589218 -0.15003191161211663 -0.98690156206401036 -1.7347234759768071e-18 -0.98864099078060197 0.15029634509311898 -0.99824058608452171 0.0089116130057320785 0.058620094227718009 4
1 481.28584771336364 912.49405814277475 340.18521889864883 -0.059293610900589218 -0.15003191161211663 -0.98690156206401036 -1.7347234759768071e-18 -0.98864099078060197 0.15029634509311898 -0.99824058608452171 0.0089116130057320785 0.058620094227718009 
1 481.52097795177724 913.08901329243076 344.09880075096544 -0.059293610900589218 -0.15003191161211663 -0.98690156206401036 -1.7347234759768071e-18 -0.98864099078060197 0.15029634509311898 -0.99824058608452171 0.0089116130057320785 0.058620094227718009 
2 481.28584771336364 912.49405814277475 340.18521889864883 -0.087870781088470767 -0.14971498105710451 -0.98481681051755654 0 -0.98864099078061041 0.15029634509306283 -0.99613188174603773 0.013206657238069781 0.08687265607597186 4
1 480.93665638098173 911.89910299311896 336.27163704633222 -0.087870781088470767 -0.14971498105710451 -0.98481681051755654 0 -0.98864099078061041 0.15029634509306283 -0.99613188174603773 0.013206657238069781 0.08687265607597186 
1 481.28584771336364 912.49405814277475 340.18521889864883 -0.087870781088470767 -0.14971498105710451 -0.98481681051755654 0 -0.98864099078061041 0.15029634509306283 -0.99613188174603773 0.013206657238069781 0.08687265607597186 
2 480.93665638098173 911.89910299311896 336.27163704633222 -0.11623267430962933 -0.149277638292446 -0.98193999415883937 -3.4694469519536142e-18 -0.98864099078060197 0.15029634509311895 -0.99322201215178063 0.017469346129136157 0.11491238629055096 4
1 480.47340395463152 911.30414784346294 332.35805519401561 -0.11623267430962933 -0.149277638292446 -0.98193999415883937 -3.4694469519536142e-18 -0.98864099078060197 0.15029634509311895 -0.99322201215178063 0.017469346129136157 0.11491238629055096 
1 480.93665638098173 911.89910299311896 336.27163704633222 -0.11623267430962933 -0.149277638292446 -0.98193999415883937 -3.4694469519536142e-18 -0.98864099078060197 0.15029634509311895 -0.99322201215178063 0.017469346129136157 0.11491238629055096 
2 480.47340395463152 911.30414784346294 332.35805519401561 -0.1443131132559714 -0.14872305406456096 -0.97829196998241719 0 -0.98864099078060186 0.15029634509311895 -0.98953207393311371 0.021689733471381843 0.14267385927201681 4
1 479.89609043431301 910.70919269380693 328.44447334169899 -0.1443131132559714 -0.14872305406456096 -0.97829196998241719 0 -0.98864099078060186 0.15029634509311895 -0.98953207393311371 0.021689733471381843 0.14267385927201681 
1 480.47340395463152 911.30414784346294 332.35805519401561 -0.1443131132559714 -0.14872305406456096 -0.97829196998241719 0 -0.98864099078060186 0.15029634509311895 -0.98953207393311371 0.021689733471381843 0.14267385927201681 
2 479.89609043431301 910.70919269380693 328.44447334169899 -0.17204925754138892 -0.14805517826872358 -0.97389872017950285 -0.98475156675448872 3.4694469519536134e-18 0.17396652486780328 -0.02575664485209294 0.98897910199751771 -0.14579756876624064 4
1 479.20471582002619 910.11423754415114 324.53089148938238 -0.17204925754138892 -0.14805517826872358 -0.97389872017950285 -0.98475156675448872 3.4694469519536134e-18 0.17396652486780328 -0.02575664485209294 0.98897910199751771 -0.14579756876624064 
1 479.89609043431301 910.70919269380693 328.44447334169899 -0.17204925754138892 -0.14805517826872358 -0.97389872017950285 -0.98475156675448872 3.4694469519536134e-18 0.17396652486780328 -0.02575664485209294 0.98897910199751771 -0.14579756876624064 
2 479.20471582002619 910.11423754415114 324.53089148938238 -0.19938224759479986 -0.14727866388429803 -0.96879085178819779 -0.97947195576648993 6.9388939039072299e-18 0.20158047491502568 -0.029688503010647231 0.98909503848945479 -0.14425532095742891 4
1 478.39928011177108 909.51928239449512 320.61730963706577 -0.19938224759479986 -0.14727866388429803 -0.96879085178819779 -0.97947195576648993 6.9388939039072299e-18 0.20158047491502568 -0.029688503010647231 0.98909503848945479 -0.14425532095742891 
1 479.20471582002619 910.11423754415114 324.53089148938238 -0.19938224759479986 -0.14727866388429803 -0.96879085178819779 -0.97947195576648993 6.9388939039072299e-18 0.20158047491502568 -0.029688503010647231 0.98909503848945479 -0.14425532095742891 
2 478.39928011177108 909.51928239449512 320.61730963706577 -0.22625774476824484 -0.14639878036978241 -0.9630030270142601 -0.9734917628283406 -6.9388939039072299e-18 0.22872207524716517 -0.033484632859830596 0.98922565530127671 -0.14251800677809856 4
1 477.47978330954766 908.92432724483911 316.70372778474916 -0.22625774476824484 -0.14639878036978241 -0.9630030270142601 -0.9734917628283406 -6.9388939039072299e-18 0.22872207524716517 -0.033484632859830596 0.98922565530127671 -0.14251800677809856 
1 478.39928011177108 909.51928239449512 320.61730963706577 -0.22625774476824484 -0.14639878036978241 -0.9630030270142601 -0.9734917628283406 -6.9388939039072299e-18 0.22872207524716517 -0.033484632859830596 0.98922565530127671 -0.14251800677809856 
2 477.47978330954766 908.92432724483911 316.70372778474916 -0.25262635877009737 -0.14542131954374773 -0.95657334411780337 -0.96685114627798785 6.9388939039072284e-18 0.2553406762365551 -0.037131978071512702 0.98936981954280134 -0.14060076949413003 4
1 476.44622541335593 908.32937209518332 312.79014593243255 -0.25262635877009737 -0.14542131954374773 -0.95657334411780337 -0.96685114627798785 6.9388939039072284e-18 0.2553406762365551 -0.037131978071512702 0.98936981954280134 -0.14060076949413003 
1 477.47978330954766 908.92432724483911 316.70372778474916 -0.25262635877009737 -0.14542131954374773 -0.95657334411780337 -0.96685114627798785 6.9388939039072284e-18 0.2553406762365551 -0.037131978071512702 0.98936981954280134 -0.14060076949413003 
2 476.44622541335593 908.32937209518332 312.79014593243255 -0.27844395831069624 -0.14435249704647499 -0.94954268923346408 -0.95959315180549731 6.9388939039072284e-18 0.28139115659165986 -0.04061951610080175 0.98952632941041418 -0.13851966761182063 4
1 475.29860642319591 907.7344169455273 308.87656408011594 -0.27844395831069624 -0.14435249704647499 -0.94954268923346408 -0.95959315180549731 6.9388939039072284e-18 0.28139115659165986 -0.04061951610080175 0.98952632941041418 -0.13851966761182063 
1 476.44622541335593 908.32937209518332 312.79014593243255 -0.27844395831069624 -0.14435249704647499 -0.94954268923346408 -0.95959315180549731 6.9388939039072284e-18 0.28139115659165986 -0.04061951610080175 0.98952632941041418 -0.13851966761182063 
2 475.29860642319591 907.7344169455273 308.87656408011594 -0.30367186541789232 -0.14319885239435434 -0.94195407893726824 -0.95176300859066987 6.9388939039072284e-18 0.30683411720086878 -0.043938293458599224 0.98969393686782781 -0.13629137058158194 4
1 474.03692633906758 907.1394617958714 304.96298222779933 -0.30367186541789232 -0.14319885239435434 -0.94195407893726824 -0.95176300859066987 6.9388939039072284e-18 0.30683411720086878 -0.043938293458599224 0.98969393686782781 -0.13629137058158194 
1 475.29860642319591 907.7344169455273 308.87656408011594 -0.30367186541789232 -0.14319885239435434 -0.94195407893726824 -0.95176300859066987 6.9388939039072284e-18 0.30683411720086878 -0.043938293458599224 0.98969393686782781 -0.13629137058158194 
2 474.03692633906758 907.1394617958714 304.96298222779933 -0.328276937991902 -0.141967150421278 -0.93385201192904388 -0.94340743725024201 6.9388939039072284e-18 0.33163595604356688 -0.047081411656741401 0.98987136952296095 -0.13393286555265752 4
1 472.66118516097094 906.54450664621538 301.04940037548272 -0.328276937991902 -0.141967150421278 -0.93385201192904388 -0.94340743725024201 6.9388939039072284e-18 0.33163595604356688 -0.047081411656741401 0.98987136952296095 -0.13393286555265752 
1 474.03692633906758 907.1394617958714 304.96298222779933 -0.328276937991902 -0.141967150421278 -0.93385201192904388 -0.94340743725024201 6.9388939039072284e-18 0.33163595604356688 -0.047081411656741401 0.98987136952296095 -0.13393286555265752 
2 472.66118516097094 906.54450664621538 301.04940037548272 -0.35223154863377898 -0.14066428657037666 -0.92528184605054087 -0.93457398706723671 0 0.35576883322917507 -0.050043969110157224 0.99005735110833204 -0.13146118313804528 4
1 471.17138288890601 905.94955149655948 297.13581852316611 -0.35223154863377898 -0.14066428657037666 -0.92528184605054087 -0.93457398706723671 0 0.35576883322917507 -0.050043969110157224 0.99005735110833204 -0.13146118313804528 
1 472.66118516097094 906.54450664621538 301.04940037548272 -0.35223154863377898 -0.14066428657037666 -0.92528184605054087 -0.93457398706723671 0 0.35576883322917507 -0.050043969110157224 0.99005735110833204 -0.13146118313804528 
2 471.17138288890601 905.94955149655948 297.13581852316611 -0.37551347048038242 -0.13929719810236832 -0.91628921421601839 -0.92531041700033523 -6.9388939039072299e-18 0.37921053807966065 -0.052822965445388184 0.99025062009616005 -0.12889314846308073 4
1 469.56751952287277 905.35459634690358 293.2222366708495 -0.37551347048038242 -0.13929719810236832 -0.91628921421601839 -0.92531041700033523 -6.9388939039072299e-18 0.37921053807966065 -0.052822965445388184 0.99025062009616005 -0.12889314846308073 
1 471.17138288890601 905.94955149655948 297.13581852316611 -0.37551347048038242 -0.13929719810236832 -0.91628921421601839 -0.92531041700033523 -6.9388939039072299e-18 0.37921053807966065 -0.052822965445388184 0.99025062009616005 -0.12889314846308073 
2 469.56751952287277 905.35459634690358 293.2222366708495 -0.39810568266284047 -0.13787278283898949 -0.90691948991285132 -0.91566413171451022 0 0.40194427212178568 -0.055417175343622664 0.99044994611147963 -0.12624516198532656 4
1 467.84959506287123 904.75964119724756 289.30865481853289 -0.39810568266284047 -0.13787278283898949 -0.90691948991285132 -0.91566413171451022 0 0.40194427212178568 -0.055417175343622664 0.99044994611147963 -0.12624516198532656 
1 469.56751952287277 905.35459634690358 293.2222366708495 -0.39810568266284047 -0.13787278283898949 -0.90691948991285132 -0.91566413171451022 0 0.40194427212178568 -0.055417175343622664 0.99044994611147963 -0.12624516198532656 
2 467.84959506287123 904.75964119724756 289.30865481853289 -0.41999610908861701 -0.13639782660744065 -0.89721730993510651 -0.90568168056180565 0 0.42395836292582251 -0.057826999275130742 0.99065414393559503 -0.12353301282680464 4
1 466.01760950890139 904.16468604759166 285.39507296621628 -0.41999610908861701 -0.13639782660744065 -0.89721730993510651 -0.90568168056180565 0 0.42395836292582251 -0.057826999275130742 0.99065414393559503 -0.12353301282680464 
1 467.84959506287123 904.75964119724756 289.30865481853289 -0.41999610908861701 -0.13639782660744065 -0.89721730993510651 -0.90568168056180565 0 0.42395836292582251 -0.057826999275130742 0.99065414393559503 -0.12353301282680464 
2 466.01760950890139 904.16468604759166 285.39507296621628 -0.44117730459488175 -0.13487894011080684 -0.88722615911895897 -0.89540832426552863 6.9388939039072299e-18 0.44524592399706259 -0.060054298317380649 0.99086208501212991 -0.12077172574332815 4
1 464.07156286096324 903.56973089793564 281.48149111389966 -0.44117730459488175 -0.13487894011080684 -0.88722615911895897 -0.89540832426552863 6.9388939039072299e-18 0.44524592399706259 -0.060054298317380649 0.99086208501212991 -0.12077172574332815 
1 466.01760950890139 904.16468604759166 285.39507296621628 -0.44117730459488175 -0.13487894011080684 -0.88722615911895897 -0.89540832426552863 6.9388939039072299e-18 0.44524592399706259 -0.060054298317380649 0.99086208501212991 -0.12077172574332815 
2 464.07156286096324 903.56973089793564 281.48149111389966 -0.4616461022344589 -0.13332250554468278 -0.87698801919240577 -0.88488767117156952 0 0.46580447551366055 -0.062102219769408065 0.99107270647278356 -0.11797544144619301 4
1 462.01145511905679 902.97477574827974 277.56790926158305 -0.4616461022344589 -0.13332250554468278 -0.87698801919240577 -0.88488767117156952 0 0.46580447551366055 -0.062102219769408065 0.99107270647278356 -0.11797544144619301 
1 464.07156286096324 903.56973089793564 281.48149111389966 -0.4616461022344589 -0.13332250554468278 -0.87698801919240577 -0.88488767117156952 0 0.46580447551366055 -0.062102219769408065 0.99107270647278356 -0.11797544144619301 
2 462.01145511905679 902.97477574827974 277.56790926158305 -0.48140323465831147 -0.1317346329296161 -0.86654308152994575 -0.87416138243002917 6.9388939039072268e-18 0.485635539749739 -0.063975019566507835 0.99128501778595401 -0.11515732883566562 4
1 459.83728628318204 902.37982059862384 273.65432740926644 -0.48140323465831147 -0.1317346329296161 -0.86654308152994575 -0.87416138243002917 6.9388939039072268e-18 0.485635539749739 -0.063975019566507835 0.99128501778595401 -0.11515732883566562 
1 462.01145511905679 902.97477574827974 277.56790926158305 -0.48140323465831147 -0.1317346329296161 -0.86654308152994575 -0.87416138243002917 6.9388939039072268e-18 0.485635539749739 -0.063975019566507835 0.99128501778595401 -0.11515732883566562 
2 459.83728628318204 902.37982059862384 273.65432740926644 -0.50045294138218155 -0.13012112583294946 -0.85592952167447089 -0.8632689434169124 -6.9388939039072284e-18 0.50474422367358274 -0.065677886642084654 0.991498105198374 -0.11232952681402938 4
1 457.54905635333898 901.78486544896782 269.74074555694983 -0.50045294138218155 -0.13012112583294946 -0.85592952167447089 -0.8632689434169124 -6.9388939039072284e-18 0.50474422367358274 -0.065677886642084654 0.991498105198374 -0.11232952681402938 
1 459.83728628318204 902.37982059862384 273.65432740926644 -0.50045294138218155 -0.13012112583294946 -0.85592952167447089 -0.8632689434169124 -6.9388939039072284e-18 0.50474422367358274 -0.065677886642084654 0.991498105198374 -0.11232952681402938 
2 457.54905635333898 901.78486544896782 269.74074555694983 -0.51880257229716731 -0.12848745592580896 -0.84518333197452244 -0.85224749711792136 1.3877787807814454e-17 0.52313879960889786 -0.067216773457828866 0.9917111341866206 -0.10950311272381995 4
1 455.14676532952762 901.18991029931192 265.82716370463322 -0.51880257229716731 -0.12848745592580896 -0.84518333197452244 -0.85224749711792136 1.3877787807814454e-17 0.52313879960889786 -0.067216773457828866 0.9917111341866206 -0.10950311272381995 
1 457.54905635333898 901.78486544896782 269.74074555694983 -0.51880257229716731 -0.12848745592580896 -0.84518333197452244 -0.85224749711792136 1.3877787807814454e-17 0.52313879960889786 -0.067216773457828866 0.9917111341866206 -0.10950311272381995 
2 455.14676532952762 901.18991029931192 265.82716370463322 -0.536462196221553 -0.12683874565194564 -0.83433820757927002 -0.84113173406085917 -1.3877787807814457e-17 0.54083029311954434 -0.068598235989857106 0.99192335016443745 -0.10668809407632528 4
1 452.63041321174796 900.5949551496559 261.91358185231661 -0.536462196221553 -0.12683874565194564 -0.83433820757927002 -0.84113173406085917 -1.3877787807814457e-17 0.54083029311954434 -0.068598235989857106 0.99192335016443745 -0.10668809407632528 
1 455.14676532952762 901.18991029931192 265.82716370463322 -0.536462196221553 -0.12683874565194564 -0.83433820757927002 -0.84113173406085917 -1.3877787807814457e-17 0.54083029311954434 -0.068598235989857106 0.99192335016443745 -0.10668809407632528 
2 452.63041321174796 900.5949551496559 261.91358185231661 -0.5534442216932165 -0.12517975817376326 -0.82342548030647433 -0.82995383266263312 0 0.55783208553166441 -0.069829285568419774 0.99213407770500373 -0.10389342006809639 4
1 450 900 258 -0.5534442216932165 -0.12517975817376326 -0.82342548030647433 -0.82995383266263312 0 0.55783208553166441 -0.069829285568419774 0.99213407770500373 -0.10389342006809639 
1 452.63041321174796 900.5949551496559 261.91358185231661 -0.5534442216932165 -0.12517975817376326 -0.82342548030647433 -0.82995383266263312 0 0.55783208553166441 -0.069829285568419774 0.99213407770500373 -0.10389342006809639 
4 300 947.59641197247561 571.08654818532887 0 0 1 1 0 -0 -0 1 0 4
4 306.38041321174796 947.0014568228197 567.17296633301225 0 0 1 1 0 -0 -0 1 0 4
4 312.64676532952762 946.40650167316369 563.25938448069564 0 0 1 1 0 -0 -0 1 0 4
4 318.79905635333898 945.81154652350779 559.34580262837903 0 0 1 1 0 -0 -0 1 0 4
4 324.83728628318204 945.21659137385177 555.43222077606242 0 0 1 1 0 -0 -0 1 0 4
4 330.76145511905679 944.62163622419587 551.51863892374581 0 0 1 1 0 -0 -0 1 0 4
4 336.57156286096324 944.02668107453997 547.6050570714292 0 0 1 1 0 -0 -0 1 0 4
4 342.26760950890139 943.43172592488395 543.69147521911259 0 0 1 1 0 -0 -0 1 0 4
4 347.84959506287123 942.83677077522805 539.77789336679598 0 0 1 1 0 -0 -0 1 0 4
4 353.31751952287277 942.24181562557203 535.86431151447937 0 0 1 1 0 -0 -0 1 0 4
4 358.67138288890601 941.64686047591613 531.95072966216276 0 0 1 1 0 -0 -0 1 0 4
4 363.91118516097094 941.05190532626023 528.03714780984615 0 0 1 1 0 -0 -0 1 0 4
4 369.03692633906758 940.45695017660421 524.12356595752954 0 0 1 1 0 -0 -0 1 0 4
4 374.04860642319591 939.86199502694831 520.20998410521292 0 0 1 1 0 -0 -0 1 0 4
4 378.94622541335593 939.26703987729229 516.29640225289631 0 0 1 1 0 -0 -0 1 0 4
4 383.72978330954766 938.67208472763639 512.3828204005797 0 0 1 1 0 -0 -0 1 0 4
4 388.39928011177108 938.07712957798049 508.46923854826315 0 0 1 1 0 -0 -0 1 0 4
4 392.95471582002619 937.48217442832447 504.55565669594648 0 0 1 1 0 -0 -0 1 0 4
4 397.39609043431301 936.88721927866857 500.64207484362987 0 0 1 1 0 -0 -0 1 0 4
4 401.72340395463152 936.29226412901266 496.7284929913132 0 0 1 1 0 -0 -0 1 0 4
4 405.93665638098173 935.69730897935665 492.81491113899665 0 0 1 1 0 -0 -0 1 0 4
4 410.03584771336364 935.10235382970075 488.9013292866801 0 0 1 1 0 -0 -0 1 0 4
4 414.02097795177724 934.50739868004484 484.98774743436343 0 0 1 1 0 -0 -0 1 0 4
4 417.89204709622254 933.91244353038894 481.07416558204682 0 0 1 1 0 -0 -0 1 0 4
4 421.64905514669954 933.31748838073293 477.16058372973015 0 0 1 1 0 -0 -0 1 0 4
4 425.29200210320823 932.72253323107702 473.2470018774136 0 0 1 1 0 -0 -0 1 0 4
4 428.82088796574862 932.12757808142112 469.33342002509704 0 0 1 1 0 -0 -0 1 0 4
4 432.23571273432071 931.5326229317651 465.41983817278037 0 0 1 1 0 -0 -0 1 0 4
4 435.5364764089245 930.9376677821092 461.50625632046376 0 0 1 1 0 -0 -0 1 0 4
4 438.72317898955998 930.34271263245319 457.5926744681471 0 0 1 1 0 -0 -0 1 0 4
4 441.79582047622716 929.74775748279728 453.67909261583054 0 0 1 1 0 -0 -0 1 0 4
4 444.75440086892604 929.15280233314138 449.76551076351399 0 0 1 1 0 -0 -0 1 0 4
4 447.59892016765662 928.55784718348536 445.85192891119732 0 0 1 1 0 -0 -0 1 0 4
4 450.32937837241889 927.96289203382946 441.93834705888071 0 0 1 1 0 -0 -0 1 0 4
4 452.94577548321286 927.36793688417345 438.02476520656404 0 0 1 1 0 -0 -0 1 0 4
4 455.44811150003852 926.77298173451754 434.11118335424749 0 0 1 1 0 -0 -0 1 0 4
4 457.83638642289588 926.17802658486164 430.19760150193093 0 0 1 1 0 -0 -0 1 0 4
4 460.11060025178494 925.58307143520562 426.28401964961427 0 0 1 1 0 -0 -0 1 0 4
4 462.2707529867057 924.98811628554972 422.37043779729765 0 0 1 1 0 -0 -0 1 0 4
4 464.31684462765816 924.39316113589371 418.45685594498099 0 0 1 1 0 -0 -0 1 0 4
4 466.24887517464231 923.7982059862378 414.54327409266443 0 0 1 1 0 -0 -0 1 0 4
4 468.06684462765816 923.2032508365819 410.62969224034782 0 0 1 1 0 -0 -0 1 0 4
4 469.7707529867057 922.60829568692589 406.71611038803121 0 0 1 1 0 -0 -0 1 0 4
4 471.36060025178494 922.01334053726998 402.8025285357146 0 0 1 1 0 -0 -0 1 0 4
4 472.83638642289588 921.41838538761408 398.88894668339799 0 0 1 1 0 -0 -0 1 0 4
4 474.19811150003852 920.82343023795806 394.97536483108138 0 0 1 1 0 -0 -0 1 0 4
4 475.44577548321286 920.22847508830216 391.06178297876477 0 0 1 1 0 -0 -0 1 0 4
4 476.57937837241889 919.63351993864615 387.14820112644816 0 0 1 1 0 -0 -0 1 0 4
4 477.59892016765662 919.03856478899024 383.23461927413155 0 0 1 1 0 -0 -0 1 0 4
4 478.50440086892604 918.44360963933423 379.32103742181494 0 0 1 1 0 -0 -0 1 0 4
4 479.29582047622716 917.84865448967832 375.40745556949832 0 0 1 1 0 -0 -0 1 0 4
4 479.97317898955998 917.25369934002242 371.49387371718171 0 0 1 1 0 -0 -0 1 0 4
4 480.5364764089245 916.65874419036641 367.5802918648651 0 0 1 1 0 -0 -0 1 0 4
4 480.98571273432071 916.06378904071062 363.66671001254849 0 0 1 1 0 -0 -0 1 0 4
4 481.32088796574862 915.4688338910546 359.75312816023188 0 0 1 1 0 -0 -0 1 0 4
4 481.54200210320823 914.87387874139858 355.83954630791527 0 0 1 1 0 -0 -0 1 0 4
4 481.64905514669954 914.2789235917428 351.92596445559866 0 0 1 1 0 -0 -0 1 0 4
4 481.64204709622254 913.68396844208678 348.01238260328205 0 0 1 1 0 -0 -0 1 0 4
4 481.52097795177724 913.08901329243076 344.09880075096544 0 0 1 1 0 -0 -0 1 0 4
4 481.28584771336364 912.49405814277475 340.18521889864883 0 0 1 1 0 -0 -0 1 0 4
4 480.93665638098173 911.89910299311896 336.27163704633222 0 0 1 1 0 -0 -0 1 0 4
4 480.47340395463152 911.30414784346294 332.35805519401561 0 0 1 1 0 -0 -0 1 0 4
4 479.89609043431301 910.70919269380693 328.44447334169899 0 0 1 1 0 -0 -0 1 0 4
4 479.20471582002619 910.11423754415114 324.53089148938238 0 0 1 1 0 -0 -0 1 0 4
4 478.39928011177108 909.51928239449512 320.61730963706577 0 0 1 1 0 -0 -0 1 0 4
4 477.47978330954766 908.92432724483911 316.70372778474916 0 0 1 1 0 -0 -0 1 0 4
4 476.44622541335593 908.32937209518332 312.79014593243255 0 0 1 1 0 -0 -0 1 0 4
4 475.29860642319591 907.7344169455273 308.87656408011594 0 0 1 1 0 -0 -0 1 0 4
4 474.03692633906758 907.1394617958714 304.96298222779933 0 0 1 1 0 -0 -0 1 0 4
4 472.66118516097094 906.54450664621538 301.04940037548272 0 0 1 1 0 -0 -0 1 0 4
4 471.17138288890601 905.94955149655948 297.13581852316611 0 0 1 1 0 -0 -0 1 0 4
4 469.56751952287277 905.35459634690358 293.2222366708495 0 0 1 1 0 -0 -0 1 0 4
4 467.84959506287123 904.75964119724756 289.30865481853289 0 0 1 1 0 -0 -0 1 0 4
4 466.01760950890139 904.16468604759166 285.39507296621628 0 0 1 1 0 -0 -0 1 0 4
4 464.07156286096324 903.56973089793564 281.48149111389966 0 0 1 1 0 -0 -0 1 0 4
4 462.01145511905679 902.97477574827974 277.56790926158305 0 0 1 1 0 -0 -0 1 0 4
4 459.83728628318204 902.37982059862384 273.65432740926644 0 0 1 1 0 -0 -0 1 0 4
4 457.54905635333898 901.78486544896782 269.74074555694983 0 0 1 1 0 -0 -0 1 0 4
4 455.14676532952762 901.18991029931192 265.82716370463322 0 0 1 1 0 -0 -0 1 0 4
4 452.63041321174796 900.5949551496559 261.91358185231661 0 0 1 1 0 -0 -0 1 0 4
4 450 900 258 0 0 1 1 0 -0 -0 1 0 4
Triangulations 0

TShapes 1770
Ve
1e-07
308.471829067881 947.00145682282 570.582655426862
0 0

0101101
*
Ed
 1e-07 1 1 0
1  1 0 0 6.28318530717959
2  1 1 0 0 6.28318530717959
2  2 2 0 0 6.28318530717959
0

0101000
+1770 0 -1770 0 *
Ve
1e-07
302.091415856133 947.596411972476 574.496237279178
0 0

0101101
*
Ed
 1e-07 1 1 0
1  2 0 0 7.50864616941909
3  3 4CN 1 0 0 7.50864616941909
0

0101000
-1770 0 +1768 0 *
Ed
 1e-07 1 1 0
1  3 0 0 6.28318530717959
2  5 1 0 0 6.28318530717959
2  6 3 0 0 6.28318530717959
0

0101000
+1768 0 -1768 0 *
Wi

0101100
-1769 0 +1767 0 +1766 0 -1767 0 *
Fa
0  1e-07 1 0

0111000
+1765 0 *
Wi

0101100
+1769 0 *
Fa
0  1e-07 2 0

0111000
+1763 0 *
Wi

0101100
-1766 0 *
Fa
0  1e-07 3 0

0111000
-1761 0 *
Sh

0101100
+1764 0 +1762 0 -1760 0 *
So

0100000
+1759 0 *
Ve
1e-07
314.765636496084 946.406501673164 566.652080308431
0 0

0101101
*
Ed
 1e-07 1 1 0
1  4 0 0 6.28318530717959
2  7 4 0 0 6.28318530717959
2  8 5 0 0 6.28318530717959
0

0101000
+1757 0 -1757 0 *
Ve
1e-07
308.499284378305 947.00145682282 570.565662160748
0 0

0101101
*
Ed
 1e-07 1 1 0
1  5 0 0 7.41196758012916
3  9 10CN 4 0 0 7.41196758012916
0

0101000
-1757 0 +1755 0 *
Ed
 1e-07 1 1 0
1  6 0 0 6.28318530717959
2  11 4 0 0 6.28318530717959
2  12 6 0 0 6.28318530717959
0

0101000
+1755 0 -1755 0 *
Wi

0101100
-1756 0 +1754 0 +1753 0 -1754 0 *
Fa
0  1e-07 4 0

0111000
+1752 0 *
Wi

0101100
+1756 0 *
Fa
0  1e-07 5 0

0111000
+1750 0 *
Wi

0101100
-1753 0 *
Fa
0  1e-07 6 0

0111000
-1748 0 *
Sh

0101100
+1751 0 +1749 0 -1747 0 *
So

0100000
+1746 0 *
Ve
1e-07
320.945967744187 945.811546523508 562.720824329027
0 0

0101101
*
Ed
 1e-07 1 1 0
1  7 0 0 6.28318530717959
2  13 7 0 0 6.28318530717959
2  14 8 0 0 6.28318530717959
0

0101000
+1744 0 -1744 0 *
Ve
1e-07
314.793676720376 946.406501673164 566.634406181344
0 0

0101101
*
Ed
 1e-07 1 1 0
1  8 0 0 7.31578973088715
3  15 16CN 7 0 0 7.31578973088715
0

0101000
-1744 0 +1742 0 *
Ed
 1e-07 1 1 0
1  9 0 0 6.28318530717959
2  17 7 0 0 6.28318530717959
2  18 9 0 0 6.28318530717959
0

0101000
+1742 0 -1742 0 *
Wi

0101100
-1743 0 +1741 0 +1740 0 -1741 0 *
Fa
0  1e-07 7 0

0111000
+1739 0 *
Wi

0101100
+1743 0 *
Fa
0  1e-07 8 0

0111000
+1737 0 *
Wi

0101100
-1740 0 *
Fa
0  1e-07 9 0

0111000
-1735 0 *
Sh

0101100
+1738 0 +1736 0 -1734 0 *
So

0100000
+1733 0 *
Ve
1e-07
327.012834554818 945.216591373852 558.788854464415
0 0

0101101
*
Ed
 1e-07 1 1 0
1  10 0 0 6.28318530717959
2  19 10 0 0 6.28318530717959
2  20 11 0 0 6.28318530717959
0

0101000
+1731 0 -1731 0 *
Ve
1e-07
320.974604624975 945.811546523508 562.702436316731
0 0

0101101
*
Ed
 1e-07 1 1 0
1  11 0 0 7.22013263247543
3  21 22CN 10 0 0 7.22013263247543
0

0101000
-1731 0 +1729 0 *
Ed
 1e-07 1 1 0
1  12 0 0 6.28318530717959
2  23 10 0 0 6.28318530717959
2  24 12 0 0 6.28318530717959
0

0101000
+1729 0 -1729 0 *
Wi

0101100
-1730 0 +1728 0 +1727 0 -1728 0 *
Fa
0  1e-07 10 0

0111000
+1726 0 *
Wi

0101100
+1730 0 *
Fa
0  1e-07 11 0

0111000
+1724 0 *
Wi

0101100
-1727 0 *
Fa
0  1e-07 12 0

0111000
-1722 0 *
Sh

0101100
+1725 0 +1723 0 -1721 0 *
So

0100000
+1720 0 *
Ve
1e-07
332.966248430537 944.621636224196 554.856135958
0 0

0101101
*
Ed
 1e-07 1 1 0
1  13 0 0 6.28318530717959
2  25 13 0 0 6.28318530717959
2  26 14 0 0 6.28318530717959
0

0101000
+1718 0 -1718 0 *
Ve
1e-07
327.042079594662 945.216591373852 558.769717810316
0 0

0101101
*
Ed
 1e-07 1 1 0
1  14 0 0 7.12501725898496
3  27 28CN 13 0 0 7.12501725898496
0

0101000
-1718 0 +1716 0 *
Ed
 1e-07 1 1 0
1  15 0 0 6.28318530717959
2  29 13 0 0 6.28318530717959
2  30 15 0 0 6.28318530717959
0

0101000
+1716 0 -1716 0 *
Wi

0101100
-1717 0 +1715 0 +1714 0 -1715 0 *
Fa
0  1e-07 13 0

0111000
+1713 0 *
Wi

0101100
+1717 0 *
Fa
0  1e-07 14 0

0111000
+1711 0 *
Wi

0101100
-1714 0 *
Fa
0  1e-07 15 0

0111000
-1709 0 *
Sh

0101100
+1712 0 +1710 0 -1708 0 *
So

0100000
+1707 0 *
Ve
1e-07
338.806220554963 944.02668107454 550.922632238724
0 0

0101101
*
Ed
 1e-07 1 1 0
1  16 0 0 6.28318530717959
2  31 16 0 0 6.28318530717959
2  32 17 0 0 6.28318530717959
0

0101000
+1705 0 -1705 0 *
Ve
1e-07
332.996112813057 944.621636224196 554.83621409104
0 0

0101101
*
Ed
 1e-07 1 1 0
1  17 0 0 7.03046559748679
3  33 34CN 16 0 0 7.03046559748679
0

0101000
-1705 0 +1703 0 *
Ed
 1e-07 1 1 0
1  18 0 0 6.28318530717959
2  35 16 0 0 6.28318530717959
2  36 18 0 0 6.28318530717959
0

0101000
+1703 0 -1703 0 *
Wi

0101100
-1704 0 +1702 0 +1701 0 -1702 0 *
Fa
0  1e-07 16 0

0111000
+1700 0 *
Wi

0101100
+1704 0 *
Fa
0  1e-07 17 0

0111000
+1698 0 *
Wi

0101100
-1701 0 *
Fa
0  1e-07 18 0

0111000
-1696 0 *
Sh

0101100
+1699 0 +1697 0 -1695 0 *
So

0100000
+1694 0 *
Ve
1e-07
344.532761703637 943.431725924884 546.988304837805
0 0

0101101
*
Ed
 1e-07 1 1 0
1  19 0 0 6.28318530717959
2  37 19 0 0 6.28318530717959
2  38 20 0 0 6.28318530717959
0

0101000
+1692 0 -1692 0 *
Ve
1e-07
338.836715055699 944.02668107454 550.901886690121
0 0

0101101
*
Ed
 1e-07 1 1 0
1  20 0 0 6.93650069994745
3  39 40CN 19 0 0 6.93650069994745
0

0101000
-1692 0 +1690 0 *
Ed
 1e-07 1 1 0
1  21 0 0 6.28318530717959
2  41 19 0 0 6.28318530717959
2  42 21 0 0 6.28318530717959
0

0101000
+1690 0 -1690 0 *
Wi

0101100
-1691 0 +1689 0 +1688 0 -1689 0 *
Fa
0  1e-07 19 0

0111000
+1687 0 *
Wi

0101100
+1691 0 *
Fa
0  1e-07 20 0

0111000
+1685 0 *
Wi

0101100
-1688 0 *
Fa
0  1e-07 21 0

0111000
-1683 0 *
Sh

0101100
+1686 0 +1684 0 -1682 0 *
So

0100000
+1681 0 *
Ve
1e-07
350.14588214356 942.836770775228 543.053113304916
0 0

0101101
*
Ed
 1e-07 1 1 0
1  22 0 0 6.28318530717959
2  43 22 0 0 6.28318530717959
2  44 23 0 0 6.28318530717959
0

0101000
+1679 0 -1679 0 *
Ve
1e-07
344.56389658959 943.431725924884 546.966695157233
0 0

0101101
*
Ed
 1e-07 1 1 0
1  23 0 0 6.84314673740174
3  45 46CN 22 0 0 6.84314673740174
0

0101000
-1679 0 +1677 0 *
Ed
 1e-07 1 1 0
1  24 0 0 6.28318530717959
2  47 22 0 0 6.28318530717959
2  48 24 0 0 6.28318530717959
0

0101000
+1677 0 -1677 0 *
Wi

0101100
-1678 0 +1676 0 +1675 0 -1676 0 *
Fa
0  1e-07 22 0

0111000
+1674 0 *
Wi

0101100
+1678 0 *
Fa
0  1e-07 23 0

0111000
+1672 0 *
Wi

0101100
-1675 0 *
Fa
0  1e-07 24 0

0111000
-1670 0 *
Sh

0101100
+1673 0 +1671 0 -1669 0 *
So

0100000
+1668 0 *
Ve
1e-07
355.645591520283 942.241815625572 539.117015124536
0 0

0101101
*
Ed
 1e-07 1 1 0
1  25 0 0 6.28318530717959
2  49 25 0 0 6.28318530717959
2  50 26 0 0 6.28318530717959
0

0101000
+1666 0 -1666 0 *
Ve
1e-07
350.177667060281 942.836770775228 543.030596976853
0 0

0101101
*
Ed
 1e-07 1 1 0
1  26 0 0 6.75042905637614
3  51 52CN 25 0 0 6.75042905637614
0

0101000
-1666 0 +1664 0 *
Ed
 1e-07 1 1 0
1  27 0 0 6.28318530717959
2  53 25 0 0 6.28318530717959
2  54 27 0 0 6.28318530717959
0

0101000
+1664 0 -1664 0 *
Wi

0101100
-1665 0 +1663 0 +1662 0 -1663 0 *
Fa
0  1e-07 25 0

0111000
+1661 0 *
Wi

0101100
+1665 0 *
Fa
0  1e-07 26 0

0111000
+1659 0 *
Wi

0101100
-1662 0 *
Fa
0  1e-07 27 0

0111000
-1657 0 *
Sh

0101100
+1660 0 +1658 0 -1656 0 *
So

0100000
+1655 0 *
Ve
1e-07
361.031898731333 941.646860475916 535.179965633356
0 0

0101101
*
Ed
 1e-07 1 1 0
1  28 0 0 6.28318530717959
2  55 28 0 0 6.28318530717959
2  56 29 0 0 6.28318530717959
0

0101000
+1653 0 -1653 0 *
Ve
1e-07
355.6780353653 942.241815625572 539.093547485673
0 0

0101101
*
Ed
 1e-07 1 1 0
1  29 0 0 6.65837423753252
3  57 58CN 28 0 0 6.65837423753252
0

0101000
-1653 0 +1651 0 *
Ed
 1e-07 1 1 0
1  30 0 0 6.28318530717959
2  59 28 0 0 6.28318530717959
2  60 30 0 0 6.28318530717959
0

0101000
+1651 0 -1651 0 *
Wi

0101100
-1652 0 +1650 0 +1649 0 -1650 0 *
Fa
0  1e-07 28 0

0111000
+1648 0 *
Wi

0101100
+1652 0 *
Fa
0  1e-07 29 0

0111000
+1646 0 *
Wi

0101100
-1649 0 *
Fa
0  1e-07 30 0

0111000
-1644 0 *
Sh

0101100
+1647 0 +1645 0 -1643 0 *
So

0100000
+1642 0 *
Ve
1e-07
366.304811784718 941.05190532626 531.241917939838
0 0

0101101
*
Ed
 1e-07 1 1 0
1  31 0 0 6.28318530717959
2  61 31 0 0 6.28318530717959
2  62 32 0 0 6.28318530717959
0

0101000
+1640 0 -1640 0 *
Ve
1e-07
361.065009512653 941.646860475916 535.155499792155
0 0

0101101
*
Ed
 1e-07 1 1 0
1  32 0 0 6.5670101564731
3  63 64CN 31 0 0 6.5670101564731
0

0101000
-1640 0 +1638 0 *
Ed
 1e-07 1 1 0
1  33 0 0 6.28318530717959
2  65 31 0 0 6.28318530717959
2  66 33 0 0 6.28318530717959
0

0101000
+1638 0 -1638 0 *
Wi

0101100
-1639 0 +1637 0 +1636 0 -1637 0 *
Fa
0  1e-07 31 0

0111000
+1635 0 *
Wi

0101100
+1639 0 *
Fa
0  1e-07 32 0

0111000
+1633 0 *
Wi

0101100
-1636 0 *
Fa
0  1e-07 33 0

0111000
-1631 0 *
Sh

0101100
+1634 0 +1632 0 -1630 0 *
So

0100000
+1629 0 *
Ve
1e-07
371.464337641151 940.456950176604 527.3028228472
0 0

0101101
*
Ed
 1e-07 1 1 0
1  34 0 0 6.28318530717959
2  67 34 0 0 6.28318530717959
2  68 35 0 0 6.28318530717959
0

0101000
+1627 0 -1627 0 *
Ve
1e-07
366.338596463055 941.05190532626 531.216404699517
0 0

0101101
*
Ed
 1e-07 1 1 0
1  35 0 0 6.47636604661284
3  69 70CN 34 0 0 6.47636604661284
0

0101000
-1627 0 +1625 0 *
Ed
 1e-07 1 1 0
1  36 0 0 6.28318530717959
2  71 34 0 0 6.28318530717959
2  72 36 0 0 6.28318530717959
0

0101000
+1625 0 -1625 0 *
Wi

0101100
-1626 0 +1624 0 +1623 0 -1624 0 *
Fa
0  1e-07 34 0

0111000
+1622 0 *
Wi

0101100
+1626 0 *
Fa
0  1e-07 35 0

0111000
+1620 0 *
Wi

0101100
-1623 0 *
Fa
0  1e-07 36 0

0111000
-1618 0 *
Sh

0101100
+1621 0 +1619 0 -1617 0 *
So

0100000
+1616 0 *
Ve
1e-07
376.510482038625 939.861995026948 523.362628781379
0 0

0101101
*
Ed
 1e-07 1 1 0
1  37 0 0 6.28318530717959
2  73 37 0 0 6.28318530717959
2  74 38 0 0 6.28318530717959
0

0101000
+1614 0 -1614 0 *
Ve
1e-07
371.498801954496 940.456950176604 527.276210633695
0 0

0101101
*
Ed
 1e-07 1 1 0
1  38 0 0 6.38647256398495
3  75 76CN 37 0 0 6.38647256398495
0

0101000
-1614 0 +1612 0 *
Ed
 1e-07 1 1 0
1  39 0 0 6.28318530717959
2  77 37 0 0 6.28318530717959
2  78 39 0 0 6.28318530717959
0

0101000
+1612 0 -1612 0 *
Wi

0101100
-1613 0 +1611 0 +1610 0 -1611 0 *
Fa
0  1e-07 37 0

0111000
+1609 0 *
Wi

0101100
+1613 0 *
Fa
0  1e-07 38 0

0111000
+1607 0 *
Wi

0101100
-1610 0 *
Fa
0  1e-07 39 0

0111000
-1605 0 *
Sh

0101100
+1608 0 +1606 0 -1604 0 *
So

0100000
+1603 0 *
Ve
1e-07
381.443249297888 939.267039877292 519.421281725784
0 0

0101101
*
Ed
 1e-07 1 1 0
1  40 0 0 6.28318530717959
2  79 40 0 0 6.28318530717959
2  80 41 0 0 6.28318530717959
0

0101000
+1601 0 -1601 0 *
Ve
1e-07
376.545630307728 939.861995026948 523.334863578101
0 0

0101101
*
Ed
 1e-07 1 1 0
1  41 0 0 6.29736185379721
3  81 82CN 40 0 0 6.29736185379721
0

0101000
-1601 0 +1599 0 *
Ed
 1e-07 1 1 0
1  42 0 0 6.28318530717959
2  83 40 0 0 6.28318530717959
2  84 42 0 0 6.28318530717959
0

0101000
+1599 0 -1599 0 *
Wi

0101100
-1600 0 +1598 0 +1597 0 -1598 0 *
Fa
0  1e-07 40 0

0111000
+1596 0 *
Wi

0101100
+1600 0 *
Fa
0  1e-07 41 0

0111000
+1594 0 *
Wi

0101100
-1597 0 *
Fa
0  1e-07 42 0

0111000
-1592 0 *
Sh

0101100
+1595 0 +1593 0 -1591 0 *
So

0100000
+1590 0 *
Ve
1e-07
386.262642107399 938.672084727636 515.478725164965
0 0

0101101
*
Ed
 1e-07 1 1 0
1  43 0 0 6.28318530717959
2  85 43 0 0 6.28318530717959
2  86 44 0 0 6.28318530717959
0

0101000
+1588 0 -1588 0 *
Ve
1e-07
381.479084211207 939.267039877292 519.392307017282
0 0

0101101
*
Ed
 1e-07 1 1 0
1  44 0 0 6.20906761849975
3  87 88CN 43 0 0 6.20906761849975
0

0101000
-1588 0 +1586 0 *
Ed
 1e-07 1 1 0
1  45 0 0 6.28318530717959
2  89 43 0 0 6.28318530717959
2  90 45 0 0 6.28318530717959
0

0101000
+1586 0 -1586 0 *
Wi

0101100
-1587 0 +1585 0 +1584 0 -1585 0 *
Fa
0  1e-07 43 0

0111000
+1583 0 *
Wi

0101100
+1587 0 *
Fa
0  1e-07 44 0

0111000
+1581 0 *
Wi

0101100
-1584 0 *
Fa
0  1e-07 45 0

0111000
-1579 0 *
Sh

0101100
+1582 0 +1580 0 -1578 0 *
So

0100000
+1577 0 *
Ve
1e-07
390.968661286301 938.07712957798 511.534900039682
0 0

0101101
*
Ed
 1e-07 1 1 0
1  46 0 0 6.28318530717959
2  91 46 0 0 6.28318530717959
2  92 47 0 0 6.28318530717959
0

0101000
+1575 0 -1575 0 *
Ve
1e-07
386.299164484078 938.672084727636 515.448481891999
0 0

0101101
*
Ed
 1e-07 1 1 0
1  47 0 0 6.12162518706089
3  93 94CN 46 0 0 6.12162518706089
0

0101000
-1575 0 +1573 0 *
Ed
 1e-07 1 1 0
1  48 0 0 6.28318530717959
2  95 46 0 0 6.28318530717959
2  96 48 0 0 6.28318530717959
0

0101000
+1573 0 -1573 0 *
Wi

0101100
-1574 0 +1572 0 +1571 0 -1572 0 *
Fa
0  1e-07 46 0

0111000
+1570 0 *
Wi

0101100
+1574 0 *
Fa
0  1e-07 47 0

0111000
+1568 0 *
Wi

0101100
-1571 0 *
Fa
0  1e-07 48 0

0111000
-1566 0 *
Sh

0101100
+1569 0 +1567 0 -1565 0 *
So

0100000
+1564 0 *
Ve
1e-07
395.561305524058 937.482174428324 507.589744716231
0 0

0101101
*
Ed
 1e-07 1 1 0
1  49 0 0 6.28318530717959
2  97 49 0 0 6.28318530717959
2  98 50 0 0 6.28318530717959
0

0101000
+1562 0 -1562 0 *
Ve
1e-07
391.005869815803 938.07712957798 511.503326568548
0 0

0101101
*
Ed
 1e-07 1 1 0
1  50 0 0 6.03507158507092
3  99 100CN 49 0 0 6.03507158507092
0

0101000
-1562 0 +1560 0 *
Ed
 1e-07 1 1 0
1  51 0 0 6.28318530717959
2  101 49 0 0 6.28318530717959
2  102 51 0 0 6.28318530717959
0

0101000
+1560 0 -1560 0 *
Wi

0101100
-1561 0 +1559 0 +1558 0 -1559 0 *
Fa
0  1e-07 49 0

0111000
+1557 0 *
Wi

0101100
+1561 0 *
Fa
0  1e-07 50 0

0111000
+1555 0 *
Wi

0101100
-1558 0 *
Fa
0  1e-07 51 0

0111000
-1553 0 *
Sh

0101100
+1556 0 +1554 0 -1552 0 *
So

0100000
+1551 0 *
Ve
1e-07
400.040571095432 936.887219278669 503.643194973343
0 0

0101101
*
Ed
 1e-07 1 1 0
1  52 0 0 6.28318530717959
2  103 52 0 0 6.28318530717959
2  104 53 0 0 6.28318530717959
0

0101000
+1549 0 -1549 0 *
Ve
1e-07
395.599196481145 937.482174428324 507.556776825659
0 0

0101101
*
Ed
 1e-07 1 1 0
1  53 0 0 5.94944560520687
3  105 106CN 52 0 0 5.94944560520687
0

0101000
-1549 0 +1547 0 *
Ed
 1e-07 1 1 0
1  54 0 0 6.28318530717959
2  107 52 0 0 6.28318530717959
2  108 54 0 0 6.28318530717959
0

0101000
+1547 0 -1547 0 *
Wi

0101100
-1548 0 +1546 0 +1545 0 -1546 0 *
Fa
0  1e-07 52 0

0111000
+1544 0 *
Wi

0101100
+1548 0 *
Fa
0  1e-07 53 0

0111000
+1542 0 *
Wi

0101100
-1545 0 *
Fa
0  1e-07 54 0

0111000
-1540 0 *
Sh

0101100
+1543 0 +1541 0 -1539 0 *
So

0100000
+1538 0 *
Ve
1e-07
404.40645154968 936.292264129013 499.695184010396
0 0

0101101
*
Ed
 1e-07 1 1 0
1  55 0 0 6.28318530717959
2  109 55 0 0 6.28318530717959
2  110 56 0 0 6.28318530717959
0

0101000
+1536 0 -1536 0 *
Ve
1e-07
400.079138029362 936.887219278669 503.608765862712
0 0

0101101
*
Ed
 1e-07 1 1 0
1  56 0 0 5.8647878774953
3  111 112CN 55 0 0 5.8647878774953
0

0101000
-1536 0 +1534 0 *
Ed
 1e-07 1 1 0
1  57 0 0 6.28318530717959
2  113 55 0 0 6.28318530717959
2  114 57 0 0 6.28318530717959
0

0101000
+1534 0 -1534 0 *
Wi

0101100
-1535 0 +1533 0 +1532 0 -1533 0 *
Fa
0  1e-07 55 0

0111000
+1531 0 *
Wi

0101100
+1535 0 *
Fa
0  1e-07 56 0

0111000
+1529 0 *
Wi

0101100
-1532 0 *
Fa
0  1e-07 57 0

0111000
-1527 0 *
Sh

0101100
+1530 0 +1528 0 -1526 0 *
So

0100000
+1525 0 *
Ve
1e-07
408.658937373032 935.697308979357 495.745642481226
0 0

0101101
*
Ed
 1e-07 1 1 0
1  58 0 0 6.28318530717959
2  115 58 0 0 6.28318530717959
2  116 59 0 0 6.28318530717959
0

0101000
+1523 0 -1523 0 *
Ve
1e-07
404.445684946682 936.292264129013 499.659224333542
0 0

0101101
*
Ed
 1e-07 1 1 0
1  59 0 0 5.78114093869278
3  117 118CN 58 0 0 5.78114093869278
0

0101000
-1523 0 +1521 0 *
Ed
 1e-07 1 1 0
1  60 0 0 6.28318530717959
2  119 58 0 0 6.28318530717959
2  120 60 0 0 6.28318530717959
0

0101000
+1521 0 -1521 0 *
Wi

0101100
-1522 0 +1520 0 +1519 0 -1520 0 *
Fa
0  1e-07 58 0

0111000
+1518 0 *
Wi

0101100
+1522 0 *
Fa
0  1e-07 59 0

0111000
+1516 0 *
Wi

0101100
-1519 0 *
Fa
0  1e-07 60 0

0111000
-1514 0 *
Sh

0101100
+1517 0 +1515 0 -1513 0 *
So

0100000
+1512 0 *
Ve
1e-07
412.798015623833 935.102353829701 491.794498558322
0 0

0101101
*
Ed
 1e-07 1 1 0
1  61 0 0 6.28318530717959
2  121 61 0 0 6.28318530717959
2  122 62 0 0 6.28318530717959
0

0101000
+1510 0 -1510 0 *
Ve
1e-07
408.698824291451 935.697308979357 495.708080410639
0 0

0101101
*
Ed
 1e-07 1 1 0
1  62 0 0 5.69854929998491
3  123 124CN 61 0 0 5.69854929998491
0

0101000
-1510 0 +1508 0 *
Ed
 1e-07 1 1 0
1  63 0 0 6.28318530717959
2  125 61 0 0 6.28318530717959
2  126 63 0 0 6.28318530717959
0

0101000
+1508 0 -1508 0 *
Wi

0101100
-1509 0 +1507 0 +1506 0 -1507 0 *
Fa
0  1e-07 61 0

0111000
+1505 0 *
Wi

0101100
+1509 0 *
Fa
0  1e-07 62 0

0111000
+1503 0 *
Wi

0101100
-1506 0 *
Fa
0  1e-07 63 0

0111000
-1501 0 *
Sh

0101100
+1504 0 +1502 0 -1500 0 *
So

0100000
+1499 0 *
Ve
1e-07
416.823669540135 934.507398680045 487.841678032775
0 0

0101101
*
Ed
 1e-07 1 1 0
1  64 0 0 6.28318530717959
2  127 64 0 0 6.28318530717959
2  128 65 0 0 6.28318530717959
0

0101000
+1497 0 -1497 0 *
Ve
1e-07
412.838539301722 935.102353829701 491.755259885091
0 0

0101101
*
Ed
 1e-07 1 1 0
1  65 0 0 5.61705951205815
3  129 130CN 64 0 0 5.61705951205815
0

0101000
-1497 0 +1495 0 *
Ed
 1e-07 1 1 0
1  66 0 0 6.28318530717959
2  131 64 0 0 6.28318530717959
2  132 66 0 0 6.28318530717959
0

0101000
+1495 0 -1495 0 *
Wi

0101100
-1496 0 +1494 0 +1493 0 -1494 0 *
Fa
0  1e-07 64 0

0111000
+1492 0 *
Wi

0101100
+1496 0 *
Fa
0  1e-07 65 0

0111000
+1490 0 *
Wi

0101100
-1493 0 *
Fa
0  1e-07 66 0

0111000
-1488 0 *
Sh

0101100
+1491 0 +1489 0 -1487 0 *
So

0100000
+1486 0 *
Ve
1e-07
415.048216072401 933.912443530389 478.261226708208
0 0

0101101
*
Ed
 1e-07 1 1 0
1  67 0 0 6.28318530717959
2  133 67 0 0 6.28318530717959
2  134 68 0 0 6.28318530717959
0

0101000
+1484 0 -1484 0 *
Ve
1e-07
411.177146927956 934.507398680045 482.174808560525
0 0

0101101
*
Ed
 1e-07 1 1 0
1  68 0 0 5.53672022644819
3  135 136CN 67 0 0 5.53672022644819
0

0101000
-1484 0 +1482 0 *
Ed
 1e-07 1 1 0
1  69 0 0 6.28318530717959
2  137 67 0 0 6.28318530717959
2  138 69 0 0 6.28318530717959
0

0101000
+1482 0 -1482 0 *
Wi

0101100
-1483 0 +1481 0 +1480 0 -1481 0 *
Fa
0  1e-07 67 0

0111000
+1479 0 *
Wi

0101100
+1483 0 *
Fa
0  1e-07 68 0

0111000
+1477 0 *
Wi

0101100
-1480 0 *
Fa
0  1e-07 69 0

0111000
-1475 0 *
Sh

0101100
+1478 0 +1476 0 -1474 0 *
So

0100000
+1473 0 *
Ve
1e-07
418.763494617618 933.317488380733 474.390468130517
0 0

0101101
*
Ed
 1e-07 1 1 0
1  70 0 0 6.28318530717959
2  139 70 0 0 6.28318530717959
2  140 71 0 0 6.28318530717959
0

0101000
+1471 0 -1471 0 *
Ve
1e-07
415.006486567141 933.912443530389 478.304049982834
0 0

0101101
*
Ed
 1e-07 1 1 0
1  71 0 0 5.45758225189814
3  141 142CN 70 0 0 5.45758225189814
0

0101000
-1471 0 +1469 0 *
Ed
 1e-07 1 1 0
1  72 0 0 6.28318530717959
2  143 70 0 0 6.28318530717959
2  144 72 0 0 6.28318530717959
0

0101000
+1469 0 -1469 0 *
Wi

0101100
-1470 0 +1468 0 +1467 0 -1468 0 *
Fa
0  1e-07 70 0

0111000
+1466 0 *
Wi

0101100
+1470 0 *
Fa
0  1e-07 71 0

0111000
+1464 0 *
Wi

0101100
-1467 0 *
Fa
0  1e-07 72 0

0111000
-1462 0 *
Sh

0101100
+1465 0 +1463 0 -1461 0 *
So

0100000
+1460 0 *
Ve
1e-07
422.364152843155 932.722533231077 470.521621406653
0 0

0101101
*
Ed
 1e-07 1 1 0
1  73 0 0 6.28318530717959
2  145 73 0 0 6.28318530717959
2  146 74 0 0 6.28318530717959
0

0101000
+1458 0 -1458 0 *
Ve
1e-07
418.721205886646 933.317488380733 474.435203258969
0 0

0101101
*
Ed
 1e-07 1 1 0
1  74 0 0 5.37969860427325
3  147 148CN 73 0 0 5.37969860427325
0

0101000
-1458 0 +1456 0 *
Ed
 1e-07 1 1 0
1  75 0 0 6.28318530717959
2  149 73 0 0 6.28318530717959
2  150 75 0 0 6.28318530717959
0

0101000
+1456 0 -1456 0 *
Wi

0101100
-1457 0 +1455 0 +1454 0 -1455 0 *
Fa
0  1e-07 73 0

0111000
+1453 0 *
Wi

0101100
+1457 0 *
Fa
0  1e-07 74 0

0111000
+1451 0 *
Wi

0101100
-1454 0 *
Fa
0  1e-07 75 0

0111000
-1449 0 *
Sh

0101100
+1452 0 +1450 0 -1448 0 *
So

0100000
+1447 0 *
Ve
1e-07
425.850227241558 932.127578081421 466.654768337821
0 0

0101101
*
Ed
 1e-07 1 1 0
1  76 0 0 6.28318530717959
2  151 76 0 0 6.28318530717959
2  152 77 0 0 6.28318530717959
0

0101000
+1445 0 -1445 0 *
Ve
1e-07
422.321341379017 932.722533231077 470.568350190137
0 0

0101101
*
Ed
 1e-07 1 1 0
1  77 0 0 5.30312454838852
3  153 154CN 76 0 0 5.30312454838852
0

0101000
-1445 0 +1443 0 *
Ed
 1e-07 1 1 0
1  78 0 0 6.28318530717959
2  155 76 0 0 6.28318530717959
2  156 78 0 0 6.28318530717959
0

0101000
+1443 0 -1443 0 *
Wi

0101100
-1444 0 +1442 0 +1441 0 -1442 0 *
Fa
0  1e-07 76 0

0111000
+1440 0 *
Wi

0101100
+1444 0 *
Fa
0  1e-07 77 0

0111000
+1438 0 *
Wi

0101100
-1441 0 *
Fa
0  1e-07 78 0

0111000
-1436 0 *
Sh

0101100
+1439 0 +1437 0 -1435 0 *
So

0100000
+1434 0 *
Ve
1e-07
429.221760463729 931.532622931765 462.789991844457
0 0

0101101
*
Ed
 1e-07 1 1 0
1  79 0 0 6.28318530717959
2  157 79 0 0 6.28318530717959
2  158 80 0 0 6.28318530717959
0

0101000
+1432 0 -1432 0 *
Ve
1e-07
425.806935695157 932.127578081421 466.703573696773
0 0

0101101
*
Ed
 1e-07 1 1 0
1  80 0 0 5.22791762989223
3  159 160CN 79 0 0 5.22791762989223
0

0101000
-1432 0 +1430 0 *
Ed
 1e-07 1 1 0
1  81 0 0 6.28318530717959
2  161 79 0 0 6.28318530717959
2  162 81 0 0 6.28318530717959
0

0101000
+1430 0 -1430 0 *
Wi

0101100
-1431 0 +1429 0 +1428 0 -1429 0 *
Fa
0  1e-07 79 0

0111000
+1427 0 *
Wi

0101100
+1431 0 *
Fa
0  1e-07 80 0

0111000
+1425 0 *
Wi

0101100
-1428 0 *
Fa
0  1e-07 81 0

0111000
-1423 0 *
Sh

0101100
+1426 0 +1424 0 -1422 0 *
So

0100000
+1421 0 *
Ve
1e-07
432.478801841234 930.937667782109 458.927375509317
0 0

0101101
*
Ed
 1e-07 1 1 0
1  82 0 0 6.28318530717959
2  163 82 0 0 6.28318530717959
2  164 83 0 0 6.28318530717959
0

0101000
+1419 0 -1419 0 *
Ve
1e-07
429.178038166631 931.532622931765 462.840957361634
0 0

0101101
*
Ed
 1e-07 1 1 0
1  83 0 0 5.15413769514047
3  165 166CN 82 0 0 5.15413769514047
0

0101000
-1419 0 +1417 0 *
Ed
 1e-07 1 1 0
1  84 0 0 6.28318530717959
2  167 82 0 0 6.28318530717959
2  168 84 0 0 6.28318530717959
0

0101000
+1417 0 -1417 0 *
Wi

0101100
-1418 0 +1416 0 +1415 0 -1416 0 *
Fa
0  1e-07 82 0

0111000
+1414 0 *
Wi

0101100
+1418 0 *
Fa
0  1e-07 83 0

0111000
+1412 0 *
Wi

0101100
-1415 0 *
Fa
0  1e-07 84 0

0111000
-1410 0 *
Sh

0101100
+1413 0 +1411 0 -1409 0 *
So

0100000
+1408 0 *
Ve
1e-07
435.621407914029 930.342712632453 455.067003033657
0 0

0101101
*
Ed
 1e-07 1 1 0
1  85 0 0 6.28318530717959
2  169 85 0 0 6.28318530717959
2  170 86 0 0 6.28318530717959
0

0101000
+1406 0 -1406 0 *
Ve
1e-07
432.434705333394 930.937667782109 458.980584885974
0 0

0101101
*
Ed
 1e-07 1 1 0
1  86 0 0 5.08184689678009
3  171 172CN 85 0 0 5.08184689678009
0

0101000
-1406 0 +1404 0 *
Ed
 1e-07 1 1 0
1  87 0 0 6.28318530717959
2  173 85 0 0 6.28318530717959
2  174 87 0 0 6.28318530717959
0

0101000
+1404 0 -1404 0 *
Wi

0101100
-1405 0 +1403 0 +1402 0 -1403 0 *
Fa
0  1e-07 85 0

0111000
+1401 0 *
Wi

0101100
+1405 0 *
Fa
0  1e-07 86 0

0111000
+1399 0 *
Wi

0101100
-1402 0 *
Fa
0  1e-07 87 0

0111000
-1397 0 *
Sh

0101100
+1400 0 +1398 0 -1396 0 *
So

0100000
+1395 0 *
Ve
1e-07
438.649642954837 929.747757482797 451.208957598488
0 0

0101101
*
Ed
 1e-07 1 1 0
1  88 0 0 6.28318530717959
2  175 88 0 0 6.28318530717959
2  176 89 0 0 6.28318530717959
0

0101000
+1393 0 -1393 0 *
Ve
1e-07
435.57700146817 930.342712632453 455.122539450805
0 0

0101101
*
Ed
 1e-07 1 1 0
1  89 0 0 5.01110968254256
3  177 178CN 88 0 0 5.01110968254256
0

0101000
-1393 0 +1391 0 *
Ed
 1e-07 1 1 0
1  90 0 0 6.28318530717959
2  179 88 0 0 6.28318530717959
2  180 90 0 0 6.28318530717959
0

0101000
+1391 0 -1391 0 *
Wi

0101100
-1392 0 +1390 0 +1389 0 -1390 0 *
Fa
0  1e-07 88 0

0111000
+1388 0 *
Wi

0101100
+1392 0 *
Fa
0  1e-07 89 0

0111000
+1386 0 *
Wi

0101100
-1389 0 *
Fa
0  1e-07 90 0

0111000
-1384 0 *
Sh

0101100
+1387 0 +1385 0 -1383 0 *
So

0100000
+1382 0 *
Ve
1e-07
441.563579479344 929.152802333141 447.353321123419
0 0

0101101
*
Ed
 1e-07 1 1 0
1  91 0 0 6.28318530717959
2  181 91 0 0 6.28318530717959
2  182 92 0 0 6.28318530717959
0

0101000
+1380 0 -1380 0 *
Ve
1e-07
438.604999086645 929.747757482797 451.266902975735
0 0

0101101
*
Ed
 1e-07 1 1 0
1  92 0 0 4.94199276455822
3  183 184CN 91 0 0 4.94199276455822
0

0101000
-1380 0 +1378 0 *
Ed
 1e-07 1 1 0
1  93 0 0 6.28318530717959
2  185 91 0 0 6.28318530717959
2  186 93 0 0 6.28318530717959
0

0101000
+1378 0 -1378 0 *
Wi

0101100
-1379 0 +1377 0 +1376 0 -1377 0 *
Fa
0  1e-07 91 0

0111000
+1375 0 *
Wi

0101100
+1379 0 *
Fa
0  1e-07 92 0

0111000
+1373 0 *
Wi

0101100
-1376 0 *
Fa
0  1e-07 93 0

0111000
-1371 0 *
Sh

0101100
+1374 0 +1372 0 -1370 0 *
So

0100000
+1369 0 *
Ve
1e-07
444.363298729177 928.557847183485 443.500173416498
0 0

0101101
*
Ed
 1e-07 1 1 0
1  94 0 0 6.28318530717959
2  187 94 0 0 6.28318530717959
2  188 95 0 0 6.28318530717959
0

0101000
+1367 0 -1367 0 *
Ve
1e-07
441.518779430446 929.152802333141 447.413755268814
0 0

0101101
*
Ed
 1e-07 1 1 0
1  95 0 0 4.87456506631466
3  189 190CN 94 0 0 4.87456506631466
0

0101000
-1367 0 +1365 0 *
Ed
 1e-07 1 1 0
1  96 0 0 6.28318530717959
2  191 94 0 0 6.28318530717959
2  192 96 0 0 6.28318530717959
0

0101000
+1365 0 -1365 0 *
Wi

0101100
-1366 0 +1364 0 +1363 0 -1364 0 *
Fa
0  1e-07 94 0

0111000
+1362 0 *
Wi

0101100
+1366 0 *
Fa
0  1e-07 95 0

0111000
+1360 0 *
Wi

0101100
-1363 0 *
Fa
0  1e-07 96 0

0111000
-1358 0 *
Sh

0101100
+1361 0 +1359 0 -1357 0 *
So

0100000
+1356 0 *
Ve
1e-07
447.048891112311 927.962892033829 439.649591209894
0 0

0101101
*
Ed
 1e-07 1 1 0
1  97 0 0 6.28318530717959
2  193 97 0 0 6.28318530717959
2  194 98 0 0 6.28318530717959
0

0101000
+1354 0 -1354 0 *
Ve
1e-07
444.318432907549 928.557847183485 443.56317306221
0 0

0101101
*
Ed
 1e-07 1 1 0
1  98 0 0 4.8088976442463
3  195 196CN 97 0 0 4.8088976442463
0

0101000
-1354 0 +1352 0 *
Ed
 1e-07 1 1 0
1  99 0 0 6.28318530717959
2  197 97 0 0 6.28318530717959
2  198 99 0 0 6.28318530717959
0

0101000
+1352 0 -1352 0 *
Wi

0101100
-1353 0 +1351 0 +1350 0 -1351 0 *
Fa
0  1e-07 97 0

0111000
+1349 0 *
Wi

0101100
+1353 0 *
Fa
0  1e-07 98 0

0111000
+1347 0 *
Wi

0101100
-1350 0 *
Fa
0  1e-07 99 0

0111000
-1345 0 *
Sh

0101100
+1348 0 +1346 0 -1344 0 *
So

0100000
+1343 0 *
Ve
1e-07
449.620456583112 927.367936884173 435.801647078207
0 0

0101101
*
Ed
 1e-07 1 1 0
1  100 0 0 6.28318530717959
2  199 100 0 0 6.28318530717959
2  200 101 0 0 6.28318530717959
0

0101000
+1341 0 -1341 0 *
Ve
1e-07
447.004059472318 927.962892033829 439.715228930524
0 0

0101101
*
Ed
 1e-07 1 1 0
1  101 0 0 4.74506358084437
3  201 202CN 100 0 0 4.74506358084437
0

0101000
-1341 0 +1339 0 *
Ed
 1e-07 1 1 0
1  102 0 0 6.28318530717959
2  203 100 0 0 6.28318530717959
2  204 102 0 0 6.28318530717959
0

0101000
+1339 0 -1339 0 *
Wi

0101100
-1340 0 +1338 0 +1337 0 -1338 0 *
Fa
0  1e-07 100 0

0111000
+1336 0 *
Wi

0101100
+1340 0 *
Fa
0  1e-07 101 0

0111000
+1334 0 *
Wi

0101100
-1337 0 *
Fa
0  1e-07 102 0

0111000
-1332 0 *
Sh

0101100
+1335 0 +1333 0 -1331 0 *
So

0100000
+1330 0 *
Ve
1e-07
452.078104941874 926.772981734517 431.956408238852
0 0

0101101
*
Ed
 1e-07 1 1 0
1  103 0 0 6.28318530717959
2  205 103 0 0 6.28318530717959
2  206 104 0 0 6.28318530717959
0

0101000
+1328 0 -1328 0 *
Ve
1e-07
449.575768925048 927.367936884173 435.869990091169
0 0

0101101
*
Ed
 1e-07 1 1 0
1  104 0 0 4.68313784614402
3  207 208CN 103 0 0 4.68313784614402
0

0101000
-1328 0 +1326 0 *
Ed
 1e-07 1 1 0
1  105 0 0 6.28318530717959
2  209 103 0 0 6.28318530717959
2  210 105 0 0 6.28318530717959
0

0101000
+1326 0 -1326 0 *
Wi

0101100
-1327 0 +1325 0 +1324 0 -1325 0 *
Fa
0  1e-07 103 0

0111000
+1323 0 *
Wi

0101100
+1327 0 *
Fa
0  1e-07 104 0

0111000
+1321 0 *
Wi

0101100
-1324 0 *
Fa
0  1e-07 105 0

0111000
-1319 0 *
Sh

0101100
+1322 0 +1320 0 -1318 0 *
So

0100000
+1317 0 *
Ve
1e-07
454.421956031513 926.178026584862 428.11393523729
0 0

0101101
*
Ed
 1e-07 1 1 0
1  106 0 0 6.28318530717959
2  211 106 0 0 6.28318530717959
2  212 107 0 0 6.28318530717959
0

0101000
+1315 0 -1315 0 *
Ve
1e-07
452.033681108656 926.772981734518 432.027517089607
0 0

0101101
*
Ed
 1e-07 1 1 0
1  107 0 0 4.62319712450517
3  213 214CN 106 0 0 4.62319712450517
0

0101000
-1315 0 +1313 0 *
Ed
 1e-07 1 1 0
1  108 0 0 6.28318530717959
2  215 106 0 0 6.28318530717959
2  216 108 0 0 6.28318530717959
0

0101000
+1313 0 -1313 0 *
Wi

0101100
-1314 0 +1312 0 +1311 0 -1312 0 *
Fa
0  1e-07 106 0

0111000
+1310 0 *
Wi

0101100
+1314 0 *
Fa
0  1e-07 107 0

0111000
+1308 0 *
Wi

0101100
-1311 0 *
Fa
0  1e-07 108 0

0111000
-1306 0 *
Sh

0101100
+1309 0 +1307 0 -1305 0 *
So

0100000
+1304 0 *
Ve
1e-07
456.65213980716 925.583071435206 424.274280524016
0 0

0101101
*
Ed
 1e-07 1 1 0
1  109 0 0 6.28318530717959
2  217 109 0 0 6.28318530717959
2  218 110 0 0 6.28318530717959
0

0101000
+1302 0 -1302 0 *
Ve
1e-07
454.37792597827 926.178026584862 428.187862376332
0 0

0101101
*
Ed
 1e-07 1 1 0
1  110 0 0 4.56531960375118
3  219 220CN 109 0 0 4.56531960375118
0

0101000
-1302 0 +1300 0 *
Ed
 1e-07 1 1 0
1  111 0 0 6.28318530717959
2  221 109 0 0 6.28318530717959
2  222 111 0 0 6.28318530717959
0

0101000
+1300 0 -1300 0 *
Wi

0101100
-1301 0 +1299 0 +1298 0 -1299 0 *
Fa
0  1e-07 109 0

0111000
+1297 0 *
Wi

0101100
+1301 0 *
Fa
0  1e-07 110 0

0111000
+1295 0 *
Wi

0101100
-1298 0 *
Fa
0  1e-07 111 0

0111000
-1293 0 *
Sh

0101100
+1296 0 +1294 0 -1292 0 *
So

0100000
+1291 0 *
Ve
1e-07
458.768796253064 924.98811628555 420.437486935091
0 0

0101101
*
Ed
 1e-07 1 1 0
1  112 0 0 6.28318530717959
2  223 112 0 0 6.28318530717959
2  224 113 0 0 6.28318530717959
0

0101000
+1289 0 -1289 0 *
Ve
1e-07
456.608643518144 925.583071435206 424.351068787408
0 0

0101101
*
Ed
 1e-07 1 1 0
1  113 0 0 4.50958472401502
3  225 226CN 112 0 0 4.50958472401502
0

0101000
-1289 0 +1287 0 *
Ed
 1e-07 1 1 0
1  114 0 0 6.28318530717959
2  227 112 0 0 6.28318530717959
2  228 114 0 0 6.28318530717959
0

0101000
+1287 0 -1287 0 *
Wi

0101100
-1288 0 +1286 0 +1285 0 -1286 0 *
Fa
0  1e-07 112 0

0111000
+1284 0 *
Wi

0101100
+1288 0 *
Fa
0  1e-07 113 0

0111000
+1282 0 *
Wi

0101100
-1285 0 *
Fa
0  1e-07 114 0

0111000
-1280 0 *
Sh

0101100
+1283 0 +1281 0 -1279 0 *
So

0100000
+1278 0 *
Ve
1e-07
460.77207512059 924.393161135894 416.603586093675
0 0

0101101
*
Ed
 1e-07 1 1 0
1  115 0 0 6.28318530717959
2  229 115 0 0 6.28318530717959
2  230 116 0 0 6.28318530717959
0

0101000
+1276 0 -1276 0 *
Ve
1e-07
458.725983479637 924.98811628555 420.517167945992
0 0

0101101
*
Ed
 1e-07 1 1 0
1  116 0 0 4.45607288406059
3  231 232CN 115 0 0 4.45607288406059
0

0101000
-1276 0 +1274 0 *
Ed
 1e-07 1 1 0
1  117 0 0 6.28318530717959
2  233 115 0 0 6.28318530717959
2  234 117 0 0 6.28318530717959
0

0101000
+1274 0 -1274 0 *
Wi

0101100
-1275 0 +1273 0 +1272 0 -1273 0 *
Fa
0  1e-07 115 0

0111000
+1271 0 *
Wi

0101100
+1275 0 *
Fa
0  1e-07 116 0

0111000
+1269 0 *
Wi

0101100
-1272 0 *
Fa
0  1e-07 117 0

0111000
-1267 0 *
Sh

0101100
+1270 0 +1268 0 -1266 0 *
So

0100000
+1265 0 *
Ve
1e-07
462.662135461424 923.798205986238 412.77259675627
0 0

0101101
*
Ed
 1e-07 1 1 0
1  118 0 0 6.28318530717959
2  235 118 0 0 6.28318530717959
2  236 119 0 0 6.28318530717959
0

0101000
+1263 0 -1263 0 *
Ve
1e-07
460.730104914439 924.393161135894 416.686178608587
0 0

0101101
*
Ed
 1e-07 1 1 0
1  119 0 0 4.4048651034241
3  237 238CN 118 0 0 4.4048651034241
0

0101000
-1263 0 +1261 0 *
Ed
 1e-07 1 1 0
1  120 0 0 6.28318530717959
2  239 118 0 0 6.28318530717959
2  240 120 0 0 6.28318530717959
0

0101000
+1261 0 -1261 0 *
Wi

0101100
-1262 0 +1260 0 +1259 0 -1260 0 *
Fa
0  1e-07 118 0

0111000
+1258 0 *
Wi

0101100
+1262 0 *
Fa
0  1e-07 119 0

0111000
+1256 0 *
Wi

0101100
-1259 0 *
Fa
0  1e-07 120 0

0111000
-1254 0 *
Sh

0101100
+1257 0 +1255 0 -1253 0 *
So

0100000
+1252 0 *
Ve
1e-07
464.439144931748 923.203250836582 408.944523134206
0 0

0101101
*
Ed
 1e-07 1 1 0
1  121 0 0 6.28318530717959
2  241 121 0 0 6.28318530717959
2  242 122 0 0 6.28318530717959
0

0101000
+1250 0 -1250 0 *
Ve
1e-07
462.621175478732 923.798205986238 412.858104986523
0 0

0101101
*
Ed
 1e-07 1 1 0
1  122 0 0 4.3560426394817
3  243 244CN 121 0 0 4.3560426394817
0

0101000
-1250 0 +1248 0 *
Ed
 1e-07 1 1 0
1  123 0 0 6.28318530717959
2  245 121 0 0 6.28318530717959
2  246 123 0 0 6.28318530717959
0

0101000
+1248 0 -1248 0 *
Wi

0101100
-1249 0 +1247 0 +1246 0 -1247 0 *
Fa
0  1e-07 121 0

0111000
+1245 0 *
Wi

0101100
+1249 0 *
Fa
0  1e-07 122 0

0111000
+1243 0 *
Wi

0101100
-1246 0 *
Fa
0  1e-07 123 0

0111000
-1241 0 *
Sh

0101100
+1244 0 +1242 0 -1240 0 *
So

0100000
+1239 0 *
Ve
1e-07
466.103278846181 922.608295686926 405.119353227853
0 0

0101101
*
Ed
 1e-07 1 1 0
1  124 0 0 6.28318530717959
2  247 124 0 0 6.28318530717959
2  248 125 0 0 6.28318530717959
0

0101000
+1237 0 -1237 0 *
Ve
1e-07
464.399370487133 923.203250836582 409.032935080169
0 0

0101101
*
Ed
 1e-07 1 1 0
1  125 0 0 4.30968655947462
3  249 250CN 124 0 0 4.30968655947462
0

0101000
-1237 0 +1235 0 *
Ed
 1e-07 1 1 0
1  126 0 0 6.28318530717959
2  251 124 0 0 6.28318530717959
2  252 126 0 0 6.28318530717959
0

0101000
+1235 0 -1235 0 *
Wi

0101100
-1236 0 +1234 0 +1233 0 -1234 0 *
Fa
0  1e-07 124 0

0111000
+1232 0 *
Wi

0101100
+1236 0 *
Fa
0  1e-07 125 0

0111000
+1230 0 *
Wi

0101100
-1233 0 *
Fa
0  1e-07 126 0

0111000
-1228 0 *
Sh

0101100
+1231 0 +1229 0 -1227 0 *
So

0100000
+1226 0 *
Ve
1e-07
467.654718965051 922.01334053727 401.297057217941
0 0

0101101
*
Ed
 1e-07 1 1 0
1  127 0 0 6.28318530717959
2  253 127 0 0 6.28318530717959
2  254 128 0 0 6.28318530717959
0

0101000
+1224 0 -1224 0 *
Ve
1e-07
466.064871699972 922.608295686926 405.210639070258
0 0

0101101
*
Ed
 1e-07 1 1 0
1  128 0 0 4.26587726864756
3  255 256CN 127 0 0 4.26587726864756
0

0101000
-1224 0 +1222 0 *
Ed
 1e-07 1 1 0
1  129 0 0 6.28318530717959
2  257 127 0 0 6.28318530717959
2  258 129 0 0 6.28318530717959
0

0101000
+1222 0 -1222 0 *
Wi

0101100
-1223 0 +1221 0 +1220 0 -1221 0 *
Fa
0  1e-07 127 0

0111000
+1219 0 *
Wi

0101100
+1223 0 *
Fa
0  1e-07 128 0

0111000
+1217 0 *
Wi

0101100
-1220 0 *
Fa
0  1e-07 129 0

0111000
-1215 0 *
Sh

0101100
+1218 0 +1216 0 -1214 0 *
So

0100000
+1213 0 *
Ve
1e-07
469.093652005164 921.418385387614 397.477585964685
0 0

0101101
*
Ed
 1e-07 1 1 0
1  130 0 0 6.28318530717959
2  259 130 0 0 6.28318530717959
2  260 131 0 0 6.28318530717959
0

0101000
+1211 0 -1211 0 *
Ve
1e-07
467.617865834053 922.01334053727 401.391167817001
0 0

0101101
*
Ed
 1e-07 1 1 0
1  131 0 0 4.22469399693354
3  261 262CN 130 0 0 4.22469399693354
0

0101000
-1211 0 +1209 0 *
Ed
 1e-07 1 1 0
1  132 0 0 6.28318530717959
2  263 130 0 0 6.28318530717959
2  264 132 0 0 6.28318530717959
0

0101000
+1209 0 -1209 0 *
Wi

0101100
-1210 0 +1208 0 +1207 0 -1208 0 *
Fa
0  1e-07 130 0

0111000
+1206 0 *
Wi

0101100
+1210 0 *
Fa
0  1e-07 131 0

0111000
+1204 0 *
Wi

0101100
-1207 0 *
Fa
0  1e-07 132 0

0111000
-1202 0 *
Sh

0101100
+1205 0 +1203 0 -1201 0 *
So

0100000
+1200 0 *
Ve
1e-07
470.420267872635 920.823430237958 393.660869670615
0 0

0101101
*
Ed
 1e-07 1 1 0
1  133 0 0 6.28318530717959
2  265 133 0 0 6.28318530717959
2  266 134 0 0 6.28318530717959
0

0101000
+1198 0 -1198 0 *
Ve
1e-07
469.058542795493 921.418385387614 397.574451522932
0 0

0101101
*
Ed
 1e-07 1 1 0
1  134 0 0 4.18621424805316
3  267 268CN 133 0 0 4.18621424805316
0

0101000
-1198 0 +1196 0 *
Ed
 1e-07 1 1 0
1  135 0 0 6.28318530717959
2  269 133 0 0 6.28318530717959
2  270 135 0 0 6.28318530717959
0

0101000
+1196 0 -1196 0 *
Wi

0101100
-1197 0 +1195 0 +1194 0 -1195 0 *
Fa
0  1e-07 133 0

0111000
+1193 0 *
Wi

0101100
+1197 0 *
Fa
0  1e-07 134 0

0111000
+1191 0 *
Wi

0101100
-1194 0 *
Fa
0  1e-07 135 0

0111000
-1189 0 *
Sh

0101100
+1192 0 +1190 0 -1188 0 *
So

0100000
+1187 0 *
Ve
1e-07
471.634757626602 920.228475088302 389.846816766645
0 0

0101101
*
Ed
 1e-07 1 1 0
1  136 0 0 6.28318530717959
2  271 136 0 0 6.28318530717959
2  272 137 0 0 6.28318530717959
0

0101000
+1185 0 -1185 0 *
Ve
1e-07
470.387093643427 920.823430237958 393.760398618962
0 0

0101101
*
Ed
 1e-07 1 1 0
1  137 0 0 4.15051321643414
3  273 274CN 136 0 0 4.15051321643414
0

0101000
-1185 0 +1183 0 *
Ed
 1e-07 1 1 0
1  138 0 0 6.28318530717959
2  275 136 0 0 6.28318530717959
2  276 138 0 0 6.28318530717959
0

0101000
+1183 0 -1183 0 *
Wi

0101100
-1184 0 +1182 0 +1181 0 -1182 0 *
Fa
0  1e-07 136 0

0111000
+1180 0 *
Wi

0101100
+1184 0 *
Fa
0  1e-07 137 0

0111000
+1178 0 *
Wi

0101100
-1181 0 *
Fa
0  1e-07 138 0

0111000
-1176 0 *
Sh

0101100
+1179 0 +1177 0 -1175 0 *
So

0100000
+1174 0 *
Ve
1e-07
472.737311194326 919.633519938646 386.035313082205
0 0

0101101
*
Ed
 1e-07 1 1 0
1  139 0 0 6.28318530717959
2  277 139 0 0 6.28318530717959
2  278 140 0 0 6.28318530717959
0

0101000
+1172 0 -1172 0 *
Ve
1e-07
471.60370830512 920.228475088302 389.948894934522
0 0

0101101
*
Ed
 1e-07 1 1 0
1  140 0 0 4.1176631789524
3  279 280CN 139 0 0 4.1176631789524
0

0101000
-1172 0 +1170 0 *
Ed
 1e-07 1 1 0
1  141 0 0 6.28318530717959
2  281 139 0 0 6.28318530717959
2  282 141 0 0 6.28318530717959
0

0101000
+1170 0 -1170 0 *
Wi

0101100
-1171 0 +1169 0 +1168 0 -1169 0 *
Fa
0  1e-07 139 0

0111000
+1167 0 *
Wi

0101100
+1171 0 *
Fa
0  1e-07 140 0

0111000
+1165 0 *
Wi

0101100
-1168 0 *
Fa
0  1e-07 141 0

0111000
-1163 0 *
Sh

0101100
+1166 0 +1164 0 -1162 0 *
So

0100000
+1161 0 *
Ve
1e-07
473.728114871021 919.03856478899 382.226221358853
0 0

0101101
*
Ed
 1e-07 1 1 0
1  142 0 0 6.28318530717959
2  283 142 0 0 6.28318530717959
2  284 143 0 0 6.28318530717959
0

0101000
+1159 0 -1159 0 *
Ve
1e-07
472.708573075783 919.633519938646 386.13980321117
0 0

0101101
*
Ed
 1e-07 1 1 0
1  143 0 0 4.08773287007854
3  285 286CN 142 0 0 4.08773287007854
0

0101000
-1159 0 +1157 0 *
Ed
 1e-07 1 1 0
1  144 0 0 6.28318530717959
2  287 142 0 0 6.28318530717959
2  288 144 0 0 6.28318530717959
0

0101000
+1157 0 -1157 0 *
Wi

0101100
-1158 0 +1156 0 +1155 0 -1156 0 *
Fa
0  1e-07 142 0

0111000
+1154 0 *
Wi

0101100
+1158 0 *
Fa
0  1e-07 143 0

0111000
+1152 0 *
Wi

0101100
-1155 0 *
Fa
0  1e-07 144 0

0111000
-1150 0 *
Sh

0101100
+1153 0 +1151 0 -1149 0 *
So

0100000
+1148 0 *
Ve
1e-07
474.607348650998 918.443609639334 378.419381162068
0 0

0101101
*
Ed
 1e-07 1 1 0
1  145 0 0 6.28318530717959
2  289 145 0 0 6.28318530717959
2  290 146 0 0 6.28318530717959
0

0101000
+1146 0 -1146 0 *
Ve
1e-07
473.701867949728 919.03856478899 382.332963014385
0 0

0101101
*
Ed
 1e-07 1 1 0
1  146 0 0 4.06078685050761
3  291 292CN 145 0 0 4.06078685050761
0

0101000
-1146 0 +1144 0 *
Ed
 1e-07 1 1 0
1  147 0 0 6.28318530717959
2  293 145 0 0 6.28318530717959
2  294 147 0 0 6.28318530717959
0

0101000
+1144 0 -1144 0 *
Wi

0101100
-1145 0 +1143 0 +1142 0 -1143 0 *
Fa
0  1e-07 145 0

0111000
+1141 0 *
Wi

0101100
+1145 0 *
Fa
0  1e-07 146 0

0111000
+1139 0 *
Wi

0101100
-1142 0 *
Fa
0  1e-07 147 0

0111000
-1137 0 *
Sh

0101100
+1140 0 +1138 0 -1136 0 *
So

0100000
+1135 0 *
Ve
1e-07
475.375183449659 917.848654489678 374.614609237665
0 0

0101101
*
Ed
 1e-07 1 1 0
1  148 0 0 6.28318530717959
2  295 148 0 0 6.28318530717959
2  296 149 0 0 6.28318530717959
0

0101000
+1133 0 -1133 0 *
Ve
1e-07
474.583763842358 918.443609639334 378.528191089982
0 0

0101101
*
Ed
 1e-07 1 1 0
1  149 0 0 4.03688488066042
3  297 298CN 148 0 0 4.03688488066042
0

0101000
-1133 0 +1131 0 *
Ed
 1e-07 1 1 0
1  150 0 0 6.28318530717959
2  299 148 0 0 6.28318530717959
2  300 150 0 0 6.28318530717959
0

0101000
+1131 0 -1131 0 *
Wi

0101100
-1132 0 +1130 0 +1129 0 -1130 0 *
Fa
0  1e-07 148 0

0111000
+1128 0 *
Wi

0101100
+1132 0 *
Fa
0  1e-07 149 0

0111000
+1126 0 *
Wi

0101100
-1129 0 *
Fa
0  1e-07 150 0

0111000
-1124 0 *
Sh

0101100
+1127 0 +1125 0 -1123 0 *
So

0100000
+1122 0 *
Ve
1e-07
476.031778287574 917.253699340022 370.811700347442
0 0

0101101
*
Ed
 1e-07 1 1 0
1  151 0 0 6.28318530717959
2  301 151 0 0 6.28318530717959
2  302 152 0 0 6.28318530717959
0

0101000
+1120 0 -1120 0 *
Ve
1e-07
475.354419774241 917.848654489678 374.725282199759
0 0

0101101
*
Ed
 1e-07 1 1 0
1  152 0 0 4.01608131148617
3  303 304CN 151 0 0 4.01608131148617
0

0101000
-1120 0 +1118 0 *
Ed
 1e-07 1 1 0
1  153 0 0 6.28318530717959
2  305 151 0 0 6.28318530717959
2  306 153 0 0 6.28318530717959
0

0101000
+1118 0 -1118 0 *
Wi

0101100
-1119 0 +1117 0 +1116 0 -1117 0 *
Fa
0  1e-07 151 0

0111000
+1115 0 *
Wi

0101100
+1119 0 *
Fa
0  1e-07 152 0

0111000
+1113 0 *
Wi

0101100
-1116 0 *
Fa
0  1e-07 153 0

0111000
-1111 0 *
Sh

0101100
+1114 0 +1112 0 -1110 0 *
So

0100000
+1109 0 *
Ve
1e-07
480.536476408924 912.704180227244 368.181477245238
0 0

0101101
*
Ed
 1e-07 1 1 0
1  154 0 0 6.28318530717959
2  307 154 0 0 6.28318530717959
2  308 155 0 0 6.28318530717959
0

0101000
+1107 0 -1107 0 *
Ve
1e-07
479.97317898956 913.2991353769 372.095059097554
0 0

0101101
*
Ed
 1e-07 1 1 0
1  155 0 0 3.99842450567056
3  309 310CN 154 0 0 3.99842450567056
0

0101000
-1107 0 +1105 0 *
Ed
 1e-07 1 1 0
1  156 0 0 6.28318530717959
2  311 154 0 0 6.28318530717959
2  312 156 0 0 6.28318530717959
0

0101000
+1105 0 -1105 0 *
Wi

0101100
-1106 0 +1104 0 +1103 0 -1104 0 *
Fa
0  1e-07 154 0

0111000
+1102 0 *
Wi

0101100
+1106 0 *
Fa
0  1e-07 155 0

0111000
+1100 0 *
Wi

0101100
-1103 0 *
Fa
0  1e-07 156 0

0111000
-1098 0 *
Sh

0101100
+1101 0 +1099 0 -1097 0 *
So

0100000
+1096 0 *
Ve
1e-07
480.985712734321 912.109225077588 364.267895392921
0 0

0101101
*
Ed
 1e-07 1 1 0
1  157 0 0 6.28318530717959
2  313 157 0 0 6.28318530717959
2  314 158 0 0 6.28318530717959
0

0101000
+1094 0 -1094 0 *
Ve
1e-07
480.536476408924 912.704180227244 368.181477245237
0 0

0101101
*
Ed
 1e-07 1 1 0
1  158 0 0 3.98395630258909
3  315 316CN 157 0 0 3.98395630258909
0

0101000
-1094 0 +1092 0 *
Ed
 1e-07 1 1 0
1  159 0 0 6.28318530717959
2  317 157 0 0 6.28318530717959
2  318 159 0 0 6.28318530717959
0

0101000
+1092 0 -1092 0 *
Wi

0101100
-1093 0 +1091 0 +1090 0 -1091 0 *
Fa
0  1e-07 157 0

0111000
+1089 0 *
Wi

0101100
+1093 0 *
Fa
0  1e-07 158 0

0111000
+1087 0 *
Wi

0101100
-1090 0 *
Fa
0  1e-07 159 0

0111000
-1085 0 *
Sh

0101100
+1088 0 +1086 0 -1084 0 *
So

0100000
+1083 0 *
Ve
1e-07
481.320887965749 911.514269927932 360.354313540604
0 0

0101101
*
Ed
 1e-07 1 1 0
1  160 0 0 6.28318530717959
2  319 160 0 0 6.28318530717959
2  320 161 0 0 6.28318530717959
0

0101000
+1081 0 -1081 0 *
Ve
1e-07
480.985712734321 912.109225077588 364.267895392921
0 0

0101101
*
Ed
 1e-07 1 1 0
1  161 0 0 3.97271154007523
3  321 322CN 160 0 0 3.97271154007523
0

0101000
-1081 0 +1079 0 *
Ed
 1e-07 1 1 0
1  162 0 0 6.28318530717959
2  323 160 0 0 6.28318530717959
2  324 162 0 0 6.28318530717959
0

0101000
+1079 0 -1079 0 *
Wi

0101100
-1080 0 +1078 0 +1077 0 -1078 0 *
Fa
0  1e-07 160 0

0111000
+1076 0 *
Wi

0101100
+1080 0 *
Fa
0  1e-07 161 0

0111000
+1074 0 *
Wi

0101100
-1077 0 *
Fa
0  1e-07 162 0

0111000
-1072 0 *
Sh

0101100
+1075 0 +1073 0 -1071 0 *
So

0100000
+1070 0 *
Ve
1e-07
481.542002103208 910.919314778276 356.440731688288
0 0

0101101
*
Ed
 1e-07 1 1 0
1  163 0 0 6.28318530717959
2  325 163 0 0 6.28318530717959
2  326 164 0 0 6.28318530717959
0

0101000
+1068 0 -1068 0 *
Ve
1e-07
481.320887965749 911.514269927932 360.354313540604
0 0

0101101
*
Ed
 1e-07 1 1 0
1  164 0 0 3.96471764526412
3  327 328CN 163 0 0 3.96471764526412
0

0101000
-1068 0 +1066 0 *
Ed
 1e-07 1 1 0
1  165 0 0 6.28318530717959
2  329 163 0 0 6.28318530717959
2  330 165 0 0 6.28318530717959
0

0101000
+1066 0 -1066 0 *
Wi

0101100
-1067 0 +1065 0 +1064 0 -1065 0 *
Fa
0  1e-07 163 0

0111000
+1063 0 *
Wi

0101100
+1067 0 *
Fa
0  1e-07 164 0

0111000
+1061 0 *
Wi

0101100
-1064 0 *
Fa
0  1e-07 165 0

0111000
-1059 0 *
Sh

0101100
+1062 0 +1060 0 -1058 0 *
So

0100000
+1057 0 *
Ve
1e-07
481.6490551467 910.32435962862 352.527149835971
0 0

0101101
*
Ed
 1e-07 1 1 0
1  166 0 0 6.28318530717959
2  331 166 0 0 6.28318530717959
2  332 167 0 0 6.28318530717959
0

0101000
+1055 0 -1055 0 *
Ve
1e-07
481.542002103208 910.919314778276 356.440731688288
0 0

0101101
*
Ed
 1e-07 1 1 0
1  167 0 0 3.95999430542578
3  333 334CN 166 0 0 3.95999430542578
0

0101000
-1055 0 +1053 0 *
Ed
 1e-07 1 1 0
1  168 0 0 6.28318530717959
2  335 166 0 0 6.28318530717959
2  336 168 0 0 6.28318530717959
0

0101000
+1053 0 -1053 0 *
Wi

0101100
-1054 0 +1052 0 +1051 0 -1052 0 *
Fa
0  1e-07 166 0

0111000
+1050 0 *
Wi

0101100
+1054 0 *
Fa
0  1e-07 167 0

0111000
+1048 0 *
Wi

0101100
-1051 0 *
Fa
0  1e-07 168 0

0111000
-1046 0 *
Sh

0101100
+1049 0 +1047 0 -1045 0 *
So

0100000
+1044 0 *
Ve
1e-07
481.642047096223 909.729404478964 348.613567983655
0 0

0101101
*
Ed
 1e-07 1 1 0
1  169 0 0 6.28318530717959
2  337 169 0 0 6.28318530717959
2  338 170 0 0 6.28318530717959
0

0101000
+1042 0 -1042 0 *
Ve
1e-07
481.6490551467 910.32435962862 352.527149835971
0 0

0101101
*
Ed
 1e-07 1 1 0
1  170 0 0 3.95855322784166
3  339 340CN 169 0 0 3.95855322784166
0

0101000
-1042 0 +1040 0 *
Ed
 1e-07 1 1 0
1  171 0 0 6.28318530717959
2  341 169 0 0 6.28318530717959
2  342 171 0 0 6.28318530717959
0

0101000
+1040 0 -1040 0 *
Wi

0101100
-1041 0 +1039 0 +1038 0 -1039 0 *
Fa
0  1e-07 169 0

0111000
+1037 0 *
Wi

0101100
+1041 0 *
Fa
0  1e-07 170 0

0111000
+1035 0 *
Wi

0101100
-1038 0 *
Fa
0  1e-07 171 0

0111000
-1033 0 *
Sh

0101100
+1036 0 +1034 0 -1032 0 *
So

0100000
+1031 0 *
Ve
1e-07
481.520977951777 909.134449329308 344.699986131338
0 0

0101101
*
Ed
 1e-07 1 1 0
1  172 0 0 6.28318530717959
2  343 172 0 0 6.28318530717959
2  344 173 0 0 6.28318530717959
0

0101000
+1029 0 -1029 0 *
Ve
1e-07
481.642047096223 909.729404478964 348.613567983655
0 0

0101101
*
Ed
 1e-07 1 1 0
1  173 0 0 3.96039799548238
3  345 346CN 172 0 0 3.96039799548238
0

0101000
-1029 0 +1027 0 *
Ed
 1e-07 1 1 0
1  174 0 0 6.28318530717959
2  347 172 0 0 6.28318530717959
2  348 174 0 0 6.28318530717959
0

0101000
+1027 0 -1027 0 *
Wi

0101100
-1028 0 +1026 0 +1025 0 -1026 0 *
Fa
0  1e-07 172 0

0111000
+1024 0 *
Wi

0101100
+1028 0 *
Fa
0  1e-07 173 0

0111000
+1022 0 *
Wi

0101100
-1025 0 *
Fa
0  1e-07 174 0

0111000
-1020 0 *
Sh

0101100
+1023 0 +1021 0 -1019 0 *
So

0100000
+1018 0 *
Ve
1e-07
481.285847713364 908.539494179652 340.786404279021
0 0

0101101
*
Ed
 1e-07 1 1 0
1  175 0 0 6.28318530717959
2  349 175 0 0 6.28318530717959
2  350 176 0 0 6.28318530717959
0

0101000
+1016 0 -1016 0 *
Ve
1e-07
481.520977951777 909.134449329308 344.699986131338
0 0

0101101
*
Ed
 1e-07 1 1 0
1  176 0 0 3.96552402261045
3  351 352CN 175 0 0 3.96552402261045
0

0101000
-1016 0 +1014 0 *
Ed
 1e-07 1 1 0
1  177 0 0 6.28318530717959
2  353 175 0 0 6.28318530717959
2  354 177 0 0 6.28318530717959
0

0101000
+1014 0 -1014 0 *
Wi

0101100
-1015 0 +1013 0 +1012 0 -1013 0 *
Fa
0  1e-07 175 0

0111000
+1011 0 *
Wi

0101100
+1015 0 *
Fa
0  1e-07 176 0

0111000
+1009 0 *
Wi

0101100
-1012 0 *
Fa
0  1e-07 177 0

0111000
-1007 0 *
Sh

0101100
+1010 0 +1008 0 -1006 0 *
So

0100000
+1005 0 *
Ve
1e-07
480.936656380982 907.944539029996 336.872822426704
0 0

0101101
*
Ed
 1e-07 1 1 0
1  178 0 0 6.28318530717959
2  355 178 0 0 6.28318530717959
2  356 179 0 0 6.28318530717959
0

0101000
+1003 0 -1003 0 *
Ve
1e-07
481.285847713364 908.539494179652 340.786404279021
0 0

0101101
*
Ed
 1e-07 1 1 0
1  179 0 0 3.9739186115841
3  357 358CN 178 0 0 3.9739186115841
0

0101000
-1003 0 +1001 0 *
Ed
 1e-07 1 1 0
1  180 0 0 6.28318530717959
2  359 178 0 0 6.28318530717959
2  360 180 0 0 6.28318530717959
0

0101000
+1001 0 -1001 0 *
Wi

0101100
-1002 0 +1000 0 +999 0 -1000 0 *
Fa
0  1e-07 178 0

0111000
+998 0 *
Wi

0101100
+1002 0 *
Fa
0  1e-07 179 0

0111000
+996 0 *
Wi

0101100
-999 0 *
Fa
0  1e-07 180 0

0111000
-994 0 *
Sh

0101100
+997 0 +995 0 -993 0 *
So

0100000
+992 0 *
Ve
1e-07
480.473403954632 907.349583880341 332.959240574388
0 0

0101101
*
Ed
 1e-07 1 1 0
1  181 0 0 6.28318530717959
2  361 181 0 0 6.28318530717959
2  362 182 0 0 6.28318530717959
0

0101000
+990 0 -990 0 *
Ve
1e-07
480.936656380982 907.944539029997 336.872822426705
0 0

0101101
*
Ed
 1e-07 1 1 0
1  182 0 0 3.9855611092296
3  363 364CN 181 0 0 3.9855611092296
0

0101000
-990 0 +988 0 *
Ed
 1e-07 1 1 0
1  183 0 0 6.28318530717959
2  365 181 0 0 6.28318530717959
2  366 183 0 0 6.28318530717959
0

0101000
+988 0 -988 0 *
Wi

0101100
-989 0 +987 0 +986 0 -987 0 *
Fa
0  1e-07 181 0

0111000
+985 0 *
Wi

0101100
+989 0 *
Fa
0  1e-07 182 0

0111000
+983 0 *
Wi

0101100
-986 0 *
Fa
0  1e-07 183 0

0111000
-981 0 *
Sh

0101100
+984 0 +982 0 -980 0 *
So

0100000
+979 0 *
Ve
1e-07
479.896090434313 906.754628730685 329.045658722071
0 0

0101101
*
Ed
 1e-07 1 1 0
1  184 0 0 6.28318530717959
2  367 184 0 0 6.28318530717959
2  368 185 0 0 6.28318530717959
0

0101000
+977 0 -977 0 *
Ve
1e-07
480.473403954632 907.349583880341 332.959240574388
0 0

0101101
*
Ed
 1e-07 1 1 0
1  185 0 0 4.00042315832046
3  369 370CN 184 0 0 4.00042315832046
0

0101000
-977 0 +975 0 *
Ed
 1e-07 1 1 0
1  186 0 0 6.28318530717959
2  371 184 0 0 6.28318530717959
2  372 186 0 0 6.28318530717959
0

0101000
+975 0 -975 0 *
Wi

0101100
-976 0 +974 0 +973 0 -974 0 *
Fa
0  1e-07 184 0

0111000
+972 0 *
Wi

0101100
+976 0 *
Fa
0  1e-07 185 0

0111000
+970 0 *
Wi

0101100
-973 0 *
Fa
0  1e-07 186 0

0111000
-968 0 *
Sh

0101100
+971 0 +969 0 -967 0 *
So

0100000
+966 0 *
Ve
1e-07
475.265709553008 910.114237544151 325.226757588854
0 0

0101101
*
Ed
 1e-07 1 1 0
1  187 0 0 6.28318530717959
2  373 187 0 0 6.28318530717959
2  374 188 0 0 6.28318530717959
0

0101000
+964 0 -964 0 *
Ve
1e-07
475.957084167295 910.709192693807 329.14033944117
0 0

0101101
*
Ed
 1e-07 1 1 0
1  188 0 0 4.01846903710407
3  375 376CN 187 0 0 4.01846903710407
0

0101000
-964 0 +962 0 *
Ed
 1e-07 1 1 0
1  189 0 0 6.28318530717959
2  377 187 0 0 6.28318530717959
2  378 189 0 0 6.28318530717959
0

0101000
+962 0 -962 0 *
Wi

0101100
-963 0 +961 0 +960 0 -961 0 *
Fa
0  1e-07 187 0

0111000
+959 0 *
Wi

0101100
+963 0 *
Fa
0  1e-07 188 0

0111000
+957 0 *
Wi

0101100
-960 0 *
Fa
0  1e-07 189 0

0111000
-955 0 *
Sh

0101100
+958 0 +956 0 -954 0 *
So

0100000
+953 0 *
Ve
1e-07
474.481392288705 909.519282394495 321.423631536726
0 0

0101101
*
Ed
 1e-07 1 1 0
1  190 0 0 6.28318530717959
2  379 190 0 0 6.28318530717959
2  380 191 0 0 6.28318530717959
0

0101000
+951 0 -951 0 *
Ve
1e-07
475.28682799696 910.114237544151 325.337213389042
0 0

0101101
*
Ed
 1e-07 1 1 0
1  191 0 0 4.03965607756608
3  381 382CN 190 0 0 4.03965607756608
0

0101000
-951 0 +949 0 *
Ed
 1e-07 1 1 0
1  192 0 0 6.28318530717959
2  383 190 0 0 6.28318530717959
2  384 192 0 0 6.28318530717959
0

0101000
+949 0 -949 0 *
Wi

0101100
-950 0 +948 0 +947 0 -948 0 *
Fa
0  1e-07 190 0

0111000
+946 0 *
Wi

0101100
+950 0 *
Fa
0  1e-07 191 0

0111000
+944 0 *
Wi

0101100
-947 0 *
Fa
0  1e-07 192 0

0111000
-942 0 *
Sh

0101100
+945 0 +943 0 -941 0 *
So

0100000
+940 0 *
Ve
1e-07
473.585816258234 908.924327244839 317.618616085738
0 0

0101101
*
Ed
 1e-07 1 1 0
1  193 0 0 6.28318530717959
2  385 193 0 0 6.28318530717959
2  386 194 0 0 6.28318530717959
0

0101000
+938 0 -938 0 *
Ve
1e-07
474.505313060458 909.519282394495 321.532197938054
0 0

0101101
*
Ed
 1e-07 1 1 0
1  194 0 0 4.06393515132602
3  387 388CN 193 0 0 4.06393515132602
0

0101000
-938 0 +936 0 *
Ed
 1e-07 1 1 0
1  195 0 0 6.28318530717959
2  389 193 0 0 6.28318530717959
2  390 195 0 0 6.28318530717959
0

0101000
+936 0 -936 0 *
Wi

0101100
-937 0 +935 0 +934 0 -935 0 *
Fa
0  1e-07 193 0

0111000
+933 0 *
Wi

0101100
+937 0 *
Fa
0  1e-07 194 0

0111000
+931 0 *
Wi

0101100
-934 0 *
Fa
0  1e-07 195 0

0111000
-929 0 *
Sh

0101100
+932 0 +930 0 -928 0 *
So

0100000
+927 0 *
Ve
1e-07
472.578820828244 908.329372095183 313.811508637379
0 0

0101101
*
Ed
 1e-07 1 1 0
1  196 0 0 6.28318530717959
2  391 196 0 0 6.28318530717959
2  392 197 0 0 6.28318530717959
0

0101000
+925 0 -925 0 *
Ve
1e-07
473.612378724436 908.924327244839 317.725090489695
0 0

0101101
*
Ed
 1e-07 1 1 0
1  197 0 0 4.09125121077454
3  393 394CN 196 0 0 4.09125121077454
0

0101000
-925 0 +923 0 *
Ed
 1e-07 1 1 0
1  198 0 0 6.28318530717959
2  395 196 0 0 6.28318530717959
2  396 198 0 0 6.28318530717959
0

0101000
+923 0 -923 0 *
Wi

0101100
-924 0 +922 0 +921 0 -922 0 *
Fa
0  1e-07 196 0

0111000
+920 0 *
Wi

0101100
+924 0 *
Fa
0  1e-07 197 0

0111000
+918 0 *
Wi

0101100
-921 0 *
Fa
0  1e-07 198 0

0111000
-916 0 *
Sh

0101100
+919 0 +917 0 -915 0 *
So

0100000
+914 0 *
Ve
1e-07
471.460233815974 907.734416945527 310.002128706483
0 0

0101101
*
Ed
 1e-07 1 1 0
1  199 0 0 6.28318530717959
2  397 199 0 0 6.28318530717959
2  398 200 0 0 6.28318530717959
0

0101000
+912 0 -912 0 *
Ve
1e-07
472.607852806134 908.329372095183 313.915710558799
0 0

0101101
*
Ed
 1e-07 1 1 0
1  200 0 0 4.12154387232018
3  399 400CN 199 0 0 4.12154387232018
0

0101000
-912 0 +910 0 *
Ed
 1e-07 1 1 0
1  201 0 0 6.28318530717959
2  401 199 0 0 6.28318530717959
2  402 201 0 0 6.28318530717959
0

0101000
+910 0 -910 0 *
Wi

0101100
-911 0 +909 0 +908 0 -909 0 *
Fa
0  1e-07 199 0

0111000
+907 0 *
Wi

0101100
+911 0 *
Fa
0  1e-07 200 0

0111000
+905 0 *
Wi

0101100
-908 0 *
Fa
0  1e-07 201 0

0111000
-903 0 *
Sh

0101100
+906 0 +904 0 -902 0 *
So

0100000
+901 0 *
Ve
1e-07
470.229874304705 907.139461795871 306.190318696603
0 0

0101101
*
Ed
 1e-07 1 1 0
1  202 0 0 6.28318530717959
2  403 202 0 0 6.28318530717959
2  404 203 0 0 6.28318530717959
0

0101000
+899 0 -899 0 *
Ve
1e-07
471.491554388833 907.734416945527 310.103900548919
0 0

0101101
*
Ed
 1e-07 1 1 0
1  203 0 0 4.15474802840919
3  405 406CN 202 0 0 4.15474802840919
0

0101000
-899 0 +897 0 *
Ed
 1e-07 1 1 0
1  204 0 0 6.28318530717959
2  407 202 0 0 6.28318530717959
2  408 204 0 0 6.28318530717959
0

0101000
+897 0 -897 0 *
Wi

0101100
-898 0 +896 0 +895 0 -896 0 *
Fa
0  1e-07 202 0

0111000
+894 0 *
Wi

0101100
+898 0 *
Fa
0  1e-07 203 0

0111000
+892 0 *
Wi

0101100
-895 0 *
Fa
0  1e-07 204 0

0111000
-890 0 *
Sh

0101100
+893 0 +891 0 -889 0 *
So

0100000
+888 0 *
Ve
1e-07
468.88755541197 906.544506646215 302.375944199657
0 0

0101101
*
Ed
 1e-07 1 1 0
1  205 0 0 6.28318530717959
2  409 205 0 0 6.28318530717959
2  410 206 0 0 6.28318530717959
0

0101000
+886 0 -886 0 *
Ve
1e-07
470.263296590067 907.139461795871 306.289526051974
0 0

0101101
*
Ed
 1e-07 1 1 0
1  206 0 0 4.19079447527493
3  411 412CN 205 0 0 4.19079447527493
0

0101000
-886 0 +884 0 *
Ed
 1e-07 1 1 0
1  207 0 0 6.28318530717959
2  413 205 0 0 6.28318530717959
2  414 207 0 0 6.28318530717959
0

0101000
+884 0 -884 0 *
Wi

0101100
-885 0 +883 0 +882 0 -883 0 *
Fa
0  1e-07 205 0

0111000
+881 0 *
Wi

0101100
+885 0 *
Fa
0  1e-07 206 0

0111000
+879 0 *
Wi

0101100
-882 0 *
Fa
0  1e-07 207 0

0111000
-877 0 *
Sh

0101100
+880 0 +878 0 -876 0 *
So

0100000
+875 0 *
Ve
1e-07
467.433086940637 905.949551496559 298.558893856083
0 0

0101101
*
Ed
 1e-07 1 1 0
1  208 0 0 6.28318530717959
2  415 208 0 0 6.28318530717959
2  416 209 0 0 6.28318530717959
0

0101000
+873 0 -873 0 *
Ve
1e-07
468.922889212702 906.544506646215 302.472475708399
0 0

0101101
*
Ed
 1e-07 1 1 0
1  209 0 0 4.22961054409668
3  417 418CN 208 0 0 4.22961054409668
0

0101000
-873 0 +871 0 *
Ed
 1e-07 1 1 0
1  210 0 0 6.28318530717959
2  419 208 0 0 6.28318530717959
2  420 210 0 0 6.28318530717959
0

0101000
+871 0 -871 0 *
Wi

0101100
-872 0 +870 0 +869 0 -870 0 *
Fa
0  1e-07 208 0

0111000
+868 0 *
Wi

0101100
+872 0 *
Fa
0  1e-07 209 0

0111000
+866 0 *
Wi

0101100
-869 0 *
Fa
0  1e-07 210 0

0111000
-864 0 *
Sh

0101100
+867 0 +865 0 -863 0 *
So

0100000
+862 0 *
Ve
1e-07
465.866277854871 905.354596346904 294.739078823168
0 0

0101101
*
Ed
 1e-07 1 1 0
1  211 0 0 6.28318530717959
2  421 211 0 0 6.28318530717959
2  422 212 0 0 6.28318530717959
0

0101000
+860 0 -860 0 *
Ve
1e-07
467.470141220905 905.949551496559 298.652660675485
0 0

0101101
*
Ed
 1e-07 1 1 0
1  212 0 0 4.27112072432839
3  423 424CN 211 0 0 4.27112072432839
0

0101000
-860 0 +858 0 *
Ed
 1e-07 1 1 0
1  213 0 0 6.28318530717959
2  425 211 0 0 6.28318530717959
2  426 213 0 0 6.28318530717959
0

0101000
+858 0 -858 0 *
Wi

0101100
-859 0 +857 0 +856 0 -857 0 *
Fa
0  1e-07 211 0

0111000
+855 0 *
Wi

0101100
+859 0 *
Fa
0  1e-07 212 0

0111000
+853 0 *
Wi

0101100
-856 0 *
Fa
0  1e-07 213 0

0111000
-851 0 *
Sh

0101100
+854 0 +852 0 -850 0 *
So

0100000
+849 0 *
Ve
1e-07
464.186938536013 904.759641197248 290.91643190702
0 0

0101101
*
Ed
 1e-07 1 1 0
1  214 0 0 6.28318530717959
2  427 214 0 0 6.28318530717959
2  428 215 0 0 6.28318530717959
0

0101000
+847 0 -847 0 *
Ve
1e-07
465.904862996015 905.354596346904 294.830013759337
0 0

0101101
*
Ed
 1e-07 1 1 0
1  215 0 0 4.31524726929474
3  429 430CN 214 0 0 4.31524726929474
0

0101000
-847 0 +845 0 *
Ed
 1e-07 1 1 0
1  216 0 0 6.28318530717959
2  431 214 0 0 6.28318530717959
2  432 216 0 0 6.28318530717959
0

0101000
+845 0 -845 0 *
Wi

0101100
-846 0 +844 0 +843 0 -844 0 *
Fa
0  1e-07 214 0

0111000
+842 0 *
Wi

0101100
+846 0 *
Fa
0  1e-07 215 0

0111000
+840 0 *
Wi

0101100
-843 0 *
Fa
0  1e-07 216 0

0111000
-838 0 *
Sh

0101100
+841 0 +839 0 -837 0 *
So

0100000
+836 0 *
Ve
1e-07
462.394882786654 904.164686047592 287.09090641792
0 0

0101101
*
Ed
 1e-07 1 1 0
1  217 0 0 6.28318530717959
2  433 217 0 0 6.28318530717959
2  434 218 0 0 6.28318530717959
0

0101000
+834 0 -834 0 *
Ve
1e-07
464.226868340624 904.759641197248 291.004488270236
0 0

0101101
*
Ed
 1e-07 1 1 0
1  218 0 0 4.36191077566222
3  435 436CN 217 0 0 4.36191077566222
0

0101000
-834 0 +832 0 *
Ed
 1e-07 1 1 0
1  219 0 0 6.28318530717959
2  437 217 0 0 6.28318530717959
2  438 219 0 0 6.28318530717959
0

0101000
+832 0 -832 0 *
Wi

0101100
-833 0 +831 0 +830 0 -831 0 *
Fa
0  1e-07 217 0

0111000
+829 0 *
Wi

0101100
+833 0 *
Fa
0  1e-07 218 0

0111000
+827 0 *
Wi

0101100
-830 0 *
Fa
0  1e-07 219 0

0111000
-825 0 *
Sh

0101100
+828 0 +826 0 -824 0 *
So

0100000
+823 0 *
Ve
1e-07
460.489929563901 903.569730897936 283.262474809888
0 0

0101101
*
Ed
 1e-07 1 1 0
1  220 0 0 6.28318530717959
2  439 220 0 0 6.28318530717959
2  440 221 0 0 6.28318530717959
0

0101000
+821 0 -821 0 *
Ve
1e-07
462.435976211839 904.164686047592 287.176056662205
0 0

0101101
*
Ed
 1e-07 1 1 0
1  221 0 0 4.41103072998085
3  441 442CN 220 0 0 4.41103072998085
0

0101000
-821 0 +819 0 *
Ed
 1e-07 1 1 0
1  222 0 0 6.28318530717959
2  443 220 0 0 6.28318530717959
2  444 222 0 0 6.28318530717959
0

0101000
+819 0 -819 0 *
Wi

0101100
-820 0 +818 0 +817 0 -818 0 *
Fa
0  1e-07 220 0

0111000
+816 0 *
Wi

0101100
+820 0 *
Fa
0  1e-07 221 0

0111000
+814 0 *
Wi

0101100
-817 0 *
Fa
0  1e-07 222 0

0111000
-812 0 *
Sh

0101100
+815 0 +813 0 -811 0 *
So

0100000
+810 0 *
Ve
1e-07
458.471904434371 902.97477574828 279.431127163638
0 0

0101101
*
Ed
 1e-07 1 1 0
1  223 0 0 6.28318530717959
2  445 223 0 0 6.28318530717959
2  446 224 0 0 6.28318530717959
0

0101000
+808 0 -808 0 *
Ve
1e-07
460.532012176277 903.569730897936 283.344709015954
0 0

0101101
*
Ed
 1e-07 1 1 0
1  224 0 0 4.46252601708347
3  447 448CN 223 0 0 4.46252601708347
0

0101000
-808 0 +806 0 *
Ed
 1e-07 1 1 0
1  225 0 0 6.28318530717959
2  449 223 0 0 6.28318530717959
2  450 225 0 0 6.28318530717959
0

0101000
+806 0 -806 0 *
Wi

0101100
-807 0 +805 0 +804 0 -805 0 *
Fa
0  1e-07 223 0

0111000
+803 0 *
Wi

0101100
+807 0 *
Fa
0  1e-07 224 0

0111000
+801 0 *
Wi

0101100
-804 0 *
Fa
0  1e-07 225 0

0111000
-799 0 *
Sh

0101100
+802 0 +800 0 -798 0 *
So

0100000
+797 0 *
Ve
1e-07
456.340640753462 902.379820598624 275.596869568265
0 0

0101101
*
Ed
 1e-07 1 1 0
1  226 0 0 6.28318530717959
2  451 226 0 0 6.28318530717959
2  452 227 0 0 6.28318530717959
0

0101000
+795 0 -795 0 *
Ve
1e-07
458.514809589337 902.97477574828 279.510451420582
0 0

0101101
*
Ed
 1e-07 1 1 0
1  227 0 0 4.51631538665901
3  453 454CN 226 0 0 4.51631538665901
0

0101000
-795 0 +793 0 *
Ed
 1e-07 1 1 0
1  228 0 0 6.28318530717959
2  455 226 0 0 6.28318530717959
2  456 228 0 0 6.28318530717959
0

0101000
+793 0 -793 0 *
Wi

0101100
-794 0 +792 0 +791 0 -792 0 *
Fa
0  1e-07 226 0

0111000
+790 0 *
Wi

0101100
+794 0 *
Fa
0  1e-07 227 0

0111000
+788 0 *
Wi

0101100
-791 0 *
Fa
0  1e-07 228 0

0111000
-786 0 *
Sh

0101100
+789 0 +787 0 -785 0 *
So

0100000
+784 0 *
Ve
1e-07
454.095980579671 901.784865448968 271.759722451644
0 0

0101101
*
Ed
 1e-07 1 1 0
1  229 0 0 6.28318530717959
2  457 229 0 0 6.28318530717959
2  458 230 0 0 6.28318530717959
0

0101000
+782 0 -782 0 *
Ve
1e-07
456.384210509514 902.379820598624 275.673304303961
0 0

0101101
*
Ed
 1e-07 1 1 0
1  230 0 0 4.5723178757293
3  459 460CN 229 0 0 4.5723178757293
0

0101000
-782 0 +780 0 *
Ed
 1e-07 1 1 0
1  231 0 0 6.28318530717959
2  461 229 0 0 6.28318530717959
2  462 231 0 0 6.28318530717959
0

0101000
+780 0 -780 0 *
Wi

0101100
-781 0 +779 0 +778 0 -779 0 *
Fa
0  1e-07 229 0

0111000
+777 0 *
Wi

0101100
+781 0 *
Fa
0  1e-07 230 0

0111000
+775 0 *
Wi

0101100
-778 0 *
Fa
0  1e-07 231 0

0111000
-773 0 *
Sh

0101100
+776 0 +774 0 -772 0 *
So

0100000
+771 0 *
Ve
1e-07
451.737775341056 901.189910299312 267.919718903069
0 0

0101101
*
Ed
 1e-07 1 1 0
1  232 0 0 6.28318530717959
2  463 232 0 0 6.28318530717959
2  464 233 0 0 6.28318530717959
0

0101000
+769 0 -769 0 *
Ve
1e-07
454.140066364867 901.784865448968 271.833300755385
0 0

0101101
*
Ed
 1e-07 1 1 0
1  233 0 0 4.63045318602495
3  465 466CN 232 0 0 4.63045318602495
0

0101000
-769 0 +767 0 *
Ed
 1e-07 1 1 0
1  234 0 0 6.28318530717959
2  467 232 0 0 6.28318530717959
2  468 234 0 0 6.28318530717959
0

0101000
+767 0 -767 0 *
Wi

0101100
-768 0 +766 0 +765 0 -766 0 *
Fa
0  1e-07 232 0

0111000
+764 0 *
Wi

0101100
+768 0 *
Fa
0  1e-07 233 0

0111000
+762 0 *
Wi

0101100
-765 0 *
Fa
0  1e-07 234 0

0111000
-760 0 *
Sh

0101100
+763 0 +761 0 -759 0 *
So

0100000
+758 0 *
Ve
1e-07
449.265886275504 900.594955149656 264.076903024795
0 0

0101101
*
Ed
 1e-07 1 1 0
1  235 0 0 6.28318530717959
2  469 235 0 0 6.28318530717959
2  470 236 0 0 6.28318530717959
0

0101000
+756 0 -756 0 *
Ve
1e-07
451.782238393284 901.189910299312 267.990484877111
0 0

0101101
*
Ed
 1e-07 1 1 0
1  236 0 0 4.69064201634897
3  471 472CN 235 0 0 4.69064201634897
0

0101000
-756 0 +754 0 *
Ed
 1e-07 1 1 0
1  237 0 0 6.28318530717959
2  473 235 0 0 6.28318530717959
2  474 237 0 0 6.28318530717959
0

0101000
+754 0 -754 0 *
Wi

0101100
-755 0 +753 0 +752 0 -753 0 *
Fa
0  1e-07 235 0

0111000
+751 0 *
Wi

0101100
+755 0 *
Fa
0  1e-07 236 0

0111000
+749 0 *
Wi

0101100
-752 0 *
Fa
0  1e-07 237 0

0111000
-747 0 *
Sh

0101100
+750 0 +748 0 -746 0 *
So

0100000
+745 0 *
Ve
1e-07
446.680184669349 900 260.231328342127
0 0

0101101
*
Ed
 1e-07 1 1 0
1  238 0 0 6.28318530717959
2  475 238 0 0 6.28318530717959
2  476 239 0 0 6.28318530717959
0

0101000
+743 0 -743 0 *
Ve
1e-07
449.310597881097 900.594955149656 264.144910194443
0 0

0101101
*
Ed
 1e-07 1 1 0
1  239 0 0 4.75280635092807
3  477 478CN 238 0 0 4.75280635092807
0

0101000
-743 0 +741 0 *
Ed
 1e-07 1 1 0
1  240 0 0 6.28318530717959
2  479 238 0 0 6.28318530717959
2  480 240 0 0 6.28318530717959
0

0101000
+741 0 -741 0 *
Wi

0101100
-742 0 +740 0 +739 0 -740 0 *
Fa
0  1e-07 238 0

0111000
+738 0 *
Wi

0101100
+742 0 *
Fa
0  1e-07 239 0

0111000
+736 0 *
Wi

0101100
-739 0 *
Fa
0  1e-07 240 0

0111000
-734 0 *
Sh

0101100
+737 0 +735 0 -733 0 *
So

0100000
+732 0 *
Ve
1e-07
300 947.596411972476 575.086548185329
0 0

0101101
*
Ed
 1e-07 1 1 1
2  481 241 0 0 6.28318530717959
0

0101000
+730 0 -730 0 *
Ve
1e-07
300 947.596411972476 567.086548185329
0 0

0101101
*
Ed
 1e-07 1 1 0
1  241 0 4.71238898038469 7.85398163397448
3  482 483CN 241 0 4.71238898038469 7.85398163397448
0

0101000
-730 0 +728 0 *
Ed
 1e-07 1 1 1
2  484 241 0 0 6.28318530717959
0

0101000
+728 0 -728 0 *
Wi

0101100
-729 0 +727 0 +726 0 -727 0 *
Fa
0  1e-07 241 0

0111000
+725 0 *
Sh

0101100
+724 0 *
So

0100000
+723 0 *
Ve
1e-07
306.380413211748 947.00145682282 571.172966333012
0 0

0101101
*
Ed
 1e-07 1 1 1
2  485 242 0 0 6.28318530717959
0

0101000
+721 0 -721 0 *
Ve
1e-07
306.380413211748 947.00145682282 563.172966333012
0 0

0101101
*
Ed
 1e-07 1 1 0
1  242 0 4.71238898038469 7.85398163397448
3  486 487CN 242 0 4.71238898038469 7.85398163397448
0

0101000
-721 0 +719 0 *
Ed
 1e-07 1 1 1
2  488 242 0 0 6.28318530717959
0

0101000
+719 0 -719 0 *
Wi

0101100
-720 0 +718 0 +717 0 -718 0 *
Fa
0  1e-07 242 0

0111000
+716 0 *
Sh

0101100
+715 0 *
So

0100000
+714 0 *
Ve
1e-07
312.646765329528 946.406501673164 567.259384480696
0 0

0101101
*
Ed
 1e-07 1 1 1
2  489 243 0 0 6.28318530717959
0

0101000
+712 0 -712 0 *
Ve
1e-07
312.646765329528 946.406501673164 559.259384480696
0 0

0101101
*
Ed
 1e-07 1 1 0
1  243 0 4.71238898038469 7.85398163397448
3  490 491CN 243 0 4.71238898038469 7.85398163397448
0

0101000
-712 0 +710 0 *
Ed
 1e-07 1 1 1
2  492 243 0 0 6.28318530717959
0

0101000
+710 0 -710 0 *
Wi

0101100
-711 0 +709 0 +708 0 -709 0 *
Fa
0  1e-07 243 0

0111000
+707 0 *
Sh

0101100
+706 0 *
So

0100000
+705 0 *
Ve
1e-07
318.799056353339 945.811546523508 563.345802628379
0 0

0101101
*
Ed
 1e-07 1 1 1
2  493 244 0 0 6.28318530717959
0

0101000
+703 0 -703 0 *
Ve
1e-07
318.799056353339 945.811546523508 555.345802628379
0 0

0101101
*
Ed
 1e-07 1 1 0
1  244 0 4.71238898038469 7.85398163397448
3  494 495CN 244 0 4.71238898038469 7.85398163397448
0

0101000
-703 0 +701 0 *
Ed
 1e-07 1 1 1
2  496 244 0 0 6.28318530717959
0

0101000
+701 0 -701 0 *
Wi

0101100
-702 0 +700 0 +699 0 -700 0 *
Fa
0  1e-07 244 0

0111000
+698 0 *
Sh

0101100
+697 0 *
So

0100000
+696 0 *
Ve
1e-07
324.837286283182 945.216591373852 559.432220776062
0 0

0101101
*
Ed
 1e-07 1 1 1
2  497 245 0 0 6.28318530717959
0

0101000
+694 0 -694 0 *
Ve
1e-07
324.837286283182 945.216591373852 551.432220776062
0 0

0101101
*
Ed
 1e-07 1 1 0
1  245 0 4.71238898038469 7.85398163397448
3  498 499CN 245 0 4.71238898038469 7.85398163397448
0

0101000
-694 0 +692 0 *
Ed
 1e-07 1 1 1
2  500 245 0 0 6.28318530717959
0

0101000
+692 0 -692 0 *
Wi

0101100
-693 0 +691 0 +690 0 -691 0 *
Fa
0  1e-07 245 0

0111000
+689 0 *
Sh

0101100
+688 0 *
So

0100000
+687 0 *
Ve
1e-07
330.761455119057 944.621636224196 555.518638923746
0 0

0101101
*
Ed
 1e-07 1 1 1
2  501 246 0 0 6.28318530717959
0

0101000
+685 0 -685 0 *
Ve
1e-07
330.761455119057 944.621636224196 547.518638923746
0 0

0101101
*
Ed
 1e-07 1 1 0
1  246 0 4.71238898038469 7.85398163397448
3  502 503CN 246 0 4.71238898038469 7.85398163397448
0

0101000
-685 0 +683 0 *
Ed
 1e-07 1 1 1
2  504 246 0 0 6.28318530717959
0

0101000
+683 0 -683 0 *
Wi

0101100
-684 0 +682 0 +681 0 -682 0 *
Fa
0  1e-07 246 0

0111000
+680 0 *
Sh

0101100
+679 0 *
So

0100000
+678 0 *
Ve
1e-07
336.571562860963 944.02668107454 551.605057071429
0 0

0101101
*
Ed
 1e-07 1 1 1
2  505 247 0 0 6.28318530717959
0

0101000
+676 0 -676 0 *
Ve
1e-07
336.571562860963 944.02668107454 543.605057071429
0 0

0101101
*
Ed
 1e-07 1 1 0
1  247 0 4.71238898038469 7.85398163397448
3  506 507CN 247 0 4.71238898038469 7.85398163397448
0

0101000
-676 0 +674 0 *
Ed
 1e-07 1 1 1
2  508 247 0 0 6.28318530717959
0

0101000
+674 0 -674 0 *
Wi

0101100
-675 0 +673 0 +672 0 -673 0 *
Fa
0  1e-07 247 0

0111000
+671 0 *
Sh

0101100
+670 0 *
So

0100000
+669 0 *
Ve
1e-07
342.267609508901 943.431725924884 547.691475219113
0 0

0101101
*
Ed
 1e-07 1 1 1
2  509 248 0 0 6.28318530717959
0

0101000
+667 0 -667 0 *
Ve
1e-07
342.267609508901 943.431725924884 539.691475219113
0 0

0101101
*
Ed
 1e-07 1 1 0
1  248 0 4.71238898038469 7.85398163397448
3  510 511CN 248 0 4.71238898038469 7.85398163397448
0

0101000
-667 0 +665 0 *
Ed
 1e-07 1 1 1
2  512 248 0 0 6.28318530717959
0

0101000
+665 0 -665 0 *
Wi

0101100
-666 0 +664 0 +663 0 -664 0 *
Fa
0  1e-07 248 0

0111000
+662 0 *
Sh

0101100
+661 0 *
So

0100000
+660 0 *
Ve
1e-07
347.849595062871 942.836770775228 543.777893366796
0 0

0101101
*
Ed
 1e-07 1 1 1
2  513 249 0 0 6.28318530717959
0

0101000
+658 0 -658 0 *
Ve
1e-07
347.849595062871 942.836770775228 535.777893366796
0 0

0101101
*
Ed
 1e-07 1 1 0
1  249 0 4.71238898038469 7.85398163397448
3  514 515CN 249 0 4.71238898038469 7.85398163397448
0

0101000
-658 0 +656 0 *
Ed
 1e-07 1 1 1
2  516 249 0 0 6.28318530717959
0

0101000
+656 0 -656 0 *
Wi

0101100
-657 0 +655 0 +654 0 -655 0 *
Fa
0  1e-07 249 0

0111000
+653 0 *
Sh

0101100
+652 0 *
So

0100000
+651 0 *
Ve
1e-07
353.317519522873 942.241815625572 539.864311514479
0 0

0101101
*
Ed
 1e-07 1 1 1
2  517 250 0 0 6.28318530717959
0

0101000
+649 0 -649 0 *
Ve
1e-07
353.317519522873 942.241815625572 531.864311514479
0 0

0101101
*
Ed
 1e-07 1 1 0
1  250 0 4.71238898038469 7.85398163397448
3  518 519CN 250 0 4.71238898038469 7.85398163397448
0

0101000
-649 0 +647 0 *
Ed
 1e-07 1 1 1
2  520 250 0 0 6.28318530717959
0

0101000
+647 0 -647 0 *
Wi

0101100
-648 0 +646 0 +645 0 -646 0 *
Fa
0  1e-07 250 0

0111000
+644 0 *
Sh

0101100
+643 0 *
So

0100000
+642 0 *
Ve
1e-07
358.671382888906 941.646860475916 535.950729662163
0 0

0101101
*
Ed
 1e-07 1 1 1
2  521 251 0 0 6.28318530717959
0

0101000
+640 0 -640 0 *
Ve
1e-07
358.671382888906 941.646860475916 527.950729662163
0 0

0101101
*
Ed
 1e-07 1 1 0
1  251 0 4.71238898038469 7.85398163397448
3  522 523CN 251 0 4.71238898038469 7.85398163397448
0

0101000
-640 0 +638 0 *
Ed
 1e-07 1 1 1
2  524 251 0 0 6.28318530717959
0

0101000
+638 0 -638 0 *
Wi

0101100
-639 0 +637 0 +636 0 -637 0 *
Fa
0  1e-07 251 0

0111000
+635 0 *
Sh

0101100
+634 0 *
So

0100000
+633 0 *
Ve
1e-07
363.911185160971 941.05190532626 532.037147809846
0 0

0101101
*
Ed
 1e-07 1 1 1
2  525 252 0 0 6.28318530717959
0

0101000
+631 0 -631 0 *
Ve
1e-07
363.911185160971 941.05190532626 524.037147809846
0 0

0101101
*
Ed
 1e-07 1 1 0
1  252 0 4.71238898038469 7.85398163397448
3  526 527CN 252 0 4.71238898038469 7.85398163397448
0

0101000
-631 0 +629 0 *
Ed
 1e-07 1 1 1
2  528 252 0 0 6.28318530717959
0

0101000
+629 0 -629 0 *
Wi

0101100
-630 0 +628 0 +627 0 -628 0 *
Fa
0  1e-07 252 0

0111000
+626 0 *
Sh

0101100
+625 0 *
So

0100000
+624 0 *
Ve
1e-07
369.036926339068 940.456950176604 528.12356595753
0 0

0101101
*
Ed
 1e-07 1 1 1
2  529 253 0 0 6.28318530717959
0

0101000
+622 0 -622 0 *
Ve
1e-07
369.036926339068 940.456950176604 520.12356595753
0 0

0101101
*
Ed
 1e-07 1 1 0
1  253 0 4.71238898038469 7.85398163397448
3  530 531CN 253 0 4.71238898038469 7.85398163397448
0

0101000
-622 0 +620 0 *
Ed
 1e-07 1 1 1
2  532 253 0 0 6.28318530717959
0

0101000
+620 0 -620 0 *
Wi

0101100
-621 0 +619 0 +618 0 -619 0 *
Fa
0  1e-07 253 0

0111000
+617 0 *
Sh

0101100
+616 0 *
So

0100000
+615 0 *
Ve
1e-07
374.048606423196 939.861995026948 524.209984105213
0 0

0101101
*
Ed
 1e-07 1 1 1
2  533 254 0 0 6.28318530717959
0

0101000
+613 0 -613 0 *
Ve
1e-07
374.048606423196 939.861995026948 516.209984105213
0 0

0101101
*
Ed
 1e-07 1 1 0
1  254 0 4.71238898038469 7.85398163397448
3  534 535CN 254 0 4.71238898038469 7.85398163397448
0

0101000
-613 0 +611 0 *
Ed
 1e-07 1 1 1
2  536 254 0 0 6.28318530717959
0

0101000
+611 0 -611 0 *
Wi

0101100
-612 0 +610 0 +609 0 -610 0 *
Fa
0  1e-07 254 0

0111000
+608 0 *
Sh

0101100
+607 0 *
So

0100000
+606 0 *
Ve
1e-07
378.946225413356 939.267039877292 520.296402252896
0 0

0101101
*
Ed
 1e-07 1 1 1
2  537 255 0 0 6.28318530717959
0

0101000
+604 0 -604 0 *
Ve
1e-07
378.946225413356 939.267039877292 512.296402252896
0 0

0101101
*
Ed
 1e-07 1 1 0
1  255 0 4.71238898038469 7.85398163397448
3  538 539CN 255 0 4.71238898038469 7.85398163397448
0

0101000
-604 0 +602 0 *
Ed
 1e-07 1 1 1
2  540 255 0 0 6.28318530717959
0

0101000
+602 0 -602 0 *
Wi

0101100
-603 0 +601 0 +600 0 -601 0 *
Fa
0  1e-07 255 0

0111000
+599 0 *
Sh

0101100
+598 0 *
So

0100000
+597 0 *
Ve
1e-07
383.729783309548 938.672084727636 516.38282040058
0 0

0101101
*
Ed
 1e-07 1 1 1
2  541 256 0 0 6.28318530717959
0

0101000
+595 0 -595 0 *
Ve
1e-07
383.729783309548 938.672084727636 508.38282040058
0 0

0101101
*
Ed
 1e-07 1 1 0
1  256 0 4.71238898038469 7.85398163397448
3  542 543CN 256 0 4.71238898038469 7.85398163397448
0

0101000
-595 0 +593 0 *
Ed
 1e-07 1 1 1
2  544 256 0 0 6.28318530717959
0

0101000
+593 0 -593 0 *
Wi

0101100
-594 0 +592 0 +591 0 -592 0 *
Fa
0  1e-07 256 0

0111000
+590 0 *
Sh

0101100
+589 0 *
So

0100000
+588 0 *
Ve
1e-07
388.399280111771 938.07712957798 512.469238548263
0 0

0101101
*
Ed
 1e-07 1 1 1
2  545 257 0 0 6.28318530717959
0

0101000
+586 0 -586 0 *
Ve
1e-07
388.399280111771 938.07712957798 504.469238548263
0 0

0101101
*
Ed
 1e-07 1 1 0
1  257 0 4.71238898038469 7.85398163397448
3  546 547CN 257 0 4.71238898038469 7.85398163397448
0

0101000
-586 0 +584 0 *
Ed
 1e-07 1 1 1
2  548 257 0 0 6.28318530717959
0

0101000
+584 0 -584 0 *
Wi

0101100
-585 0 +583 0 +582 0 -583 0 *
Fa
0  1e-07 257 0

0111000
+581 0 *
Sh

0101100
+580 0 *
So

0100000
+579 0 *
Ve
1e-07
392.954715820026 937.482174428324 508.555656695946
0 0

0101101
*
Ed
 1e-07 1 1 1
2  549 258 0 0 6.28318530717959
0

0101000
+577 0 -577 0 *
Ve
1e-07
392.954715820026 937.482174428324 500.555656695946
0 0

0101101
*
Ed
 1e-07 1 1 0
1  258 0 4.71238898038469 7.85398163397448
3  550 551CN 258 0 4.71238898038469 7.85398163397448
0

0101000
-577 0 +575 0 *
Ed
 1e-07 1 1 1
2  552 258 0 0 6.28318530717959
0

0101000
+575 0 -575 0 *
Wi

0101100
-576 0 +574 0 +573 0 -574 0 *
Fa
0  1e-07 258 0

0111000
+572 0 *
Sh

0101100
+571 0 *
So

0100000
+570 0 *
Ve
1e-07
397.396090434313 936.887219278669 504.64207484363
0 0

0101101
*
Ed
 1e-07 1 1 1
2  553 259 0 0 6.28318530717959
0

0101000
+568 0 -568 0 *
Ve
1e-07
397.396090434313 936.887219278669 496.64207484363
0 0

0101101
*
Ed
 1e-07 1 1 0
1  259 0 4.71238898038469 7.85398163397448
3  554 555CN 259 0 4.71238898038469 7.85398163397448
0

0101000
-568 0 +566 0 *
Ed
 1e-07 1 1 1
2  556 259 0 0 6.28318530717959
0

0101000
+566 0 -566 0 *
Wi

0101100
-567 0 +565 0 +564 0 -565 0 *
Fa
0  1e-07 259 0

0111000
+563 0 *
Sh

0101100
+562 0 *
So

0100000
+561 0 *
Ve
1e-07
401.723403954632 936.292264129013 500.728492991313
0 0

0101101
*
Ed
 1e-07 1 1 1
2  557 260 0 0 6.28318530717959
0

0101000
+559 0 -559 0 *
Ve
1e-07
401.723403954632 936.292264129013 492.728492991313
0 0

0101101
*
Ed
 1e-07 1 1 0
1  260 0 4.71238898038469 7.85398163397448
3  558 559CN 260 0 4.71238898038469 7.85398163397448
0

0101000
-559 0 +557 0 *
Ed
 1e-07 1 1 1
2  560 260 0 0 6.28318530717959
0

0101000
+557 0 -557 0 *
Wi

0101100
-558 0 +556 0 +555 0 -556 0 *
Fa
0  1e-07 260 0

0111000
+554 0 *
Sh

0101100
+553 0 *
So

0100000
+552 0 *
Ve
1e-07
405.936656380982 935.697308979357 496.814911138997
0 0

0101101
*
Ed
 1e-07 1 1 1
2  561 261 0 0 6.28318530717959
0

0101000
+550 0 -550 0 *
Ve
1e-07
405.936656380982 935.697308979357 488.814911138997
0 0

0101101
*
Ed
 1e-07 1 1 0
1  261 0 4.71238898038469 7.85398163397448
3  562 563CN 261 0 4.71238898038469 7.85398163397448
0

0101000
-550 0 +548 0 *
Ed
 1e-07 1 1 1
2  564 261 0 0 6.28318530717959
0

0101000
+548 0 -548 0 *
Wi

0101100
-549 0 +547 0 +546 0 -547 0 *
Fa
0  1e-07 261 0

0111000
+545 0 *
Sh

0101100
+544 0 *
So

0100000
+543 0 *
Ve
1e-07
410.035847713364 935.102353829701 492.90132928668
0 0

0101101
*
Ed
 1e-07 1 1 1
2  565 262 0 0 6.28318530717959
0

0101000
+541 0 -541 0 *
Ve
1e-07
410.035847713364 935.102353829701 484.90132928668
0 0

0101101
*
Ed
 1e-07 1 1 0
1  262 0 4.71238898038469 7.85398163397448
3  566 567CN 262 0 4.71238898038469 7.85398163397448
0

0101000
-541 0 +539 0 *
Ed
 1e-07 1 1 1
2  568 262 0 0 6.28318530717959
0

0101000
+539 0 -539 0 *
Wi

0101100
-540 0 +538 0 +537 0 -538 0 *
Fa
0  1e-07 262 0

0111000
+536 0 *
Sh

0101100
+535 0 *
So

0100000
+534 0 *
Ve
1e-07
414.020977951777 934.507398680045 488.987747434363
0 0

0101101
*
Ed
 1e-07 1 1 1
2  569 263 0 0 6.28318530717959
0

0101000
+532 0 -532 0 *
Ve
1e-07
414.020977951777 934.507398680045 480.987747434363
0 0

0101101
*
Ed
 1e-07 1 1 0
1  263 0 4.71238898038469 7.85398163397448
3  570 571CN 263 0 4.71238898038469 7.85398163397448
0

0101000
-532 0 +530 0 *
Ed
 1e-07 1 1 1
2  572 263 0 0 6.28318530717959
0

0101000
+530 0 -530 0 *
Wi

0101100
-531 0 +529 0 +528 0 -529 0 *
Fa
0  1e-07 263 0

0111000
+527 0 *
Sh

0101100
+526 0 *
So

0100000
+525 0 *
Ve
1e-07
417.892047096223 933.912443530389 485.074165582047
0 0

0101101
*
Ed
 1e-07 1 1 1
2  573 264 0 0 6.28318530717959
0

0101000
+523 0 -523 0 *
Ve
1e-07
417.892047096223 933.912443530389 477.074165582047
0 0

0101101
*
Ed
 1e-07 1 1 0
1  264 0 4.71238898038469 7.85398163397448
3  574 575CN 264 0 4.71238898038469 7.85398163397448
0

0101000
-523 0 +521 0 *
Ed
 1e-07 1 1 1
2  576 264 0 0 6.28318530717959
0

0101000
+521 0 -521 0 *
Wi

0101100
-522 0 +520 0 +519 0 -520 0 *
Fa
0  1e-07 264 0

0111000
+518 0 *
Sh

0101100
+517 0 *
So

0100000
+516 0 *
Ve
1e-07
421.6490551467 933.317488380733 481.16058372973
0 0

0101101
*
Ed
 1e-07 1 1 1
2  577 265 0 0 6.28318530717959
0

0101000
+514 0 -514 0 *
Ve
1e-07
421.6490551467 933.317488380733 473.16058372973
0 0

0101101
*
Ed
 1e-07 1 1 0
1  265 0 4.71238898038469 7.85398163397448
3  578 579CN 265 0 4.71238898038469 7.85398163397448
0

0101000
-514 0 +512 0 *
Ed
 1e-07 1 1 1
2  580 265 0 0 6.28318530717959
0

0101000
+512 0 -512 0 *
Wi

0101100
-513 0 +511 0 +510 0 -511 0 *
Fa
0  1e-07 265 0

0111000
+509 0 *
Sh

0101100
+508 0 *
So

0100000
+507 0 *
Ve
1e-07
425.292002103208 932.722533231077 477.247001877414
0 0

0101101
*
Ed
 1e-07 1 1 1
2  581 266 0 0 6.28318530717959
0

0101000
+505 0 -505 0 *
Ve
1e-07
425.292002103208 932.722533231077 469.247001877414
0 0

0101101
*
Ed
 1e-07 1 1 0
1  266 0 4.71238898038469 7.85398163397448
3  582 583CN 266 0 4.71238898038469 7.85398163397448
0

0101000
-505 0 +503 0 *
Ed
 1e-07 1 1 1
2  584 266 0 0 6.28318530717959
0

0101000
+503 0 -503 0 *
Wi

0101100
-504 0 +502 0 +501 0 -502 0 *
Fa
0  1e-07 266 0

0111000
+500 0 *
Sh

0101100
+499 0 *
So

0100000
+498 0 *
Ve
1e-07
428.820887965749 932.127578081421 473.333420025097
0 0

0101101
*
Ed
 1e-07 1 1 1
2  585 267 0 0 6.28318530717959
0

0101000
+496 0 -496 0 *
Ve
1e-07
428.820887965749 932.127578081421 465.333420025097
0 0

0101101
*
Ed
 1e-07 1 1 0
1  267 0 4.71238898038469 7.85398163397448
3  586 587CN 267 0 4.71238898038469 7.85398163397448
0

0101000
-496 0 +494 0 *
Ed
 1e-07 1 1 1
2  588 267 0 0 6.28318530717959
0

0101000
+494 0 -494 0 *
Wi

0101100
-495 0 +493 0 +492 0 -493 0 *
Fa
0  1e-07 267 0

0111000
+491 0 *
Sh

0101100
+490 0 *
So

0100000
+489 0 *
Ve
1e-07
432.235712734321 931.532622931765 469.41983817278
0 0

0101101
*
Ed
 1e-07 1 1 1
2  589 268 0 0 6.28318530717959
0

0101000
+487 0 -487 0 *
Ve
1e-07
432.235712734321 931.532622931765 461.41983817278
0 0

0101101
*
Ed
 1e-07 1 1 0
1  268 0 4.71238898038469 7.85398163397448
3  590 591CN 268 0 4.71238898038469 7.85398163397448
0

0101000
-487 0 +485 0 *
Ed
 1e-07 1 1 1
2  592 268 0 0 6.28318530717959
0

0101000
+485 0 -485 0 *
Wi

0101100
-486 0 +484 0 +483 0 -484 0 *
Fa
0  1e-07 268 0

0111000
+482 0 *
Sh

0101100
+481 0 *
So

0100000
+480 0 *
Ve
1e-07
435.536476408924 930.937667782109 465.506256320464
0 0

0101101
*
Ed
 1e-07 1 1 1
2  593 269 0 0 6.28318530717959
0

0101000
+478 0 -478 0 *
Ve
1e-07
435.536476408924 930.937667782109 457.506256320464
0 0

0101101
*
Ed
 1e-07 1 1 0
1  269 0 4.71238898038469 7.85398163397448
3  594 595CN 269 0 4.71238898038469 7.85398163397448
0

0101000
-478 0 +476 0 *
Ed
 1e-07 1 1 1
2  596 269 0 0 6.28318530717959
0

0101000
+476 0 -476 0 *
Wi

0101100
-477 0 +475 0 +474 0 -475 0 *
Fa
0  1e-07 269 0

0111000
+473 0 *
Sh

0101100
+472 0 *
So

0100000
+471 0 *
Ve
1e-07
438.72317898956 930.342712632453 461.592674468147
0 0

0101101
*
Ed
 1e-07 1 1 1
2  597 270 0 0 6.28318530717959
0

0101000
+469 0 -469 0 *
Ve
1e-07
438.72317898956 930.342712632453 453.592674468147
0 0

0101101
*
Ed
 1e-07 1 1 0
1  270 0 4.71238898038469 7.85398163397448
3  598 599CN 270 0 4.71238898038469 7.85398163397448
0

0101000
-469 0 +467 0 *
Ed
 1e-07 1 1 1
2  600 270 0 0 6.28318530717959
0

0101000
+467 0 -467 0 *
Wi

0101100
-468 0 +466 0 +465 0 -466 0 *
Fa
0  1e-07 270 0

0111000
+464 0 *
Sh

0101100
+463 0 *
So

0100000
+462 0 *
Ve
1e-07
441.795820476227 929.747757482797 457.679092615831
0 0

0101101
*
Ed
 1e-07 1 1 1
2  601 271 0 0 6.28318530717959
0

0101000
+460 0 -460 0 *
Ve
1e-07
441.795820476227 929.747757482797 449.679092615831
0 0

0101101
*
Ed
 1e-07 1 1 0
1  271 0 4.71238898038469 7.85398163397448
3  602 603CN 271 0 4.71238898038469 7.85398163397448
0

0101000
-460 0 +458 0 *
Ed
 1e-07 1 1 1
2  604 271 0 0 6.28318530717959
0

0101000
+458 0 -458 0 *
Wi

0101100
-459 0 +457 0 +456 0 -457 0 *
Fa
0  1e-07 271 0

0111000
+455 0 *
Sh

0101100
+454 0 *
So

0100000
+453 0 *
Ve
1e-07
444.754400868926 929.152802333141 453.765510763514
0 0

0101101
*
Ed
 1e-07 1 1 1
2  605 272 0 0 6.28318530717959
0

0101000
+451 0 -451 0 *
Ve
1e-07
444.754400868926 929.152802333141 445.765510763514
0 0

0101101
*
Ed
 1e-07 1 1 0
1  272 0 4.71238898038469 7.85398163397448
3  606 607CN 272 0 4.71238898038469 7.85398163397448
0

0101000
-451 0 +449 0 *
Ed
 1e-07 1 1 1
2  608 272 0 0 6.28318530717959
0

0101000
+449 0 -449 0 *
Wi

0101100
-450 0 +448 0 +447 0 -448 0 *
Fa
0  1e-07 272 0

0111000
+446 0 *
Sh

0101100
+445 0 *
So

0100000
+444 0 *
Ve
1e-07
447.598920167657 928.557847183485 449.851928911197
0 0

0101101
*
Ed
 1e-07 1 1 1
2  609 273 0 0 6.28318530717959
0

0101000
+442 0 -442 0 *
Ve
1e-07
447.598920167657 928.557847183485 441.851928911197
0 0

0101101
*
Ed
 1e-07 1 1 0
1  273 0 4.71238898038469 7.85398163397448
3  610 611CN 273 0 4.71238898038469 7.85398163397448
0

0101000
-442 0 +440 0 *
Ed
 1e-07 1 1 1
2  612 273 0 0 6.28318530717959
0

0101000
+440 0 -440 0 *
Wi

0101100
-441 0 +439 0 +438 0 -439 0 *
Fa
0  1e-07 273 0

0111000
+437 0 *
Sh

0101100
+436 0 *
So

0100000
+435 0 *
Ve
1e-07
450.329378372419 927.962892033829 445.938347058881
0 0

0101101
*
Ed
 1e-07 1 1 1
2  613 274 0 0 6.28318530717959
0

0101000
+433 0 -433 0 *
Ve
1e-07
450.329378372419 927.962892033829 437.938347058881
0 0

0101101
*
Ed
 1e-07 1 1 0
1  274 0 4.71238898038469 7.85398163397448
3  614 615CN 274 0 4.71238898038469 7.85398163397448
0

0101000
-433 0 +431 0 *
Ed
 1e-07 1 1 1
2  616 274 0 0 6.28318530717959
0

0101000
+431 0 -431 0 *
Wi

0101100
-432 0 +430 0 +429 0 -430 0 *
Fa
0  1e-07 274 0

0111000
+428 0 *
Sh

0101100
+427 0 *
So

0100000
+426 0 *
Ve
1e-07
452.945775483213 927.367936884173 442.024765206564
0 0

0101101
*
Ed
 1e-07 1 1 1
2  617 275 0 0 6.28318530717959
0

0101000
+424 0 -424 0 *
Ve
1e-07
452.945775483213 927.367936884173 434.024765206564
0 0

0101101
*
Ed
 1e-07 1 1 0
1  275 0 4.71238898038469 7.85398163397448
3  618 619CN 275 0 4.71238898038469 7.85398163397448
0

0101000
-424 0 +422 0 *
Ed
 1e-07 1 1 1
2  620 275 0 0 6.28318530717959
0

0101000
+422 0 -422 0 *
Wi

0101100
-423 0 +421 0 +420 0 -421 0 *
Fa
0  1e-07 275 0

0111000
+419 0 *
Sh

0101100
+418 0 *
So

0100000
+417 0 *
Ve
1e-07
455.448111500039 926.772981734518 438.111183354247
0 0

0101101
*
Ed
 1e-07 1 1 1
2  621 276 0 0 6.28318530717959
0

0101000
+415 0 -415 0 *
Ve
1e-07
455.448111500039 926.772981734518 430.111183354247
0 0

0101101
*
Ed
 1e-07 1 1 0
1  276 0 4.71238898038469 7.85398163397448
3  622 623CN 276 0 4.71238898038469 7.85398163397448
0

0101000
-415 0 +413 0 *
Ed
 1e-07 1 1 1
2  624 276 0 0 6.28318530717959
0

0101000
+413 0 -413 0 *
Wi

0101100
-414 0 +412 0 +411 0 -412 0 *
Fa
0  1e-07 276 0

0111000
+410 0 *
Sh

0101100
+409 0 *
So

0100000
+408 0 *
Ve
1e-07
457.836386422896 926.178026584862 434.197601501931
0 0

0101101
*
Ed
 1e-07 1 1 1
2  625 277 0 0 6.28318530717959
0

0101000
+406 0 -406 0 *
Ve
1e-07
457.836386422896 926.178026584862 426.197601501931
0 0

0101101
*
Ed
 1e-07 1 1 0
1  277 0 4.71238898038469 7.85398163397448
3  626 627CN 277 0 4.71238898038469 7.85398163397448
0

0101000
-406 0 +404 0 *
Ed
 1e-07 1 1 1
2  628 277 0 0 6.28318530717959
0

0101000
+404 0 -404 0 *
Wi

0101100
-405 0 +403 0 +402 0 -403 0 *
Fa
0  1e-07 277 0

0111000
+401 0 *
Sh

0101100
+400 0 *
So

0100000
+399 0 *
Ve
1e-07
460.110600251785 925.583071435206 430.284019649614
0 0

0101101
*
Ed
 1e-07 1 1 1
2  629 278 0 0 6.28318530717959
0

0101000
+397 0 -397 0 *
Ve
1e-07
460.110600251785 925.583071435206 422.284019649614
0 0

0101101
*
Ed
 1e-07 1 1 0
1  278 0 4.71238898038469 7.85398163397448
3  630 631CN 278 0 4.71238898038469 7.85398163397448
0

0101000
-397 0 +395 0 *
Ed
 1e-07 1 1 1
2  632 278 0 0 6.28318530717959
0

0101000
+395 0 -395 0 *
Wi

0101100
-396 0 +394 0 +393 0 -394 0 *
Fa
0  1e-07 278 0

0111000
+392 0 *
Sh

0101100
+391 0 *
So

0100000
+390 0 *
Ve
1e-07
462.270752986706 924.98811628555 426.370437797298
0 0

0101101
*
Ed
 1e-07 1 1 1
2  633 279 0 0 6.28318530717959
0

0101000
+388 0 -388 0 *
Ve
1e-07
462.270752986706 924.98811628555 418.370437797298
0 0

0101101
*
Ed
 1e-07 1 1 0
1  279 0 4.71238898038469 7.85398163397448
3  634 635CN 279 0 4.71238898038469 7.85398163397448
0

0101000
-388 0 +386 0 *
Ed
 1e-07 1 1 1
2  636 279 0 0 6.28318530717959
0

0101000
+386 0 -386 0 *
Wi

0101100
-387 0 +385 0 +384 0 -385 0 *
Fa
0  1e-07 279 0

0111000
+383 0 *
Sh

0101100
+382 0 *
So

0100000
+381 0 *
Ve
1e-07
464.316844627658 924.393161135894 422.456855944981
0 0

0101101
*
Ed
 1e-07 1 1 1
2  637 280 0 0 6.28318530717959
0

0101000
+379 0 -379 0 *
Ve
1e-07
464.316844627658 924.393161135894 414.456855944981
0 0

0101101
*
Ed
 1e-07 1 1 0
1  280 0 4.71238898038469 7.85398163397448
3  638 639CN 280 0 4.71238898038469 7.85398163397448
0

0101000
-379 0 +377 0 *
Ed
 1e-07 1 1 1
2  640 280 0 0 6.28318530717959
0

0101000
+377 0 -377 0 *
Wi

0101100
-378 0 +376 0 +375 0 -376 0 *
Fa
0  1e-07 280 0

0111000
+374 0 *
Sh

0101100
+373 0 *
So

0100000
+372 0 *
Ve
1e-07
466.248875174642 923.798205986238 418.543274092664
0 0

0101101
*
Ed
 1e-07 1 1 1
2  641 281 0 0 6.28318530717959
0

0101000
+370 0 -370 0 *
Ve
1e-07
466.248875174642 923.798205986238 410.543274092664
0 0

0101101
*
Ed
 1e-07 1 1 0
1  281 0 4.71238898038469 7.85398163397448
3  642 643CN 281 0 4.71238898038469 7.85398163397448
0

0101000
-370 0 +368 0 *
Ed
 1e-07 1 1 1
2  644 281 0 0 6.28318530717959
0

0101000
+368 0 -368 0 *
Wi

0101100
-369 0 +367 0 +366 0 -367 0 *
Fa
0  1e-07 281 0

0111000
+365 0 *
Sh

0101100
+364 0 *
So

0100000
+363 0 *
Ve
1e-07
468.066844627658 923.203250836582 414.629692240348
0 0

0101101
*
Ed
 1e-07 1 1 1
2  645 282 0 0 6.28318530717959
0

0101000
+361 0 -361 0 *
Ve
1e-07
468.066844627658 923.203250836582 406.629692240348
0 0

0101101
*
Ed
 1e-07 1 1 0
1  282 0 4.71238898038469 7.85398163397448
3  646 647CN 282 0 4.71238898038469 7.85398163397448
0

0101000
-361 0 +359 0 *
Ed
 1e-07 1 1 1
2  648 282 0 0 6.28318530717959
0

0101000
+359 0 -359 0 *
Wi

0101100
-360 0 +358 0 +357 0 -358 0 *
Fa
0  1e-07 282 0

0111000
+356 0 *
Sh

0101100
+355 0 *
So

0100000
+354 0 *
Ve
1e-07
469.770752986706 922.608295686926 410.716110388031
0 0

0101101
*
Ed
 1e-07 1 1 1
2  649 283 0 0 6.28318530717959
0

0101000
+352 0 -352 0 *
Ve
1e-07
469.770752986706 922.608295686926 402.716110388031
0 0

0101101
*
Ed
 1e-07 1 1 0
1  283 0 4.71238898038469 7.85398163397448
3  650 651CN 283 0 4.71238898038469 7.85398163397448
0

0101000
-352 0 +350 0 *
Ed
 1e-07 1 1 1
2  652 283 0 0 6.28318530717959
0

0101000
+350 0 -350 0 *
Wi

0101100
-351 0 +349 0 +348 0 -349 0 *
Fa
0  1e-07 283 0

0111000
+347 0 *
Sh

0101100
+346 0 *
So

0100000
+345 0 *
Ve
1e-07
471.360600251785 922.01334053727 406.802528535715
0 0

0101101
*
Ed
 1e-07 1 1 1
2  653 284 0 0 6.28318530717959
0

0101000
+343 0 -343 0 *
Ve
1e-07
471.360600251785 922.01334053727 398.802528535715
0 0

0101101
*
Ed
 1e-07 1 1 0
1  284 0 4.71238898038469 7.85398163397448
3  654 655CN 284 0 4.71238898038469 7.85398163397448
0

0101000
-343 0 +341 0 *
Ed
 1e-07 1 1 1
2  656 284 0 0 6.28318530717959
0

0101000
+341 0 -341 0 *
Wi

0101100
-342 0 +340 0 +339 0 -340 0 *
Fa
0  1e-07 284 0

0111000
+338 0 *
Sh

0101100
+337 0 *
So

0100000
+336 0 *
Ve
1e-07
472.836386422896 921.418385387614 402.888946683398
0 0

0101101
*
Ed
 1e-07 1 1 1
2  657 285 0 0 6.28318530717959
0

0101000
+334 0 -334 0 *
Ve
1e-07
472.836386422896 921.418385387614 394.888946683398
0 0

0101101
*
Ed
 1e-07 1 1 0
1  285 0 4.71238898038469 7.85398163397448
3  658 659CN 285 0 4.71238898038469 7.85398163397448
0

0101000
-334 0 +332 0 *
Ed
 1e-07 1 1 1
2  660 285 0 0 6.28318530717959
0

0101000
+332 0 -332 0 *
Wi

0101100
-333 0 +331 0 +330 0 -331 0 *
Fa
0  1e-07 285 0

0111000
+329 0 *
Sh

0101100
+328 0 *
So

0100000
+327 0 *
Ve
1e-07
474.198111500039 920.823430237958 398.975364831081
0 0

0101101
*
Ed
 1e-07 1 1 1
2  661 286 0 0 6.28318530717959
0

0101000
+325 0 -325 0 *
Ve
1e-07
474.198111500039 920.823430237958 390.975364831081
0 0

0101101
*
Ed
 1e-07 1 1 0
1  286 0 4.71238898038469 7.85398163397448
3  662 663CN 286 0 4.71238898038469 7.85398163397448
0

0101000
-325 0 +323 0 *
Ed
 1e-07 1 1 1
2  664 286 0 0 6.28318530717959
0

0101000
+323 0 -323 0 *
Wi

0101100
-324 0 +322 0 +321 0 -322 0 *
Fa
0  1e-07 286 0

0111000
+320 0 *
Sh

0101100
+319 0 *
So

0100000
+318 0 *
Ve
1e-07
475.445775483213 920.228475088302 395.061782978765
0 0

0101101
*
Ed
 1e-07 1 1 1
2  665 287 0 0 6.28318530717959
0

0101000
+316 0 -316 0 *
Ve
1e-07
475.445775483213 920.228475088302 387.061782978765
0 0

0101101
*
Ed
 1e-07 1 1 0
1  287 0 4.71238898038469 7.85398163397448
3  666 667CN 287 0 4.71238898038469 7.85398163397448
0

0101000
-316 0 +314 0 *
Ed
 1e-07 1 1 1
2  668 287 0 0 6.28318530717959
0

0101000
+314 0 -314 0 *
Wi

0101100
-315 0 +313 0 +312 0 -313 0 *
Fa
0  1e-07 287 0

0111000
+311 0 *
Sh

0101100
+310 0 *
So

0100000
+309 0 *
Ve
1e-07
476.579378372419 919.633519938646 391.148201126448
0 0

0101101
*
Ed
 1e-07 1 1 1
2  669 288 0 0 6.28318530717959
0

0101000
+307 0 -307 0 *
Ve
1e-07
476.579378372419 919.633519938646 383.148201126448
0 0

0101101
*
Ed
 1e-07 1 1 0
1  288 0 4.71238898038469 7.85398163397448
3  670 671CN 288 0 4.71238898038469 7.85398163397448
0

0101000
-307 0 +305 0 *
Ed
 1e-07 1 1 1
2  672 288 0 0 6.28318530717959
0

0101000
+305 0 -305 0 *
Wi

0101100
-306 0 +304 0 +303 0 -304 0 *
Fa
0  1e-07 288 0

0111000
+302 0 *
Sh

0101100
+301 0 *
So

0100000
+300 0 *
Ve
1e-07
477.598920167657 919.03856478899 387.234619274132
0 0

0101101
*
Ed
 1e-07 1 1 1
2  673 289 0 0 6.28318530717959
0

0101000
+298 0 -298 0 *
Ve
1e-07
477.598920167657 919.03856478899 379.234619274132
0 0

0101101
*
Ed
 1e-07 1 1 0
1  289 0 4.71238898038469 7.85398163397448
3  674 675CN 289 0 4.71238898038469 7.85398163397448
0

0101000
-298 0 +296 0 *
Ed
 1e-07 1 1 1
2  676 289 0 0 6.28318530717959
0

0101000
+296 0 -296 0 *
Wi

0101100
-297 0 +295 0 +294 0 -295 0 *
Fa
0  1e-07 289 0

0111000
+293 0 *
Sh

0101100
+292 0 *
So

0100000
+291 0 *
Ve
1e-07
478.504400868926 918.443609639334 383.321037421815
0 0

0101101
*
Ed
 1e-07 1 1 1
2  677 290 0 0 6.28318530717959
0

0101000
+289 0 -289 0 *
Ve
1e-07
478.504400868926 918.443609639334 375.321037421815
0 0

0101101
*
Ed
 1e-07 1 1 0
1  290 0 4.71238898038469 7.85398163397448
3  678 679CN 290 0 4.71238898038469 7.85398163397448
0

0101000
-289 0 +287 0 *
Ed
 1e-07 1 1 1
2  680 290 0 0 6.28318530717959
0

0101000
+287 0 -287 0 *
Wi

0101100
-288 0 +286 0 +285 0 -286 0 *
Fa
0  1e-07 290 0

0111000
+284 0 *
Sh

0101100
+283 0 *
So

0100000
+282 0 *
Ve
1e-07
479.295820476227 917.848654489678 379.407455569498
0 0

0101101
*
Ed
 1e-07 1 1 1
2  681 291 0 0 6.28318530717959
0

0101000
+280 0 -280 0 *
Ve
1e-07
479.295820476227 917.848654489678 371.407455569498
0 0

0101101
*
Ed
 1e-07 1 1 0
1  291 0 4.71238898038469 7.85398163397448
3  682 683CN 291 0 4.71238898038469 7.85398163397448
0

0101000
-280 0 +278 0 *
Ed
 1e-07 1 1 1
2  684 291 0 0 6.28318530717959
0

0101000
+278 0 -278 0 *
Wi

0101100
-279 0 +277 0 +276 0 -277 0 *
Fa
0  1e-07 291 0

0111000
+275 0 *
Sh

0101100
+274 0 *
So

0100000
+273 0 *
Ve
1e-07
479.97317898956 917.253699340022 375.493873717182
0 0

0101101
*
Ed
 1e-07 1 1 1
2  685 292 0 0 6.28318530717959
0

0101000
+271 0 -271 0 *
Ve
1e-07
479.97317898956 917.253699340022 367.493873717182
0 0

0101101
*
Ed
 1e-07 1 1 0
1  292 0 4.71238898038469 7.85398163397448
3  686 687CN 292 0 4.71238898038469 7.85398163397448
0

0101000
-271 0 +269 0 *
Ed
 1e-07 1 1 1
2  688 292 0 0 6.28318530717959
0

0101000
+269 0 -269 0 *
Wi

0101100
-270 0 +268 0 +267 0 -268 0 *
Fa
0  1e-07 292 0

0111000
+266 0 *
Sh

0101100
+265 0 *
So

0100000
+264 0 *
Ve
1e-07
480.536476408924 916.658744190366 371.580291864865
0 0

0101101
*
Ed
 1e-07 1 1 1
2  689 293 0 0 6.28318530717959
0

0101000
+262 0 -262 0 *
Ve
1e-07
480.536476408924 916.658744190366 363.580291864865
0 0

0101101
*
Ed
 1e-07 1 1 0
1  293 0 4.71238898038469 7.85398163397448
3  690 691CN 293 0 4.71238898038469 7.85398163397448
0

0101000
-262 0 +260 0 *
Ed
 1e-07 1 1 1
2  692 293 0 0 6.28318530717959
0

0101000
+260 0 -260 0 *
Wi

0101100
-261 0 +259 0 +258 0 -259 0 *
Fa
0  1e-07 293 0

0111000
+257 0 *
Sh

0101100
+256 0 *
So

0100000
+255 0 *
Ve
1e-07
480.985712734321 916.063789040711 367.666710012548
0 0

0101101
*
Ed
 1e-07 1 1 1
2  693 294 0 0 6.28318530717959
0

0101000
+253 0 -253 0 *
Ve
1e-07
480.985712734321 916.063789040711 359.666710012548
0 0

0101101
*
Ed
 1e-07 1 1 0
1  294 0 4.71238898038469 7.85398163397448
3  694 695CN 294 0 4.71238898038469 7.85398163397448
0

0101000
-253 0 +251 0 *
Ed
 1e-07 1 1 1
2  696 294 0 0 6.28318530717959
0

0101000
+251 0 -251 0 *
Wi

0101100
-252 0 +250 0 +249 0 -250 0 *
Fa
0  1e-07 294 0

0111000
+248 0 *
Sh

0101100
+247 0 *
So

0100000
+246 0 *
Ve
1e-07
481.320887965749 915.468833891055 363.753128160232
0 0

0101101
*
Ed
 1e-07 1 1 1
2  697 295 0 0 6.28318530717959
0

0101000
+244 0 -244 0 *
Ve
1e-07
481.320887965749 915.468833891055 355.753128160232
0 0

0101101
*
Ed
 1e-07 1 1 0
1  295 0 4.71238898038469 7.85398163397448
3  698 699CN 295 0 4.71238898038469 7.85398163397448
0

0101000
-244 0 +242 0 *
Ed
 1e-07 1 1 1
2  700 295 0 0 6.28318530717959
0

0101000
+242 0 -242 0 *
Wi

0101100
-243 0 +241 0 +240 0 -241 0 *
Fa
0  1e-07 295 0

0111000
+239 0 *
Sh

0101100
+238 0 *
So

0100000
+237 0 *
Ve
1e-07
481.542002103208 914.873878741399 359.839546307915
0 0

0101101
*
Ed
 1e-07 1 1 1
2  701 296 0 0 6.28318530717959
0

0101000
+235 0 -235 0 *
Ve
1e-07
481.542002103208 914.873878741399 351.839546307915
0 0

0101101
*
Ed
 1e-07 1 1 0
1  296 0 4.71238898038469 7.85398163397448
3  702 703CN 296 0 4.71238898038469 7.85398163397448
0

0101000
-235 0 +233 0 *
Ed
 1e-07 1 1 1
2  704 296 0 0 6.28318530717959
0

0101000
+233 0 -233 0 *
Wi

0101100
-234 0 +232 0 +231 0 -232 0 *
Fa
0  1e-07 296 0

0111000
+230 0 *
Sh

0101100
+229 0 *
So

0100000
+228 0 *
Ve
1e-07
481.6490551467 914.278923591743 355.925964455599
0 0

0101101
*
Ed
 1e-07 1 1 1
2  705 297 0 0 6.28318530717959
0

0101000
+226 0 -226 0 *
Ve
1e-07
481.6490551467 914.278923591743 347.925964455599
0 0

0101101
*
Ed
 1e-07 1 1 0
1  297 0 4.71238898038469 7.85398163397448
3  706 707CN 297 0 4.71238898038469 7.85398163397448
0

0101000
-226 0 +224 0 *
Ed
 1e-07 1 1 1
2  708 297 0 0 6.28318530717959
0

0101000
+224 0 -224 0 *
Wi

0101100
-225 0 +223 0 +222 0 -223 0 *
Fa
0  1e-07 297 0

0111000
+221 0 *
Sh

0101100
+220 0 *
So

0100000
+219 0 *
Ve
1e-07
481.642047096223 913.683968442087 352.012382603282
0 0

0101101
*
Ed
 1e-07 1 1 1
2  709 298 0 0 6.28318530717959
0

0101000
+217 0 -217 0 *
Ve
1e-07
481.642047096223 913.683968442087 344.012382603282
0 0

0101101
*
Ed
 1e-07 1 1 0
1  298 0 4.71238898038469 7.85398163397448
3  710 711CN 298 0 4.71238898038469 7.85398163397448
0

0101000
-217 0 +215 0 *
Ed
 1e-07 1 1 1
2  712 298 0 0 6.28318530717959
0

0101000
+215 0 -215 0 *
Wi

0101100
-216 0 +214 0 +213 0 -214 0 *
Fa
0  1e-07 298 0

0111000
+212 0 *
Sh

0101100
+211 0 *
So

0100000
+210 0 *
Ve
1e-07
481.520977951777 913.089013292431 348.098800750965
0 0

0101101
*
Ed
 1e-07 1 1 1
2  713 299 0 0 6.28318530717959
0

0101000
+208 0 -208 0 *
Ve
1e-07
481.520977951777 913.089013292431 340.098800750965
0 0

0101101
*
Ed
 1e-07 1 1 0
1  299 0 4.71238898038469 7.85398163397448
3  714 715CN 299 0 4.71238898038469 7.85398163397448
0

0101000
-208 0 +206 0 *
Ed
 1e-07 1 1 1
2  716 299 0 0 6.28318530717959
0

0101000
+206 0 -206 0 *
Wi

0101100
-207 0 +205 0 +204 0 -205 0 *
Fa
0  1e-07 299 0

0111000
+203 0 *
Sh

0101100
+202 0 *
So

0100000
+201 0 *
Ve
1e-07
481.285847713364 912.494058142775 344.185218898649
0 0

0101101
*
Ed
 1e-07 1 1 1
2  717 300 0 0 6.28318530717959
0

0101000
+199 0 -199 0 *
Ve
1e-07
481.285847713364 912.494058142775 336.185218898649
0 0

0101101
*
Ed
 1e-07 1 1 0
1  300 0 4.71238898038469 7.85398163397448
3  718 719CN 300 0 4.71238898038469 7.85398163397448
0

0101000
-199 0 +197 0 *
Ed
 1e-07 1 1 1
2  720 300 0 0 6.28318530717959
0

0101000
+197 0 -197 0 *
Wi

0101100
-198 0 +196 0 +195 0 -196 0 *
Fa
0  1e-07 300 0

0111000
+194 0 *
Sh

0101100
+193 0 *
So

0100000
+192 0 *
Ve
1e-07
480.936656380982 911.899102993119 340.271637046332
0 0

0101101
*
Ed
 1e-07 1 1 1
2  721 301 0 0 6.28318530717959
0

0101000
+190 0 -190 0 *
Ve
1e-07
480.936656380982 911.899102993119 332.271637046332
0 0

0101101
*
Ed
 1e-07 1 1 0
1  301 0 4.71238898038469 7.85398163397448
3  722 723CN 301 0 4.71238898038469 7.85398163397448
0

0101000
-190 0 +188 0 *
Ed
 1e-07 1 1 1
2  724 301 0 0 6.28318530717959
0

0101000
+188 0 -188 0 *
Wi

0101100
-189 0 +187 0 +186 0 -187 0 *
Fa
0  1e-07 301 0

0111000
+185 0 *
Sh

0101100
+184 0 *
So

0100000
+183 0 *
Ve
1e-07
480.473403954632 911.304147843463 336.358055194016
0 0

0101101
*
Ed
 1e-07 1 1 1
2  725 302 0 0 6.28318530717959
0

0101000
+181 0 -181 0 *
Ve
1e-07
480.473403954632 911.304147843463 328.358055194016
0 0

0101101
*
Ed
 1e-07 1 1 0
1  302 0 4.71238898038469 7.85398163397448
3  726 727CN 302 0 4.71238898038469 7.85398163397448
0

0101000
-181 0 +179 0 *
Ed
 1e-07 1 1 1
2  728 302 0 0 6.28318530717959
0

0101000
+179 0 -179 0 *
Wi

0101100
-180 0 +178 0 +177 0 -178 0 *
Fa
0  1e-07 302 0

0111000
+176 0 *
Sh

0101100
+175 0 *
So

0100000
+174 0 *
Ve
1e-07
479.896090434313 910.709192693807 332.444473341699
0 0

0101101
*
Ed
 1e-07 1 1 1
2  729 303 0 0 6.28318530717959
0

0101000
+172 0 -172 0 *
Ve
1e-07
479.896090434313 910.709192693807 324.444473341699
0 0

0101101
*
Ed
 1e-07 1 1 0
1  303 0 4.71238898038469 7.85398163397448
3  730 731CN 303 0 4.71238898038469 7.85398163397448
0

0101000
-172 0 +170 0 *
Ed
 1e-07 1 1 1
2  732 303 0 0 6.28318530717959
0

0101000
+170 0 -170 0 *
Wi

0101100
-171 0 +169 0 +168 0 -169 0 *
Fa
0  1e-07 303 0

0111000
+167 0 *
Sh

0101100
+166 0 *
So

0100000
+165 0 *
Ve
1e-07
479.204715820026 910.114237544151 328.530891489382
0 0

0101101
*
Ed
 1e-07 1 1 1
2  733 304 0 0 6.28318530717959
0

0101000
+163 0 -163 0 *
Ve
1e-07
479.204715820026 910.114237544151 320.530891489382
0 0

0101101
*
Ed
 1e-07 1 1 0
1  304 0 4.71238898038469 7.85398163397448
3  734 735CN 304 0 4.71238898038469 7.85398163397448
0

0101000
-163 0 +161 0 *
Ed
 1e-07 1 1 1
2  736 304 0 0 6.28318530717959
0

0101000
+161 0 -161 0 *
Wi

0101100
-162 0 +160 0 +159 0 -160 0 *
Fa
0  1e-07 304 0

0111000
+158 0 *
Sh

0101100
+157 0 *
So

0100000
+156 0 *
Ve
1e-07
478.399280111771 909.519282394495 324.617309637066
0 0

0101101
*
Ed
 1e-07 1 1 1
2  737 305 0 0 6.28318530717959
0

0101000
+154 0 -154 0 *
Ve
1e-07
478.399280111771 909.519282394495 316.617309637066
0 0

0101101
*
Ed
 1e-07 1 1 0
1  305 0 4.71238898038469 7.85398163397448
3  738 739CN 305 0 4.71238898038469 7.85398163397448
0

0101000
-154 0 +152 0 *
Ed
 1e-07 1 1 1
2  740 305 0 0 6.28318530717959
0

0101000
+152 0 -152 0 *
Wi

0101100
-153 0 +151 0 +150 0 -151 0 *
Fa
0  1e-07 305 0

0111000
+149 0 *
Sh

0101100
+148 0 *
So

0100000
+147 0 *
Ve
1e-07
477.479783309548 908.924327244839 320.703727784749
0 0

0101101
*
Ed
 1e-07 1 1 1
2  741 306 0 0 6.28318530717959
0

0101000
+145 0 -145 0 *
Ve
1e-07
477.479783309548 908.924327244839 312.703727784749
0 0

0101101
*
Ed
 1e-07 1 1 0
1  306 0 4.71238898038469 7.85398163397448
3  742 743CN 306 0 4.71238898038469 7.85398163397448
0

0101000
-145 0 +143 0 *
Ed
 1e-07 1 1 1
2  744 306 0 0 6.28318530717959
0

0101000
+143 0 -143 0 *
Wi

0101100
-144 0 +142 0 +141 0 -142 0 *
Fa
0  1e-07 306 0

0111000
+140 0 *
Sh

0101100
+139 0 *
So

0100000
+138 0 *
Ve
1e-07
476.446225413356 908.329372095183 316.790145932433
0 0

0101101
*
Ed
 1e-07 1 1 1
2  745 307 0 0 6.28318530717959
0

0101000
+136 0 -136 0 *
Ve
1e-07
476.446225413356 908.329372095183 308.790145932433
0 0

0101101
*
Ed
 1e-07 1 1 0
1  307 0 4.71238898038469 7.85398163397448
3  746 747CN 307 0 4.71238898038469 7.85398163397448
0

0101000
-136 0 +134 0 *
Ed
 1e-07 1 1 1
2  748 307 0 0 6.28318530717959
0

0101000
+134 0 -134 0 *
Wi

0101100
-135 0 +133 0 +132 0 -133 0 *
Fa
0  1e-07 307 0

0111000
+131 0 *
Sh

0101100
+130 0 *
So

0100000
+129 0 *
Ve
1e-07
475.298606423196 907.734416945527 312.876564080116
0 0

0101101
*
Ed
 1e-07 1 1 1
2  749 308 0 0 6.28318530717959
0

0101000
+127 0 -127 0 *
Ve
1e-07
475.298606423196 907.734416945527 304.876564080116
0 0

0101101
*
Ed
 1e-07 1 1 0
1  308 0 4.71238898038469 7.85398163397448
3  750 751CN 308 0 4.71238898038469 7.85398163397448
0

0101000
-127 0 +125 0 *
Ed
 1e-07 1 1 1
2  752 308 0 0 6.28318530717959
0

0101000
+125 0 -125 0 *
Wi

0101100
-126 0 +124 0 +123 0 -124 0 *
Fa
0  1e-07 308 0

0111000
+122 0 *
Sh

0101100
+121 0 *
So

0100000
+120 0 *
Ve
1e-07
474.036926339068 907.139461795871 308.962982227799
0 0

0101101
*
Ed
 1e-07 1 1 1
2  753 309 0 0 6.28318530717959
0

0101000
+118 0 -118 0 *
Ve
1e-07
474.036926339068 907.139461795871 300.962982227799
0 0

0101101
*
Ed
 1e-07 1 1 0
1  309 0 4.71238898038469 7.85398163397448
3  754 755CN 309 0 4.71238898038469 7.85398163397448
0

0101000
-118 0 +116 0 *
Ed
 1e-07 1 1 1
2  756 309 0 0 6.28318530717959
0

0101000
+116 0 -116 0 *
Wi

0101100
-117 0 +115 0 +114 0 -115 0 *
Fa
0  1e-07 309 0

0111000
+113 0 *
Sh

0101100
+112 0 *
So

0100000
+111 0 *
Ve
1e-07
472.661185160971 906.544506646215 305.049400375483
0 0

0101101
*
Ed
 1e-07 1 1 1
2  757 310 0 0 6.28318530717959
0

0101000
+109 0 -109 0 *
Ve
1e-07
472.661185160971 906.544506646215 297.049400375483
0 0

0101101
*
Ed
 1e-07 1 1 0
1  310 0 4.71238898038469 7.85398163397448
3  758 759CN 310 0 4.71238898038469 7.85398163397448
0

0101000
-109 0 +107 0 *
Ed
 1e-07 1 1 1
2  760 310 0 0 6.28318530717959
0

0101000
+107 0 -107 0 *
Wi

0101100
-108 0 +106 0 +105 0 -106 0 *
Fa
0  1e-07 310 0

0111000
+104 0 *
Sh

0101100
+103 0 *
So

0100000
+102 0 *
Ve
1e-07
471.171382888906 905.949551496559 301.135818523166
0 0

0101101
*
Ed
 1e-07 1 1 1
2  761 311 0 0 6.28318530717959
0

0101000
+100 0 -100 0 *
Ve
1e-07
471.171382888906 905.949551496559 293.135818523166
0 0

0101101
*
Ed
 1e-07 1 1 0
1  311 0 4.71238898038469 7.85398163397448
3  762 763CN 311 0 4.71238898038469 7.85398163397448
0

0101000
-100 0 +98 0 *
Ed
 1e-07 1 1 1
2  764 311 0 0 6.28318530717959
0

0101000
+98 0 -98 0 *
Wi

0101100
-99 0 +97 0 +96 0 -97 0 *
Fa
0  1e-07 311 0

0111000
+95 0 *
Sh

0101100
+94 0 *
So

0100000
+93 0 *
Ve
1e-07
469.567519522873 905.354596346904 297.222236670849
0 0

0101101
*
Ed
 1e-07 1 1 1
2  765 312 0 0 6.28318530717959
0

0101000
+91 0 -91 0 *
Ve
1e-07
469.567519522873 905.354596346904 289.222236670849
0 0

0101101
*
Ed
 1e-07 1 1 0
1  312 0 4.71238898038469 7.85398163397448
3  766 767CN 312 0 4.71238898038469 7.85398163397448
0

0101000
-91 0 +89 0 *
Ed
 1e-07 1 1 1
2  768 312 0 0 6.28318530717959
0

0101000
+89 0 -89 0 *
Wi

0101100
-90 0 +88 0 +87 0 -88 0 *
Fa
0  1e-07 312 0

0111000
+86 0 *
Sh

0101100
+85 0 *
So

0100000
+84 0 *
Ve
1e-07
467.849595062871 904.759641197248 293.308654818533
0 0

0101101
*
Ed
 1e-07 1 1 1
2  769 313 0 0 6.28318530717959
0

0101000
+82 0 -82 0 *
Ve
1e-07
467.849595062871 904.759641197248 285.308654818533
0 0

0101101
*
Ed
 1e-07 1 1 0
1  313 0 4.71238898038469 7.85398163397448
3  770 771CN 313 0 4.71238898038469 7.85398163397448
0

0101000
-82 0 +80 0 *
Ed
 1e-07 1 1 1
2  772 313 0 0 6.28318530717959
0

0101000
+80 0 -80 0 *
Wi

0101100
-81 0 +79 0 +78 0 -79 0 *
Fa
0  1e-07 313 0

0111000
+77 0 *
Sh

0101100
+76 0 *
So

0100000
+75 0 *
Ve
1e-07
466.017609508901 904.164686047592 289.395072966216
0 0

0101101
*
Ed
 1e-07 1 1 1
2  773 314 0 0 6.28318530717959
0

0101000
+73 0 -73 0 *
Ve
1e-07
466.017609508901 904.164686047592 281.395072966216
0 0

0101101
*
Ed
 1e-07 1 1 0
1  314 0 4.71238898038469 7.85398163397448
3  774 775CN 314 0 4.71238898038469 7.85398163397448
0

0101000
-73 0 +71 0 *
Ed
 1e-07 1 1 1
2  776 314 0 0 6.28318530717959
0

0101000
+71 0 -71 0 *
Wi

0101100
-72 0 +70 0 +69 0 -70 0 *
Fa
0  1e-07 314 0

0111000
+68 0 *
Sh

0101100
+67 0 *
So

0100000
+66 0 *
Ve
1e-07
464.071562860963 903.569730897936 285.4814911139
0 0

0101101
*
Ed
 1e-07 1 1 1
2  777 315 0 0 6.28318530717959
0

0101000
+64 0 -64 0 *
Ve
1e-07
464.071562860963 903.569730897936 277.4814911139
0 0

0101101
*
Ed
 1e-07 1 1 0
1  315 0 4.71238898038469 7.85398163397448
3  778 779CN 315 0 4.71238898038469 7.85398163397448
0

0101000
-64 0 +62 0 *
Ed
 1e-07 1 1 1
2  780 315 0 0 6.28318530717959
0

0101000
+62 0 -62 0 *
Wi

0101100
-63 0 +61 0 +60 0 -61 0 *
Fa
0  1e-07 315 0

0111000
+59 0 *
Sh

0101100
+58 0 *
So

0100000
+57 0 *
Ve
1e-07
462.011455119057 902.97477574828 281.567909261583
0 0

0101101
*
Ed
 1e-07 1 1 1
2  781 316 0 0 6.28318530717959
0

0101000
+55 0 -55 0 *
Ve
1e-07
462.011455119057 902.97477574828 273.567909261583
0 0

0101101
*
Ed
 1e-07 1 1 0
1  316 0 4.71238898038469 7.85398163397448
3  782 783CN 316 0 4.71238898038469 7.85398163397448
0

0101000
-55 0 +53 0 *
Ed
 1e-07 1 1 1
2  784 316 0 0 6.28318530717959
0

0101000
+53 0 -53 0 *
Wi

0101100
-54 0 +52 0 +51 0 -52 0 *
Fa
0  1e-07 316 0

0111000
+50 0 *
Sh

0101100
+49 0 *
So

0100000
+48 0 *
Ve
1e-07
459.837286283182 902.379820598624 277.654327409266
0 0

0101101
*
Ed
 1e-07 1 1 1
2  785 317 0 0 6.28318530717959
0

0101000
+46 0 -46 0 *
Ve
1e-07
459.837286283182 902.379820598624 269.654327409266
0 0

0101101
*
Ed
 1e-07 1 1 0
1  317 0 4.71238898038469 7.85398163397448
3  786 787CN 317 0 4.71238898038469 7.85398163397448
0

0101000
-46 0 +44 0 *
Ed
 1e-07 1 1 1
2  788 317 0 0 6.28318530717959
0

0101000
+44 0 -44 0 *
Wi

0101100
-45 0 +43 0 +42 0 -43 0 *
Fa
0  1e-07 317 0

0111000
+41 0 *
Sh

0101100
+40 0 *
So

0100000
+39 0 *
Ve
1e-07
457.549056353339 901.784865448968 273.74074555695
0 0

0101101
*
Ed
 1e-07 1 1 1
2  789 318 0 0 6.28318530717959
0

0101000
+37 0 -37 0 *
Ve
1e-07
457.549056353339 901.784865448968 265.74074555695
0 0

0101101
*
Ed
 1e-07 1 1 0
1  318 0 4.71238898038469 7.85398163397448
3  790 791CN 318 0 4.71238898038469 7.85398163397448
0

0101000
-37 0 +35 0 *
Ed
 1e-07 1 1 1
2  792 318 0 0 6.28318530717959
0

0101000
+35 0 -35 0 *
Wi

0101100
-36 0 +34 0 +33 0 -34 0 *
Fa
0  1e-07 318 0

0111000
+32 0 *
Sh

0101100
+31 0 *
So

0100000
+30 0 *
Ve
1e-07
455.146765329528 901.189910299312 269.827163704633
0 0

0101101
*
Ed
 1e-07 1 1 1
2  793 319 0 0 6.28318530717959
0

0101000
+28 0 -28 0 *
Ve
1e-07
455.146765329528 901.189910299312 261.827163704633
0 0

0101101
*
Ed
 1e-07 1 1 0
1  319 0 4.71238898038469 7.85398163397448
3  794 795CN 319 0 4.71238898038469 7.85398163397448
0

0101000
-28 0 +26 0 *
Ed
 1e-07 1 1 1
2  796 319 0 0 6.28318530717959
0

0101000
+26 0 -26 0 *
Wi

0101100
-27 0 +25 0 +24 0 -25 0 *
Fa
0  1e-07 319 0

0111000
+23 0 *
Sh

0101100
+22 0 *
So

0100000
+21 0 *
Ve
1e-07
452.630413211748 900.594955149656 265.913581852317
0 0

0101101
*
Ed
 1e-07 1 1 1
2  797 320 0 0 6.28318530717959
0

0101000
+19 0 -19 0 *
Ve
1e-07
452.630413211748 900.594955149656 257.913581852317
0 0

0101101
*
Ed
 1e-07 1 1 0
1  320 0 4.71238898038469 7.85398163397448
3  798 799CN 320 0 4.71238898038469 7.85398163397448
0

0101000
-19 0 +17 0 *
Ed
 1e-07 1 1 1
2  800 320 0 0 6.28318530717959
0

0101000
+17 0 -17 0 *
Wi

0101100
-18 0 +16 0 +15 0 -16 0 *
Fa
0  1e-07 320 0

0111000
+14 0 *
Sh

0101100
+13 0 *
So

0100000
+12 0 *
Ve
1e-07
450 900 262
0 0

0101101
*
Ed
 1e-07 1 1 1
2  801 321 0 0 6.28318530717959
0

0101000
+10 0 -10 0 *
Ve
1e-07
450 900 254
0 0

0101101
*
Ed
 1e-07 1 1 0
1  321 0 4.71238898038469 7.85398163397448
3  802 803CN 321 0 4.71238898038469 7.85398163397448
0

0101000
-10 0 +8 0 *
Ed
 1e-07 1 1 1
2  804 321 0 0 6.28318530717959
0

0101000
+8 0 -8 0 *
Wi

0101100
-9 0 +7 0 +6 0 -7 0 *
Fa
0  1e-07 321 0

0111000
+5 0 *
Sh

0101100
+4 0 *
So

0100000
+3 0 *
Co

0100000
+1758 0 +1745 0 +1732 0 +1719 0 +1706 0 +1693 0 +1680 0 +1667 0 +1654 0 +1641 0 
+1628 0 +1615 0 +1602 0 +1589 0 +1576 0 +1563 0 +1550 0 +1537 0 +1524 0 +1511 0 
+1498 0 +1485 0 +1472 0 +1459 0 +1446 0 +1433 0 +1420 0 +1407 0 +1394 0 +1381 0 
+1368 0 +1355 0 +1342 0 +1329 0 +1316 0 +1303 0 +1290 0 +1277 0 +1264 0 +1251 0 
+1238 0 +1225 0 +1212 0 +1199 0 +1186 0 +1173 0 +1160 0 +1147 0 +1134 0 +1121 0 
+1108 0 +1095 0 +1082 0 +1069 0 +1056 0 +1043 0 +1030 0 +1017 0 +1004 0 +991 0 
+978 0 +965 0 +952 0 +939 0 +926 0 +913 0 +900 0 +887 0 +874 0 +861 0 
+848 0 +835 0 +822 0 +809 0 +796 0 +783 0 +770 0 +757 0 +744 0 +731 0 
+722 0 +713 0 +704 0 +695 0 +686 0 +677 0 +668 0 +659 0 +650 0 +641 0 
+632 0 +623 0 +614 0 +605 0 +596 0 +587 0 +578 0 +569 0 +560 0 +551 0 
+542 0 +533 0 +524 0 +515 0 +506 0 +497 0 +488 0 +479 0 +470 0 +461 0 
+452 0 +443 0 +434 0 +425 0 +416 0 +407 0 +398 0 +389 0 +380 0 +371 0 
+362 0 +353 0 +344 0 +335 0 +326 0 +317 0 +308 0 +299 0 +290 0 +281 0 
+272 0 +263 0 +254 0 +245 0 +236 0 +227 0 +218 0 +209 0 +200 0 +191 0 
+182 0 +173 0 +164 0 +155 0 +146 0 +137 0 +128 0 +119 0 +110 0 +101 0 
+92 0 +83 0 +74 0 +65 0 +56 0 +47 0 +38 0 +29 0 +20 0 +11 0 
+2 0 *

+1 0 