DBRep_DrawableShape

CASCADE Topology V1, (c) Matra-Datavision
Locations 19
1
              1               0               0               0 
              0               1               0               0 
              0               0               1               0 
1
              1               0               0               0 
              0               1               0               0 
              0               0               1               0 
1
              1               0               0               0 
              0               1               0               0 
              0               0               1               0 
1
              1               0               0               0 
              0               1               0               0 
              0               0               1               0 
2  1 1 2 1 3 1 4 1 0
1
              1               0               0               0 
              0               1               0               0 
              0               0               1               0 
1
              1               0               0               0 
              0               1               0               0 
              0               0               1               0 
2  6 1 7 1 0
1
              1               0               0               0 
              0               1               0               0 
              0               0               1               0 
2  7 -1 6 -1 0
1
              1               0               0               0 
              0               1               0               0 
              0               0               1               0 
1
              1               0               0               0 
              0               1               0               0 
              0               0               1               0 
1
              1               0               0               0 
              0               1               0               0 
              0               0               1               0 
1
              1               0               0               0 
              0               1               0               0 
              0               0               1               0 
2  11 1 12 1 13 1 14 1 0
2  9 1 6 1 7 1 0
2  7 -1 6 -1 9 -1 0
2  9 1 6 1 0
2  7 -1 0
Curve2ds 182
1 0 0 1 0 
1 0 4 1 0 
1 400.05000000000001 0 0 -1 
1 4 0 0 1 
1 0 -18 1 0 
1 0 4 1 0 
7 0 0  7 14 3  3.8708398065135388 33.90020920410177  4.0431501994182568 33.268743920585855  4.2154605923228914 32.495214806450349  4.3877709852283928 31.610247047741723  4.5600813781316205 30.654788210231345  4.7323917710374062 29.676446474226395  4.9047021639418444 28.723105889391679  5.2493229497512797 26.952299783778965  5.4216333426560865 26.134835173085776  5.5939437355604795 25.428240796270984  5.7662541284658104 24.87053506052689  5.9385645213700329 24.489507080498697  6.1108749142748682 24.298989873223263  6.2831853071795862 24.298989873223263 
 0.72924715292374453 8 1.9354199032567687 6 3.1415926535897931 8
3 154 -13.999999999999943 0 -1 1 0 7.7781745930520225 5.5
7 0 0  3 25 23  -2.1109403044707804 32.627416997967941  -2.0789563604636454 32.476565038112454  -2.0149884724493763 32.166119058485101  -1.9190366404279713 31.678717522394113  -1.8230848084065876 31.17401120130932  -1.7271329763851728 30.656658286937407  -1.6311811443637803 30.131414234732073  -1.5352293123423895 29.603112208933172  -1.4392774803209782 29.076612136242069  -1.3433256482995928 28.556757733022774  -1.247373816278178 28.048331479170749  -1.1514219842567819 27.556010745453097  -1.0554701522353866 27.084324729829142  -0.95951832021398875 26.637612798759786  -0.86356648819259085 26.219984565526431  -0.76761465617118851 25.835282077888955  -0.67166282414979772 25.487044493924419  -0.57571099212838828 25.178475442038337  -0.47975916010699482 24.912413850359354  -0.38380732808559692 24.691306703134941  -0.28785549606419725 24.517190732787718  -0.19190366404279313 24.391657994708147  -0.095951832021396122 24.315899768855058  -0.031983944007132337 24.298951320391389  0 24.29898987322327 
 1.0306523491190176 4 1.1266041811404164 1 1.2225560131618154 1 1.3185078451832142 1 1.4144596772046132 1 1.510411509226012 1 1.6063633412474108 1 1.7023151732688098 1 1.7982670052902088 1 1.8942188373116076 1 1.9901706693330063 1 2.0861225013544056 1 2.1820743333758044 1 2.2780261653972032 1 2.3739779974186019 1 2.4699298294400007 1 2.5658816614613995 1 2.6618334934827983 1 2.7577853255041975 1 2.8537371575255963 1 2.9496889895469955 1 3.0456408215683943 1 3.1415926535897931 4
7 0 0  3 25 23  5.2525329580605735 32.627416997967941  5.2205490140534385 32.476565038112454  5.1565811260391676 32.166119058485101  5.0606292940177653 31.678717522394113  4.9646774619963798 31.17401120130932  4.8687256299749668 30.656658286937407  4.7727737979535743 30.131414234732073  4.6768219659321817 29.603112208933172  4.5808701339107714 29.076612136242069  4.4849183018893877 28.556757733022774  4.3889664698679685 28.048331479170749  4.2930146378465786 27.556010745453097  4.1970628058251798 27.084324729829142  4.1011109738037801 26.637612798759786  4.0051591417823849 26.219984565526431  3.9092073097609785 25.835282077888955  3.8132554777395913 25.487044493924419  3.7173036457181778 25.178475442038337  3.6213518136967937 24.912413850359354  3.5253999816753869 24.691306703134941  3.4294481496539913 24.517190732787718  3.3334963176325876 24.391657994708147  3.2375444856111897 24.315899768855061  3.1735765975969259 24.298951320391385  3.1415926535897931 24.298989873223263 
 1.0306523491190176 4 1.1266041811404164 1 1.2225560131618154 1 1.3185078451832142 1 1.4144596772046132 1 1.510411509226012 1 1.6063633412474108 1 1.7023151732688098 1 1.7982670052902088 1 1.8942188373116076 1 1.9901706693330063 1 2.0861225013544056 1 2.1820743333758044 1 2.2780261653972032 1 2.3739779974186019 1 2.4699298294400007 1 2.5658816614613995 1 2.6618334934827983 1 2.7577853255041975 1 2.8537371575255963 1 2.9496889895469955 1 3.0456408215683943 1 3.1415926535897931 4
7 0 0  7 14 3  0 24.298989873223263  0.17231039290471781 24.298989873223263  0.34462078580943967 24.489507080498697  0.51693117871406002 24.870535060523252  0.68924157161899302 25.42824079629645  0.86155196452355653 26.134835173083957  1.0338623574283061 26.952299783778965  1.3784831432377416 28.723105889391679  1.5507935361422938 29.676446474227305  1.723103929047511 30.654788210238621  1.8954143219511934 31.610247047741723  2.0677247148565812 32.495214806447621  2.2400351077613299 33.268743920585855  2.4123455006660475 33.90020920410177 
 3.1415926535897931 8 4.3477654039228177 6 5.5539381542558415 8
3 154 -13.999999999999943 0 -1 1 0 7.7781745930520225 5.5
7 0 0  3 25 23  0 24.29898987322327  0.031983944007132663 24.298951320391389  0.095951832021397301 24.315899768855061  0.19190366404279349 24.39165799470814  0.28785549606419891 24.517190732787725  0.38380732808559398 24.691306703134941  0.47975916010699876 24.91241385035935  0.57571099212838539 25.178475442038341  0.6716628241497985 25.487044493924419  0.76761465617118663 25.835282077888966  0.86356648819259108 26.219984565526431  0.95951832021398797 26.637612798759779  1.0554701522353864 27.084324729829145  1.151421984256785 27.556010745453086  1.247373816278176 28.048331479170763  1.3433256482995941 28.556757733022774  1.4392774803209778 29.076612136242076  1.5352293123423899 29.603112208933176  1.6311811443637805 30.131414234732059  1.7271329763851766 30.656658286937422  1.8230848084065707 31.174011201309217  1.9190366404279757 31.67871752239413  2.0149884724493763 32.166119058485116  2.078956360463641 32.476565038112433  2.1109403044707711 32.627416997967885 
 3.1415926535897931 4 3.2375444856111919 1 3.3334963176325907 1 3.4294481496539895 1 3.5253999816753887 1 3.6213518136967875 1 3.7173036457181863 1 3.8132554777395851 1 3.9092073097609843 1 4.0051591417823831 1 4.1011109738037819 1 4.1970628058251807 1 4.2930146378465794 1 4.3889664698679782 1 4.484918301889377 1 4.5808701339107767 1 4.6768219659321755 1 4.7727737979535743 1 4.868725629974973 1 4.9646774619963718 1 5.0606292940177706 1 5.1565811260391694 1 5.2525329580605682 4
7 0 0  3 25 23  3.1415926535897931 24.298989873223263  3.1096087095826608 24.298951320391385  3.0456408215683957 24.315899768855061  2.9496889895469995 24.39165799470814  2.8537371575255954 24.517190732787725  2.7577853255041993 24.691306703134941  2.6618334934827943 24.91241385035935  2.5658816614614071 25.178475442038341  2.4699298294399963 25.487044493924419  2.3739779974186064 25.835282077888966  2.2780261653972018 26.219984565526431  2.1820743333758053 26.637612798759779  2.086122501354406 27.084324729829145  1.9901706693330075 27.556010745453086  1.8942188373116176 28.048331479170763  1.7982670052901994 28.556757733022774  1.7023151732688151 29.076612136242076  1.6063633412474043 29.603112208933176  1.5104115092260122 30.131414234732059  1.4144596772046163 30.656658286937422  1.3185078451832224 31.174011201309217  1.2225560131618169 31.67871752239413  1.126604181140417 32.166119058485116  1.0626362931261526 32.476565038112433  1.030652349119022 32.627416997967885 
 3.1415926535897931 4 3.2375444856111919 1 3.3334963176325907 1 3.4294481496539895 1 3.5253999816753887 1 3.6213518136967875 1 3.7173036457181863 1 3.8132554777395851 1 3.9092073097609843 1 4.0051591417823831 1 4.1011109738037819 1 4.1970628058251807 1 4.2930146378465794 1 4.3889664698679782 1 4.484918301889377 1 4.5808701339107767 1 4.6768219659321755 1 4.7727737979535743 1 4.868725629974973 1 4.9646774619963718 1 5.0606292940177706 1 5.1565811260391694 1 5.2525329580605682 4
7 0 0  7 14 3  3.8708398065135405 33.90020920410177  4.0431501994182586 33.268743920585855  4.2154605923233461 32.495214806444892  4.3877709852272559 31.610247047752637  4.56008137813253 30.654788210234983  4.7323917710370083 29.676446474228214  4.9047021639418436 28.723105889391679  5.2493229497512797 26.952299783778965  5.4216333426560581 26.134835173080319  5.5939437355607637 25.428240796289174  5.7662541284653557 24.870535060515977  5.9385645213701466 24.489507080497788  6.1108749142748682 24.298989873223263  6.2831853071795862 24.298989873223263 
 0.72924715292374642 8 1.9354199032567698 6 3.1415926535897931 8
3 96 -13.999999999999943 0 -1 1 0 7.7781745930520225 5.5
7 0 0  3 25 23  -2.1109403044707786 32.627416997967941  -2.0789563604636454 32.476565038112454  -2.0149884724493763 32.166119058485101  -1.9190366404279704 31.678717522394113  -1.8230848084065894 31.17401120130932  -1.727132976385171 30.656658286937407  -1.631181144363782 30.131414234732073  -1.5352293123423886 29.603112208933172  -1.43927748032098 29.076612136242069  -1.3433256482995928 28.556757733022774  -1.247373816278178 28.048331479170749  -1.1514219842567819 27.556010745453097  -1.0554701522353884 27.084324729829142  -0.95951832021398431 26.637612798759786  -0.86356648819259529 26.219984565526431  -0.76761465617118674 25.835282077888955  -0.67166282414979683 25.487044493924419  -0.57571099212839094 25.178475442038337  -0.47975916010699482 24.912413850359354  -0.38380732808559692 24.691306703134941  -0.28785549606419636 24.517190732787718  -0.19190366404279668 24.391657994708147  -0.095951832021400563 24.315899768855058  -0.031983944007133225 24.298951320391389  8.8817841970012523e-16 24.29898987322327 
 1.0306523491190176 4 1.1266041811404164 1 1.2225560131618154 1 1.3185078451832142 1 1.4144596772046132 1 1.510411509226012 1 1.6063633412474108 1 1.7023151732688098 1 1.7982670052902088 1 1.8942188373116076 1 1.9901706693330063 1 2.0861225013544056 1 2.1820743333758044 1 2.2780261653972032 1 2.3739779974186019 1 2.4699298294400007 1 2.5658816614613995 1 2.6618334934827983 1 2.7577853255041975 1 2.8537371575255963 1 2.9496889895469955 1 3.0456408215683943 1 3.1415926535897931 4
7 0 0  3 25 23  5.2525329580605717 32.627416997967941  5.2205490140534385 32.476565038112454  5.1565811260391676 32.166119058485101  5.0606292940177644 31.678717522394113  4.9646774619963807 31.17401120130932  4.8687256299749651 30.656658286937407  4.772773797953576 30.131414234732073  4.6768219659321808 29.603112208933172  4.5808701339107722 29.076612136242069  4.4849183018893877 28.556757733022774  4.3889664698679685 28.048331479170749  4.2930146378465786 27.556010745453097  4.1970628058251807 27.084324729829142  4.1011109738037783 26.637612798759786  4.0051591417823866 26.219984565526431  3.9092073097609785 25.835282077888955  3.8132554777395895 25.487044493924419  3.7173036457181818 25.178475442038337  3.6213518136967915 24.912413850359354  3.5253999816753883 24.691306703134941  3.4294481496539904 24.517190732787718  3.3334963176325902 24.391657994708147  3.2375444856111932 24.315899768855061  3.1735765975969272 24.298951320391385  3.1415926535897931 24.298989873223263 
 1.0306523491190176 4 1.1266041811404164 1 1.2225560131618154 1 1.3185078451832142 1 1.4144596772046132 1 1.510411509226012 1 1.6063633412474108 1 1.7023151732688098 1 1.7982670052902088 1 1.8942188373116076 1 1.9901706693330063 1 2.0861225013544056 1 2.1820743333758044 1 2.2780261653972032 1 2.3739779974186019 1 2.4699298294400007 1 2.5658816614613995 1 2.6618334934827983 1 2.7577853255041975 1 2.8537371575255963 1 2.9496889895469955 1 3.0456408215683943 1 3.1415926535897931 4
7 0 0  7 14 3  0 24.298989873223263  0.17231039290471756 24.298989873223263  0.34462078580952493 24.48950708049324  0.51693117871388949 24.870535060530528  0.68924157161927724 25.428240796285536  0.86155196452347127 26.134835173085776  1.0338623574283072 26.952299783778965  1.3784831432377425 28.723105889391679  1.5507935361422938 29.676446474227305  1.7231039290477383 30.654788210238621  1.8954143219516482 31.610247047734447  2.0677247148565812 32.495214806451258  2.2400351077613281 33.268743920585855  2.4123455006660457 33.90020920410177 
 3.1415926535897931 8 4.347765403922816 6 5.5539381542558397 8
3 96 -13.999999999999943 0 -1 1 0 7.7781745930520225 5.5
7 0 0  3 25 23  0 24.29898987322327  0.031983944007133967 24.298951320391389  0.095951832021400216 24.315899768855061  0.19190366404279685 24.39165799470814  0.28785549606419791 24.517190732787725  0.38380732808559431 24.691306703134941  0.47975916010699865 24.91241385035935  0.57571099212838539 25.178475442038341  0.67166282414979872 25.487044493924419  0.76761465617118574 25.835282077888966  0.86356648819259429 26.219984565526431  0.95951832021398564 26.637612798759779  1.0554701522353849 27.084324729829145  1.1514219842567854 27.556010745453086  1.247373816278176 28.048331479170763  1.3433256482995939 28.556757733022774  1.4392774803209787 29.076612136242076  1.5352293123423895 29.603112208933176  1.6311811443637805 30.131414234732059  1.7271329763851766 30.656658286937422  1.8230848084065716 31.174011201309217  1.9190366404279753 31.67871752239413  2.0149884724493763 32.166119058485116  2.0789563604636405 32.476565038112433  2.1109403044707697 32.627416997967885 
 3.1415926535897931 4 3.2375444856111919 1 3.3334963176325907 1 3.4294481496539895 1 3.5253999816753887 1 3.6213518136967875 1 3.7173036457181863 1 3.8132554777395851 1 3.9092073097609843 1 4.0051591417823831 1 4.1011109738037819 1 4.1970628058251807 1 4.2930146378465794 1 4.3889664698679782 1 4.484918301889377 1 4.5808701339107767 1 4.6768219659321755 1 4.7727737979535743 1 4.868725629974973 1 4.9646774619963718 1 5.0606292940177706 1 5.1565811260391694 1 5.2525329580605682 4
7 0 0  3 25 23  3.1415926535897931 24.298989873223263  3.1096087095826594 24.298951320391385  3.045640821568393 24.315899768855061  2.949688989546996 24.39165799470814  2.8537371575255959 24.517190732787725  2.7577853255041993 24.691306703134941  2.6618334934827943 24.91241385035935  2.5658816614614071 25.178475442038341  2.4699298294399963 25.487044493924419  2.3739779974186068 25.835282077888966  2.2780261653971996 26.219984565526431  2.182074333375807 26.637612798759779  2.0861225013544078 27.084324729829145  1.9901706693330072 27.556010745453086  1.8942188373116176 28.048331479170763  1.7982670052901999 28.556757733022774  1.7023151732688144 29.076612136242076  1.6063633412474045 29.603112208933176  1.510411509226012 30.131414234732059  1.4144596772046165 30.656658286937422  1.3185078451832211 31.174011201309217  1.2225560131618174 31.67871752239413  1.1266041811404164 32.166119058485116  1.062636293126153 32.476565038112433  1.0306523491190234 32.627416997967885 
 3.1415926535897931 4 3.2375444856111919 1 3.3334963176325907 1 3.4294481496539895 1 3.5253999816753887 1 3.6213518136967875 1 3.7173036457181863 1 3.8132554777395851 1 3.9092073097609843 1 4.0051591417823831 1 4.1011109738037819 1 4.1970628058251807 1 4.2930146378465794 1 4.3889664698679782 1 4.484918301889377 1 4.5808701339107767 1 4.6768219659321755 1 4.7727737979535743 1 4.868725629974973 1 4.9646774619963718 1 5.0606292940177706 1 5.1565811260391694 1 5.2525329580605682 4
1 0 0 0 -1 
1 4 0 0 1 
3 154 564 0 -1 1 0 7.7781745930520225 5.5
7 0 0  8 30 5  0 29.955844122715746  0.19634954084936207 29.955844122715746  0.39269908169842438 30.198178390601242  0.58904862254803447 30.682844867929816  0.78539816339616664 31.389920994261047  0.98174770424566304 32.279521186224883  1.1780972450961826 33.295998916924873  1.3744467859455345 34.375921648044198  1.7180584824319183 36.2657859787193  1.8653206380687553 37.075727538307817  2.0125827937064926 37.858905788879611  2.1598449493433236 38.588550275504531  2.3071071049797922 39.239761326898588  2.4543692606169971 39.791341859200116  2.6016314162540488 40.227230222056178  2.9697868053466028 41.002108545735219  3.1906800388055672 41.18367756173393  3.4115732722384564 41.047323746286565  3.6324665057400125 40.587959675409365  3.8533597391469812 39.835442311770748  4.0742529726248904 38.852143577059906  4.2951462060797967 37.720409469330619  4.7369326729908616 35.337272318278153  4.9578259064419399 34.085867955982394  5.1787191398907453 32.863231245661154  5.3996123733522836 31.764154431468341  5.620505606806546 30.875951860987698  5.8413988402635368 30.262548866729048  6.0622920737240431 29.955844122715746  6.2831853071795756 29.955844122715746 
 3.1415926535897931 9 4.7123889803847003 7 5.8904862254808705 7 7.6576320931251258 7 9.4247779607693793 9
7 0 0  3 25 23  1.5707963267948966 35.455844122715689  1.6183962154856475 35.71767593207263  1.7135959928671556 36.241225139068376  1.8563956589394237 37.010652514464148  1.9991953250116936 37.748403915136379  2.1419949910839442 38.439491990346845  2.2847946571562217 39.06983983580502  2.42759432322848 39.62661762292182  2.5703939893007286 40.098490362492491  2.7131936553730154 40.475852246830947  2.8559933214452622 40.751021233177241  2.9987929875175277 40.918395686032625  3.1415926535897931 40.974568341057122  3.2843923196620577 40.918395686032618  3.4271919857343232 40.751021233177255  3.5699916518065713 40.475852246830939  3.7127913178788563 40.098490362492491  3.8555909839511071 39.62661762292182  3.9983906500233646 39.069839835805006  4.1411903160956411 38.439491990346866  4.2839899821678937 37.748403915136365  4.4267896482401623 37.010652514464148  4.56958931431243 36.241225139068376  4.6647890916939385 35.71767593207263  4.7123889803846897 35.455844122715689 
 4.7123889803846897 4 4.8551886464569529 1 4.9979883125292162 1 5.1407879786014794 1 5.2835876446737426 1 5.4263873107460068 1 5.5691869768182691 1 5.7119866428905333 1 5.8547863089627965 1 5.9975859750350597 1 6.140385641107323 1 6.2831853071795862 1 6.4259849732518495 1 6.5687846393241127 1 6.711584305396376 1 6.8543839714686392 1 6.9971836375409033 1 7.1399833036131657 1 7.2827829696854298 1 7.4255826357576931 1 7.5683823018299563 1 7.7111819679022195 1 7.8539816339744828 4
7 0 0  6 7 2  2.1720605434732825 32.344574285498254  2.0632750670560083 32.837961696280225  1.9544895906387438 33.375532369486336  1.8457041142213484 33.946778521139095  1.7369186378042514 34.53961359691084  1.6281331613869008 35.141158405774874  1.5193476849696264 35.738686835190151 
 4.1111247637063038 7 4.7638376222099499 7
3 154 0 0 -1 1 0 7.7781745930520225 5.5
7 0 0  3 25 23  2.1109403044707595 32.627416997971125  2.1027563048090099 32.666020765771506  2.086388305485507 32.743796937524493  2.0618363065002439 32.862095710432669  2.0372843075149691 32.981957978710057  2.012732308529698 33.10331141600777  1.9881803095444384 33.226082894680808  1.9636283105591648 33.350198406196313  1.9390763115738969 33.475583138880694  1.9145243125886313 33.60216151413524  1.8899723136033633 33.729857234371607  1.8654203146181012 33.858593328364236  1.8408683156328496 33.988292197817223  1.8163163166475573 34.118875664092684  1.7917643176622893 34.250265015346159  1.7672123186770305 34.382381053968679  1.7426603196917643 34.515144144328126  1.7181083207064987 34.64847426076026  1.693556321721239 34.782291035845283  1.6690043227359583 34.916513808704828  1.6444523237506923 35.051061674167066  1.6199003247654238 35.185853529498374  1.5953483257801562 35.320808130888317  1.578980326456648 35.410832119670324  1.5707963267948966 35.455844122715689 
 4.1722450027088183 4 4.196797001694085 1 4.2213490006793517 1 4.2459009996646193 1 4.270452998649886 1 4.2950049976351528 1 4.3195569966204195 1 4.3441089956056862 1 4.3686609945909529 1 4.3932129935762205 1 4.4177649925614872 1 4.442316991546754 1 4.4668689905320207 1 4.4914209895172874 1 4.515972988502555 1 4.5405249874878217 1 4.5650769864730885 1 4.5896289854583552 1 4.6141809844436219 1 4.6387329834288895 1 4.6632849824141562 1 4.687836981399423 1 4.7123889803846897 4
7 0 0  3 25 23  1.0306523491190336 32.627416997971125  1.038836348780783 32.666020765771506  1.0552043481042861 32.743796937524493  1.0797563470895493 32.862095710432669  1.1043083460748233 32.981957978710057  1.128860345060096 33.10331141600777  1.1534123440453541 33.226082894680808  1.1779643430306277 33.350198406196313  1.202516342015896 33.475583138880694  1.227068341001162 33.60216151413524  1.2516203399864296 33.729857234371607  1.2761723389716919 33.858593328364236  1.3007243379569433 33.988292197817223  1.3252763369422353 34.118875664092684  1.3498283359275036 34.250265015346159  1.3743803349127628 34.382381053968679  1.3989323338980293 34.515144144328126  1.423484332883294 34.64847426076026  1.4480363318685534 34.782291035845283  1.4725883308538343 34.916513808704828  1.4971403298391017 35.051061674167066  1.5216923288243689 35.185853529498374  1.5462443278096378 35.320808130888317  1.5626123271331447 35.410832119670324  1.5707963267948966 35.455844122715689 
 4.1722450027088183 4 4.196797001694085 1 4.2213490006793517 1 4.2459009996646193 1 4.270452998649886 1 4.2950049976351528 1 4.3195569966204195 1 4.3441089956056862 1 4.3686609945909529 1 4.3932129935762205 1 4.4177649925614872 1 4.442316991546754 1 4.4668689905320207 1 4.4914209895172874 1 4.515972988502555 1 4.5405249874878217 1 4.5650769864730885 1 4.5896289854583552 1 4.6141809844436219 1 4.6387329834288895 1 4.6632849824141562 1 4.687836981399423 1 4.7123889803846897 4
7 0 0  6 7 2  4.7638376222099597 35.738686835190151  4.655052145792685 35.141158405774874  4.5462666693752851 34.53961359691084  4.4374811929581028 33.946778521138185  4.3286957165407784 33.375532369485882  4.2199102401235784 32.837961696280225  4.1111247637063038 32.344574285498254 
 1.5193476849696366 7 2.1720605434732829 7
3 96 0 0 -1 1 0 7.7781745930520225 5.5
7 0 0  3 25 23  -1.5707963267948966 35.455844122715689  -1.578980326456648 35.410832119670332  -1.5953483257801562 35.32080813088831  -1.6199003247654238 35.185853529498381  -1.6444523237506914 35.051061674167066  -1.6690043227359599 34.916513808704828  -1.693556321721239 34.782291035845283  -1.7181083207064987 34.648474260760267  -1.7426603196917636 34.515144144328126  -1.7672123186770303 34.382381053968679  -1.7917643176622899 34.250265015346159  -1.8163163166475593 34.118875664092684  -1.8408683156328474 33.988292197817231  -1.8654203146181025 33.858593328364236  -1.8899723136033622 33.729857234371622  -1.9145243125886315 33.60216151413524  -1.9390763115738983 33.475583138880694  -1.9636283105591632 33.350198406196327  -1.9881803095444415 33.226082894680808  -2.0127323085296966 33.103311416007777  -2.037284307514966 32.981957978710057  -2.0618363065002461 32.862095710432669  -2.0863883054855048 32.7437969375245  -2.1027563048090085 32.666020765771513  -2.1109403044707591 32.627416997971125 
 1.5707963267948966 4 1.5953483257801635 1 1.6199003247654304 1 1.6444523237506972 1 1.6690043227359641 1 1.6935563217212311 1 1.718108320706498 1 1.7426603196917649 1 1.7672123186770317 1 1.7917643176622986 1 1.8163163166475655 1 1.8408683156328325 1 1.8654203146180994 1 1.8899723136033661 1 1.9145243125886333 1 1.9390763115739 1 1.963628310559167 1 1.9881803095444339 1 2.0127323085297006 1 2.0372843075149678 1 2.0618363065002345 1 2.0863883054855012 1 2.1109403044707684 4
7 0 0  3 25 23  4.7123889803846897 35.455844122715689  4.720572980046442 35.410832119670332  4.7369409793699493 35.32080813088831  4.7614929783552169 35.185853529498381  4.7860449773404836 35.051061674167066  4.8105969763257539 34.916513808704828  4.8351489753110313 34.782291035845283  4.8597009742962918 34.648474260760267  4.8842529732815576 34.515144144328126  4.9088049722668226 34.382381053968679  4.9333569712520831 34.250265015346159  4.9579089702373507 34.118875664092684  4.9824609692226414 33.988292197817231  5.0070129682078948 33.858593328364236  5.0315649671931562 33.729857234371622  5.0561169661784255 33.60216151413524  5.0806689651636896 33.475583138880694  5.105220964148959 33.350198406196327  5.1297729631342346 33.226082894680808  5.1543249621194924 33.103311416007777  5.1788769611047574 32.981957978710057  5.2034289600900392 32.862095710432669  5.2279809590753006 32.7437969375245  5.2443489583988017 32.666020765771513  5.2525329580605522 32.627416997971125 
 1.5707963267948966 4 1.5953483257801635 1 1.6199003247654304 1 1.6444523237506972 1 1.6690043227359641 1 1.6935563217212311 1 1.718108320706498 1 1.7426603196917649 1 1.7672123186770317 1 1.7917643176622986 1 1.8163163166475655 1 1.8408683156328325 1 1.8654203146180994 1 1.8899723136033661 1 1.9145243125886333 1 1.9390763115739 1 1.963628310559167 1 1.9881803095444339 1 2.0127323085297006 1 2.0372843075149678 1 2.0618363065002345 1 2.0863883054855012 1 2.1109403044707684 4
3 96 564 0 -1 1 0 7.7781745930520225 5.5
7 0 0  8 30 5  0 29.955844122715746  0.19634954084936207 29.955844122715746  0.39269908169887913 30.198178390601242  0.58904862254621548 30.682844867929816  0.78539816339798563 31.389920994261047  0.98174770424384405 32.279521186224883  1.1780972450961826 33.295998916924873  1.3744467859455345 34.375921648044198  1.7180584824319183 36.2657859787193  1.8653206380689258 37.075727538307817  2.0125827937057252 37.858905788879611  2.1598449493428689 38.588550275504531  2.3071071049800764 39.239761326898588  2.4543692606169971 39.791341859200116  2.6016314162540488 40.227230222056178  2.9697868053466028 41.002108545735219  3.1906800388037482 41.18367756173393  3.4115732722384564 41.047323746286565  3.6324665057327366 40.587959675409365  3.8533597391542571 39.835442311770748  4.0742529726267094 38.852143577059906  4.2951462060797967 37.720409469330619  4.7369326729908616 35.337272318278153  4.9578259064401209 34.085867955982394  5.1787191398907453 32.863231245661154  5.3996123733377317 31.764154431468341  5.6205056068138219 30.875951860987698  5.8413988402635368 30.262548866729048  6.0622920737240431 29.955844122715746  6.2831853071795756 29.955844122715746 
 3.1415926535897931 9 4.7123889803847003 7 5.8904862254808705 7 7.6576320931251258 7 9.4247779607693793 9
7 0 0  3 25 23  1.5707963267948966 35.455844122715689  1.6183962154856475 35.71767593207263  1.7135959928671554 36.241225139068376  1.8563956589394244 37.010652514464148  1.9991953250116914 37.748403915136379  2.1419949910839451 38.439491990346845  2.2847946571562194 39.06983983580502  2.4275943232284805 39.62661762292182  2.5703939893007295 40.098490362492491  2.7131936553730118 40.475852246830947  2.8559933214452622 40.751021233177241  2.9987929875175321 40.918395686032625  3.1415926535897922 40.974568341057122  3.284392319662055 40.918395686032618  3.4271919857343183 40.751021233177255  3.5699916518065757 40.475852246830939  3.7127913178788554 40.098490362492491  3.8555909839511067 39.62661762292182  3.9983906500233668 39.069839835805006  4.1411903160956411 38.439491990346866  4.2839899821678964 37.748403915136365  4.4267896482401605 37.010652514464148  4.5695893143124309 36.241225139068376  4.6647890916939385 35.71767593207263  4.7123889803846897 35.455844122715689 
 4.7123889803846897 4 4.8551886464569529 1 4.9979883125292162 1 5.1407879786014794 1 5.2835876446737426 1 5.4263873107460068 1 5.5691869768182691 1 5.7119866428905333 1 5.8547863089627965 1 5.9975859750350597 1 6.140385641107323 1 6.2831853071795862 1 6.4259849732518495 1 6.5687846393241127 1 6.711584305396376 1 6.8543839714686392 1 6.9971836375409033 1 7.1399833036131657 1 7.2827829696854298 1 7.4255826357576931 1 7.5683823018299563 1 7.7111819679022195 1 7.8539816339744828 4
7 0 0  6 7 2  2.1720605434732811 32.344574285498254  2.0632750670560069 32.837961696280225  1.9544895906388291 33.375532369486336  1.8457041142212915 33.946778521139095  1.7369186378043082 34.53961359691084  1.628133161386901 35.141158405774874  1.5193476849696266 35.738686835190151 
 4.1111247637063038 7 4.7638376222099499 7
3 96 0 0 -1 1 0 7.7781745930520225 5.5
7 0 0  3 25 23  2.1109403044707595 32.627416997971125  2.1027563048090081 32.666020765771506  2.0863883054855052 32.743796937524493  2.0618363065002452 32.862095710432669  2.0372843075149669 32.981957978710057  2.0127323085296975 33.10331141600777  1.9881803095444401 33.226082894680808  1.9636283105591643 33.350198406196313  1.9390763115738969 33.475583138880694  1.9145243125886313 33.60216151413524  1.8899723136033626 33.729857234371607  1.8654203146181028 33.858593328364236  1.8408683156328478 33.988292197817223  1.8163163166475587 34.118875664092684  1.7917643176622888 34.250265015346159  1.7672123186770305 34.382381053968679  1.7426603196917649 34.515144144328126  1.718108320706498 34.64847426076026  1.693556321721239 34.782291035845283  1.6690043227359586 34.916513808704828  1.6444523237506914 35.051061674167066  1.6199003247654238 35.185853529498374  1.5953483257801562 35.320808130888317  1.578980326456648 35.410832119670324  1.5707963267948966 35.455844122715689 
 4.1722450027088183 4 4.196797001694085 1 4.2213490006793517 1 4.2459009996646193 1 4.270452998649886 1 4.2950049976351528 1 4.3195569966204195 1 4.3441089956056862 1 4.3686609945909529 1 4.3932129935762205 1 4.4177649925614872 1 4.442316991546754 1 4.4668689905320207 1 4.4914209895172874 1 4.515972988502555 1 4.5405249874878217 1 4.5650769864730885 1 4.5896289854583552 1 4.6141809844436219 1 4.6387329834288895 1 4.6632849824141562 1 4.687836981399423 1 4.7123889803846897 4
7 0 0  3 25 23  1.0306523491190336 32.627416997971125  1.0388363487807846 32.666020765771506  1.0552043481042879 32.743796937524493  1.0797563470895482 32.862095710432669  1.1043083460748258 32.981957978710057  1.1288603450600958 33.10331141600777  1.1534123440453523 33.226082894680808  1.1779643430306281 33.350198406196313  1.202516342015896 33.475583138880694  1.2270683410011618 33.60216151413524  1.2516203399864303 33.729857234371607  1.2761723389716901 33.858593328364236  1.3007243379569453 33.988292197817223  1.3252763369422338 34.118875664092684  1.3498283359275041 34.250265015346159  1.374380334912763 34.382381053968679  1.3989323338980282 34.515144144328126  1.4234843328832953 34.64847426076026  1.448036331868553 34.782291035845283  1.4725883308538343 34.916513808704828  1.4971403298391019 35.051061674167066  1.5216923288243693 35.185853529498374  1.5462443278096378 35.320808130888317  1.5626123271331447 35.410832119670324  1.5707963267948966 35.455844122715689 
 4.1722450027088183 4 4.196797001694085 1 4.2213490006793517 1 4.2459009996646193 1 4.270452998649886 1 4.2950049976351528 1 4.3195569966204195 1 4.3441089956056862 1 4.3686609945909529 1 4.3932129935762205 1 4.4177649925614872 1 4.442316991546754 1 4.4668689905320207 1 4.4914209895172874 1 4.515972988502555 1 4.5405249874878217 1 4.5650769864730885 1 4.5896289854583552 1 4.6141809844436219 1 4.6387329834288895 1 4.6632849824141562 1 4.687836981399423 1 4.7123889803846897 4
1 0 -18 1 0 
1 0 0 1 0 
7 0 0  6 7 2  1.5193476849695984 35.738686835190329  1.6281331613870034 35.141158405774334  1.7369186378044219 34.539613596910385  1.8457041142217463 33.946778521135457  1.954489590639227 33.375532369484517  2.0632750670566242 32.837961696277198  2.172060543474029 32.344574285494886 
 1.5193476849695982 7 2.1720605434740281 7
3 96 4 0 1 -1 0 7.7781745930520225 5.5
7 0 0  3 25 23  1.5707963267948966 35.455844122715718  1.5789803264566571 35.410832119670303  1.595348325780179 35.320808130888196  1.6199003247654609 35.185853529498203  1.6444523237507425 35.051061674166817  1.6690043227360256 34.916513808704487  1.693556321721307 34.782291035844949  1.7181083207065888 34.648474260759805  1.7426603196918713 34.515144144327571  1.7672123186771518 34.382381053968061  1.7917643176624352 34.250265015345398  1.8163163166477165 34.118875664091853  1.8408683156329984 33.988292197816456  1.8654203146182808 33.858593328363312  1.8899723136035631 33.729857234370591  1.9145243125888454 33.60216151413416  1.9390763115741267 33.475583138879543  1.9636283105594099 33.350198406195112  1.9881803095446902 33.226082894679571  2.0127323085299738 33.10331141600642  2.0372843075152538 32.981957978708678  2.0618363065005374 32.862095710431298  2.0863883054858201 32.743796937523015  2.1027563048093412 32.666020765769957  2.110940304471101 32.627416997969519 
 1.5707963267948966 4 1.5953483257801786 1 1.6199003247654606 1 1.6444523237507427 1 1.6690043227360247 1 1.6935563217213065 1 1.7181083207065888 1 1.7426603196918706 1 1.7672123186771527 1 1.7917643176624347 1 1.8163163166477168 1 1.8408683156329988 1 1.8654203146182808 1 1.8899723136035629 1 1.9145243125888449 1 1.939076311574127 1 1.9636283105594088 1 1.988180309544691 1 2.0127323085299729 1 2.0372843075152551 1 2.061836306500537 1 2.0863883054858192 1 2.110940304471101 4
7 0 0  3 25 23  1.5707963267948966 35.455844122715718  1.5789803264566571 35.410832119670303  1.595348325780179 35.320808130888196  1.6199003247654609 35.185853529498203  1.6444523237507425 35.051061674166817  1.6690043227360256 34.916513808704487  1.693556321721307 34.782291035844949  1.7181083207065888 34.648474260759805  1.7426603196918713 34.515144144327571  1.7672123186771518 34.382381053968061  1.7917643176624352 34.250265015345398  1.8163163166477165 34.118875664091853  1.8408683156329984 33.988292197816456  1.8654203146182808 33.858593328363312  1.8899723136035631 33.729857234370591  1.9145243125888454 33.60216151413416  1.9390763115741267 33.475583138879543  1.9636283105594099 33.350198406195112  1.9881803095446902 33.226082894679571  2.0127323085299738 33.10331141600642  2.0372843075152538 32.981957978708678  2.0618363065005374 32.862095710431298  2.0863883054858201 32.743796937523015  2.1027563048093412 32.666020765769957  2.110940304471101 32.627416997969519 
 1.5707963267948966 4 1.5953483257801786 1 1.6199003247654606 1 1.6444523237507427 1 1.6690043227360247 1 1.6935563217213065 1 1.7181083207065888 1 1.7426603196918706 1 1.7672123186771527 1 1.7917643176624347 1 1.8163163166477168 1 1.8408683156329988 1 1.8654203146182808 1 1.8899723136035629 1 1.9145243125888449 1 1.939076311574127 1 1.9636283105594088 1 1.988180309544691 1 2.0127323085299729 1 2.0372843075152551 1 2.061836306500537 1 2.0863883054858192 1 2.110940304471101 4
3 96 0 0 1 -1 0 7.7781745930520225 5.5
7 0 0  8 30 5  0 40.95584412271571  0.19634954084936207 40.95584412271571  0.39269908169853807 40.713509854762378  0.58904862254485124 40.228843377539306  0.78539816339798563 39.521767250727862  0.98174770424475355 38.632167059316998  1.1780972450959553 37.61568932847149  1.3744467859455345 36.535766597387209  1.7180584824319183 34.645902266712106  1.8653206380690537 33.83596070712391  2.0125827937062155 33.05278245654597  2.1598449493433236 32.323137969940944  2.3071071049802612 31.671926918552117  2.4543692606170815 31.120346386222742  2.6016314162540466 30.684458023375253  2.9697868053466006 29.909579699696213  3.1906800388037482 29.728010683655157  3.4115732722511893 29.864364499007934  3.6324665057072707 30.323728569986997  3.8533597391560761 31.076245933494647  4.0742529726253451 32.059544668314629  4.2951462060797949 33.191278776100773  4.7369326729908598 35.57441592715324  4.9578259064464874 36.825820289432158  5.1787191398980212 38.048456999720656  5.3996123733377317 39.147533813782502  5.6205056068174599 40.035736384306801  5.8413988402662653 40.6491393786564  6.0622920737240431 40.95584412271571  6.2831853071795756 40.95584412271571 
 0 9 1.5707963267949068 7 2.7488935718910765 7 4.5160394395353318 7 6.2831853071795862 9
7 0 0  3 25 23  0 40.95584412271571  0.023799944345378857 40.955855983770803  0.071399833036133467 40.946488430483122  0.14279966607226116 40.904491036085538  0.21419949910839636 40.834719743539765  0.28559933214452798 40.737541303097956  0.35699916518065777 40.613447909641103  0.42839899821679023 40.463072719624058  0.49979883125292179 40.287181794856004  0.57119866428905197 40.086671492965671  0.64259849732518459 39.862563553004527  0.71399833036131743 39.615999981814355  0.78539816339744839 39.348237209722825  0.8567979964335799 39.060639694744687  0.9281978294697113 38.754672967787123  0.99959766250584314 38.431896165275532  1.0709974955419763 38.093954083439712  1.1423973285781064 37.742568799021733  1.2137971616142389 37.379530885829872  1.2851969946503707 37.006690320723301  1.3565968276865019 36.625946943338356  1.427996660722634 36.239241197465752  1.4993964937587658 35.848542666111342  1.5469963824495199 35.58674483534233  1.5707963267948972 35.45584412271571 
 0 4 0.071399833036131677 1 0.14279966607226335 1 0.21419949910839503 1 0.28559933214452671 1 0.35699916518065838 1 0.42839899821679006 1 0.49979883125292174 1 0.57119866428905341 1 0.64259849732518504 1 0.71399833036131677 1 0.7853981633974485 1 0.85679799643358012 1 0.92819782946971174 1 0.99959766250584348 1 1.0709974955419752 1 1.1423973285781068 1 1.2137971616142385 1 1.2851969946503701 1 1.3565968276865019 1 1.4279966607226335 1 1.4993964937587652 1 1.570796326794897 4
3 96 0 0 1 -1 0 7.7781745930520225 5.5
7 0 0  8 30 5  0 40.95584412271571  0.19634954084936207 40.95584412271571  0.39269908169853807 40.713509854762378  0.58904862254485124 40.228843377539306  0.78539816339798563 39.521767250727862  0.98174770424475355 38.632167059316998  1.1780972450959553 37.61568932847149  1.3744467859455345 36.535766597387209  1.7180584824319183 34.645902266712106  1.8653206380690537 33.83596070712391  2.0125827937062155 33.05278245654597  2.1598449493433236 32.323137969940944  2.3071071049802612 31.671926918552117  2.4543692606170815 31.120346386222742  2.6016314162540466 30.684458023375253  2.9697868053466006 29.909579699696213  3.1906800388037482 29.728010683655157  3.4115732722511893 29.864364499007934  3.6324665057072707 30.323728569986997  3.8533597391560761 31.076245933494647  4.0742529726253451 32.059544668314629  4.2951462060797949 33.191278776100773  4.7369326729908598 35.57441592715324  4.9578259064464874 36.825820289432158  5.1787191398980212 38.048456999720656  5.3996123733377317 39.147533813782502  5.6205056068174599 40.035736384306801  5.8413988402662653 40.6491393786564  6.0622920737240431 40.95584412271571  6.2831853071795756 40.95584412271571 
 0 9 1.5707963267949068 7 2.7488935718910765 7 4.5160394395353318 7 6.2831853071795862 9
7 0 0  3 25 23  -1.5707963267948966 35.455844122715718  -1.5469963824495183 35.586744835342337  -1.4993964937587645 35.848542666111349  -1.4279966607226342 36.239241197465738  -1.3565968276865021 36.62594694333837  -1.285196994650371 37.006690320723301  -1.213797161614238 37.379530885829872  -1.1423973285781077 37.74256879902174  -1.0709974955419757 38.093954083439712  -0.99959766250584536 38.431896165275532  -0.92819782946971152 38.754672967787123  -0.85679799643357857 39.06063969474468  -0.78539816339744828 39.348237209722818  -0.7139983303613171 39.615999981814369  -0.64259849732518415 39.862563553004534  -0.57119866428905208 40.086671492965678  -0.49979883125292268 40.287181794855989  -0.42839899821679062 40.463072719624073  -0.35699916518065855 40.613447909641096  -0.28559933214452826 40.737541303097949  -0.21419949910839797 40.834719743539772  -0.14279966607226147 40.904491036085538  -0.071399833036132065 40.946488430483114  -0.023799944345379132 40.95585598377081  8.8817841970012523e-16 40.95584412271571 
 4.7123889803846897 4 4.7837888134208217 1 4.8551886464569529 1 4.926588479493085 1 4.9979883125292162 1 5.0693881455653482 1 5.1407879786014794 1 5.2121878116376115 1 5.2835876446737426 1 5.3549874777098747 1 5.4263873107460068 1 5.497787143782138 1 5.5691869768182691 1 5.6405868098544012 1 5.7119866428905333 1 5.7833864759266644 1 5.8547863089627965 1 5.9261861419989277 1 5.9975859750350597 1 6.0689858080711918 1 6.140385641107323 1 6.2117854741434542 1 6.2831853071795862 4
7 0 0  6 7 2  4.1111247637055568 32.344574285494886  4.219910240122962 32.837961696277198  4.3286957165403237 33.375532369483153  4.4374811929578755 33.946778521137276  4.546266669375143 34.539613596909476  4.655052145792582 35.141158405774334  4.7638376222099872 35.738686835190329 
 4.1111247637055577 7 4.7638376222099881 7
3 96 4 0 1 -1 0 7.7781745930520225 5.5
7 0 0  3 25 23  -2.1109403044711019 32.627416997969519  -2.1027563048093416 32.666020765769957  -2.086388305485821 32.743796937523022  -2.0618363065005374 32.862095710431284  -2.0372843075152538 32.981957978708671  -2.0127323085299738 33.103311416006427  -1.988180309544691 33.226082894679564  -1.9636283105594101 33.350198406195098  -1.9390763115741274 33.475583138879536  -1.9145243125888456 33.60216151413416  -1.8899723136035638 33.729857234370584  -1.8654203146182811 33.858593328363327  -1.8408683156330001 33.988292197816456  -1.8163163166477165 34.11887566409186  -1.7917643176624365 34.250265015345398  -1.7672123186771511 34.382381053968047  -1.7426603196918737 34.515144144327557  -1.7181083207065884 34.648474260759812  -1.6935563217213057 34.782291035844935  -1.6690043227360265 34.916513808704487  -1.6444523237507447 35.051061674166796  -1.6199003247654593 35.185853529498196  -1.5953483257801802 35.320808130888203  -1.5789803264566586 35.410832119670296  -1.5707963267948966 35.455844122715718 
 4.1722450027084852 4 4.196797001693767 1 4.2213490006790488 1 4.2459009996643315 1 4.2704529986496134 1 4.2950049976348952 1 4.319556996620177 1 4.3441089956054597 1 4.3686609945907415 1 4.3932129935760234 1 4.4177649925613052 1 4.442316991546587 1 4.4668689905318697 1 4.4914209895171515 1 4.5159729885024333 1 4.5405249874877152 1 4.5650769864729979 1 4.5896289854582797 1 4.6141809844435615 1 4.6387329834288433 1 4.663284982414126 1 4.6878369813994079 1 4.7123889803846897 4
7 0 0  3 25 23  -2.1109403044711019 32.627416997969519  -2.1027563048093416 32.666020765769957  -2.086388305485821 32.743796937523022  -2.0618363065005374 32.862095710431284  -2.0372843075152538 32.981957978708671  -2.0127323085299738 33.103311416006427  -1.988180309544691 33.226082894679564  -1.9636283105594101 33.350198406195098  -1.9390763115741274 33.475583138879536  -1.9145243125888456 33.60216151413416  -1.8899723136035638 33.729857234370584  -1.8654203146182811 33.858593328363327  -1.8408683156330001 33.988292197816456  -1.8163163166477165 34.11887566409186  -1.7917643176624365 34.250265015345398  -1.7672123186771511 34.382381053968047  -1.7426603196918737 34.515144144327557  -1.7181083207065884 34.648474260759812  -1.6935563217213057 34.782291035844935  -1.6690043227360265 34.916513808704487  -1.6444523237507447 35.051061674166796  -1.6199003247654593 35.185853529498196  -1.5953483257801802 35.320808130888203  -1.5789803264566586 35.410832119670296  -1.5707963267948966 35.455844122715718 
 4.1722450027084852 4 4.196797001693767 1 4.2213490006790488 1 4.2459009996643315 1 4.2704529986496134 1 4.2950049976348952 1 4.319556996620177 1 4.3441089956054597 1 4.3686609945907415 1 4.3932129935760234 1 4.4177649925613052 1 4.442316991546587 1 4.4668689905318697 1 4.4914209895171515 1 4.5159729885024333 1 4.5405249874877152 1 4.5650769864729979 1 4.5896289854582797 1 4.6141809844435615 1 4.6387329834288433 1 4.663284982414126 1 4.6878369813994079 1 4.7123889803846897 4
7 0 0  6 7 2  1.5193476849695997 35.738686835190322  1.6281331613870045 35.141158405774327  1.7369186378044361 34.539613596910158  1.8457041142217463 33.946778521135911  1.9544895906392554 33.375532369484517  2.0632750670566224 32.837961696277191  2.1720605434740272 32.344574285494886 
 1.5193476849695997 7 2.1720605434740281 7
3 154 4 0 1 -1 0 7.7781745930520225 5.5
7 0 0  3 25 23  1.5707963267948966 35.455844122715718  1.5789803264566571 35.410832119670303  1.595348325780179 35.320808130888196  1.6199003247654609 35.185853529498203  1.6444523237507427 35.051061674166817  1.6690043227360249 34.916513808704487  1.6935563217213077 34.782291035844949  1.7181083207065879 34.648474260759805  1.7426603196918713 34.515144144327571  1.7672123186771531 34.382381053968061  1.791764317662434 34.250265015345398  1.8163163166477181 34.118875664091853  1.8408683156329977 33.988292197816456  1.8654203146182819 33.858593328363312  1.8899723136035631 33.729857234370591  1.9145243125888454 33.60216151413416  1.9390763115741267 33.475583138879543  1.9636283105594097 33.350198406195112  1.9881803095446915 33.226082894679571  2.0127323085299746 33.10331141600642  2.0372843075152551 32.981957978708678  2.0618363065005387 32.862095710431298  2.0863883054858201 32.743796937523015  2.1027563048093407 32.666020765769957  2.110940304471101 32.627416997969519 
 1.5707963267948966 4 1.5953483257801786 1 1.6199003247654606 1 1.6444523237507427 1 1.6690043227360247 1 1.6935563217213065 1 1.7181083207065888 1 1.7426603196918706 1 1.7672123186771527 1 1.7917643176624347 1 1.8163163166477168 1 1.8408683156329988 1 1.8654203146182808 1 1.8899723136035629 1 1.9145243125888449 1 1.939076311574127 1 1.9636283105594088 1 1.988180309544691 1 2.0127323085299729 1 2.0372843075152551 1 2.061836306500537 1 2.0863883054858192 1 2.110940304471101 4
7 0 0  3 25 23  1.5707963267948966 35.455844122715718  1.5789803264566571 35.410832119670303  1.595348325780179 35.320808130888196  1.6199003247654609 35.185853529498203  1.6444523237507427 35.051061674166817  1.6690043227360249 34.916513808704487  1.6935563217213077 34.782291035844949  1.7181083207065879 34.648474260759805  1.7426603196918713 34.515144144327571  1.7672123186771531 34.382381053968061  1.791764317662434 34.250265015345398  1.8163163166477181 34.118875664091853  1.8408683156329977 33.988292197816456  1.8654203146182819 33.858593328363312  1.8899723136035631 33.729857234370591  1.9145243125888454 33.60216151413416  1.9390763115741267 33.475583138879543  1.9636283105594097 33.350198406195112  1.9881803095446915 33.226082894679571  2.0127323085299746 33.10331141600642  2.0372843075152551 32.981957978708678  2.0618363065005387 32.862095710431298  2.0863883054858201 32.743796937523015  2.1027563048093407 32.666020765769957  2.110940304471101 32.627416997969519 
 1.5707963267948966 4 1.5953483257801786 1 1.6199003247654606 1 1.6444523237507427 1 1.6690043227360247 1 1.6935563217213065 1 1.7181083207065888 1 1.7426603196918706 1 1.7672123186771527 1 1.7917643176624347 1 1.8163163166477168 1 1.8408683156329988 1 1.8654203146182808 1 1.8899723136035629 1 1.9145243125888449 1 1.939076311574127 1 1.9636283105594088 1 1.988180309544691 1 2.0127323085299729 1 2.0372843075152551 1 2.061836306500537 1 2.0863883054858192 1 2.110940304471101 4
3 154 0 0 1 -1 0 7.7781745930520225 5.5
7 0 0  8 30 5  0 40.95584412271571  0.19634954084936207 40.95584412271571  0.39269908169706014 40.713509854762378  0.58904862255167245 40.228843377539306  0.78539816339161916 39.521767250727862  0.98174770424884628 38.632167059316998  1.1780972450944773 37.61568932847149  1.3744467859455345 36.535766597387209  1.7180584824319183 34.645902266712106  1.8653206380693947 33.83596070712391  2.0125827937052492 33.05278245654597  2.1598449493428689 32.323137969940944  2.3071071049805738 31.671926918552117  2.4543692606165699 31.120346386222742  2.6016314162540466 30.684458023375253  2.9697868053466006 29.909579699696213  3.1906800388010197 29.728010683655157  3.4115732722548273 29.864364499007934  3.6324665057145467 30.323728569986997  3.85335973916699 31.076245933494647  4.0742529726212524 32.059544668314629  4.2951462060797949 33.191278776100773  4.7369326729908598 35.57441592715324  4.9578259064473968 36.825820289432158  5.1787191398907453 38.048456999720656  5.3996123733522836 39.147533813782502  5.62050560679927 40.035736384306801  5.8413988402708128 40.6491393786564  6.0622920737240431 40.95584412271571  6.2831853071795756 40.95584412271571 
 0 9 1.5707963267949068 7 2.7488935718910765 7 4.5160394395353318 7 6.2831853071795862 9
7 0 0  3 25 23  0 40.95584412271571  0.023799944345374722 40.955855983770803  0.071399833036128971 40.946488430483122  0.14279966607226754 40.904491036085538  0.21419949910839065 40.834719743539765  0.28559933214452926 40.737541303097956  0.35699916518065855 40.613447909641103  0.42839899821678618 40.463072719624058  0.4997988312529229 40.287181794856004  0.57119866428905164 40.086671492965671  0.64259849732518459 39.862563553004527  0.71399833036131732 39.615999981814355  0.78539816339744917 39.348237209722825  0.85679799643357712 39.060639694744687  0.92819782946971208 38.754672967787123  0.9995976625058437 38.431896165275532  1.0709974955419743 38.093954083439712  1.1423973285781057 37.742568799021733  1.2137971616142376 37.379530885829872  1.2851969946503714 37.006690320723301  1.356596827686501 36.625946943338356  1.4279966607226342 36.239241197465752  1.4993964937587658 35.848542666111342  1.5469963824495199 35.58674483534233  1.5707963267948972 35.45584412271571 
 0 4 0.071399833036131677 1 0.14279966607226335 1 0.21419949910839503 1 0.28559933214452671 1 0.35699916518065838 1 0.42839899821679006 1 0.49979883125292174 1 0.57119866428905341 1 0.64259849732518504 1 0.71399833036131677 1 0.7853981633974485 1 0.85679799643358012 1 0.92819782946971174 1 0.99959766250584348 1 1.0709974955419752 1 1.1423973285781068 1 1.2137971616142385 1 1.2851969946503701 1 1.3565968276865019 1 1.4279966607226335 1 1.4993964937587652 1 1.570796326794897 4
3 154 0 0 1 -1 0 7.7781745930520225 5.5
7 0 0  8 30 5  0 40.95584412271571  0.19634954084936207 40.95584412271571  0.39269908169706014 40.713509854762378  0.58904862255167245 40.228843377539306  0.78539816339161916 39.521767250727862  0.98174770424884628 38.632167059316998  1.1780972450944773 37.61568932847149  1.3744467859455345 36.535766597387209  1.7180584824319183 34.645902266712106  1.8653206380693947 33.83596070712391  2.0125827937052492 33.05278245654597  2.1598449493428689 32.323137969940944  2.3071071049805738 31.671926918552117  2.4543692606165699 31.120346386222742  2.6016314162540466 30.684458023375253  2.9697868053466006 29.909579699696213  3.1906800388010197 29.728010683655157  3.4115732722548273 29.864364499007934  3.6324665057145467 30.323728569986997  3.85335973916699 31.076245933494647  4.0742529726212524 32.059544668314629  4.2951462060797949 33.191278776100773  4.7369326729908598 35.57441592715324  4.9578259064473968 36.825820289432158  5.1787191398907453 38.048456999720656  5.3996123733522836 39.147533813782502  5.62050560679927 40.035736384306801  5.8413988402708128 40.6491393786564  6.0622920737240431 40.95584412271571  6.2831853071795756 40.95584412271571 
 0 9 1.5707963267949068 7 2.7488935718910765 7 4.5160394395353318 7 6.2831853071795862 9
7 0 0  3 25 23  -1.5707963267948966 35.455844122715718  -1.5469963824495183 35.586744835342337  -1.4993964937587645 35.848542666111349  -1.4279966607226342 36.239241197465738  -1.3565968276865012 36.62594694333837  -1.2851969946503701 37.006690320723301  -1.2137971616142389 37.379530885829872  -1.1423973285781051 37.74256879902174  -1.0709974955419757 38.093954083439712  -0.99959766250584536 38.431896165275532  -0.92819782946971152 38.754672967787123  -0.85679799643357857 39.06063969474468  -0.78539816339744828 39.348237209722818  -0.7139983303613171 39.615999981814369  -0.64259849732518504 39.862563553004534  -0.57119866428905119 40.086671492965678  -0.49979883125292357 40.287181794855989  -0.42839899821678618 40.463072719624073  -0.35699916518066033 40.613447909641096  -0.28559933214452826 40.737541303097949  -0.21419949910839087 40.834719743539772  -0.14279966607226768 40.904491036085538  -0.071399833036128513 40.946488430483114  -0.023799944345374691 40.95585598377081  0 40.95584412271571 
 4.7123889803846897 4 4.7837888134208217 1 4.8551886464569529 1 4.926588479493085 1 4.9979883125292162 1 5.0693881455653482 1 5.1407879786014794 1 5.2121878116376115 1 5.2835876446737426 1 5.3549874777098747 1 5.4263873107460068 1 5.497787143782138 1 5.5691869768182691 1 5.6405868098544012 1 5.7119866428905333 1 5.7833864759266644 1 5.8547863089627965 1 5.9261861419989277 1 5.9975859750350597 1 6.0689858080711918 1 6.140385641107323 1 6.2117854741434542 1 6.2831853071795862 4
7 0 0  6 7 2  4.1111247637055586 32.344574285494886  4.2199102401229638 32.837961696277191  4.3286957165404374 33.375532369483153  4.4374811929576481 33.94677852113773  4.5462666693752567 34.539613596909021  4.6550521457925811 35.141158405774327  4.7638376222099854 35.738686835190322 
 4.1111247637055577 7 4.7638376222099863 7
3 154 4 0 1 -1 0 7.7781745930520225 5.5
7 0 0  3 25 23  -2.1109403044711019 32.627416997969519  -2.1027563048093416 32.666020765769957  -2.0863883054858201 32.743796937523022  -2.0618363065005392 32.862095710431284  -2.0372843075152565 32.981957978708671  -2.0127323085299738 33.103311416006427  -1.9881803095446937 33.226082894679564  -1.9636283105594083 33.350198406195098  -1.9390763115741274 33.475583138879536  -1.9145243125888456 33.60216151413416  -1.8899723136035629 33.729857234370584  -1.8654203146182828 33.858593328363327  -1.8408683156329992 33.988292197816456  -1.8163163166477183 34.11887566409186  -1.7917643176624356 34.250265015345398  -1.7672123186771529 34.382381053968047  -1.7426603196918737 34.515144144327557  -1.7181083207065884 34.648474260759812  -1.6935563217213065 34.782291035844935  -1.6690043227360256 34.916513808704487  -1.6444523237507456 35.051061674166796  -1.6199003247654593 35.185853529498196  -1.5953483257801802 35.320808130888203  -1.5789803264566586 35.410832119670296  -1.5707963267948966 35.455844122715718 
 4.1722450027084852 4 4.196797001693767 1 4.2213490006790488 1 4.2459009996643315 1 4.2704529986496134 1 4.2950049976348952 1 4.319556996620177 1 4.3441089956054597 1 4.3686609945907415 1 4.3932129935760234 1 4.4177649925613052 1 4.442316991546587 1 4.4668689905318697 1 4.4914209895171515 1 4.5159729885024333 1 4.5405249874877152 1 4.5650769864729979 1 4.5896289854582797 1 4.6141809844435615 1 4.6387329834288433 1 4.663284982414126 1 4.6878369813994079 1 4.7123889803846897 4
7 0 0  3 25 23  -2.1109403044711019 32.627416997969519  -2.1027563048093416 32.666020765769957  -2.0863883054858201 32.743796937523022  -2.0618363065005392 32.862095710431284  -2.0372843075152565 32.981957978708671  -2.0127323085299738 33.103311416006427  -1.9881803095446937 33.226082894679564  -1.9636283105594083 33.350198406195098  -1.9390763115741274 33.475583138879536  -1.9145243125888456 33.60216151413416  -1.8899723136035629 33.729857234370584  -1.8654203146182828 33.858593328363327  -1.8408683156329992 33.988292197816456  -1.8163163166477183 34.11887566409186  -1.7917643176624356 34.250265015345398  -1.7672123186771529 34.382381053968047  -1.7426603196918737 34.515144144327557  -1.7181083207065884 34.648474260759812  -1.6935563217213065 34.782291035844935  -1.6690043227360256 34.916513808704487  -1.6444523237507456 35.051061674166796  -1.6199003247654593 35.185853529498196  -1.5953483257801802 35.320808130888203  -1.5789803264566586 35.410832119670296  -1.5707963267948966 35.455844122715718 
 4.1722450027084852 4 4.196797001693767 1 4.2213490006790488 1 4.2459009996643315 1 4.2704529986496134 1 4.2950049976348952 1 4.319556996620177 1 4.3441089956054597 1 4.3686609945907415 1 4.3932129935760234 1 4.4177649925613052 1 4.442316991546587 1 4.4668689905318697 1 4.4914209895171515 1 4.5159729885024333 1 4.5405249874877152 1 4.5650769864729979 1 4.5896289854582797 1 4.6141809844435615 1 4.6387329834288433 1 4.663284982414126 1 4.6878369813994079 1 4.7123889803846897 4
7 0 0  6 7 2  4.7638376222099597 35.738686835190151  4.655052145792685 35.141158405774874  4.5462666693752283 34.53961359691084  4.4374811929582165 33.946778521138185  4.3286957165407216 33.375532369485882  4.2199102401235784 32.837961696280225  4.1111247637063038 32.344574285498254 
 1.5193476849696366 7 2.1720605434732829 7
3 154 0 0 -1 1 0 7.7781745930520225 5.5
7 0 0  3 25 23  -1.5707963267948966 35.455844122715689  -1.578980326456648 35.410832119670332  -1.5953483257801562 35.32080813088831  -1.6199003247654238 35.185853529498381  -1.6444523237506914 35.051061674167066  -1.6690043227359599 34.916513808704828  -1.693556321721239 34.782291035845283  -1.7181083207064987 34.648474260760267  -1.7426603196917636 34.515144144328126  -1.7672123186770303 34.382381053968679  -1.7917643176622899 34.250265015346159  -1.8163163166475593 34.118875664092684  -1.8408683156328491 33.988292197817231  -1.8654203146181008 33.858593328364236  -1.8899723136033622 33.729857234371622  -1.9145243125886315 33.60216151413524  -1.9390763115738974 33.475583138880694  -1.9636283105591641 33.350198406196327  -1.9881803095444388 33.226082894680808  -2.0127323085296966 33.103311416007777  -2.0372843075149687 32.981957978710057  -2.0618363065002452 32.862095710432669  -2.0863883054855066 32.7437969375245  -2.1027563048090094 32.666020765771513  -2.1109403044707591 32.627416997971125 
 1.5707963267948966 4 1.5953483257801635 1 1.6199003247654304 1 1.6444523237506972 1 1.6690043227359641 1 1.6935563217212311 1 1.718108320706498 1 1.7426603196917649 1 1.7672123186770317 1 1.7917643176622986 1 1.8163163166475655 1 1.8408683156328325 1 1.8654203146180994 1 1.8899723136033661 1 1.9145243125886333 1 1.9390763115739 1 1.963628310559167 1 1.9881803095444339 1 2.0127323085297006 1 2.0372843075149678 1 2.0618363065002345 1 2.0863883054855012 1 2.1109403044707684 4
7 0 0  3 25 23  4.7123889803846897 35.455844122715689  4.720572980046442 35.410832119670332  4.7369409793699493 35.32080813088831  4.7614929783552169 35.185853529498381  4.7860449773404836 35.051061674167066  4.8105969763257539 34.916513808704828  4.8351489753110304 34.782291035845283  4.8597009742962927 34.648474260760267  4.8842529732815558 34.515144144328126  4.9088049722668226 34.382381053968679  4.9333569712520831 34.250265015346159  4.9579089702373507 34.118875664092684  4.9824609692226431 33.988292197817231  5.0070129682078939 33.858593328364236  5.0315649671931562 33.729857234371622  5.0561169661784255 33.60216151413524  5.0806689651636887 33.475583138880694  5.1052209641489599 33.350198406196327  5.129772963134231 33.226082894680808  5.1543249621194915 33.103311416007777  5.1788769611047609 32.981957978710057  5.2034289600900383 32.862095710432669  5.2279809590753024 32.7437969375245  5.2443489583988026 32.666020765771513  5.2525329580605522 32.627416997971125 
 1.5707963267948966 4 1.5953483257801635 1 1.6199003247654304 1 1.6444523237506972 1 1.6690043227359641 1 1.6935563217212311 1 1.718108320706498 1 1.7426603196917649 1 1.7672123186770317 1 1.7917643176622986 1 1.8163163166475655 1 1.8408683156328325 1 1.8654203146180994 1 1.8899723136033661 1 1.9145243125886333 1 1.9390763115739 1 1.963628310559167 1 1.9881803095444339 1 2.0127323085297006 1 2.0372843075149678 1 2.0618363065002345 1 2.0863883054855012 1 2.1109403044707684 4
8 63.212500000000006 374.36249999999995
1 357.15937500000001 63.212500000000006 0 1 
8 63.212500000000006 374.36249999999995
1 -63.212500000000006 19 1 0 
8 -310.73906250000005 -46.420312500000001
1 46.420312500000001 126.42500000000001 -1 0 
8 -310.73906250000005 -46.420312500000001
1 -46.420312500000001 -19 -1 -0 
8 63.212500000000006 374.36249999999995
1 92.840625000000003 63.212500000000006 0 1 
8 63.212500000000006 374.36249999999995
1 -63.212500000000006 19 1 0 
8 -310.73906250000005 -46.420312500000001
1 46.420312500000001 437.57499999999999 -1 0 
8 -310.73906250000005 -46.420312500000001
1 -46.420312500000001 -19 -1 -0 
2 210 502 1 0 -0 1 12.699999999999999
1 0 19 1 0 
2 210 72 1 0 -0 1 12.699999999999999
1 0 19 1 0 
2 260 72 1 0 -0 1 12.699999999999999
1 0 19 1 0 
2 310 72 1 0 -0 1 12.699999999999999
1 0 19 1 0 
2 225 118.48750000000001 1 0 -0 1 3.5718749999999999
1 0 19 1 0 
2 365.09687500000001 50.224999999999994 1 0 -0 1 3.5718749999999999
1 0 19 1 0 
2 84.903125000000003 282 1 0 -0 1 3.5718749999999999
1 0 19 1 0 
2 225 445.51249999999999 1 0 -0 1 3.5718749999999999
1 0 19 1 0 
2 365.09687500000001 282 1 0 -0 1 3.5718749999999999
1 0 19 1 0 
2 365.09687500000001 459.80000000000001 1 0 -0 1 3.5718749999999999
1 0 19 1 0 
1 0 0 1 0 
1 0 0 1 0 
1 400.05000000000001 0 0 -1 
1 0 0 0 1 
7 0 0  7 14 3  3.8708398065126008 33.900209204105288  4.0431501994173855 33.268743920589785  4.2154605923228345 32.495214806457625  4.387770985225437 31.610247047745361  4.5600813781329848 30.654788210234983  4.7323917710359282 29.676446474226395  4.9047021639413089 28.723105889394649  5.2493229497508782 26.952299783780933  5.4216333426557171 26.134835173084866  5.5939437355601385 25.428240796285536  5.7662541284653557 24.870535060515977  5.9385645213700045 24.489507080498697  6.1108749142748016 24.298989873223331  6.2831853071795862 24.298989873223331 
 0.72924715292280906 8 1.9354199032563011 6 3.1415926535897931 8
3 154 -14 0 -1 1 0 7.7781745930520225 5.5
7 0 0  3 25 23  -2.110940304471101 32.627416997969519  -2.0789563604639634 32.476565038114053  -2.014988472449688 32.166119058486728  -1.9190366404282724 31.678717522395743  -1.8230848084068612 31.174011201310833  -1.7271329763854446 30.656658286938963  -1.6311811443640352 30.131414234733523  -1.5352293123426177 29.603112208934498  -1.4392774803212047 29.076612136243384  -1.3433256482997917 28.556757733023908  -1.2473738162783761 28.048331479171878  -1.151421984256964 27.556010745454071  -1.0554701522355501 27.084324729829998  -0.95951832021413797 26.637612798760532  -0.8635664881927223 26.219984565527042  -0.76761465617130487 25.835282077889524  -0.67166282414989986 25.487044493924781  -0.57571099212848242 25.178475442038728  -0.47975916010707031 24.912413850359588  -0.38380732808565643 24.691306703135137  -0.28785549606424166 24.517190732787853  -0.19190366404282866 24.391657994708282  -0.095951832021410333 24.315899768855125  -0.031983944007137666 24.298951320391435  0 24.298989873223331 
 1.0306523491186923 4 1.126604181140106 1 1.2225560131615196 1 1.3185078451829333 1 1.414459677204347 1 1.5104115092257606 1 1.6063633412471745 1 1.7023151732685879 1 1.7982670052900018 1 1.8942188373114153 1 1.9901706693328292 1 2.086122501354243 1 2.1820743333756565 1 2.2780261653970699 1 2.3739779974184838 1 2.4699298294398977 1 2.5658816614613111 1 2.6618334934827246 1 2.7577853255041385 1 2.8537371575255523 1 2.9496889895469658 1 3.0456408215683792 1 3.1415926535897931 4
7 0 0  3 25 23  -2.110940304471101 32.627416997969519  -2.0789563604639634 32.476565038114053  -2.014988472449688 32.166119058486728  -1.9190366404282724 31.678717522395743  -1.8230848084068612 31.174011201310833  -1.7271329763854446 30.656658286938963  -1.6311811443640352 30.131414234733523  -1.5352293123426177 29.603112208934498  -1.4392774803212047 29.076612136243384  -1.3433256482997917 28.556757733023908  -1.2473738162783761 28.048331479171878  -1.151421984256964 27.556010745454071  -1.0554701522355501 27.084324729829998  -0.95951832021413797 26.637612798760532  -0.8635664881927223 26.219984565527042  -0.76761465617130487 25.835282077889524  -0.67166282414989986 25.487044493924781  -0.57571099212848242 25.178475442038728  -0.47975916010707031 24.912413850359588  -0.38380732808565643 24.691306703135137  -0.28785549606424166 24.517190732787853  -0.19190366404282866 24.391657994708282  -0.095951832021410333 24.315899768855125  -0.031983944007137666 24.298951320391435  0 24.298989873223331 
 1.0306523491186923 4 1.126604181140106 1 1.2225560131615196 1 1.3185078451829333 1 1.414459677204347 1 1.5104115092257606 1 1.6063633412471745 1 1.7023151732685879 1 1.7982670052900018 1 1.8942188373114153 1 1.9901706693328292 1 2.086122501354243 1 2.1820743333756565 1 2.2780261653970699 1 2.3739779974184838 1 2.4699298294398977 1 2.5658816614613111 1 2.6618334934827246 1 2.7577853255041385 1 2.8537371575255523 1 2.9496889895469658 1 3.0456408215683792 1 3.1415926535897931 4
7 0 0  7 14 3  0 24.298989873223331  0.17231039290478453 24.298989873223331  0.34462078580966704 24.489507080499607  0.51693117871406002 24.870535060523252  0.68924157161944777 25.428240796285536  0.86155196452378391 26.134835173083047  1.0338623574287078 26.95229978378093  1.3784831432382767 28.723105889394645  1.5507935361430896 29.676446474233671  1.7231039290481931 30.654788210231345  1.895414321952785 31.610247047763551  2.067724714857377 32.495214806451258  2.2400351077622007 33.268743920589785  2.4123455006669854 33.900209204105288 
 3.1415926535897931 8 4.3477654039232849 6 5.5539381542567767 8
3 154 -14 0 -1 1 0 7.7781745930520225 5.5
7 0 0  3 25 23  0 24.298989873223331  0.031983944007136687 24.298951320391435  0.09595183202141197 24.315899768855129  0.1919036640428286 24.391657994708279  0.28785549606423866 24.517190732787856  0.38380732808565993 24.691306703135133  0.47975916010706271 24.912413850359577  0.57571099212848575 25.178475442038735  0.67166282414989731 25.487044493924781  0.76761465617130653 25.835282077889531  0.86356648819272319 26.219984565527021  0.95951832021413708 26.637612798760539  1.0554701522355492 27.084324729830001  1.1514219842569646 27.556010745454063  1.2473738162783781 28.048331479171878  1.343325648299792 28.5567577330239  1.4392774803212056 29.07661213624338  1.5352293123426184 29.603112208934498  1.6311811443640327 30.131414234733519  1.7271329763854457 30.656658286938963  1.8230848084068603 31.174011201310822  1.9190366404282708 31.678717522395743  2.0149884724496889 32.166119058486728  2.0789563604639634 32.476565038114039  2.110940304471101 32.627416997969519 
 3.1415926535897931 4 3.237544485611207 1 3.3334963176326204 1 3.4294481496540343 1 3.5253999816754478 1 3.6213518136968617 1 3.7173036457182751 1 3.813255477739689 1 3.9092073097611024 1 4.0051591417825163 1 4.1011109738039302 1 4.1970628058253432 1 4.2930146378467571 1 4.388966469868171 1 4.4849183018895848 1 4.5808701339109987 1 4.6768219659324117 1 4.7727737979538256 1 4.8687256299752395 1 4.9646774619966525 1 5.0606292940180664 1 5.1565811260394803 1 5.2525329580608942 4
7 0 0  3 25 23  0 24.298989873223331  0.031983944007136687 24.298951320391435  0.09595183202141197 24.315899768855129  0.1919036640428286 24.391657994708279  0.28785549606423866 24.517190732787856  0.38380732808565993 24.691306703135133  0.47975916010706271 24.912413850359577  0.57571099212848575 25.178475442038735  0.67166282414989731 25.487044493924781  0.76761465617130653 25.835282077889531  0.86356648819272319 26.219984565527021  0.95951832021413708 26.637612798760539  1.0554701522355492 27.084324729830001  1.1514219842569646 27.556010745454063  1.2473738162783781 28.048331479171878  1.343325648299792 28.5567577330239  1.4392774803212056 29.07661213624338  1.5352293123426184 29.603112208934498  1.6311811443640327 30.131414234733519  1.7271329763854457 30.656658286938963  1.8230848084068603 31.174011201310822  1.9190366404282708 31.678717522395743  2.0149884724496889 32.166119058486728  2.0789563604639634 32.476565038114039  2.110940304471101 32.627416997969519 
 3.1415926535897931 4 3.237544485611207 1 3.3334963176326204 1 3.4294481496540343 1 3.5253999816754478 1 3.6213518136968617 1 3.7173036457182751 1 3.813255477739689 1 3.9092073097611024 1 4.0051591417825163 1 4.1011109738039302 1 4.1970628058253432 1 4.2930146378467571 1 4.388966469868171 1 4.4849183018895848 1 4.5808701339109987 1 4.6768219659324117 1 4.7727737979538256 1 4.8687256299752395 1 4.9646774619966525 1 5.0606292940180664 1 5.1565811260394803 1 5.2525329580608942 4
7 0 0  7 14 3  3.8708398065126026 33.900209204105288  4.0431501994173873 33.268743920589785  4.2154605923221524 32.495214806457625  4.3877709852268012 31.610247047745361  4.5600813781316205 30.654788210234983  4.7323917710366104 29.676446474226395  4.9047021639413089 28.723105889394649  5.2493229497508782 26.952299783780933  5.4216333426557455 26.134835173084866  5.5939437355600816 25.428240796285536  5.7662541284653557 24.870535060515977  5.9385645213699192 24.489507080498697  6.1108749142748016 24.298989873223331  6.2831853071795862 24.298989873223331 
 0.72924715292280906 8 1.9354199032563011 6 3.1415926535897931 8
3 96 -14 0 -1 1 0 7.7781745930520225 5.5
7 0 0  3 25 23  -2.110940304471101 32.627416997969519  -2.0789563604639634 32.476565038114053  -2.0149884724496872 32.166119058486728  -1.9190366404282742 31.678717522395743  -1.8230848084068603 31.174011201310833  -1.7271329763854455 30.656658286938963  -1.6311811443640343 30.131414234733523  -1.5352293123426186 29.603112208934498  -1.4392774803212047 29.076612136243384  -1.3433256482997917 28.556757733023908  -1.2473738162783761 28.048331479171878  -1.151421984256964 27.556010745454071  -1.0554701522355501 27.084324729829998  -0.95951832021413797 26.637612798760532  -0.8635664881927223 26.219984565527042  -0.76761465617130842 25.835282077889524  -0.67166282414989631 25.487044493924781  -0.57571099212848065 25.178475442038728  -0.47975916010706765 24.912413850359588  -0.38380732808565465 24.691306703135137  -0.28785549606424166 24.517190732787853  -0.19190366404282777 24.391657994708282  -0.095951832021413885 24.315899768855125  -0.03198394400714033 24.298951320391435  -8.8817841970012523e-16 24.298989873223331 
 1.0306523491186923 4 1.126604181140106 1 1.2225560131615196 1 1.3185078451829333 1 1.414459677204347 1 1.5104115092257606 1 1.6063633412471745 1 1.7023151732685879 1 1.7982670052900018 1 1.8942188373114153 1 1.9901706693328292 1 2.086122501354243 1 2.1820743333756565 1 2.2780261653970699 1 2.3739779974184838 1 2.4699298294398977 1 2.5658816614613111 1 2.6618334934827246 1 2.7577853255041385 1 2.8537371575255523 1 2.9496889895469658 1 3.0456408215683792 1 3.1415926535897931 4
7 0 0  3 25 23  -2.110940304471101 32.627416997969519  -2.0789563604639634 32.476565038114053  -2.0149884724496872 32.166119058486728  -1.9190366404282742 31.678717522395743  -1.8230848084068603 31.174011201310833  -1.7271329763854455 30.656658286938963  -1.6311811443640343 30.131414234733523  -1.5352293123426186 29.603112208934498  -1.4392774803212047 29.076612136243384  -1.3433256482997917 28.556757733023908  -1.2473738162783761 28.048331479171878  -1.151421984256964 27.556010745454071  -1.0554701522355501 27.084324729829998  -0.95951832021413797 26.637612798760532  -0.8635664881927223 26.219984565527042  -0.76761465617130842 25.835282077889524  -0.67166282414989631 25.487044493924781  -0.57571099212848065 25.178475442038728  -0.47975916010706765 24.912413850359588  -0.38380732808565465 24.691306703135137  -0.28785549606424166 24.517190732787853  -0.19190366404282777 24.391657994708282  -0.095951832021413885 24.315899768855125  -0.03198394400714033 24.298951320391435  -8.8817841970012523e-16 24.298989873223331 
 1.0306523491186923 4 1.126604181140106 1 1.2225560131615196 1 1.3185078451829333 1 1.414459677204347 1 1.5104115092257606 1 1.6063633412471745 1 1.7023151732685879 1 1.7982670052900018 1 1.8942188373114153 1 1.9901706693328292 1 2.086122501354243 1 2.1820743333756565 1 2.2780261653970699 1 2.3739779974184838 1 2.4699298294398977 1 2.5658816614613111 1 2.6618334934827246 1 2.7577853255041385 1 2.8537371575255523 1 2.9496889895469658 1 3.0456408215683792 1 3.1415926535897931 4
7 0 0  7 14 3  0 24.298989873223331  0.17231039290478453 24.298989873223331  0.34462078580949651 24.489507080499607  0.51693117871451477 24.870535060523252  0.68924157161933408 25.428240796285536  0.8615519645238976 26.134835173083047  1.0338623574287078 26.95229978378093  1.3784831432382767 28.723105889394645  1.5507935361430327 29.676446474233671  1.7231039290479657 30.654788210231345  1.895414321952785 31.610247047763551  2.0677247148572633 32.495214806451258  2.2400351077621989 33.268743920589785  2.4123455006669836 33.900209204105288 
 3.1415926535897931 8 4.3477654039232849 6 5.5539381542567767 8
3 96 -14 0 -1 1 0 7.7781745930520225 5.5
7 0 0  3 25 23  0 24.298989873223331  0.031983944007136687 24.298951320391435  0.095951832021412081 24.315899768855129  0.19190366404282819 24.391657994708279  0.2878554960642401 24.517190732787856  0.38380732808565454 24.691306703135133  0.47975916010706843 24.912413850359577  0.57571099212848187 25.178475442038735  0.67166282414989431 25.487044493924781  0.76761465617131042 25.835282077889531  0.86356648819272197 26.219984565527021  0.95951832021413752 26.637612798760539  1.055470152235549 27.084324729830001  1.1514219842569646 27.556010745454063  1.2473738162783781 28.048331479171878  1.343325648299792 28.5567577330239  1.4392774803212056 29.07661213624338  1.5352293123426184 29.603112208934498  1.6311811443640327 30.131414234733519  1.7271329763854457 30.656658286938963  1.8230848084068603 31.174011201310822  1.9190366404282722 31.678717522395743  2.0149884724496885 32.166119058486728  2.0789563604639629 32.476565038114039  2.110940304471101 32.627416997969519 
 3.1415926535897931 4 3.237544485611207 1 3.3334963176326204 1 3.4294481496540343 1 3.5253999816754478 1 3.6213518136968617 1 3.7173036457182751 1 3.813255477739689 1 3.9092073097611024 1 4.0051591417825163 1 4.1011109738039302 1 4.1970628058253432 1 4.2930146378467571 1 4.388966469868171 1 4.4849183018895848 1 4.5808701339109987 1 4.6768219659324117 1 4.7727737979538256 1 4.8687256299752395 1 4.9646774619966525 1 5.0606292940180664 1 5.1565811260394803 1 5.2525329580608942 4
7 0 0  3 25 23  0 24.298989873223331  0.031983944007136687 24.298951320391435  0.095951832021412081 24.315899768855129  0.19190366404282819 24.391657994708279  0.2878554960642401 24.517190732787856  0.38380732808565454 24.691306703135133  0.47975916010706843 24.912413850359577  0.57571099212848187 25.178475442038735  0.67166282414989431 25.487044493924781  0.76761465617131042 25.835282077889531  0.86356648819272197 26.219984565527021  0.95951832021413752 26.637612798760539  1.055470152235549 27.084324729830001  1.1514219842569646 27.556010745454063  1.2473738162783781 28.048331479171878  1.343325648299792 28.5567577330239  1.4392774803212056 29.07661213624338  1.5352293123426184 29.603112208934498  1.6311811443640327 30.131414234733519  1.7271329763854457 30.656658286938963  1.8230848084068603 31.174011201310822  1.9190366404282722 31.678717522395743  2.0149884724496885 32.166119058486728  2.0789563604639629 32.476565038114039  2.110940304471101 32.627416997969519 
 3.1415926535897931 4 3.237544485611207 1 3.3334963176326204 1 3.4294481496540343 1 3.5253999816754478 1 3.6213518136968617 1 3.7173036457182751 1 3.813255477739689 1 3.9092073097611024 1 4.0051591417825163 1 4.1011109738039302 1 4.1970628058253432 1 4.2930146378467571 1 4.388966469868171 1 4.4849183018895848 1 4.5808701339109987 1 4.6768219659324117 1 4.7727737979538256 1 4.8687256299752395 1 4.9646774619966525 1 5.0606292940180664 1 5.1565811260394803 1 5.2525329580608942 4
1 0 0 0 -1 
1 0 0 0 1 
1 0 0 0 1 
1 264.31875000000002 0 0 -1 
1 311.14999999999998 0 0 1 
1 264.31875000000002 0 0 -1 
8 63.212500000000006 374.36249999999995
1 357.15937500000001 63.212500000000006 0 1 
8 63.212500000000006 374.36249999999995
1 -63.212500000000006 1 1 0 
1 0 0 0 -1 
1 0 0 0 1 
8 -310.73906250000005 -46.420312500000001
1 46.420312500000001 126.42500000000001 -1 0 
8 -310.73906250000005 -46.420312500000001
1 -46.420312500000001 -1 -1 -0 
1 0 0 0 -1 
1 311.14999999999998 0 0 1 
8 63.212500000000006 374.36249999999995
1 92.840625000000003 63.212500000000006 0 1 
8 63.212500000000006 374.36249999999995
1 -63.212500000000006 1 1 0 
8 -310.73906250000005 -46.420312500000001
1 46.420312500000001 437.57499999999999 -1 0 
8 -310.73906250000005 -46.420312500000001
1 -46.420312500000001 -1 -1 -0 
1 6.2831853071795862 -0 0 1 
1 0 -0 0 1 
2 210 502 1 0 -0 1 12.699999999999999
1 0 1 1 0 
1 6.2831853071795862 -0 0 1 
1 0 -0 0 1 
2 210 72 1 0 -0 1 12.699999999999999
1 0 1 1 0 
1 6.2831853071795862 -0 0 1 
1 0 -0 0 1 
2 260 72 1 0 -0 1 12.699999999999999
1 0 1 1 0 
1 6.2831853071795862 -0 0 1 
1 0 -0 0 1 
2 310 72 1 0 -0 1 12.699999999999999
1 0 1 1 0 
1 6.2831853071795862 -0 0 1 
1 0 -0 0 1 
2 225 118.48750000000001 1 0 -0 1 3.5718749999999999
1 0 1 1 0 
1 6.2831853071795862 -0 0 1 
1 0 -0 0 1 
2 365.09687500000001 50.224999999999994 1 0 -0 1 3.5718749999999999
1 0 1 1 0 
1 6.2831853071795862 -0 0 1 
1 0 -0 0 1 
2 84.903125000000003 282 1 0 -0 1 3.5718749999999999
1 0 1 1 0 
1 6.2831853071795862 -0 0 1 
1 0 -0 0 1 
2 225 445.51249999999999 1 0 -0 1 3.5718749999999999
1 0 1 1 0 
1 6.2831853071795862 -0 0 1 
1 0 -0 0 1 
2 365.09687500000001 282 1 0 -0 1 3.5718749999999999
1 0 1 1 0 
1 6.2831853071795862 -0 0 1 
1 0 -0 0 1 
2 365.09687500000001 459.80000000000001 1 0 -0 1 3.5718749999999999
1 0 1 1 0 
Curves 76
1 586 0 0 0 0 1 
1 586 0 400.05000000000001 -0 1 0 
1 586 18 0 0 0 1 
3 586 13.999999999999943 154 1 0 -0 0 1 0 0 -0 1 7.7781745930520225 5.5
3 586 13.999999999999943 154 1 0 -0 0 1 0 0 -0 1 7.7781745930520225 5.5
3 586 13.999999999999943 96 1 0 -0 0 1 0 0 -0 1 7.7781745930520225 5.5
3 586 13.999999999999943 96 1 0 -0 0 1 0 0 -0 1 7.7781745930520225 5.5
1 586 0 0 -0 1 0 
3 582 18 154 0 1 0 -1 0 0 0 -0 1 7.7781745930520225 5.5
3 582 18 154 -0 1 0 -1 -0 0 0 0 1 7.7781745930520225 5.5
3 582 18 96 -0 1 0 -1 -0 0 0 0 1 7.7781745930520225 5.5
3 582 18 96 0 1 0 -1 0 0 0 -0 1 7.7781745930520225 5.5
3 582 18 96 -0 1 0 -1 -0 0 0 0 1 7.7781745930520225 5.5
1 582 18 0 1 0 -0 
1 14 18 0 0 0 1 
3 18 18 96 -0 1 0 1 0 0 0 0 -1 7.7781745930520225 5.5
3 18 18 96 0 1 0 1 -0 0 0 0 -1 7.7781745930520225 5.5
3 18 18 96 0 1 0 1 -0 0 0 0 -1 7.7781745930520225 5.5
3 18 18 96 -0 1 0 1 0 0 0 0 -1 7.7781745930520225 5.5
3 18 18 154 -0 1 0 1 0 0 0 0 -1 7.7781745930520225 5.5
3 18 18 154 0 1 0 1 -0 0 0 0 -1 7.7781745930520225 5.5
3 18 18 154 0 1 0 1 -0 0 0 0 -1 7.7781745930520225 5.5
3 18 18 154 -0 1 0 1 0 0 0 0 -1 7.7781745930520225 5.5
1 14 18 400.05000000000001 1 0 -0 
3 582 18 154 -0 1 0 -1 -0 0 0 0 1 7.7781745930520225 5.5
1 81.212500000000006 18 357.15937500000001 1 0 -0 
1 144.42500000000001 18 46.420312500000001 -0 0 -1 
1 81.212500000000006 18 92.840625000000003 1 0 -0 
1 455.57499999999999 18 46.420312500000001 -0 0 -1 
2 520 18 210 0 1 0 0 -0 1 1 0 -0 12.699999999999999
2 90 18 210 0 1 0 0 -0 1 1 0 -0 12.699999999999999
2 90 18 260 0 1 0 0 -0 1 1 0 -0 12.699999999999999
2 90 18 310 0 1 0 0 -0 1 1 0 -0 12.699999999999999
2 136.48750000000001 18 225 0 1 0 0 -0 1 1 0 -0 3.5718749999999999
2 68.224999999999994 18 365.09687500000001 0 1 0 0 -0 1 1 0 -0 3.5718749999999999
2 300 18 84.903125000000003 0 1 0 0 -0 1 1 0 -0 3.5718749999999999
2 463.51249999999999 18 225 0 1 0 0 -0 1 1 0 -0 3.5718749999999999
2 300 18 365.09687500000001 0 1 0 0 -0 1 1 0 -0 3.5718749999999999
2 477.80000000000001 18 365.09687500000001 0 1 0 0 -0 1 1 0 -0 3.5718749999999999
1 14 0 0 0 0 1 
1 14 0 400.05000000000001 -0 1 0 
3 14 14 154 1 0 -0 0 1 0 0 -0 1 7.7781745930520225 5.5
3 14 14 154 1 0 -0 0 1 0 0 -0 1 7.7781745930520225 5.5
3 14 14 96 1 0 -0 0 1 0 0 -0 1 7.7781745930520225 5.5
3 14 14 96 1 0 -0 0 1 0 0 -0 1 7.7781745930520225 5.5
1 14 0 0 -0 1 0 
1 144.42500000000001 -1 357.15937500000001 -0 1 0 
1 455.57499999999999 -1 357.15937500000001 -0 1 0 
1 81.212500000000006 0 357.15937500000001 1 0 -0 
1 144.42500000000001 -1 92.840625000000003 -0 1 0 
1 144.42500000000001 0 46.420312500000001 -0 0 -1 
1 455.57499999999999 -1 92.840625000000003 -0 1 0 
1 81.212500000000006 0 92.840625000000003 1 0 -0 
1 455.57499999999999 0 46.420312500000001 -0 0 -1 
1 520 -1 222.69999999999999 0 1 0 
2 520 0 210 0 1 0 0 -0 1 1 0 -0 12.699999999999999
1 90 -1 222.69999999999999 0 1 0 
2 90 0 210 0 1 0 0 -0 1 1 0 -0 12.699999999999999
1 89.999999999999986 -1 272.69999999999999 0 1 0 
2 90 0 260 0 1 0 0 -0 1 1 0 -0 12.699999999999999
1 89.999999999999986 -1 322.69999999999999 0 1 0 
2 90 0 310 0 1 0 0 -0 1 1 0 -0 12.699999999999999
1 136.48750000000001 -1 228.57187500000001 0 1 0 
2 136.48750000000001 0 225 0 1 0 0 -0 1 1 0 -0 3.5718749999999999
1 68.224999999999994 -1 368.66874999999999 0 1 0 
2 68.224999999999994 0 365.09687500000001 0 1 0 0 -0 1 1 0 -0 3.5718749999999999
1 300 -1 88.475000000000009 0 1 0 
2 300 0 84.903125000000003 0 1 0 0 -0 1 1 0 -0 3.5718749999999999
1 463.51249999999999 -1 228.57187500000001 0 1 0 
2 463.51249999999999 0 225 0 1 0 0 -0 1 1 0 -0 3.5718749999999999
1 300 -1 368.66874999999999 0 1 0 
2 300 0 365.09687500000001 0 1 0 0 -0 1 1 0 -0 3.5718749999999999
1 477.80000000000001 -1 368.66874999999999 0 1 0 
2 477.80000000000001 0 365.09687500000001 0 1 0 0 -0 1 1 0 -0 3.5718749999999999
1 600 0 0 -1 -0 -0 
1 0 0 400.05000000000001 1 0 0 
Polygon3D 0
PolygonOnTriangulations 0
Surfaces 48
1 586 0 0 1 0 -0 0 0 1 0 -1 0 
1 582 0 0 -0 1 0 0 0 1 1 0 -0 
1 582 0 400.05000000000001 0 0 1 1 0 -0 -0 1 0 
1 582 18 0 -0 1 0 0 0 1 1 0 -0 
2 607.07106781186542 -7.0710678118654746 154 -0.70710678118654757 0.70710678118654757 -0 -0.70710678118654757 -0.70710678118654757 -0 0 -0 -1 5.5
2 607.07106781186542 -7.0710678118654746 154 -0.70710678118654757 0.70710678118654757 0 -0.70710678118654757 -0.70710678118654757 -0 0 0 -1 5.5
2 607.07106781186542 -7.0710678118654746 154 -0.70710678118654757 0.70710678118654757 0 0.70710678118654757 0.70710678118654757 0 0 0 -1 5.5
2 607.07106781186542 -7.0710678118654746 96 -0.70710678118654757 0.70710678118654757 -0 -0.70710678118654757 -0.70710678118654757 -0 0 -0 -1 5.5
2 607.07106781186542 -7.0710678118654746 96 -0.70710678118654757 0.70710678118654757 0 -0.70710678118654757 -0.70710678118654757 -0 0 0 -1 5.5
2 607.07106781186542 -7.0710678118654746 96 -0.70710678118654757 0.70710678118654757 0 0.70710678118654757 0.70710678118654757 0 0 0 -1 5.5
1 582 0 0 0 0 1 1 0 -0 -0 1 0 
1 299.80794527525626 18.000000000000004 197.17703804539468 0 1 0 0 -0 1 1 0 -0 
1 18 18 0 -0 1 0 0 0 1 1 0 -0 
2 607.07106781186542 -7.0710678118654746 154 -0.70710678118654757 0.70710678118654757 0 0.70710678118654757 0.70710678118654757 0 0 0 -1 5.5
2 607.07106781186542 -7.0710678118654746 96 -0.70710678118654757 0.70710678118654757 0 0.70710678118654757 0.70710678118654757 0 0 0 -1 5.5
1 14 0 0 1 0 -0 0 0 1 0 -1 0 
1 14 18 0 -0 1 0 0 0 1 1 0 -0 
2 -7.0710678118654746 -7.0710678118654746 96 0.70710678118654757 0.70710678118654757 0 0.70710678118654757 -0.70710678118654757 0 0 0 -1 5.5
2 -7.0710678118654746 -7.0710678118654746 96 0.70710678118654757 0.70710678118654757 0 0.70710678118654757 -0.70710678118654757 0 0 0 -1 5.5
2 -7.0710678118654746 -7.0710678118654746 96 0.70710678118654757 0.70710678118654757 0 0.70710678118654757 -0.70710678118654757 0 0 0 -1 5.5
2 -7.0710678118654746 -7.0710678118654746 96 0.70710678118654757 0.70710678118654757 0 0.70710678118654757 -0.70710678118654757 0 0 0 -1 5.5
2 -7.0710678118654746 -7.0710678118654746 96 0.70710678118654757 0.70710678118654757 0 0.70710678118654757 -0.70710678118654757 0 0 0 -1 5.5
2 -7.0710678118654746 -7.0710678118654746 154 0.70710678118654757 0.70710678118654757 0 0.70710678118654757 -0.70710678118654757 0 0 0 -1 5.5
2 -7.0710678118654746 -7.0710678118654746 154 0.70710678118654757 0.70710678118654757 0 0.70710678118654757 -0.70710678118654757 0 0 0 -1 5.5
2 -7.0710678118654746 -7.0710678118654746 154 0.70710678118654757 0.70710678118654757 0 0.70710678118654757 -0.70710678118654757 0 0 0 -1 5.5
2 -7.0710678118654746 -7.0710678118654746 154 0.70710678118654757 0.70710678118654757 0 0.70710678118654757 -0.70710678118654757 0 0 0 -1 5.5
2 -7.0710678118654746 -7.0710678118654746 154 0.70710678118654757 0.70710678118654757 0 0.70710678118654757 -0.70710678118654757 0 0 0 -1 5.5
1 144.42500000000001 -1 357.15937500000001 0 0 1 1 0 -0 -0 1 0 
1 144.42500000000001 -1 92.840625000000003 1 0 -0 0 0 1 0 -1 0 
1 144.42500000000001 -1 92.840625000000003 0 0 1 1 0 -0 -0 1 0 
1 455.57499999999999 -1 92.840625000000003 1 0 -0 0 0 1 0 -1 0 
2 520 -1 210 0 1 0 0 -0 1 1 0 -0 12.699999999999999
2 90 -1 210 0 1 0 0 -0 1 1 0 -0 12.699999999999999
2 90 -1 260 0 1 0 0 -0 1 1 0 -0 12.699999999999999
2 90 -1 310 0 1 0 0 -0 1 1 0 -0 12.699999999999999
2 136.48750000000001 -1 225 0 1 0 0 -0 1 1 0 -0 3.5718749999999999
2 68.224999999999994 -1 365.09687500000001 0 1 0 0 -0 1 1 0 -0 3.5718749999999999
2 300 -1 84.903125000000003 0 1 0 0 -0 1 1 0 -0 3.5718749999999999
2 463.51249999999999 -1 225 0 1 0 0 -0 1 1 0 -0 3.5718749999999999
2 300 -1 365.09687500000001 0 1 0 0 -0 1 1 0 -0 3.5718749999999999
2 477.80000000000001 -1 365.09687500000001 0 1 0 0 -0 1 1 0 -0 3.5718749999999999
1 14 0 0 -0 1 0 0 0 1 1 0 -0 
1 14 0 400.05000000000001 0 0 1 1 0 -0 -0 1 0 
1 14 0 0 0 0 1 1 0 -0 -0 1 0 
1 18 0 0 -0 1 0 0 0 1 1 0 -0 
1 300 9 0 -0 -0 -1 -1 0 0 0 1 -0 
1 300 9 400.04999999999995 0 0 1 1 0 -0 -0 1 0 
1 300 0 200.02500000000001 -0 -1 -0 0 0 -1 1 -0 0 
Triangulations 0

TShapes 211
Ve
1e-07
586 0 0
0 0

0101101
*
Ve
1e-07
586 0 400.05
0 0

0101101
*
Ed
 1e-07 1 1 0
1  1 0 0 400.05
2  1 1 0 0 400.05
2  2 2 0 0 400.05
0

0101000
+211 0 -210 0 *
Ve
8.42596118609883e-05
586 18 400.05
0 0

0101101
*
Ed
 1e-07 1 1 0
1  2 0 0 18
2  3 1 0 0 18
2  4 3 0 0 18
0

0101000
+210 0 -208 0 *
Ve
1.00005709019647e-07
586 18 158.716990566034
0 0

0101101
*
Ed
 1e-07 1 1 0
1  3 0 158.716990566034 400.05
2  5 1 0 158.716990566034 400.05
2  6 4 0 158.716990566034 400.05
0

0101000
+206 0 -208 0 *
Ve
1.00000021316282e-07
586 6.2218254069479 154
0 0

0101101
*
Ed
 1e-07 1 1 0
1  4 0 1.03065234911902 3.14159265358979
2  7 5 5 1.03065234911902 3.14159265358979
2  8 1 0 1.03065234911902 3.14159265358979
2  9 6 0 1.03065234911902 3.14159265358979
2  10 7 0 1.03065234911902 3.14159265358979
0

0101000
+206 0 -204 0 *
Ve
1.00005711791377e-07
586 18 149.283009433966
0 0

0101101
*
Ed
 1e-07 1 1 0
1  5 0 3.14159265358979 5.25253295806057
2  11 5 5 3.14159265358979 5.25253295806057
2  12 1 0 3.14159265358979 5.25253295806057
2  13 6 0 3.14159265358979 5.25253295806057
2  14 7 0 3.14159265358979 5.25253295806057
0

0101000
+204 0 -202 0 *
Ve
1.00005702502769e-07
586 18 100.716990566034
0 0

0101101
*
Ed
 1e-07 1 1 0
1  3 0 100.716990566034 149.283009433966
2  5 1 0 100.716990566034 149.283009433966
2  6 4 0 100.716990566034 149.283009433966
0

0101000
+200 0 -202 0 *
Ve
1.00000021316282e-07
586 6.2218254069479 96
0 0

0101101
*
Ed
 1e-07 1 1 0
1  6 0 1.03065234911902 3.14159265358979
2  15 8 5 1.03065234911902 3.14159265358979
2  16 1 0 1.03065234911902 3.14159265358979
2  17 9 0 1.03065234911902 3.14159265358979
2  18 10 0 1.03065234911902 3.14159265358979
0

0101000
+200 0 -198 0 *
Ve
1.00005702502769e-07
586 18 91.2830094339655
0 0

0101101
*
Ed
 1e-07 1 1 0
1  7 0 3.14159265358979 5.25253295806057
2  19 8 5 3.14159265358979 5.25253295806057
2  20 1 0 3.14159265358979 5.25253295806057
2  21 9 0 3.14159265358979 5.25253295806057
2  22 10 0 3.14159265358979 5.25253295806057
0

0101000
+198 0 -196 0 *
Ve
1e-07
586 18 0
0 0

0101101
*
Ed
 1e-07 1 1 0
1  3 0 0 91.2830094339655
2  5 1 0 0 91.2830094339655
2  6 4 0 0 91.2830094339655
0

0101000
+194 0 -196 0 *
Ed
 1e-07 1 1 0
1  8 0 0 18
2  23 1 0 0 18
2  24 11 0 0 18
0

0101000
+211 0 -194 0 *
Wi

0101100
-209 0 -207 0 +205 0 -203 0 -201 0 +199 0 -197 0 -195 0 +193 0 +192 0 
*
Fa
0  1e-07 1 0

0101000
+191 0 *
Ve
5.53059245732748e-06
582 18 148.499999999995
0 0

0101101
*
Ve
5.53059245732748e-06
582 18 159.500000000005
0 0

0101101
*
Ed
 1e-07 1 1 0
1  9 0 4.71238898038469 7.85398163397448
2  25 13 9 4.71238898038469 7.85398163397448
2  26 14 0 4.71238898038469 7.85398163397448
2  27 7 10 4.71238898038469 7.85398163397448
0

0101000
+189 10 -188 10 *
Ed
 1e-07 1 1 0
1  10 0 4.17224500270882 4.71238898038469
2  28 5 5 4.17224500270882 4.71238898038469
2  29 4 0 4.17224500270882 4.71238898038469
2  30 6 0 4.17224500270882 4.71238898038469
2  31 7 0 4.17224500270882 4.71238898038469
0

0101000
+202 0 -189 0 *
Ve
5.53059245732748e-06
582 18 101.500000000005
0 0

0101101
*
Ed
 1e-07 1 1 0
1  11 0 1.5707963267949 2.11094030447077
2  32 8 5 1.5707963267949 2.11094030447077
2  33 4 0 1.5707963267949 2.11094030447077
2  34 9 0 1.5707963267949 2.11094030447077
2  35 10 0 1.5707963267949 2.11094030447077
0

0101000
+185 0 -200 0 *
Ve
5.53059245732748e-06
582 18 90.4999999999948
0 0

0101101
*
Ed
 1e-07 1 1 0
1  12 0 4.71238898038469 7.85398163397448
2  36 13 9 4.71238898038469 7.85398163397448
2  37 15 0 4.71238898038469 7.85398163397448
2  38 10 10 4.71238898038469 7.85398163397448
0

0101000
+183 10 -185 10 *
Ed
 1e-07 1 1 0
1  13 0 4.17224500270882 4.71238898038469
2  39 8 5 4.17224500270882 4.71238898038469
2  40 4 0 4.17224500270882 4.71238898038469
2  41 9 0 4.17224500270882 4.71238898038469
2  42 10 0 4.17224500270882 4.71238898038469
0

0101000
+196 0 -183 0 *
Ve
1e-07
14 18 0
0 0

0101101
*
Ed
 1e-07 1 1 0
1  14 0 -568 4
0

0101000
+180 0 -194 0 *
Ve
1.00000001776357e-07
14 18 91.2830094339717
0 0

0101101
*
Ed
 1e-07 1 1 0
1  15 0 0 91.2830094339717
2  43 16 0 0 91.2830094339717
2  44 17 0 0 91.2830094339717
0

0101000
+180 0 -178 0 *
Ve
5.53059252195249e-06
18 18.0000000000001 90.5
0 0

0101101
*
Ed
 1e-07 1 1 0
1  16 0 1.5707963267949 2.1109403044711
2  45 18 15 1.5707963267949 2.1109403044711
2  46 17 0 1.5707963267949 2.1109403044711
2  47 19 0 1.5707963267949 2.1109403044711
2  48 20 0 1.5707963267949 2.1109403044711
0

0101000
+176 0 -178 0 *
Ve
5.53059253250351e-06
25.778174593052 18 96
0 0

0101101
*
Ed
 5.53059252195248e-06 1 1 0
1  17 0 0 1.5707963267949
2  49 13 9 0 1.5707963267949
2  50 21 0 0 1.5707963267949
2  51 20 10 0 1.5707963267949
0

0101000
+174 10 -176 10 *
Ve
5.53059253250351e-06
18 18.0000000000001 101.5
0 0

0101101
*
Ed
 5.53059253250351e-06 1 1 0
1  18 0 4.71238898038469 6.28318530717959
2  52 13 9 4.71238898038469 6.28318530717959
2  53 22 0 4.71238898038469 6.28318530717959
2  54 20 10 4.71238898038469 6.28318530717959
0

0101000
+172 10 -174 10 *
Ve
1.00000003552714e-07
14 18 100.716990566028
0 0

0101101
*
Ed
 1e-07 1 1 0
1  19 0 4.17224500270849 4.71238898038469
2  55 18 15 4.17224500270849 4.71238898038469
2  56 17 0 4.17224500270849 4.71238898038469
2  57 19 0 4.17224500270849 4.71238898038469
2  58 20 0 4.17224500270849 4.71238898038469
0

0101000
+170 0 -172 0 *
Ve
1.00000001776357e-07
14 18 149.283009433972
0 0

0101101
*
Ed
 1e-07 1 1 0
1  15 0 100.716990566028 149.283009433972
2  43 16 0 100.716990566028 149.283009433972
2  44 17 0 100.716990566028 149.283009433972
0

0101000
+170 0 -168 0 *
Ve
5.53059252195249e-06
18 18.0000000000001 148.5
0 0

0101101
*
Ed
 1e-07 1 1 0
1  20 0 1.5707963267949 2.1109403044711
2  59 23 15 1.5707963267949 2.1109403044711
2  60 17 0 1.5707963267949 2.1109403044711
2  61 24 0 1.5707963267949 2.1109403044711
2  62 25 0 1.5707963267949 2.1109403044711
0

0101000
+166 0 -168 0 *
Ve
5.53059253250351e-06
25.778174593052 18 154
0 0

0101101
*
Ed
 5.53059252195248e-06 1 1 0
1  21 0 0 1.5707963267949
2  63 13 9 0 1.5707963267949
2  64 26 0 0 1.5707963267949
2  65 25 10 0 1.5707963267949
0

0101000
+164 10 -166 10 *
Ve
5.53059253250351e-06
18 18.0000000000001 159.5
0 0

0101101
*
Ed
 5.53059253250351e-06 1 1 0
1  22 0 4.71238898038469 6.28318530717959
2  66 13 9 4.71238898038469 6.28318530717959
2  67 27 0 4.71238898038469 6.28318530717959
2  68 25 10 4.71238898038469 6.28318530717959
0

0101000
+162 10 -164 10 *
Ve
1.00000003552714e-07
14 18 158.716990566028
0 0

0101101
*
Ed
 1e-07 1 1 0
1  23 0 4.17224500270849 4.71238898038469
2  69 23 15 4.17224500270849 4.71238898038469
2  70 17 0 4.17224500270849 4.71238898038469
2  71 24 0 4.17224500270849 4.71238898038469
2  72 25 0 4.17224500270849 4.71238898038469
0

0101000
+160 0 -162 0 *
Ve
8.42596117475649e-05
14 18 400.05
0 0

0101101
*
Ed
 1e-07 1 1 0
1  15 0 158.716990566028 400.05
2  43 16 0 158.716990566028 400.05
2  44 17 0 158.716990566028 400.05
0

0101000
+160 0 -158 0 *
Ed
 1e-07 1 1 0
1  24 0 0 572
0

0101000
+158 0 -208 0 *
Ed
 1e-07 1 1 0
1  25 0 1.5707963267949 2.11094030447077
2  73 5 5 1.5707963267949 2.11094030447077
2  74 4 0 1.5707963267949 2.11094030447077
2  75 6 0 1.5707963267949 2.11094030447077
2  76 7 0 1.5707963267949 2.11094030447077
0

0101000
+188 0 -206 0 *
Wi

0101000
-187 8 -186 0 -199 0 -184 0 -182 8 -181 0 -193 0 -179 0 +177 0 -175 0 
-173 8 -171 8 -169 0 +167 0 -165 0 -163 8 -161 8 -159 0 +157 0 +156 0 
-205 0 -155 0 *
Ve
1.50000057e-07
144.425 18 357.159375
0 0

0101101
*
Ve
1.50000057e-07
455.575 18 357.159375
0 0

0101101
*
Ed
 1.5e-07 1 1 0
1  26 0 63.2125 374.3625
2  77 13 0 63.2125 374.3625
2  78 28 0 63.2125 374.3625
0

0101000
+153 17 -152 17 *
Ve
1.5e-07
144.425 18 92.840625
0 0

0101101
*
Ed
 1.5e-07 1 1 0
1  27 0 -310.7390625 -46.4203125
2  79 13 0 -310.7390625 -46.4203125
2  80 29 0 -310.7390625 -46.4203125
0

0101000
+153 17 -150 17 *
Ve
1.50000057e-07
455.575 18 92.840625
0 0

0101101
*
Ed
 1.5e-07 1 1 0
1  28 0 63.2125 374.3625
2  81 13 0 63.2125 374.3625
2  82 30 0 63.2125 374.3625
0

0101000
+150 17 -148 17 *
Ed
 1.5e-07 1 1 0
1  29 0 -310.7390625 -46.4203125
2  83 13 0 -310.7390625 -46.4203125
2  84 31 0 -310.7390625 -46.4203125
0

0101000
+152 17 -148 17 *
Wi

0101100
-151 16 +149 16 +147 16 -146 16 *
Ve
1e-07
520 18 222.7
0 0

0101101
*
Ed
 1e-07 1 1 0
1  30 0 0 6.28318530717959
2  85 13 0 0 6.28318530717959
2  86 32 0 0 6.28318530717959
0

0101100
+144 17 -144 17 *
Wi

0101100
-143 16 *
Ve
1e-07
90 18 222.7
0 0

0101101
*
Ed
 1e-07 1 1 0
1  31 0 0 6.28318530717959
2  87 13 0 0 6.28318530717959
2  88 33 0 0 6.28318530717959
0

0101100
+141 17 -141 17 *
Wi

0101100
-140 16 *
Ve
1.00000014e-07
90 18 272.7
0 0

0101101
*
Ed
 1e-07 1 1 0
1  32 0 0 6.28318530717959
2  89 13 0 0 6.28318530717959
2  90 34 0 0 6.28318530717959
0

0101100
+138 17 -138 17 *
Wi

0101100
-137 16 *
Ve
1.00000014e-07
90 18 322.7
0 0

0101101
*
Ed
 1e-07 1 1 0
1  33 0 0 6.28318530717959
2  91 13 0 0 6.28318530717959
2  92 35 0 0 6.28318530717959
0

0101100
+135 17 -135 17 *
Wi

0101100
-134 16 *
Ve
1e-07
136.4875 18 228.571875
0 0

0101101
*
Ed
 1e-07 1 1 0
1  34 0 0 6.28318530717959
2  93 13 0 0 6.28318530717959
2  94 36 0 0 6.28318530717959
0

0101100
+132 17 -132 17 *
Wi

0101100
-131 16 *
Ve
1e-07
68.225 18 368.66875
0 0

0101101
*
Ed
 1e-07 1 1 0
1  35 0 0 6.28318530717959
2  95 13 18 0 6.28318530717959
2  96 37 0 0 6.28318530717959
0

0101100
+129 19 -129 19 *
Wi

0101100
-128 7 *
Ve
1e-07
300 18 88.475
0 0

0101101
*
Ed
 1e-07 1 1 0
1  36 0 0 6.28318530717959
2  97 13 0 0 6.28318530717959
2  98 38 0 0 6.28318530717959
0

0101100
+126 17 -126 17 *
Wi

0101100
-125 16 *
Ve
1e-07
463.5125 18 228.571875
0 0

0101101
*
Ed
 1e-07 1 1 0
1  37 0 0 6.28318530717959
2  99 13 0 0 6.28318530717959
2  100 39 0 0 6.28318530717959
0

0101100
+123 17 -123 17 *
Wi

0101100
-122 16 *
Ve
1e-07
300 18 368.66875
0 0

0101101
*
Ed
 1e-07 1 1 0
1  38 0 0 6.28318530717959
2  101 13 0 0 6.28318530717959
2  102 40 0 0 6.28318530717959
0

0101100
+120 17 -120 17 *
Wi

0101100
-119 16 *
Ve
1e-07
477.8 18 368.66875
0 0

0101101
*
Ed
 1e-07 1 1 0
1  39 0 0 6.28318530717959
2  103 13 18 0 6.28318530717959
2  104 41 0 0 6.28318530717959
0

0101100
+117 19 -117 19 *
Wi

0101100
-116 7 *
Fa
0  1e-07 12 0

0111000
+154 0 +145 0 +142 0 +139 0 +136 0 +133 0 +130 0 +127 0 +124 0 +121 0 
+118 0 +115 0 *
Ve
1e-07
14 0 0
0 0

0101101
*
Ve
1e-07
14 0 400.05
0 0

0101101
*
Ed
 1e-07 1 1 0
1  40 0 0 400.05
2  105 16 0 0 400.05
2  106 42 0 0 400.05
0

0101000
+113 0 -112 0 *
Ed
 1e-07 1 1 0
1  41 0 0 18
2  107 16 0 0 18
2  108 43 0 0 18
0

0101000
+112 0 -158 0 *
Ve
1.00000003202373e-07
14 6.22182540694797 154
0 0

0101101
*
Ed
 1e-07 1 1 0
1  42 0 1.03065234911869 3.14159265358979
2  109 23 15 1.03065234911869 3.14159265358979
2  110 16 0 1.03065234911869 3.14159265358979
2  111 24 0 1.03065234911869 3.14159265358979
2  112 25 0 1.03065234911869 3.14159265358979
0

0101000
+160 0 -109 0 *
Ed
 1e-07 1 1 0
1  43 0 3.14159265358979 5.25253295806089
2  113 23 15 3.14159265358979 5.25253295806089
2  114 16 0 3.14159265358979 5.25253295806089
2  115 24 0 3.14159265358979 5.25253295806089
2  116 25 0 3.14159265358979 5.25253295806089
0

0101000
+109 0 -168 0 *
Ve
1.00000003202373e-07
14 6.22182540694797 96
0 0

0101101
*
Ed
 1e-07 1 1 0
1  44 0 1.03065234911869 3.14159265358979
2  117 18 15 1.03065234911869 3.14159265358979
2  118 16 0 1.03065234911869 3.14159265358979
2  119 19 0 1.03065234911869 3.14159265358979
2  120 20 0 1.03065234911869 3.14159265358979
0

0101000
+170 0 -106 0 *
Ed
 1e-07 1 1 0
1  45 0 3.14159265358979 5.25253295806089
2  121 18 15 3.14159265358979 5.25253295806089
2  122 16 0 3.14159265358979 5.25253295806089
2  123 19 0 3.14159265358979 5.25253295806089
2  124 20 0 3.14159265358979 5.25253295806089
0

0101000
+106 0 -178 0 *
Ed
 1e-07 1 1 0
1  46 0 0 18
2  125 16 0 0 18
2  126 44 0 0 18
0

0101000
+113 0 -180 0 *
Wi

0101100
-111 0 -110 0 +157 0 -108 0 -107 0 +167 0 -105 0 -104 0 +177 0 +103 0 
*
Fa
0  1e-07 16 0

0101000
+102 0 *
Wi

0101100
-175 0 -173 8 -171 8 -169 0 +105 0 +104 0 *
Fa
0  1e-07 20 0

0111000
+100 0 *
Wi

0101100
-165 0 -163 8 -161 8 -159 0 +108 0 +107 0 *
Fa
0  1e-07 25 0

0111000
+98 0 *
Ve
1.50000057e-07
144.425 0 357.159375
0 0

0101101
*
Ed
 1e-07 1 1 0
1  47 0 1 19
2  127 28 0 1 19
2  128 29 0 1 19
0

0101000
+96 17 -153 17 *
Ve
1.50000057e-07
455.575 0 357.159375
0 0

0101101
*
Ed
 1e-07 1 1 0
1  48 0 1 19
2  129 28 0 1 19
2  130 31 0 1 19
0

0101000
+94 17 -152 17 *
Ed
 1.5e-07 1 1 0
1  49 0 63.2125 374.3625
2  131 45 0 63.2125 374.3625
2  132 28 0 63.2125 374.3625
0

0101000
+96 17 -94 17 *
Wi

0101100
-95 0 -151 0 +93 0 +92 0 *
Fa
0  1e-07 28 0

0111000
+91 0 *
Ve
1.5e-07
144.425 0 92.840625
0 0

0101101
*
Ed
 1e-07 1 1 0
1  50 0 1 19
2  133 29 0 1 19
2  134 30 0 1 19
0

0101000
+89 17 -150 17 *
Ed
 1.5e-07 1 1 0
1  51 0 -310.7390625 -46.4203125
2  135 45 0 -310.7390625 -46.4203125
2  136 29 0 -310.7390625 -46.4203125
0

0101000
+96 17 -89 17 *
Wi

0101100
-95 0 -149 0 +88 0 +87 0 *
Fa
0  1e-07 29 0

0111000
+86 0 *
Ve
1.50000057e-07
455.575 0 92.840625
0 0

0101101
*
Ed
 1e-07 1 1 0
1  52 0 1 19
2  137 31 0 1 19
2  138 30 0 1 19
0

0101000
+84 17 -148 17 *
Ed
 1.5e-07 1 1 0
1  53 0 63.2125 374.3625
2  139 45 0 63.2125 374.3625
2  140 30 0 63.2125 374.3625
0

0101000
+89 17 -84 17 *
Wi

0101100
-88 0 -147 0 +83 0 +82 0 *
Fa
0  1e-07 30 0

0111000
+81 0 *
Ed
 1.5e-07 1 1 0
1  54 0 -310.7390625 -46.4203125
2  141 45 0 -310.7390625 -46.4203125
2  142 31 0 -310.7390625 -46.4203125
0

0101000
+94 17 -84 17 *
Wi

0101100
-93 0 -146 0 +83 0 +79 0 *
Fa
0  1e-07 31 0

0111000
+78 0 *
Ve
1e-07
520 0 222.7
0 0

0101101
*
Ed
 1e-07 1 1 0
1  55 0 1 19
3  143 144CN 32 0 1 19
0

0101000
+76 17 -144 17 *
Ed
 1e-07 1 1 0
1  56 0 0 6.28318530717959
2  145 45 0 0 6.28318530717959
2  146 32 0 0 6.28318530717959
0

0101100
+76 17 -76 17 *
Wi

0101100
-143 0 +75 0 +74 0 -75 0 *
Fa
0  1e-07 32 0

0111000
+73 0 *
Ve
1e-07
90 0 222.7
0 0

0101101
*
Ed
 1e-07 1 1 0
1  57 0 1 19
3  147 148CN 33 0 1 19
0

0101000
+71 17 -141 17 *
Ed
 1e-07 1 1 0
1  58 0 0 6.28318530717959
2  149 45 0 0 6.28318530717959
2  150 33 0 0 6.28318530717959
0

0101100
+71 17 -71 17 *
Wi

0101100
-140 0 +70 0 +69 0 -70 0 *
Fa
0  1e-07 33 0

0111000
+68 0 *
Ve
1.00000014e-07
90 0 272.7
0 0

0101101
*
Ed
 1e-07 1 1 0
1  59 0 1 19
3  151 152CN 34 0 1 19
0

0101000
+66 17 -138 17 *
Ed
 1e-07 1 1 0
1  60 0 0 6.28318530717959
2  153 45 0 0 6.28318530717959
2  154 34 0 0 6.28318530717959
0

0101100
+66 17 -66 17 *
Wi

0101100
-137 0 +65 0 +64 0 -65 0 *
Fa
0  1e-07 34 0

0111000
+63 0 *
Ve
1.00000014e-07
90 0 322.7
0 0

0101101
*
Ed
 1e-07 1 1 0
1  61 0 1 19
3  155 156CN 35 0 1 19
0

0101000
+61 17 -135 17 *
Ed
 1e-07 1 1 0
1  62 0 0 6.28318530717959
2  157 45 0 0 6.28318530717959
2  158 35 0 0 6.28318530717959
0

0101100
+61 17 -61 17 *
Wi

0101100
-134 0 +60 0 +59 0 -60 0 *
Fa
0  1e-07 35 0

0111000
+58 0 *
Ve
1e-07
136.4875 0 228.571875
0 0

0101101
*
Ed
 1e-07 1 1 0
1  63 0 1 19
3  159 160CN 36 0 1 19
0

0101000
+56 17 -132 17 *
Ed
 1e-07 1 1 0
1  64 0 0 6.28318530717959
2  161 45 0 0 6.28318530717959
2  162 36 0 0 6.28318530717959
0

0101100
+56 17 -56 17 *
Wi

0101100
-131 0 +55 0 +54 0 -55 0 *
Fa
0  1e-07 36 0

0111000
+53 0 *
Ve
1e-07
68.225 0 368.66875
0 0

0101101
*
Ed
 1e-07 1 1 0
1  65 0 1 19
3  163 164CN 37 0 1 19
0

0101000
+51 19 -129 19 *
Ed
 1e-07 1 1 0
1  66 0 0 6.28318530717959
2  165 45 18 0 6.28318530717959
2  166 37 0 0 6.28318530717959
0

0101100
+51 19 -51 19 *
Wi

0101100
-128 0 +50 0 +49 0 -50 0 *
Fa
0  1e-07 37 0

0111000
+48 0 *
Ve
1e-07
300 0 88.475
0 0

0101101
*
Ed
 1e-07 1 1 0
1  67 0 1 19
3  167 168CN 38 0 1 19
0

0101000
+46 17 -126 17 *
Ed
 1e-07 1 1 0
1  68 0 0 6.28318530717959
2  169 45 0 0 6.28318530717959
2  170 38 0 0 6.28318530717959
0

0101100
+46 17 -46 17 *
Wi

0101100
-125 0 +45 0 +44 0 -45 0 *
Fa
0  1e-07 38 0

0111000
+43 0 *
Ve
1e-07
463.5125 0 228.571875
0 0

0101101
*
Ed
 1e-07 1 1 0
1  69 0 1 19
3  171 172CN 39 0 1 19
0

0101000
+41 17 -123 17 *
Ed
 1e-07 1 1 0
1  70 0 0 6.28318530717959
2  173 45 0 0 6.28318530717959
2  174 39 0 0 6.28318530717959
0

0101100
+41 17 -41 17 *
Wi

0101100
-122 0 +40 0 +39 0 -40 0 *
Fa
0  1e-07 39 0

0111000
+38 0 *
Ve
1e-07
300 0 368.66875
0 0

0101101
*
Ed
 1e-07 1 1 0
1  71 0 1 19
3  175 176CN 40 0 1 19
0

0101000
+36 17 -120 17 *
Ed
 1e-07 1 1 0
1  72 0 0 6.28318530717959
2  177 45 0 0 6.28318530717959
2  178 40 0 0 6.28318530717959
0

0101100
+36 17 -36 17 *
Wi

0101100
-119 0 +35 0 +34 0 -35 0 *
Fa
0  1e-07 40 0

0111000
+33 0 *
Ve
1e-07
477.8 0 368.66875
0 0

0101101
*
Ed
 1e-07 1 1 0
1  73 0 1 19
3  179 180CN 41 0 1 19
0

0101000
+31 19 -117 19 *
Ed
 1e-07 1 1 0
1  74 0 0 6.28318530717959
2  181 45 18 0 6.28318530717959
2  182 41 0 0 6.28318530717959
0

0101100
+31 19 -31 19 *
Wi

0101100
-116 0 +30 0 +29 0 -30 0 *
Fa
0  1e-07 41 0

0111000
+28 0 *
Ed
 1e-07 1 1 0
1  75 0 14 586
0

0101000
+211 0 -113 0 *
Wi

0101000
+179 0 -192 0 +26 0 +103 0 *
Fa
0  1e-07 46 0

0111000
+25 0 *
Ed
 1e-07 1 1 0
1  76 0 14 586
0

0101000
+112 0 -210 0 *
Wi

0101000
-156 0 -110 0 +23 0 +207 0 *
Fa
0  1e-07 47 0

0111000
+22 0 *
Wi

0101000
-26 0 +209 0 -23 0 -111 0 *
Wi

0101100
+92 16 +79 16 -82 16 -87 16 *
Wi

0101100
+74 16 *
Wi

0101100
+69 16 *
Wi

0101100
+64 16 *
Wi

0101100
+59 16 *
Wi

0101100
+54 16 *
Wi

0101100
+49 7 *
Wi

0101100
+44 16 *
Wi

0101100
+39 16 *
Wi

0101100
+34 16 *
Wi

0101100
+29 7 *
Fa
0  1e-07 48 0

0111000
+20 0 +19 0 +18 0 +17 0 +16 0 +15 0 +14 0 +13 0 +12 0 +11 0 
+10 0 +9 0 *
Wi

0101100
-155 0 -187 8 -186 0 -201 0 -203 0 *
Fa
0  1e-07 7 0

0111000
+7 0 *
Wi

0101100
-184 0 -182 8 -181 0 -195 0 -197 0 *
Fa
0  1e-07 10 0

0111000
+5 0 *
Sh

0101000
+190 0 +114 0 -101 0 -99 0 -97 0 -90 16 +85 16 +80 16 -77 16 -72 16 
-67 16 -62 16 -57 16 -52 16 -47 7 -42 16 -37 16 -32 16 -27 7 +24 0 
+21 0 +8 0 -6 0 -4 0 *
So

0100000
+3 0 *
Co

0100000
+2 0 *

+1 0 