DBRep_DrawableShape

CASCADE Topology V1, (c) Matra-Datavision
Locations 39
1
              1               0               0               0 
              0               1               0               0 
              0               0               1               0 
1
              1               0               0               0 
              0               1               0               0 
              0               0               1               0 
1
              1               0               0               0 
              0               1               0               0 
              0               0               1               0 
1
              1               0               0               0 
              0               1               0               0 
              0               0               1               0 
2  1 1 2 1 3 1 4 1 0
1
              1               0               0               0 
              0               1               0               0 
              0               0               1               0 
1
              1               0               0               0 
              0               1               0               0 
              0               0               1               0 
1
              1               0               0               0 
              0               1               0               0 
              0               0               1               0 
2  6 1 7 1 8 1 0
1
              1               0               0               0 
              0               1               0               0 
              0               0               1               0 
2  8 -1 7 -1 6 -1 0
1
              1               0               0               0 
              0               1               0               0 
              0               0               1               0 
1
              1               0               0               0 
              0               1               0               0 
              0               0               1               0 
1
              1               0               0               0 
              0               1               0               0 
              0               0               1               0 
1
              1               0               0               0 
              0               1               0               0 
              0               0               1               0 
2  12 1 13 1 14 1 15 1 0
2  7 -1 6 -1 0
2  10 1 6 1 7 1 0
2  8 -1 0
2  7 1 8 1 0
2  10 1 6 1 0
2  8 -1 7 -1 0
1
              1               0               0               0 
              0               1               0               0 
              0               0               1               0 
1
              1               0               0               0 
              0               1               0             -12 
              0               0               1               0 
1
              1               0               0               0 
              0               0               1           897.1 
              0              -1               0          1657.1 
1
              1               0               0               0 
              0               1               0               9 
              0               0               1               6 
2  23 1 24 1 25 1 26 1 0
2  8 -1 26 -1 25 -1 24 -1 23 -1 0
2  23 1 24 1 25 1 26 1 8 1 0
1
              1               0               0               0 
              0               1               0               0 
              0               0               1               0 
1
              1               0               0               0 
              0               1               0             -12 
              0               0               1               0 
2  30 1 31 1 0
1
              1               0               0               0 
              0               1               0               0 
              0               0               1               0 
1
              1               0               0               0 
              0               1               0             -12 
              0               0               1               0 
2  33 1 34 1 0
2  8 -1 31 -1 30 -1 0
2  30 1 31 1 8 1 0
2  8 -1 34 -1 33 -1 0
2  33 1 34 1 8 1 0
Curve2ds 364
1 0 0 1 0 
1 0 0 1 0 
7 0 0  8 23 4  0.72924715292157738 33.900209204109842  0.88001874671333935 33.347677081034256  1.0307903405050634 32.688597084989212  1.1815619342970649 31.942109957272464  1.332333528088725 31.132517628997448  1.4831051218804063 30.287910059234264  1.6338767156723777 29.438111328028974  1.7846483094639047 28.612430507797576  2.1615772939433096 26.675611329781155  2.3877346846311411 25.628164273399307  2.6138920753146522 24.785937478009146  2.8400494659981632 24.2269743787474  3.0662068566925882 24.002064135624096  3.2923642473815562 24.123022643492732  3.5185216380692022 24.563745918521548  3.9708364194444878 25.974754957539787  4.1969938101319713 26.945041643073637  4.4231512008118443 28.125113526140922  4.6493085914989933 29.431140401109587  4.8754659821770474 30.759220547057339  5.1016233728796578 32.002879332430894  5.3277807635703658 33.071411019496452  5.5539381542580086 33.900209204109842 
 0.72924715292160125 9 1.9354199032556996 7 3.7446790287568419 7 5.5539381542579846 9
3 64 -4 0 1 -1 0 7.7781745930520225 5.5
7 0 0  3 25 23  1.030652349118671 32.62741699796959  1.0946202371329463 32.3258698459519  1.2225560131614928 31.687301996025425  1.4144596772043128 30.660638594364244  1.606363341247143 29.602202210318502  1.7982670052900074 28.551027771077141  1.9901706693327883 27.545661252883654  2.1820743333756445 26.623026408206968  2.3739779974184647 25.81699360468793  2.5658816614613191 25.157156544051432  2.7577853255041265 24.667740331545179  2.9496889895469631 24.366713525456046  3.1415926535897927 24.265128047107037  3.3334963176326236 24.366713525456039  3.5253999816754602 24.66774033154519  3.7173036457182649 25.157156544051425  3.9092073097611224 25.816993604687934  4.1011109738039435 26.623026408206982  4.2930146378467899 27.545661252883612  4.4849183018896133 28.55102777107734  4.6768219659324348 29.602202210318445  4.868725629975275 30.660638594364251  5.0606292940180939 31.687301996025425  5.188565070046641 32.3258698459519  5.2525329580609155 32.62741699796959 
 1.0306523491186923 4 1.2225560131615196 1 1.414459677204347 1 1.6063633412471745 1 1.7982670052900018 1 1.9901706693328292 1 2.1820743333756565 1 2.3739779974184838 1 2.5658816614613111 1 2.7577853255041385 1 2.9496889895469658 1 3.1415926535897931 1 3.3334963176326209 1 3.5253999816754478 1 3.7173036457182755 1 3.9092073097611024 1 4.1011109738039302 1 4.2930146378467571 1 4.4849183018895848 1 4.6768219659324117 1 4.8687256299752395 1 5.0606292940180664 1 5.2525329580608942 4
7 0 0  8 23 4  0.72924715292157738 33.900209204109842  0.88001874671333935 33.347677081034256  1.0307903405054044 32.688597084989212  1.181561934296667 31.942109957272464  1.332333528088725 31.132517628997448  1.4831051218808042 30.287910059234264  1.6338767156720366 29.438111328028974  1.7846483094639047 28.612430507797576  2.1615772939433096 26.675611329781155  2.3877346846320506 25.628164273399307  2.6138920753001003 24.785937478009146  2.8400494660127151 24.2269743787474  3.0662068566853122 24.002064135624096  3.2923642473833752 24.123022643492732  3.5185216380692022 24.563745918521548  3.9708364194444878 25.974754957539787  4.1969938101319713 26.945041643073637  4.4231512008118443 28.125113526140922  4.6493085914989933 29.431140401109587  4.8754659821770474 30.759220547057339  5.1016233728796578 32.002879332430894  5.3277807635703658 33.071411019496452  5.5539381542580086 33.900209204109842 
 0.72924715292160125 9 1.9354199032556996 7 3.7446790287568419 7 5.5539381542579846 9
3 122 -4 0 1 -1 0 7.7781745930520225 5.5
7 0 0  3 25 23  1.030652349118671 32.62741699796959  1.0946202371329459 32.3258698459519  1.2225560131614921 31.687301996025425  1.4144596772043128 30.660638594364244  1.606363341247143 29.602202210318502  1.7982670052900074 28.551027771077141  1.9901706693327876 27.545661252883654  2.1820743333756445 26.623026408206968  2.3739779974184638 25.81699360468793  2.5658816614613205 25.157156544051432  2.7577853255041265 24.667740331545179  2.9496889895469631 24.366713525456046  3.1415926535897927 24.265128047107037  3.3334963176326236 24.366713525456039  3.5253999816754602 24.66774033154519  3.7173036457182649 25.157156544051425  3.9092073097611224 25.816993604687934  4.1011109738039435 26.623026408206982  4.2930146378467899 27.545661252883612  4.4849183018896133 28.55102777107734  4.6768219659324348 29.602202210318445  4.868725629975275 30.660638594364251  5.0606292940180939 31.687301996025425  5.188565070046641 32.3258698459519  5.2525329580609155 32.62741699796959 
 1.0306523491186923 4 1.2225560131615196 1 1.414459677204347 1 1.6063633412471745 1 1.7982670052900018 1 1.9901706693328292 1 2.1820743333756565 1 2.3739779974184838 1 2.5658816614613111 1 2.7577853255041385 1 2.9496889895469658 1 3.1415926535897931 1 3.3334963176326209 1 3.5253999816754478 1 3.7173036457182755 1 3.9092073097611024 1 4.1011109738039302 1 4.2930146378467571 1 4.4849183018895848 1 4.6768219659324117 1 4.8687256299752395 1 5.0606292940180664 1 5.2525329580608942 4
1 596.89999999999998 0 0 -1 
1 0 0 0 1 
1 0 -18 1 0 
1 0 0 1 0 
1 0 0 0 -1 
1 0 0 0 1 
7 0 0  6 7 2  5.3136531970630854 32.344574285498425  5.204867720645761 32.837961696280615  5.0960822442285121 33.375532369486109  4.9872967678109035 33.946778521140914  4.8785112913938065 34.539613596911295  4.769725814976475 35.141158405776309  4.6609403385591506 35.738686835191857 
 4.1111247637062949 7 4.763837622210243 7
3 64 4.0000000000000568 0 1 -1 0 7.7781745930520225 5.5
7 0 0  3 25 23  5.2525329580609164 32.62741699796959  5.2443489583991596 32.66602076577  5.2279809590756416 32.743796937523072  5.2034289600903447 32.862095710431404  5.1788769611050771 32.981957978708714  5.1543249621197695 33.103311416006598  5.1297729631345002 33.226082894679692  5.105220964149229 33.350198406195133  5.0806689651639276 33.475583138879699  5.0561169661786591 33.602161514134245  5.0315649671933595 33.729857234370769  5.0070129682080786 33.858593328363504  4.9824609692228083 33.988292197816563  4.9579089702375247 34.118875664091988  4.933356971252242 34.250265015345519  4.9088049722669576 34.382381053968167  4.8842529732816695 34.515144144327735  4.8597009742963939 34.648474260759926  4.8351489753111299 34.782291035844978  4.8105969763258214 34.916513808704678  4.7860449773405467 35.051061674166952  4.7614929783552675 35.185853529498317  4.736940979369991 35.320808130888302  4.7205729800464704 35.410832119670388  4.7123889803847101 35.455844122715803 
 4.1722450027084781 4 4.1967970016937608 1 4.2213490006790426 1 4.2459009996643253 1 4.2704529986496071 1 4.2950049976348899 1 4.3195569966201726 1 4.3441089956054544 1 4.3686609945907371 1 4.3932129935760189 1 4.4177649925613016 1 4.4423169915465834 1 4.4668689905318661 1 4.4914209895171489 1 4.5159729885024307 1 4.5405249874877134 1 4.5650769864729952 1 4.5896289854582779 1 4.6141809844435606 1 4.6387329834288424 1 4.6632849824141251 1 4.687836981399407 1 4.7123889803846897 4
3 64 5.6840000000000001e-14 0 1 -1 0 7.7781745930520225 5.5
7 0 0  8 30 5  6.2831853071795862 29.955844122715803  6.0868357663302239 29.955844122715803  5.8904862254815029 30.198178390586691  5.6941366846283685 30.682844867929816  5.4977871437879671 31.389920994173735  5.3014376029316495 32.279521186152124  5.1050880620840857 33.295998916906683  4.9087385212340724 34.375921648044311  4.565126824747689 36.265785978719414  4.4178646691104948 37.075727538302388  4.2706025134739178 37.858905788899619  4.1233403578367174 38.588550275495436  3.9760782021994956 39.239761326871303  3.8288160465628458 39.791341859213802  3.6815538909255414 40.227230222056349  3.3133985018329875 41.002108545735389  3.0925052683758381 41.183677561712102  2.8716120349356729 41.047323746315669  2.6507188014577636 40.587959675322054  2.4298255680071392 39.835442311916267  2.2089323345533316 38.852143577038078  1.9880391010997895 37.720409469330846  1.5462526341887246 35.33727231827838  1.3253594007330989 34.085867955920548  1.104466167285203 32.863231245850329  0.88357293382366464 31.764154431206407  0.66267970038031621 30.875951861264184  0.44178646691059242 30.262548866667203  0.22089323345554135 29.955844122715803  8.8800000000000007e-15 29.955844122715803 
 3.1415926535897931 9 4.7123889803847003 7 5.8904862254808705 7 7.6576320931251258 7 9.4247779607693793 9
7 0 0  3 25 23  4.7123889803847101 35.455844122715803  4.6647890916939536 35.717675932072765  4.5695893143124398 36.241225139068554  4.4267896482401685 37.01065251446434  4.2839899821679186 37.748403915136464  4.1411903160956554 38.439491990346973  3.9983906500233841 39.069839835805141  3.8555909839511218 39.626617622921898  3.7127913178788572 40.098490362492726  3.5699916518065868 40.47585224683101  3.427191985734324 40.751021233177418  3.2843923196620533 40.918395686032888  3.1415926535897922 40.974568341057257  2.9987929875175321 40.918395686032888  2.8559933214452631 40.751021233177418  2.7131936553729998 40.47585224683101  2.5703939893007255 40.098490362492711  2.4275943232284676 39.626617622921913  2.284794657156195 39.069839835805084  2.1419949910839593 38.439491990347172  1.9991953250116612 37.748403915136414  1.8563956589394193 37.010652514464347  1.7135959928671458 36.241225139068561  1.6183962154856324 35.717675932072765  1.5707963267948759 35.455844122715803 
 4.7123889803846897 4 4.8551886464569529 1 4.9979883125292162 1 5.1407879786014794 1 5.2835876446737426 1 5.4263873107460068 1 5.5691869768182691 1 5.7119866428905333 1 5.8547863089627965 1 5.9975859750350597 1 6.140385641107323 1 6.2831853071795862 1 6.4259849732518495 1 6.5687846393241127 1 6.711584305396376 1 6.8543839714686392 1 6.9971836375409033 1 7.1399833036131657 1 7.2827829696854298 1 7.4255826357576931 1 7.5683823018299563 1 7.7111819679022195 1 7.8539816339744828 4
7 0 0  6 7 2  1.6222449686204359 35.738686835191857  1.5134594922031113 35.141158405776309  1.4046740157857442 34.539613596913568  1.2958885393685478 33.94677852113773  1.1871030629510813 33.375532369488155  1.0783175865338246 32.837961696280615  0.96953211011650009 32.344574285498425 
 1.5193476849693437 7 2.1720605434732914 7
3 64 4.0000000000000568 0 1 -1 0 7.7781745930520225 5.5
7 0 0  3 25 23  1.5707963267948759 35.455844122715803  1.5626123271331145 35.410832119670388  1.5462443278095943 35.32080813088831  1.5216923288243187 35.185853529498331  1.4971403298390396 35.051061674166952  1.4725883308537644 34.916513808704671  1.4480363318684573 34.782291035844985  1.423484332883191 34.648474260759933  1.3989323338979158 34.515144144327742  1.3743803349126267 34.382381053968174  1.3498283359273435 34.250265015345519  1.3252763369420626 34.118875664091995  1.3007243379567763 33.988292197816556  1.2761723389715087 33.858593328363519  1.2516203399862251 33.729857234370769  1.2270683410009287 33.602161514134245  1.2025163420156582 33.475583138879706  1.177964343030357 33.350198406195148  1.1534123440450859 33.226082894679685  1.1288603450598147 33.103311416006584  1.10430834607451 32.981957978708721  1.0797563470892397 32.862095710431397  1.055204348103947 32.743796937523072  1.0388363487804264 32.66602076577  1.030652349118669 32.62741699796959 
 1.5707963267948966 4 1.5953483257801788 1 1.6199003247654613 1 1.6444523237507436 1 1.6690043227360258 1 1.6935563217213083 1 1.7181083207065906 1 1.7426603196918729 1 1.7672123186771553 1 1.7917643176624376 1 1.8163163166477201 1 1.8408683156330024 1 1.8654203146182846 1 1.8899723136035671 1 1.9145243125888494 1 1.9390763115741319 1 1.9636283105594141 1 1.9881803095446964 1 2.0127323085299786 1 2.0372843075152609 1 2.0618363065005436 1 2.0863883054858259 1 2.1109403044711081 4
7 0 0  6 7 2  5.3136531970630854 32.344574285498425  5.204867720645761 32.837961696280615  5.0960822442285121 33.375532369486109  4.9872967678109035 33.946778521140914  4.8785112913938065 34.539613596911295  4.769725814976475 35.141158405776309  4.6609403385591506 35.738686835191857 
 4.1111247637062949 7 4.763837622210243 7
3 122 4.0000000000000568 0 1 -1 0 7.7781745930520225 5.5
7 0 0  3 25 23  5.2525329580609164 32.62741699796959  5.2443489583991596 32.66602076577  5.2279809590756416 32.743796937523072  5.2034289600903447 32.862095710431404  5.1788769611050771 32.981957978708714  5.1543249621197695 33.103311416006598  5.1297729631345002 33.226082894679692  5.105220964149229 33.350198406195133  5.0806689651639276 33.475583138879699  5.0561169661786591 33.602161514134245  5.0315649671933595 33.729857234370769  5.0070129682080786 33.858593328363504  4.9824609692228083 33.988292197816563  4.9579089702375247 34.118875664091988  4.933356971252242 34.250265015345519  4.9088049722669576 34.382381053968167  4.8842529732816695 34.515144144327735  4.8597009742963939 34.648474260759926  4.8351489753111299 34.782291035844978  4.8105969763258214 34.916513808704678  4.7860449773405467 35.051061674166952  4.7614929783552675 35.185853529498317  4.736940979369991 35.320808130888302  4.7205729800464704 35.410832119670388  4.7123889803847101 35.455844122715803 
 4.1722450027084781 4 4.1967970016937608 1 4.2213490006790426 1 4.2459009996643253 1 4.2704529986496071 1 4.2950049976348899 1 4.3195569966201726 1 4.3441089956054544 1 4.3686609945907371 1 4.3932129935760189 1 4.4177649925613016 1 4.4423169915465834 1 4.4668689905318661 1 4.4914209895171489 1 4.5159729885024307 1 4.5405249874877134 1 4.5650769864729952 1 4.5896289854582779 1 4.6141809844435606 1 4.6387329834288424 1 4.6632849824141251 1 4.687836981399407 1 4.7123889803846897 4
3 122 5.6840000000000001e-14 0 1 -1 0 7.7781745930520225 5.5
7 0 0  8 30 5  6.2831853071795862 29.955844122715803  6.0868357663302239 29.955844122715803  5.8904862254815029 30.198178390586691  5.6941366846283685 30.682844867929816  5.4977871437879671 31.389920994173735  5.3014376029316495 32.279521186152124  5.1050880620840857 33.295998916906683  4.9087385212340724 34.375921648044311  4.565126824747689 36.265785978719414  4.4178646691104948 37.075727538302388  4.2706025134739178 37.858905788899619  4.1233403578367174 38.588550275495436  3.9760782021994956 39.239761326871303  3.8288160465628458 39.791341859213802  3.6815538909255414 40.227230222056349  3.3133985018329875 41.002108545735389  3.0925052683758381 41.183677561712102  2.8716120349356729 41.047323746315669  2.6507188014577636 40.587959675322054  2.4298255680216911 39.835442311916267  2.2089323345515126 38.852143577038078  1.9880391010997895 37.720409469330846  1.5462526341887246 35.33727231827838  1.3253594007312799 34.085867955920548  1.104466167274289 32.863231245850329  0.88357293381638868 31.764154431206407  0.66267970037304025 30.875951861264184  0.44178646691241141 30.262548866667203  0.22089323345554313 29.955844122715803  1.066e-14 29.955844122715803 
 3.1415926535897931 9 4.7123889803847003 7 5.8904862254808705 7 7.6576320931251258 7 9.4247779607693793 9
7 0 0  3 25 23  4.7123889803847101 35.455844122715803  4.6647890916939536 35.717675932072765  4.5695893143124398 36.241225139068554  4.4267896482401685 37.01065251446434  4.2839899821679186 37.748403915136464  4.1411903160956554 38.439491990346973  3.9983906500233841 39.069839835805141  3.8555909839511218 39.626617622921898  3.7127913178788572 40.098490362492726  3.5699916518065868 40.47585224683101  3.427191985734324 40.751021233177418  3.2843923196620533 40.918395686032888  3.1415926535897927 40.974568341057257  2.9987929875175316 40.918395686032888  2.8559933214452644 40.751021233177418  2.7131936553729994 40.47585224683101  2.5703939893007268 40.098490362492711  2.4275943232284676 39.626617622921913  2.284794657156195 39.069839835805084  2.1419949910839593 38.439491990347172  1.9991953250116612 37.748403915136414  1.8563956589394193 37.010652514464347  1.7135959928671458 36.241225139068561  1.6183962154856324 35.717675932072765  1.5707963267948759 35.455844122715803 
 4.7123889803846897 4 4.8551886464569529 1 4.9979883125292162 1 5.1407879786014794 1 5.2835876446737426 1 5.4263873107460068 1 5.5691869768182691 1 5.7119866428905333 1 5.8547863089627965 1 5.9975859750350597 1 6.140385641107323 1 6.2831853071795862 1 6.4259849732518495 1 6.5687846393241127 1 6.711584305396376 1 6.8543839714686392 1 6.9971836375409033 1 7.1399833036131657 1 7.2827829696854298 1 7.4255826357576931 1 7.5683823018299563 1 7.7111819679022195 1 7.8539816339744828 4
7 0 0  6 7 2  1.6222449686204359 35.738686835191857  1.5134594922031113 35.141158405776309  1.40467401578573 34.539613596913568  1.2958885393684909 33.94677852113773  1.1871030629510813 33.375532369488155  1.0783175865338255 32.837961696280615  0.96953211011650087 32.344574285498425 
 1.5193476849693437 7 2.1720605434732914 7
3 122 4.0000000000000568 0 1 -1 0 7.7781745930520225 5.5
7 0 0  3 25 23  1.5707963267948759 35.455844122715803  1.5626123271331145 35.410832119670388  1.5462443278095943 35.32080813088831  1.5216923288243187 35.185853529498331  1.4971403298390396 35.051061674166952  1.4725883308537644 34.916513808704671  1.4480363318684568 34.782291035844985  1.423484332883191 34.648474260759933  1.398932333897916 34.515144144327742  1.3743803349126262 34.382381053968174  1.3498283359273435 34.250265015345519  1.325276336942063 34.118875664091995  1.3007243379567763 33.988292197816556  1.2761723389715078 33.858593328363519  1.2516203399862262 33.729857234370769  1.2270683410009275 33.602161514134245  1.2025163420156582 33.475583138879706  1.1779643430303577 33.350198406195148  1.1534123440450859 33.226082894679685  1.1288603450598147 33.103311416006584  1.1043083460745104 32.981957978708721  1.0797563470892404 32.862095710431397  1.055204348103947 32.743796937523072  1.0388363487804264 32.66602076577  1.0306523491186697 32.62741699796959 
 1.5707963267948966 4 1.5953483257801788 1 1.6199003247654613 1 1.6444523237507436 1 1.6690043227360258 1 1.6935563217213083 1 1.7181083207065906 1 1.7426603196918729 1 1.7672123186771553 1 1.7917643176624376 1 1.8163163166477201 1 1.8408683156330024 1 1.8654203146182846 1 1.8899723136035671 1 1.9145243125888494 1 1.9390763115741319 1 1.9636283105594141 1 1.9881803095446964 1 2.0127323085299786 1 2.0372843075152609 1 2.0618363065005436 1 2.0863883054858259 1 2.1109403044711081 4
1 596.89999999999998 0 0 -1 
1 4 0 0 1 
1 0 0 0 -1 
1 4 0 0 1 
1 0 0 1 0 
1 0 4 1 0 
7 0 0  8 23 4  0.72924715292590125 33.900209204093926  0.88001874671739388 33.347677081016649  1.0307903405087959 32.688597084973154  1.1815619343005608 31.94210995725075  1.3323335280920787 31.132517628981077  1.4831051218834048 30.287910059222213  1.6338767156748721 29.438111328010606  1.7846483094663406 28.612430507784413  2.1615772939450721 26.675611329773044  2.3877346846311411 25.628164273381117  2.6138920753201091 24.785937478009146  2.8400494660036202 24.2269743787474  3.0662068566889502 24.0020641356532  3.2923642473806467 24.123022643489094  3.5185216380685218 24.5637459185205  3.9708364194430001 25.974754957534014  4.1969938101256048 26.945041643069999  4.4231512008282152 28.125113526024506  4.6493085914698895 29.431140401109587  4.8754659822097892 30.759220546897268  5.1016233728742009 32.002879332390876  5.3277807635664471 33.07141101947802  5.5539381542536859 33.900209204093926 
 0.72924715292590925 9 1.9354199032578523 7 3.7446790287557641 7 5.553938154253677 9
3 64 -4 0 1 -1 0 7.7781745930520225 5.5
7 0 0  3 25 23  2.1109403044711224 32.627416997969704  2.046972416456847 32.32586984595207  1.9190366404283006 31.687301996025571  1.7271329763854808 30.660638594364165  1.5352293123426506 29.602202210318655  1.3433256482997855 28.55102777107728  1.1514219842570048 27.545661252883654  0.95951832021414818 26.623026408206833  0.76761465617132807 25.816993604687777  0.57571099212847432 25.157156544051485  0.38380732808566603 24.667740331545126  0.1919036640428306 24.366713525456198  -4.5738067040773797e-16 24.265128047107133  -0.19190366404282955 24.366713525456206  -0.38380732808566781 24.667740331545129  -0.57571099212847143 25.157156544051478  -0.76761465617132885 25.816993604687784  -0.9595183202141504 26.62302640820684  -1.1514219842569977 27.545661252883665  -1.3433256482998204 28.551027771077266  -1.5352293123426413 29.602202210318662  -1.727132976385483 30.660638594364158  -1.919036640428301 31.687301996025582  -2.046972416456847 32.32586984595207  -2.1109403044711224 32.627416997969704 
 1.0306523491186923 4 1.2225560131615196 1 1.414459677204347 1 1.6063633412471745 1 1.7982670052900018 1 1.9901706693328292 1 2.1820743333756565 1 2.3739779974184838 1 2.5658816614613111 1 2.7577853255041385 1 2.9496889895469658 1 3.1415926535897931 1 3.3334963176326209 1 3.5253999816754478 1 3.7173036457182755 1 3.9092073097611024 1 4.1011109738039302 1 4.2930146378467571 1 4.4849183018895848 1 4.6768219659324117 1 4.8687256299752395 1 5.0606292940180664 1 5.2525329580608942 4
7 0 0  8 23 4  0.72924715292590025 33.900209204093926  0.88001874671739322 33.347677081016649  1.0307903405087533 32.688597084973154  1.1815619343004684 31.94210995725075  1.3323335280918513 31.132517628981077  1.483105121883213 30.287910059222213  1.6338767156749143 29.438111328010606  1.7846483094663397 28.612430507784413  2.1615772939450717 26.675611329773044  2.3877346846343244 25.628164273381117  2.6138920753037382 24.785937478009146  2.8400494660127151 24.2269743787474  3.0662068566798553 24.0020641356532  3.2923642473829204 24.123022643489094  3.5185216380685218 24.5637459185205  3.9708364194430001 25.974754957534014  4.1969938101256048 26.945041643069999  4.4231512008282152 28.125113526024506  4.6493085914698895 29.431140401109587  4.8754659822097892 30.759220546897268  5.1016233728742009 32.002879332390876  5.3277807635664471 33.07141101947802  5.5539381542536859 33.900209204093926 
 0.72924715292590925 9 1.9354199032578527 7 3.7446790287557654 7 5.553938154253677 9
3 122 -4 0 1 -1 0 7.7781745930520225 5.5
7 0 0  3 25 23  2.1109403044711224 32.627416997969704  2.0469724164568475 32.32586984595207  1.9190366404283017 31.687301996025571  1.7271329763854804 30.660638594364165  1.5352293123426508 29.602202210318655  1.343325648299786 28.55102777107728  1.1514219842570057 27.545661252883654  0.95951832021414762 26.623026408206833  0.76761465617132874 25.816993604687777  0.57571099212847254 25.157156544051485  0.38380732808566648 24.667740331545126  0.19190366404283049 24.366713525456198  -4.2391379208522051e-16 24.265128047107133  -0.19190366404282955 24.366713525456206  -0.38380732808566781 24.667740331545129  -0.57571099212847143 25.157156544051478  -0.76761465617132885 25.816993604687784  -0.9595183202141504 26.62302640820684  -1.1514219842569977 27.545661252883665  -1.3433256482998204 28.551027771077266  -1.5352293123426413 29.602202210318662  -1.727132976385483 30.660638594364158  -1.919036640428301 31.687301996025582  -2.046972416456847 32.32586984595207  -2.1109403044711224 32.627416997969704 
 1.0306523491186923 4 1.2225560131615196 1 1.414459677204347 1 1.6063633412471745 1 1.7982670052900018 1 1.9901706693328292 1 2.1820743333756565 1 2.3739779974184838 1 2.5658816614613111 1 2.7577853255041385 1 2.9496889895469658 1 3.1415926535897931 1 3.3334963176326209 1 3.5253999816754478 1 3.7173036457182755 1 3.9092073097611024 1 4.1011109738039302 1 4.2930146378467571 1 4.4849183018895848 1 4.6768219659324117 1 4.8687256299752395 1 5.0606292940180664 1 5.2525329580608942 4
1 0 -18 1 0 
1 0 4 1 0 
3 64 563.99999999999989 0 -1 1 0 7.7781745930520225 5.5
7 0 0  3 25 23  7.8539816339744934 35.455844122715916  7.8301816896291099 35.586744835342493  7.7825818009383552 35.848542666111506  7.71118196790224 36.239241197465951  7.6397821348660813 36.625946943338803  7.5683823018299714 37.006690320723173  7.4969824687938234 37.379530885830192  7.425582635757686 37.74256879902179  7.3541828027215743 38.093954083439812  7.2827829696854378 38.431896165275603  7.2113831366493084 38.754672967787258  7.1399833036131675 39.060639694744964  7.0685834705770407 39.348237209722953  6.997183637540898 39.615999981814632  6.9257838045047757 39.862563553004648  6.8543839714686472 40.086671492965678  6.7829841384325062 40.287181794856423  6.7115843053963768 40.463072719624179  6.6401844723602501 40.61344790964106  6.5687846393241154 40.737541303098105  6.4973848062879824 40.834719743540099  6.4259849732518521 40.904491036085709  6.3545851402157192 40.946488430483313  6.3069852515249636 40.955855983770931  6.2831853071795862 40.95584412271576 
 4.7123889803846897 4 4.7837888134208217 1 4.8551886464569529 1 4.926588479493085 1 4.9979883125292162 1 5.0693881455653482 1 5.1407879786014794 1 5.2121878116376115 1 5.2835876446737426 1 5.3549874777098747 1 5.4263873107460068 1 5.497787143782138 1 5.5691869768182691 1 5.6405868098544012 1 5.7119866428905333 1 5.7833864759266644 1 5.8547863089627965 1 5.9261861419989277 1 5.9975859750350597 1 6.0689858080711918 1 6.140385641107323 1 6.2117854741434542 1 6.2831853071795862 4
7 0 0  3 25 23  1.570796326794907 35.455844122715916  1.5469963824495236 35.586744835342493  1.4993964937587692 35.848542666111506  1.427996660722654 36.239241197465951  1.3565968276864953 36.625946943338803  1.2851969946503854 37.006690320723173  1.2137971616142369 37.379530885830192  1.1423973285780995 37.74256879902179  1.0709974955419881 38.093954083439812  0.99959766250585125 38.431896165275603  0.92819782946972262 38.754672967787258  0.85679799643358157 39.060639694744964  0.78539816339745461 39.348237209722953  0.71399833036131133 39.615999981814632  0.64259849732518981 39.862563553004648  0.57119866428906119 40.086671492965678  0.49979883125292002 40.287181794856423  0.42839899821679106 40.463072719624179  0.35699916518066355 40.61344790964106  0.28559933214452876 40.737541303098105  0.21419949910839586 40.834719743540099  0.14279966607226574 40.904491036085709  0.071399833036132829 40.946488430483313  0.023799944345377581 40.955855983770931  0 40.95584412271576 
 4.7123889803846897 4 4.7837888134208217 1 4.8551886464569529 1 4.926588479493085 1 4.9979883125292162 1 5.0693881455653482 1 5.1407879786014794 1 5.2121878116376115 1 5.2835876446737426 1 5.3549874777098747 1 5.4263873107460068 1 5.497787143782138 1 5.5691869768182691 1 5.6405868098544012 1 5.7119866428905333 1 5.7833864759266644 1 5.8547863089627965 1 5.9261861419989277 1 5.9975859750350597 1 6.0689858080711918 1 6.140385641107323 1 6.2117854741434542 1 6.2831853071795862 4
3 64 563.99999999999989 0 -1 1 0 7.7781745930520225 5.5
7 0 0  3 25 23  6.2831853071795862 40.95584412271576  6.2593853628342071 40.955855983770931  6.2117854741434542 40.946488430483306  6.1403856411073221 40.904491036085709  6.0689858080711891 40.834719743540099  5.9975859750350571 40.737541303098105  5.9261861419989215 40.61344790964106  5.8547863089627938 40.463072719624165  5.7833864759266662 40.287181794856437  5.7119866428905253 40.086671492965678  5.6405868098543976 39.862563553004641  5.5691869768182736 39.615999981814632  5.4977871437821317 39.348237209722953  5.426387310746005 39.060639694744978  5.3549874777098632 38.754672967787251  5.2835876446737338 38.431896165275596  5.2121878116375973 38.093954083439826  5.1407879786014865 37.742568799021782  5.0693881455653509 37.379530885830199  4.9979883125292011 37.006690320723173  4.9265884794930912 36.625946943338796  4.8551886464569325 36.239241197465958  4.7837888134208182 35.848542666111506  4.7361889247300626 35.586744835342493  4.712388980384679 35.455844122715916 
 0 4 0.071399833036131677 1 0.14279966607226335 1 0.21419949910839503 1 0.28559933214452671 1 0.35699916518065838 1 0.42839899821679006 1 0.49979883125292174 1 0.57119866428905341 1 0.64259849732518504 1 0.71399833036131677 1 0.7853981633974485 1 0.85679799643358012 1 0.92819782946971174 1 0.99959766250584348 1 1.0709974955419752 1 1.1423973285781068 1 1.2137971616142385 1 1.2851969946503701 1 1.3565968276865019 1 1.4279966607226335 1 1.4993964937587652 1 1.570796326794897 4
7 0 0  3 25 23  0 40.95584412271576  -0.023799944345379132 40.955855983770931  -0.071399833036132065 40.946488430483306  -0.14279966607226413 40.904491036085709  -0.21419949910839708 40.834719743540099  -0.28559933214452915 40.737541303098105  -0.35699916518066477 40.61344790964106  -0.42839899821679239 40.463072719624165  -0.49979883125292002 40.287181794856437  -0.57119866428906096 40.086671492965678  -0.64259849732518859 39.862563553004641  -0.71399833036131266 39.615999981814632  -0.7853981633974545 39.348237209722953  -0.85679799643358123 39.060639694744978  -0.92819782946972307 38.754672967787251  -0.99959766250585247 38.431896165275596  -1.070997495541989 38.093954083439826  -1.1423973285780997 37.742568799021782  -1.2137971616142353 37.379530885830199  -1.2851969946503852 37.006690320723173  -1.356596827686495 36.625946943338796  -1.4279966607226537 36.239241197465958  -1.499396493758768 35.848542666111506  -1.5469963824495236 35.586744835342493  -1.5707963267949072 35.455844122715916 
 0 4 0.071399833036131677 1 0.14279966607226335 1 0.21419949910839503 1 0.28559933214452671 1 0.35699916518065838 1 0.42839899821679006 1 0.49979883125292174 1 0.57119866428905341 1 0.64259849732518504 1 0.71399833036131677 1 0.7853981633974485 1 0.85679799643358012 1 0.92819782946971174 1 0.99959766250584348 1 1.0709974955419752 1 1.1423973285781068 1 1.2137971616142385 1 1.2851969946503701 1 1.3565968276865019 1 1.4279966607226335 1 1.4993964937587652 1 1.570796326794897 4
7 0 0  6 7 2  4.6609403385593575 35.73868683519072  4.7697258149766482 35.141158405775357  4.8785112913939201 34.539613596911067  4.9872967678111308 33.946778521139549  5.0960822442285689 33.375532369486336  5.2048677206458045 32.837961696280345  5.3136531970630951 32.344574285498311 
 1.519347684969552 7 2.1720605434732949 7
3 64 -1.1368683772161603e-13 0 -1 1 0 7.7781745930520225 5.5
7 0 0  3 25 23  -1.5707963267949072 35.455844122715916  -1.5789803264566586 35.410832119670665  -1.595348325780173 35.320808130888615  -1.6199003247654726 35.185853529498189  -1.6444523237507314 35.051061674167165  -1.6690043227360594 34.916513808704615  -1.6935563217212977 34.782291035844999  -1.718108320706607 34.648474260759926  -1.7426603196918959 34.515144144327728  -1.7672123186771458 34.382381053968224  -1.7917643176624543 34.250265015345313  -1.8163163166477307 34.118875664092094  -1.8408683156330197 33.988292197816335  -1.8654203146182811 33.858593328363597  -1.889972313603586 33.729857234370598  -1.9145243125888598 33.602161514134174  -1.9390763115741416 33.475583138879479  -1.9636283105594217 33.350198406195425  -1.988180309544707 33.226082894679479  -2.0127323085299995 33.103311416006463  -2.0372843075152636 32.981957978708756  -2.0618363065005623 32.862095710431397  -2.0863883054858334 32.743796937523051  -2.1027563048093603 32.66602076577005  -2.1109403044711268 32.627416997969704 
 1.5707963267948966 4 1.5953483257801793 1 1.619900324765462 1 1.6444523237507445 1 1.6690043227360272 1 1.6935563217213099 1 1.7181083207065926 1 1.7426603196918753 1 1.7672123186771578 1 1.7917643176624405 1 1.8163163166477232 1 1.8408683156330059 1 1.8654203146182886 1 1.8899723136035713 1 1.914524312588854 1 1.9390763115741365 1 1.9636283105594192 1 1.9881803095447019 1 2.0127323085299844 1 2.0372843075152671 1 2.0618363065005498 1 2.0863883054858325 1 2.1109403044711152 4
7 0 0  6 7 2  0.96953211011649088 32.344574285498311  1.0783175865337813 32.837961696280345  1.1871030629510528 33.375532369488383  1.2958885393683204 33.94677852113773  1.4046740157856732 34.539613596913114  1.5134594922029385 35.141158405775357  1.6222449686202289 35.73868683519072 
 4.1111247637062913 7 4.7638376222100343 7
3 64 -1.1368683772161603e-13 0 -1 1 0 7.7781745930520225 5.5
7 0 0  3 25 23  2.1109403044711263 32.627416997969704  2.102756304809358 32.66602076577005  2.0863883054858339 32.743796937523051  2.0618363065005636 32.862095710431397  2.0372843075152631 32.981957978708749  2.0127323085299995 33.10331141600647  1.9881803095447068 33.226082894679486  1.963628310559421 33.350198406195418  1.9390763115741407 33.475583138879479  1.9145243125888598 33.602161514134181  1.8899723136035858 33.729857234370584  1.8654203146182811 33.858593328363611  1.8408683156330183 33.988292197816342  1.816316316647729 34.118875664092087  1.7917643176624549 34.250265015345313  1.7672123186771451 34.382381053968224  1.7426603196918966 34.515144144327728  1.7181083207066075 34.648474260759926  1.6935563217212961 34.782291035844992  1.6690043227360596 34.916513808704622  1.6444523237507314 35.051061674167165  1.6199003247654711 35.185853529498189  1.5953483257801737 35.320808130888615  1.5789803264566578 35.410832119670665  1.570796326794907 35.455844122715916 
 4.172245002708471 4 4.1967970016937537 1 4.2213490006790364 1 4.2459009996643191 1 4.2704529986496018 1 4.2950049976348845 1 4.3195569966201672 1 4.3441089956054499 1 4.3686609945907326 1 4.3932129935760154 1 4.4177649925612981 1 4.4423169915465799 1 4.4668689905318626 1 4.4914209895171453 1 4.515972988502428 1 4.5405249874877107 1 4.5650769864729934 1 4.5896289854582761 1 4.6141809844435588 1 4.6387329834288415 1 4.6632849824141243 1 4.687836981399407 1 4.7123889803846897 4
3 122 563.99999999999989 0 -1 1 0 7.7781745930520225 5.5
7 0 0  3 25 23  7.8539816339744934 35.455844122715916  7.8301816896291099 35.586744835342493  7.7825818009383552 35.848542666111506  7.71118196790224 36.239241197465951  7.6397821348660822 36.625946943338803  7.5683823018299714 37.006690320723173  7.4969824687938234 37.379530885830192  7.4255826357576851 37.74256879902179  7.3541828027215761 38.093954083439812  7.2827829696854369 38.431896165275603  7.2113831366493084 38.754672967787258  7.1399833036131675 39.060639694744964  7.0685834705770407 39.348237209722953  6.997183637540898 39.615999981814632  6.9257838045047748 39.862563553004648  6.8543839714686463 40.086671492965678  6.7829841384325062 40.287181794856423  6.7115843053963777 40.463072719624179  6.6401844723602492 40.61344790964106  6.5687846393241163 40.737541303098105  6.4973848062879842 40.834719743540099  6.4259849732518495 40.904491036085709  6.3545851402157192 40.946488430483313  6.3069852515249645 40.955855983770931  6.2831853071795862 40.95584412271576 
 4.7123889803846897 4 4.7837888134208217 1 4.8551886464569529 1 4.926588479493085 1 4.9979883125292162 1 5.0693881455653482 1 5.1407879786014794 1 5.2121878116376115 1 5.2835876446737426 1 5.3549874777098747 1 5.4263873107460068 1 5.497787143782138 1 5.5691869768182691 1 5.6405868098544012 1 5.7119866428905333 1 5.7833864759266644 1 5.8547863089627965 1 5.9261861419989277 1 5.9975859750350597 1 6.0689858080711918 1 6.140385641107323 1 6.2117854741434542 1 6.2831853071795862 4
7 0 0  3 25 23  1.570796326794907 35.455844122715916  1.5469963824495239 35.586744835342493  1.4993964937587689 35.848542666111506  1.4279966607226535 36.239241197465951  1.3565968276864961 36.625946943338803  1.2851969946503849 37.006690320723173  1.2137971616142369 37.379530885830192  1.1423973285780993 37.74256879902179  1.0709974955419894 38.093954083439812  0.99959766250585091 38.431896165275603  0.92819782946972262 38.754672967787258  0.85679799643358157 39.060639694744964  0.78539816339745461 39.348237209722953  0.71399833036131177 39.615999981814632  0.64259849732518826 39.862563553004648  0.57119866428906008 40.086671492965678  0.49979883125292024 40.287181794856423  0.42839899821679117 40.463072719624179  0.35699916518066316 40.61344790964106  0.28559933214453015 40.737541303098105  0.21419949910839794 40.834719743540099  0.14279966607226324 40.904491036085709  0.071399833036133217 40.946488430483313  0.023799944345378358 40.955855983770931  0 40.95584412271576 
 4.7123889803846897 4 4.7837888134208217 1 4.8551886464569529 1 4.926588479493085 1 4.9979883125292162 1 5.0693881455653482 1 5.1407879786014794 1 5.2121878116376115 1 5.2835876446737426 1 5.3549874777098747 1 5.4263873107460068 1 5.497787143782138 1 5.5691869768182691 1 5.6405868098544012 1 5.7119866428905333 1 5.7833864759266644 1 5.8547863089627965 1 5.9261861419989277 1 5.9975859750350597 1 6.0689858080711918 1 6.140385641107323 1 6.2117854741434542 1 6.2831853071795862 4
3 122 563.99999999999989 0 -1 1 0 7.7781745930520225 5.5
7 0 0  3 25 23  6.2831853071795862 40.95584412271576  6.2593853628342071 40.955855983770931  6.2117854741434542 40.946488430483306  6.1403856411073221 40.904491036085709  6.0689858080711891 40.834719743540099  5.9975859750350571 40.737541303098105  5.9261861419989215 40.61344790964106  5.8547863089627938 40.463072719624165  5.7833864759266662 40.287181794856437  5.7119866428905253 40.086671492965678  5.6405868098543976 39.862563553004641  5.5691869768182736 39.615999981814632  5.4977871437821317 39.348237209722953  5.426387310746005 39.060639694744978  5.3549874777098632 38.754672967787251  5.2835876446737338 38.431896165275596  5.2121878116375973 38.093954083439826  5.1407879786014865 37.742568799021782  5.0693881455653509 37.379530885830199  4.9979883125292011 37.006690320723173  4.9265884794930912 36.625946943338796  4.8551886464569325 36.239241197465958  4.7837888134208182 35.848542666111506  4.7361889247300626 35.586744835342493  4.712388980384679 35.455844122715916 
 0 4 0.071399833036131677 1 0.14279966607226335 1 0.21419949910839503 1 0.28559933214452671 1 0.35699916518065838 1 0.42839899821679006 1 0.49979883125292174 1 0.57119866428905341 1 0.64259849732518504 1 0.71399833036131677 1 0.7853981633974485 1 0.85679799643358012 1 0.92819782946971174 1 0.99959766250584348 1 1.0709974955419752 1 1.1423973285781068 1 1.2137971616142385 1 1.2851969946503701 1 1.3565968276865019 1 1.4279966607226335 1 1.4993964937587652 1 1.570796326794897 4
7 0 0  3 25 23  0 40.95584412271576  -0.023799944345379132 40.955855983770931  -0.071399833036132065 40.946488430483306  -0.14279966607226413 40.904491036085709  -0.21419949910839708 40.834719743540099  -0.28559933214452915 40.737541303098105  -0.35699916518066477 40.61344790964106  -0.42839899821679239 40.463072719624165  -0.49979883125292002 40.287181794856437  -0.57119866428906096 40.086671492965678  -0.64259849732518859 39.862563553004641  -0.71399833036131266 39.615999981814632  -0.7853981633974545 39.348237209722953  -0.85679799643358123 39.060639694744978  -0.92819782946972307 38.754672967787251  -0.99959766250585247 38.431896165275596  -1.070997495541989 38.093954083439826  -1.1423973285780997 37.742568799021782  -1.2137971616142353 37.379530885830199  -1.2851969946503852 37.006690320723173  -1.356596827686495 36.625946943338796  -1.4279966607226537 36.239241197465958  -1.499396493758768 35.848542666111506  -1.5469963824495236 35.586744835342493  -1.5707963267949072 35.455844122715916 
 0 4 0.071399833036131677 1 0.14279966607226335 1 0.21419949910839503 1 0.28559933214452671 1 0.35699916518065838 1 0.42839899821679006 1 0.49979883125292174 1 0.57119866428905341 1 0.64259849732518504 1 0.71399833036131677 1 0.7853981633974485 1 0.85679799643358012 1 0.92819782946971174 1 0.99959766250584348 1 1.0709974955419752 1 1.1423973285781068 1 1.2137971616142385 1 1.2851969946503701 1 1.3565968276865019 1 1.4279966607226335 1 1.4993964937587652 1 1.570796326794897 4
7 0 0  6 7 2  4.6609403385593575 35.73868683519072  4.7697258149766482 35.141158405775357  4.8785112913939201 34.539613596911067  4.9872967678111308 33.946778521139549  5.0960822442285689 33.375532369486336  5.2048677206458045 32.837961696280345  5.3136531970630951 32.344574285498311 
 1.519347684969552 7 2.1720605434732949 7
3 122 -1.1368683772161603e-13 0 -1 1 0 7.7781745930520225 5.5
7 0 0  3 25 23  -1.5707963267949072 35.455844122715916  -1.5789803264566586 35.410832119670665  -1.595348325780173 35.320808130888615  -1.6199003247654726 35.185853529498189  -1.6444523237507314 35.051061674167165  -1.6690043227360594 34.916513808704615  -1.6935563217212977 34.782291035844999  -1.718108320706607 34.648474260759926  -1.7426603196918959 34.515144144327728  -1.7672123186771458 34.382381053968224  -1.7917643176624543 34.250265015345313  -1.8163163166477307 34.118875664092094  -1.8408683156330197 33.988292197816335  -1.8654203146182811 33.858593328363597  -1.889972313603586 33.729857234370598  -1.9145243125888598 33.602161514134174  -1.9390763115741416 33.475583138879479  -1.9636283105594217 33.350198406195425  -1.988180309544707 33.226082894679479  -2.0127323085299995 33.103311416006463  -2.0372843075152636 32.981957978708756  -2.0618363065005623 32.862095710431397  -2.0863883054858334 32.743796937523051  -2.1027563048093603 32.66602076577005  -2.1109403044711268 32.627416997969704 
 1.5707963267948966 4 1.5953483257801793 1 1.619900324765462 1 1.6444523237507445 1 1.6690043227360272 1 1.6935563217213099 1 1.7181083207065926 1 1.7426603196918753 1 1.7672123186771578 1 1.7917643176624405 1 1.8163163166477232 1 1.8408683156330059 1 1.8654203146182886 1 1.8899723136035713 1 1.914524312588854 1 1.9390763115741365 1 1.9636283105594192 1 1.9881803095447019 1 2.0127323085299844 1 2.0372843075152671 1 2.0618363065005498 1 2.0863883054858325 1 2.1109403044711152 4
7 0 0  6 7 2  0.96953211011649088 32.344574285498311  1.0783175865337813 32.837961696280345  1.1871030629510528 33.375532369488383  1.2958885393683488 33.94677852113773  1.404674015785659 34.539613596913114  1.5134594922029385 35.141158405775357  1.6222449686202289 35.73868683519072 
 4.1111247637062913 7 4.7638376222100343 7
3 122 -1.1368683772161603e-13 0 -1 1 0 7.7781745930520225 5.5
7 0 0  3 25 23  2.1109403044711263 32.627416997969704  2.102756304809358 32.66602076577005  2.0863883054858339 32.743796937523051  2.061836306500564 32.862095710431397  2.0372843075152649 32.981957978708749  2.0127323085299991 33.10331141600647  1.9881803095447068 33.226082894679486  1.9636283105594214 33.350198406195418  1.9390763115741401 33.475583138879479  1.9145243125888598 33.602161514134181  1.8899723136035858 33.729857234370584  1.8654203146182811 33.858593328363611  1.8408683156330183 33.988292197816342  1.8163163166477292 34.118875664092087  1.7917643176624549 34.250265015345313  1.7672123186771451 34.382381053968224  1.7426603196918966 34.515144144327728  1.7181083207066075 34.648474260759926  1.6935563217212968 34.782291035844992  1.6690043227360589 34.916513808704622  1.6444523237507318 35.051061674167165  1.6199003247654711 35.185853529498189  1.5953483257801737 35.320808130888615  1.5789803264566578 35.410832119670665  1.570796326794907 35.455844122715916 
 4.172245002708471 4 4.1967970016937537 1 4.2213490006790364 1 4.2459009996643191 1 4.2704529986496018 1 4.2950049976348845 1 4.3195569966201672 1 4.3441089956054499 1 4.3686609945907326 1 4.3932129935760154 1 4.4177649925612981 1 4.4423169915465799 1 4.4668689905318626 1 4.4914209895171453 1 4.515972988502428 1 4.5405249874877107 1 4.5650769864729934 1 4.5896289854582761 1 4.6141809844435588 1 4.6387329834288415 1 4.6632849824141243 1 4.687836981399407 1 4.7123889803846897 4
8 41.5 439.5
1 384 41.5 0 1 
8 41.5 439.5
1 -41.5 5.0501898662234908 1 0 
8 -357.5 -26.5
1 26.5 481 -1 0 
8 -357.5 -26.5
1 -26.5 -5.0501898662234908 -1 -0 
8 41.5 439.5
1 53 41.5 0 1 
8 41.5 439.5
1 -41.5 5.0501898662234908 1 0 
8 -357.5 -26.5
1 26.5 83 -1 0 
8 -357.5 -26.5
1 -26.5 -5.0501898662234908 -1 -0 
2 500 352 1 0 -0 1 58
1 0 1 1 0 
2 500 212 1 0 -0 1 58
1 0 1 1 0 
8 33 55
1 454 33 0 1 
8 33 55
1 -33 1 1 0 
2 451 88 1 0 -0 1 3
1 0 1 1 0 
8 -246.5 -204.5
1 204.5 91 -1 0 
8 -246.5 -204.5
1 -204.5 -1 -1 -0 
2 409 88 1 0 -0 1 3
1 0 1 1 0 
8 33 55
1 406 33 0 1 
8 33 55
1 -33 1 1 0 
2 409 66 1 0 -0 1 3
1 0 1 1 0 
8 -246.5 -204.5
1 204.5 63 -1 0 
8 -246.5 -204.5
1 -204.5 -1 -1 -0 
2 451 66 1 0 -0 1 3
1 0 1 1 0 
2 430 512 1 0 -0 1 12
1 0 1 1 0 
8 -231 -211
1 387 211 0 -1 
8 -231 -211
1 16 -211 0 -1 
8 -193.5 -191.5
1 193.5 442 -1 0 
8 -193.5 -191.5
1 15.999999999999979 -193.5 -1.1e-16 -1 
8 -231 -211
1 385 211 0 -1 
8 -231 -211
1 16 -211 0 -1 
8 -193.5 -191.5
1 193.5 422 -1 0 
8 -193.5 -191.5
1 15.999999999999979 -193.5 -1.1e-16 -1 
2 430 57 1 0 -0 1 2.25
1 0 1 1 0 
2 430 97 1 0 -0 1 2.25
1 0 1 1 0 
2 418 502.5 1 0 -0 1 1.6000000000000001
1 0 1 1 0 
2 442 521.5 1 0 -0 1 1.6000000000000001
1 0 1 1 0 
1 0 0 0 1 
1 331 0 0 -1 
8 41.5 439.5
1 384 41.5 0 1 
8 41.5 439.5
1 -41.5 23.050189866223491 1 0 
1 398 0 0 1 
1 331 0 0 -1 
8 -357.5 -26.5
1 26.5 481 -1 0 
8 -357.5 -26.5
1 -26.5 -23.050189866223491 -1 -0 
1 0 0 0 -1 
1 398 0 0 1 
1 0 0 0 -1 
1 0 0 0 1 
8 41.5 439.5
1 53 41.5 0 1 
8 41.5 439.5
1 -41.5 23.050189866223491 1 0 
8 -357.5 -26.5
1 26.5 83 -1 0 
8 -357.5 -26.5
1 -26.5 -23.050189866223491 -1 -0 
2 500 352 1 0 -0 1 58
1 0 19 1 0 
1 6.2831853071795862 -0 0 1 
1 0 -0 0 1 
2 500 212 1 0 -0 1 58
1 0 19 1 0 
1 6.2831853071795862 -0 0 1 
1 0 -0 0 1 
1 0 0 0 1 
8 0 20
1 6.2831853071795862 -0 0 1 
8 33 55
1 454 33 0 1 
8 33 55
1 -33 19 1 0 
1 22 0 0 1 
8 0 20
1 0 0 0 1 
2 451 88 1 0 -0 1 3
1 0 19 1 0 
1 1.5707963267948966 0 0 1 
1 42 0 0 -1 
8 -246.5 -204.5
1 204.5 91 -1 0 
8 -246.5 -204.5
1 -204.5 -19 -1 -0 
1 0 0 0 -1 
1 1.5707963267948966 0 0 1 
2 409 88 1 0 -0 1 3
1 0 19 1 0 
1 3.1415926535897931 0 0 1 
1 22 0 0 1 
1 3.1415926535897931 0 0 1 
1 0 0 0 1 
8 33 55
1 406 33 0 1 
8 33 55
1 -33 19 1 0 
2 409 66 1 0 -0 1 3
1 0 19 1 0 
1 0 0 0 -1 
1 4.7123889803846897 0 0 1 
1 4.7123889803846897 0 0 1 
1 42 0 0 -1 
8 -246.5 -204.5
1 204.5 63 -1 0 
8 -246.5 -204.5
1 -204.5 -19 -1 -0 
2 451 66 1 0 -0 1 3
1 0 19 1 0 
2 430 512 1 0 -0 1 12
1 0 19 1 0 
1 6.2831853071795862 -0 0 1 
1 0 -0 0 1 
1 0 20 1 0 
1 0 0 1 0 
1 24 0 0 1 
1 0 0 1 0 
1 0 0 1 0 
1 0 0 1 0 
1 24 0 0 -1 
1 20 0 0 1 
1 0 -2 1 0 
1 0 20 1 0 
1 24 0 0 1 
1 0 2 1 0 
1 0 0 1 0 
1 0 -2 1 0 
1 24 0 0 -1 
1 0 0 0 1 
2 430 57 1 0 -0 1 2.25
1 0 19 1 0 
1 6.2831853071795862 -0 0 1 
1 0 -0 0 1 
2 430 97 1 0 -0 1 2.25
1 0 19 1 0 
1 6.2831853071795862 -0 0 1 
1 0 -0 0 1 
2 418 502.5 1 0 -0 1 1.6000000000000001
1 0 19 1 0 
1 6.2831853071795862 -0 0 1 
1 0 -0 0 1 
2 442 521.5 1 0 -0 1 1.6000000000000001
1 0 19 1 0 
1 6.2831853071795862 -0 0 1 
1 0 -0 0 1 
8 -36.110016797122455 -2.110016797122455
1 21.889983202877545 209.99999999999997 -1 0 
8 -36.110016797122455 -2.110016797122455
1 -21.889983202877545 -5.9746554680384634 -1 0 
8 81 129
1 52 81 0 1 
8 81 129
1 -81 10 1 0 
8 22.653729685066089 31.153729685066089
1 26.846270314933911 193.99999999999997 1 0 
8 22.653729685066089 31.153729685066089
1 26.846270314933911 3.6942911742739852 -1 0 
8 -5.9999999280000001e-07 16.000000599999993
1 51.938447187191173 178 0 1 
8 -5.9999999280000001e-07 16.000000599999993
1 2.0466785764553124 0 0 1 
8 -31.153729685066093 -22.653729685066093
1 26.846270314933907 177.99999999999997 -1 0 
8 -31.153729685066093 -22.653729685066093
1 -26.846270314933907 3.6942911742739852 -1 0 
8 81 129
1 52 81 0 1 
8 81 129
1 -81 10 1 0 
8 2.1100167971224515 36.110016797122455
1 21.889983202877549 162.00000000000006 1 0 
8 2.1100167971224515 36.110016797122455
1 21.889983202877549 -5.9746554680380086 -1 0 
8 81 129
1 48 81 0 1 
8 81 129
1 -81 10 1 0 
8 -36.110016797122455 -2.110016797122455
1 21.889983202877545 402 -1 0 
8 -36.110016797122455 -2.110016797122455
1 -21.889983202877545 -5.9746554680384634 -1 0 
8 177 225
1 52 177 0 1 
8 177 225
1 -177 10 1 0 
8 22.653729685066089 31.153729685066089
1 26.846270314933911 385.99999999999994 1 0 
8 22.653729685066089 31.153729685066089
1 26.846270314933911 3.6942911742739852 -1 0 
8 -6.0000002122000002e-07 16.000000600000021
1 51.938447187191173 370 0 1 
8 -6.0000002122000002e-07 16.000000600000021
1 2.0466785764553124 0 0 1 
8 -31.153729685066093 -22.653729685066093
1 26.846270314933907 369.99999999999994 -1 0 
8 -31.153729685066093 -22.653729685066093
1 -26.846270314933907 3.6942911742739852 -1 0 
8 177 225
1 52 177 0 1 
8 177 225
1 -177 10 1 0 
8 2.1100167971224515 36.110016797122455
1 21.889983202877549 354.00000000000006 1 0 
8 2.1100167971224515 36.110016797122455
1 21.889983202877549 -5.9746554680380086 -1 0 
8 177 225
1 48 177 0 1 
8 177 225
1 -177 10 1 0 
1 6.2200335942449101 6.0253445319615366 0 -1 
1 48 0 0 1 
1 4.2200335942449101 4.0253445319615366 1 0 
1 0 48 1 0 
1 8.2200335942449101 4.0253445319615366 0 -1 
1 48 0 0 1 
1 4.2200335942449101 4.0253445319615366 0 -1 
1 48 0 0 1 
1 -19.77996640575509 4.0253445319615366 1 0 
1 0 48 1 0 
1 -19.77996640575509 6.0253445319615366 0 -1 
1 48 0 0 1 
1 -19.77996640575509 6.0253445319615366 1 0 
1 0 48 1 0 
1 0 0 0 1 
1 -8.220033594244903 4.0253445319619914 0 -1 
8 2.5 7
1 16 7 0 1 
1 -1.6925406298678141 6.6942911742739852 0 -1 
8 -5.9999999280000001e-07 16.000000599999993
1 16 9.9688711258506828 1 0 
8 -5.9999999280000001e-07 16.000000599999993
1 2.0313503184762149 0 0 1 
8 2.5 7
1 32 7 0 1 
1 1.6925406298678212 6.6942911742739852 0 -1 
1 0 0 1 0 
1 4 0 0 1 
2 -0.30745937013217883 -0.30570882572601477 -1 0 0 1 4.5
1 0 16 1 0 
1 0 0 1 0 
2 0.30745937013218594 -0.30570882572601477 1 0 -0 1 4.5
1 19.779966405755097 6.0253445319619914 -1 0 
1 0 0 1 0 
1 19.779966405755097 6.0253445319619914 0 -1 
1 0 0 0 1 
1 19.779966405755097 4.0253445319619914 -1 0 
1 0 0 1 0 
1 0 0 0 1 
1 -4.220033594244903 4.0253445319619914 0 -1 
1 -4.220033594244903 4.0253445319619914 -1 0 
1 0 0 1 0 
1 -6.220033594244903 6.0253445319619914 0 -1 
1 0 0 0 1 
1 0 0 1 0 
1 24 0 0 1 
1 0 2 1 0 
1 2 0 0 1 
1 0 0 1 0 
1 26 0 0 1 
1 0 0 0 1 
1 0 2 1 0 
2 12 10 1 0 -0 1 2.25
1 0 3 1 0 
2 12 38 1 0 -0 1 2.25
1 0 3 1 0 
1 0 0 1 0 
1 0 0 0 1 
2 12 10 1 0 -0 1 2.25
1 0 1 1 0 
2 12 38 1 0 -0 1 2.25
1 0 1 1 0 
1 6.2831853071795862 -0 0 1 
1 0 -0 0 1 
1 6.2831853071795862 -0 0 1 
1 0 -0 0 1 
1 6.2200335942449101 6.0253445319615366 0 -1 
1 48 0 0 1 
1 4.2200335942449101 4.0253445319615366 1 0 
1 0 48 1 0 
1 8.2200335942449101 4.0253445319615366 0 -1 
1 48 0 0 1 
1 4.2200335942449101 4.0253445319615366 0 -1 
1 48 0 0 1 
1 -19.77996640575509 4.0253445319615366 1 0 
1 0 48 1 0 
1 -19.77996640575509 6.0253445319615366 0 -1 
1 48 0 0 1 
1 -19.77996640575509 6.0253445319615366 1 0 
1 0 48 1 0 
1 -8.220033594244903 4.0253445319619914 0 -1 
1 0 0 0 1 
8 2.5 7
1 16 7 0 1 
1 -1.6925406298678141 6.6942911742739852 0 -1 
8 -6.0000002122000002e-07 16.000000600000021
1 16 9.9688711258506828 1 0 
8 -6.0000002122000002e-07 16.000000600000021
1 2.0313503184762149 0 0 1 
8 2.5 7
1 32 7 0 1 
1 1.6925406298678212 6.6942911742739852 0 -1 
1 0 0 1 0 
1 4 0 0 1 
1 0 16 1 0 
2 -0.30745937013217883 -0.30570882572601477 -1 0 0 1 4.5
2 0.30745937013218594 -0.30570882572601477 1 0 -0 1 4.5
1 0 0 1 0 
1 19.779966405755097 6.0253445319619914 -1 0 
1 0 0 1 0 
1 19.779966405755097 6.0253445319619914 0 -1 
1 0 0 0 1 
1 19.779966405755097 4.0253445319619914 -1 0 
1 0 0 1 0 
1 0 0 0 1 
1 -4.220033594244903 4.0253445319619914 0 -1 
1 -4.220033594244903 4.0253445319619914 -1 0 
1 0 0 1 0 
1 -6.220033594244903 6.0253445319619914 0 -1 
1 0 0 0 1 
1 0 0 1 0 
1 24 0 0 1 
1 0 2 1 0 
1 2 0 0 1 
1 0 0 1 0 
1 26 0 0 1 
1 0 0 0 1 
1 0 2 1 0 
2 12 10 1 0 -0 1 2.25
1 0 3 1 0 
2 12 38 1 0 -0 1 2.25
1 0 3 1 0 
1 0 0 1 0 
1 0 0 0 1 
2 12 10 1 0 -0 1 2.25
1 0 1 1 0 
2 12 38 1 0 -0 1 2.25
1 0 1 1 0 
1 6.2831853071795862 -0 0 1 
1 0 -0 0 1 
1 6.2831853071795862 -0 0 1 
1 0 -0 0 1 
Curves 177
1 14 1290.0999999999999 0 0 0 1 
3 14 1294.0999999999999 64 1 0 0 0 -1 0 0 -0 -1 7.7781745930520225 5.5
3 14 1294.0999999999999 122 1 0 0 0 -1 0 0 -0 -1 7.7781745930520225 5.5
1 14 1290.0999999999999 596.89999999999998 -0 1 0 
1 14 1308.0999999999999 0 0 0 1 
1 14 1290.0999999999999 0 -0 1 0 
3 18.000000000000057 1290.0999999999999 64 -0 1 0 1 0 0 0 0 -1 7.7781745930520225 5.5
3 18.000000000000057 1290.0999999999999 64 0 1 0 1 -0 0 0 0 -1 7.7781745930520225 5.5
3 18.000000000000057 1290.0999999999999 64 -0 1 0 1 0 0 0 0 -1 7.7781745930520225 5.5
3 18.000000000000057 1290.0999999999999 122 -0 1 0 1 0 0 0 0 -1 7.7781745930520225 5.5
3 18.000000000000057 1290.0999999999999 122 0 1 0 1 -0 0 0 0 -1 7.7781745930520225 5.5
3 18.000000000000057 1290.0999999999999 122 -0 1 0 1 0 0 0 0 -1 7.7781745930520225 5.5
1 582 1290.0999999999999 596.89999999999998 1 0 -0 
1 586 1290.0999999999999 596.89999999999998 -0 1 0 
1 600 1308.0999999999999 596.89999999999998 -1 -0 -0 
1 14 1290.0999999999999 0 1 0 -0 
1 600 1308.0999999999999 0 -1 -0 -0 
1 586 1290.0999999999999 0 -0 1 0 
1 586 1290.0999999999999 0 0 0 1 
3 586 1294.0999999999999 64 1 0 0 0 -1 0 0 -0 -1 7.7781745930520225 5.5
3 586 1294.0999999999999 122 1 0 0 0 -1 0 0 -0 -1 7.7781745930520225 5.5
1 586 1308.0999999999999 0 0 0 1 
3 581.99999999999989 1290.0999999999999 64 0 1 0 -1 0 0 0 -0 1 7.7781745930520225 5.5
3 581.99999999999989 1290.0999999999999 64 0 1 0 -1 0 0 0 -0 1 7.7781745930520225 5.5
3 581.99999999999989 1290.0999999999999 64 -0 1 0 -1 -0 0 0 0 1 7.7781745930520225 5.5
3 581.99999999999989 1290.0999999999999 64 -0 1 0 -1 -0 0 0 0 1 7.7781745930520225 5.5
3 581.99999999999989 1290.0999999999999 122 0 1 0 -1 0 0 0 -0 1 7.7781745930520225 5.5
3 581.99999999999989 1290.0999999999999 122 0 1 0 -1 0 0 0 -0 1 7.7781745930520225 5.5
3 581.99999999999989 1290.0999999999999 122 -0 1 0 -1 -0 0 0 0 1 7.7781745930520225 5.5
3 581.99999999999989 1290.0999999999999 122 -0 1 0 -1 -0 0 0 0 1 7.7781745930520225 5.5
1 59.5 1290.0999999999999 384 1 0 0 
1 499 1290.0999999999999 26.5 -0 0 -1 
1 59.5 1290.0999999999999 53 1 0 0 
1 101 1290.0999999999999 26.5 -0 0 -1 
2 370 1290.0999999999999 500 0 1 0 0 -0 1 1 0 -0 58
2 230 1290.0999999999999 500 0 1 0 0 -0 1 1 0 -0 58
1 51 1290.0999999999999 454 1 0 0 
2 106 1290.0999999999999 451 0 1 0 0 -0 1 1 0 -0 3
1 109 1290.0999999999999 204.5 -0 0 -1 
2 106 1290.0999999999999 409 0 1 0 0 -0 1 1 0 -0 3
1 51 1290.0999999999999 406 1 0 0 
2 84 1290.0999999999999 409 0 1 0 0 -0 1 1 0 -0 3
1 81 1290.0999999999999 204.5 -0 0 -1 
2 84 1290.0999999999999 451 0 1 0 0 -0 1 1 0 -0 3
2 530 1290.0999999999999 430 0 1 0 0 -0 1 1 0 -0 12
1 229 1290.0999999999999 387 -1 0 0 
1 460 1290.0999999999999 193.5 0 0 -1 
1 229 1290.0999999999999 385 -1 0 0 
1 440 1290.0999999999999 193.5 0 0 -1 
2 75 1290.0999999999999 430 0 1 0 0 -0 1 1 0 -0 2.25
2 115 1290.0999999999999 430 0 1 0 0 -0 1 1 0 -0 2.25
2 520.5 1290.0999999999999 418 0 1 0 0 -0 1 1 0 -0 1.6000000000000001
2 539.5 1290.0999999999999 442 0 1 0 0 -0 1 1 0 -0 1.6000000000000001
1 101 1285.0498101337764 384 -0 1 0 
1 59.5 1308.0999999999999 384 1 0 0 
1 499 1285.0498101337764 384 -0 1 0 
1 499 1308.0999999999999 26.5 -0 0 -1 
1 499 1285.0498101337764 53 -0 1 0 
1 101 1285.0498101337764 53 -0 1 0 
1 59.5 1308.0999999999999 53 1 0 0 
1 101 1308.0999999999999 26.5 -0 0 -1 
2 370 1308.0999999999999 500 0 1 0 0 -0 1 1 0 -0 58
1 370 1289.0999999999999 558 0 1 0 
2 230 1308.0999999999999 500 0 1 0 0 -0 1 1 0 -0 58
1 229.99999999999997 1289.0999999999999 558 0 1 0 
1 84 1289.0999999999999 454 -0 1 0 
1 51 1308.0999999999999 454 1 0 0 
1 106 1289.0999999999999 454 -0 1 0 
2 106 1308.0999999999999 451 0 1 0 0 -0 1 1 0 -0 3
1 109 1289.0999999999999 451 -0 1 0 
1 109 1308.0999999999999 204.5 -0 0 -1 
1 109 1289.0999999999999 409 -0 1 0 
2 106 1308.0999999999999 409 0 1 0 0 -0 1 1 0 -0 3
1 106 1289.0999999999999 406 -0 1 0 
1 84 1289.0999999999999 406 -0 1 0 
1 51 1308.0999999999999 406 1 0 0 
2 84 1308.0999999999999 409 0 1 0 0 -0 1 1 0 -0 3
1 81 1289.0999999999999 409 -0 1 0 
1 81 1289.0999999999999 451 -0 1 0 
1 81 1308.0999999999999 204.5 -0 0 -1 
2 84 1308.0999999999999 451 0 1 0 0 -0 1 1 0 -0 3
2 530 1308.0999999999999 430 0 1 0 0 -0 1 1 0 -0 12
1 530 1289.0999999999999 442 0 1 0 
1 460 1288.0999999999999 368 0 0 1 
1 440 1288.0999999999999 392 1 0 -0 
1 440 1288.0999999999999 368 0 0 1 
1 460 1288.0999999999999 392 -0 1 0 
1 460 1290.0999999999999 368 0 0 1 
1 440 1290.0999999999999 392 1 0 -0 
1 440 1290.0999999999999 368 0 0 1 
1 440 1288.0999999999999 392 -0 1 0 
2 75 1308.0999999999999 430 0 1 0 0 -0 1 1 0 -0 2.25
1 75 1289.0999999999999 432.25 0 1 0 
2 115 1308.0999999999999 430 0 1 0 0 -0 1 1 0 -0 2.25
1 115 1289.0999999999999 432.25 0 1 0 
2 520.5 1308.0999999999999 418 0 1 0 0 -0 1 1 0 -0 1.6000000000000001
1 520.5 1289.0999999999999 419.60000000000002 0 1 0 
2 539.5 1308.0999999999999 442 0 1 0 0 -0 1 1 0 -0 1.6000000000000001
1 539.5 1289.0999999999999 443.60000000000002 0 1 0 
1 227.99999999999997 1308.0999999999999 21.889983202877545 0 0 -1 
1 99 1308.0999999999999 52 1 0 0 
1 211.99999999999997 1308.0999999999999 26.846270314933911 0 0 1 
1 196 1308.0999999999999 51.938447187191173 1 0 0 
1 195.99999999999997 1308.0999999999999 26.846270314933907 0 0 -1 
1 99 1308.0999999999999 52 1 0 0 
1 180.00000000000006 1308.0999999999999 21.889983202877549 0 0 1 
1 99 1308.0999999999999 48 1 0 0 
1 420 1308.0999999999999 21.889983202877545 0 0 -1 
1 195 1308.0999999999999 52 1 0 0 
1 403.99999999999994 1308.0999999999999 26.846270314933911 0 0 1 
1 388 1308.0999999999999 51.938447187191173 1 0 0 
1 387.99999999999994 1308.0999999999999 26.846270314933907 0 0 -1 
1 195 1308.0999999999999 52 1 0 0 
1 372.00000000000006 1308.0999999999999 21.889983202877549 0 0 1 
1 195 1308.0999999999999 48 1 0 0 
1 228 1308.0999999999999 50 -0 1 0 
1 228 1310.0999999999999 48 0 0 1 
1 228 1310.0999999999999 52 -0 1 0 
1 228 1310.0999999999999 48 -0 1 0 
1 228 1310.0999999999999 24 0 0 1 
1 228 1308.0999999999999 24 -0 1 0 
1 228 1308.0999999999999 24 0 0 1 
1 180 1310.0999999999999 52 -0 1 0 
1 196 1317.0999999999999 52 0 1 0 
1 196 1320.0688711258506 52 1 0 0 
1 212 1317.0999999999999 52 0 1 0 
1 180 1310.0999999999999 52 1 0 -0 
2 212 1324.0999999999999 54 1 0 0 -0 0 1 0 -1 0 4.5
2 196 1324.0999999999999 54 1 0 0 -0 0 1 0 -1 0 4.5
1 180 1308.0999999999999 24 0 0 1 
1 180 1308.0999999999999 24 -0 1 0 
1 180 1310.0999999999999 24 0 0 1 
1 180 1310.0999999999999 48 -0 1 0 
1 180 1310.0999999999999 48 0 0 1 
1 180 1308.0999999999999 50 -0 1 0 
1 180 1310.0999999999999 48 1 0 -0 
1 180 1310.0999999999999 50 1 0 -0 
1 180 1308.0999999999999 50 1 0 -0 
1 180 1310.0999999999999 24 1 0 -0 
2 190 1310.0999999999999 36 0 1 0 0 -0 1 1 0 -0 2.25
2 218 1310.0999999999999 36 0 1 0 0 -0 1 1 0 -0 2.25
1 180 1308.0999999999999 24 1 0 -0 
2 190 1308.0999999999999 36 0 1 0 0 -0 1 1 0 -0 2.25
2 218 1308.0999999999999 36 0 1 0 0 -0 1 1 0 -0 2.25
1 190 1307.0999999999999 38.25 0 1 0 
1 218 1307.0999999999999 38.25 0 1 0 
1 420 1308.0999999999999 50 -0 1 0 
1 420 1310.0999999999999 48 0 0 1 
1 420 1310.0999999999999 52 -0 1 0 
1 420 1310.0999999999999 48 -0 1 0 
1 420 1310.0999999999999 24 0 0 1 
1 420 1308.0999999999999 24 -0 1 0 
1 420 1308.0999999999999 24 0 0 1 
1 372 1310.0999999999999 52 -0 1 0 
1 388 1317.0999999999999 52 0 1 0 
1 388 1320.0688711258506 52 1 0 0 
1 404 1317.0999999999999 52 0 1 0 
1 372 1310.0999999999999 52 1 0 -0 
2 404 1324.0999999999999 54 1 0 0 -0 0 1 0 -1 0 4.5
2 388 1324.0999999999999 54 1 0 0 -0 0 1 0 -1 0 4.5
1 372 1308.0999999999999 24 0 0 1 
1 372 1308.0999999999999 24 -0 1 0 
1 372 1310.0999999999999 24 0 0 1 
1 372 1310.0999999999999 48 -0 1 0 
1 372 1310.0999999999999 48 0 0 1 
1 372 1308.0999999999999 50 -0 1 0 
1 372 1310.0999999999999 48 1 0 -0 
1 372 1310.0999999999999 50 1 0 -0 
1 372 1308.0999999999999 50 1 0 -0 
1 372 1310.0999999999999 24 1 0 -0 
2 382 1310.0999999999999 36 0 1 0 0 -0 1 1 0 -0 2.25
2 410 1310.0999999999999 36 0 1 0 0 -0 1 1 0 -0 2.25
1 372 1308.0999999999999 24 1 0 -0 
2 382 1308.0999999999999 36 0 1 0 0 -0 1 1 0 -0 2.25
2 410 1308.0999999999999 36 0 1 0 0 -0 1 1 0 -0 2.25
1 382 1307.0999999999999 38.25 0 1 0 
1 410 1307.0999999999999 38.25 0 1 0 
Polygon3D 0
PolygonOnTriangulations 0
Surfaces 80
1 14 1290.0999999999999 0 1 0 -0 0 0 1 0 -1 0 
1 14 1290.0999999999999 0 -0 1 0 0 0 1 1 0 -0 
2 -7.0710678118654746 1315.1710678118654 64 0.70710678118654757 -0.70710678118654757 0 -0.70710678118654757 -0.70710678118654757 0 0 -0 -1 5.5
2 -7.0710678118654746 1315.1710678118654 64 0.70710678118654757 -0.70710678118654757 0 -0.70710678118654757 -0.70710678118654757 0 0 0 -1 5.5
2 -7.0710678118654746 1315.1710678118654 122 0.70710678118654757 -0.70710678118654757 0 -0.70710678118654757 -0.70710678118654757 0 0 -0 -1 5.5
2 -7.0710678118654746 1315.1710678118654 122 0.70710678118654757 -0.70710678118654757 0 -0.70710678118654757 -0.70710678118654757 0 0 0 -1 5.5
1 14 1290.0999999999999 596.89999999999998 0 0 1 1 0 -0 -0 1 0 
1 14 1308.0999999999999 0 -0 1 0 0 0 1 1 0 -0 
1 14 1290.0999999999999 0 0 0 1 1 0 -0 -0 1 0 
1 18 1290.0999999999999 0 -0 1 0 0 0 1 1 0 -0 
2 -7.0710678118654746 1315.1710678118654 64 0.70710678118654757 -0.70710678118654757 0 -0.70710678118654757 -0.70710678118654757 0 0 -0 -1 5.5
2 -7.0710678118654746 1315.1710678118654 122 0.70710678118654757 -0.70710678118654757 0 -0.70710678118654757 -0.70710678118654757 0 0 -0 -1 5.5
1 300 1299.0999999999997 596.90000000000009 0 0 1 1 0 -0 -0 1 0 
1 586 1290.0999999999999 0 1 0 -0 0 0 1 0 -1 0 
1 582 1290.0999999999999 596.89999999999998 0 0 1 1 0 -0 -0 1 0 
1 300 1299.0999999999997 0 -0 -0 -1 -1 0 0 0 1 -0 
1 582 1290.0999999999999 0 0 0 1 1 0 -0 -0 1 0 
1 582 1290.0999999999999 0 -0 1 0 0 0 1 1 0 -0 
2 607.07106781186542 1315.1710678118654 64 -0.70710678118654757 -0.70710678118654757 -0 0.70710678118654757 -0.70710678118654757 0 0 -0 -1 5.5
2 607.07106781186542 1315.1710678118654 64 -0.70710678118654757 -0.70710678118654757 0 -0.70710678118654757 0.70710678118654757 0 0 0 -1 5.5
2 607.07106781186542 1315.1710678118654 122 -0.70710678118654757 -0.70710678118654757 -0 0.70710678118654757 -0.70710678118654757 0 0 -0 -1 5.5
2 607.07106781186542 1315.1710678118654 122 -0.70710678118654757 -0.70710678118654757 0 -0.70710678118654757 0.70710678118654757 0 0 0 -1 5.5
1 582 1308.0999999999999 0 -0 1 0 0 0 1 1 0 -0 
2 607.07106781186542 1315.1710678118654 64 -0.70710678118654757 -0.70710678118654757 0 -0.70710678118654757 0.70710678118654757 0 -0 0 -1 5.5
2 607.07106781186542 1315.1710678118654 122 -0.70710678118654757 -0.70710678118654757 0 -0.70710678118654757 0.70710678118654757 0 -0 0 -1 5.5
1 300.16073908078755 1290.1000000000001 291.92274154385387 -0 -1 -0 0 0 -1 1 -0 0 
1 101 1285.0498101337764 384 0 0 1 1 0 -0 -0 1 0 
1 499 1285.0498101337764 53 1 0 -0 0 0 1 0 -1 0 
1 101 1285.0498101337764 53 0 0 1 1 0 -0 -0 1 0 
1 101 1285.0498101337764 53 1 0 -0 0 0 1 0 -1 0 
2 370 1289.0999999999999 500 0 1 0 0 -0 1 1 0 -0 58
2 230 1289.0999999999999 500 0 1 0 0 -0 1 1 0 -0 58
1 84 1289.0999999999999 454 0 0 1 1 0 -0 -0 1 0 
2 106 1289.0999999999999 451 0 1 0 0 -0 1 1 0 -0 3
1 109 1289.0999999999999 409 1 0 -0 0 0 1 0 -1 0 
2 106 1289.0999999999999 409 0 1 0 0 -0 1 1 0 -0 3
1 84 1289.0999999999999 406 0 0 1 1 0 -0 -0 1 0 
2 84 1289.0999999999999 409 0 1 0 0 -0 1 1 0 -0 3
1 81 1289.0999999999999 409 1 0 -0 0 0 1 0 -1 0 
2 84 1289.0999999999999 451 0 1 0 0 -0 1 1 0 -0 3
2 530 1289.0999999999999 430 0 1 0 0 -0 1 1 0 -0 12
1 440 1288.0999999999999 368 -0 1 0 0 0 1 1 0 -0 
1 460 1288.0999999999999 368 1 0 -0 0 0 1 0 -1 0 
1 440 1290.0999999999999 368 -0 1 0 0 0 1 1 0 -0 
1 440 1288.0999999999999 368 1 0 -0 0 0 1 0 -1 0 
2 75 1289.0999999999999 430 0 1 0 0 -0 1 1 0 -0 2.25
2 115 1289.0999999999999 430 0 1 0 0 -0 1 1 0 -0 2.25
2 520.5 1289.0999999999999 418 0 1 0 0 -0 1 1 0 -0 1.6000000000000001
2 539.5 1289.0999999999999 442 0 1 0 0 -0 1 1 0 -0 1.6000000000000001
1 18 1308.0999999999999 0 -0 1 0 0 0 1 1 0 -0 
1 440 1288.0999999999999 392 0 0 1 1 0 -0 -0 1 0 
1 300 1308.0999999999997 298.44999999999993 0 1 0 0 -0 1 1 0 -0 
1 227.99999999999997 1314.1253445319614 43.77996640575509 1 0 0 -0 0 1 0 -1 0 
1 180 1310.0999999999999 52 0 0 1 1 0 -0 -0 1 0 
1 211.99999999999997 1323.7942911742739 53.692540629867821 -1 -0 -0 0 0 -1 0 -1 0 
2 196 1324.0999999999999 54 1 0 0 -0 0 1 0 -1 0 4.5
1 195.99999999999997 1323.7942911742739 53.692540629867814 1 0 0 -0 0 1 0 -1 0 
1 180.00000000000006 1314.1253445319619 43.779966405755097 -1 -0 -0 0 0 -1 0 -1 0 
1 180 1310.0999999999999 48 0 0 1 1 0 -0 -0 1 0 
1 420 1314.1253445319614 43.77996640575509 1 0 0 -0 0 1 0 -1 0 
1 372 1310.0999999999999 52 0 0 1 1 0 -0 -0 1 0 
1 403.99999999999994 1323.7942911742739 53.692540629867821 -1 -0 -0 0 0 -1 0 -1 0 
2 388 1324.0999999999999 54 1 0 0 -0 0 1 0 -1 0 4.5
1 387.99999999999994 1323.7942911742739 53.692540629867814 1 0 0 -0 0 1 0 -1 0 
1 372.00000000000006 1314.1253445319619 43.779966405755097 -1 -0 -0 0 0 -1 0 -1 0 
1 372 1310.0999999999999 48 0 0 1 1 0 -0 -0 1 0 
1 180 1308.0999999999999 50 0 0 1 1 0 -0 -0 1 0 
1 180 1310.0999999999999 48 -0 1 0 0 0 1 1 0 -0 
1 180 1310.0999999999999 24 -0 1 0 0 0 1 1 0 -0 
1 180 1308.0999999999999 24 0 0 1 1 0 -0 -0 1 0 
1 180 1308.0999999999999 24 -0 1 0 0 0 1 1 0 -0 
2 190 1307.0999999999999 36 0 1 0 0 -0 1 1 0 -0 2.25
2 218 1307.0999999999999 36 0 1 0 0 -0 1 1 0 -0 2.25
1 372 1308.0999999999999 50 0 0 1 1 0 -0 -0 1 0 
1 372 1310.0999999999999 48 -0 1 0 0 0 1 1 0 -0 
1 372 1310.0999999999999 24 -0 1 0 0 0 1 1 0 -0 
1 372 1308.0999999999999 24 0 0 1 1 0 -0 -0 1 0 
1 372 1308.0999999999999 24 -0 1 0 0 0 1 1 0 -0 
2 382 1307.0999999999999 36 0 1 0 0 -0 1 1 0 -0 2.25
2 410 1307.0999999999999 36 0 1 0 0 -0 1 1 0 -0 2.25
Triangulations 0

TShapes 461
Ve
1.60408989037899e-05
14 1290.1 0
0 0

0101101
*
Ve
1.60408989037899e-05
14 1290.1 59.2830094339717
0 0

0101101
*
Ed
 1.60408989037899e-05 1 1 0
1  1 0 0 59.2830094339717
2  1 1 0 0 59.2830094339717
2  2 2 0 0 59.2830094339717
0

0101000
+461 0 -460 0 *
Ve
1.60408989037899e-05
14 1290.1 68.7169905660283
0 0

0101101
*
Ed
 1e-07 1 1 0
1  2 0 1.03065234911869 5.25253295806089
2  3 3 5 1.03065234911869 5.25253295806089
2  4 1 0 1.03065234911869 5.25253295806089
2  5 4 0 1.03065234911869 5.25253295806089
0

0101000
+460 0 -458 0 *
Ve
1.60408989037899e-05
14 1290.1 117.283009433972
0 0

0101101
*
Ed
 1.60408989037899e-05 1 1 0
1  1 0 68.7169905660283 117.283009433972
2  1 1 0 68.7169905660283 117.283009433972
2  2 2 0 68.7169905660283 117.283009433972
0

0101000
+458 0 -456 0 *
Ve
1.60408989037899e-05
14 1290.1 126.716990566028
0 0

0101101
*
Ed
 1e-07 1 1 0
1  3 0 1.03065234911869 5.25253295806089
2  6 5 5 1.03065234911869 5.25253295806089
2  7 1 0 1.03065234911869 5.25253295806089
2  8 6 0 1.03065234911869 5.25253295806089
0

0101000
+456 0 -454 0 *
Ve
1.60408989037899e-05
14 1290.1 596.9
0 0

0101101
*
Ed
 1.60408989037899e-05 1 1 0
1  1 0 126.716990566028 596.9
2  1 1 0 126.716990566028 596.9
2  2 2 0 126.716990566028 596.9
0

0101000
+454 0 -452 0 *
Ve
5.53059249029942e-06
14 1308.1 596.9
0 0

0101101
*
Ed
 5.53059249029942e-06 1 1 0
1  4 0 0 18
2  9 1 0 0 18
2  10 7 0 0 18
0

0101000
+452 0 -450 0 *
Ve
5.53059249029942e-06
14 1308.1 0
0 0

0101101
*
Ed
 5.53059249029942e-06 1 1 0
1  5 0 0 596.9
2  11 1 0 0 596.9
2  12 8 0 0 596.9
0

0101000
+448 0 -450 0 *
Ed
 5.53059249029942e-06 1 1 0
1  6 0 0 18
2  13 1 0 0 18
2  14 9 0 0 18
0

0101000
+461 0 -448 0 *
Wi

0101100
-459 0 -457 0 -455 0 -453 0 -451 0 -449 0 +447 0 +446 0 *
Fa
0  1e-07 1 0

0101000
+445 0 *
Ve
1.60408989037899e-05
18 1290.1 69.5
0 0

0101101
*
Ed
 1.60408989037899e-05 1 1 0
1  7 0 4.17224500270848 4.71238898038469
2  15 3 5 4.17224500270848 4.71238898038469
2  16 2 0 4.17224500270848 4.71238898038469
2  17 4 0 4.17224500270848 4.71238898038469
0

0101000
+458 0 -443 0 *
Ve
1.60408989037899e-05
18 1290.1 58.5
0 0

0101101
*
Ed
 1.60408989037899e-05 1 1 0
1  8 0 4.71238898038469 7.85398163397448
2  18 10 10 4.71238898038469 7.85398163397448
2  19 11 0 4.71238898038469 7.85398163397448
2  20 4 11 4.71238898038469 7.85398163397448
0

0101000
+443 11 -441 11 *
Ed
 1.60408989037899e-05 1 1 0
1  9 0 1.5707963267949 2.11094030447111
2  21 3 5 1.5707963267949 2.11094030447111
2  22 2 0 1.5707963267949 2.11094030447111
2  23 4 0 1.5707963267949 2.11094030447111
0

0101000
+441 0 -460 0 *
Wi

0101100
+457 0 +442 0 +440 9 +439 0 *
Fa
0  1e-07 4 0

0111000
+438 0 *
Ve
1.60408989037899e-05
18 1290.1 127.5
0 0

0101101
*
Ed
 1.60408989037899e-05 1 1 0
1  10 0 4.17224500270848 4.71238898038469
2  24 5 5 4.17224500270848 4.71238898038469
2  25 2 0 4.17224500270848 4.71238898038469
2  26 6 0 4.17224500270848 4.71238898038469
0

0101000
+454 0 -436 0 *
Ve
1.60408989037899e-05
18 1290.1 116.5
0 0

0101101
*
Ed
 1.60408989037899e-05 1 1 0
1  11 0 4.71238898038469 7.85398163397448
2  27 10 10 4.71238898038469 7.85398163397448
2  28 12 0 4.71238898038469 7.85398163397448
2  29 6 11 4.71238898038469 7.85398163397448
0

0101000
+436 11 -434 11 *
Ed
 1.60408989037899e-05 1 1 0
1  12 0 1.5707963267949 2.11094030447111
2  30 5 5 1.5707963267949 2.11094030447111
2  31 2 0 1.5707963267949 2.11094030447111
2  32 6 0 1.5707963267949 2.11094030447111
0

0101000
+434 0 -456 0 *
Wi

0101100
+453 0 +435 0 +433 9 +432 0 *
Fa
0  1e-07 6 0

0111000
+431 0 *
Ve
1.60408989037899e-05
586 1290.1 596.9
0 0

0101101
*
Ed
 1.60408989037899e-05 1 1 0
1  13 0 -568 4
0

0101000
+452 0 -429 0 *
Ve
5.53059249029942e-06
586 1308.1 596.9
0 0

0101101
*
Ed
 5.53059249029942e-06 1 1 0
1  14 0 0 18
2  33 14 0 0 18
2  34 15 0 0 18
0

0101000
+429 0 -427 0 *
Ed
 5.53059249029942e-06 1 1 0
1  15 0 14 586
0

0101000
+427 0 -450 0 *
Wi

0101000
-449 0 +428 0 +426 0 +425 0 *
Fa
0  5.53059249029942e-06 13 0

0111000
+424 0 *
Ve
1.60408989037899e-05
586 1290.1 0
0 0

0101101
*
Ed
 1.60408989037899e-05 1 1 0
1  16 0 0 572
0

0101000
+461 0 -422 0 *
Ve
5.53059249029942e-06
586 1308.1 0
0 0

0101101
*
Ed
 5.53059249029942e-06 1 1 0
1  17 0 14 586
0

0101000
+420 0 -448 0 *
Ed
 5.53059249029942e-06 1 1 0
1  18 0 0 18
2  35 14 0 0 18
2  36 17 0 0 18
0

0101000
+422 0 -420 0 *
Wi

0101000
-421 0 +446 0 -419 0 -418 0 *
Fa
0  5.53059249029942e-06 16 0

0111000
+417 0 *
Ve
1.60408989037899e-05
586 1290.1 59.2830094339717
0 0

0101101
*
Ed
 1.60408989037899e-05 1 1 0
1  19 0 0 59.2830094339717
2  37 14 0 0 59.2830094339717
2  38 18 0 0 59.2830094339717
0

0101000
+422 0 -415 0 *
Ve
1.60408989037899e-05
586 1290.1 68.7169905660283
0 0

0101101
*
Ed
 1e-07 1 1 0
1  20 0 1.03065234911869 5.25253295806089
2  39 19 16 1.03065234911869 5.25253295806089
2  40 14 0 1.03065234911869 5.25253295806089
2  41 20 0 1.03065234911869 5.25253295806089
0

0101000
+415 0 -413 0 *
Ve
1.60408989037899e-05
586 1290.1 117.283009433972
0 0

0101101
*
Ed
 1.60408989037899e-05 1 1 0
1  19 0 68.7169905660283 117.283009433972
2  37 14 0 68.7169905660283 117.283009433972
2  38 18 0 68.7169905660283 117.283009433972
0

0101000
+413 0 -411 0 *
Ve
1.60408989037899e-05
586 1290.1 126.716990566028
0 0

0101101
*
Ed
 1e-07 1 1 0
1  21 0 1.03065234911869 5.25253295806089
2  42 21 16 1.03065234911869 5.25253295806089
2  43 14 0 1.03065234911869 5.25253295806089
2  44 22 0 1.03065234911869 5.25253295806089
0

0101000
+411 0 -409 0 *
Ed
 1.60408989037899e-05 1 1 0
1  19 0 126.716990566028 596.9
2  37 14 0 126.716990566028 596.9
2  38 18 0 126.716990566028 596.9
0

0101000
+409 0 -429 0 *
Ed
 5.53059249029942e-06 1 1 0
1  22 0 0 596.9
2  45 14 0 0 596.9
2  46 23 0 0 596.9
0

0101000
+420 0 -427 0 *
Wi

0101100
-414 0 -412 0 -410 0 -408 0 -407 0 -426 0 +406 0 +418 0 *
Fa
0  1e-07 14 0

0101000
+405 0 *
Ve
1.60408989037899e-05
582 1290.1 58.5
0 0

0101101
*
Ve
1.60408989037899e-05
574.221825406948 1290.1 64
0 0

0101101
*
Ed
 1.60408989037899e-05 1 1 0
1  23 0 4.71238898038469 6.28318530717959
2  47 10 10 4.71238898038469 6.28318530717959
2  48 24 17 4.71238898038469 6.28318530717959
2  49 20 11 4.71238898038469 6.28318530717959
0

0101000
+403 11 -402 11 *
Ve
1.60408989037899e-05
582 1290.1 69.5
0 0

0101101
*
Ed
 1.60408989037899e-05 1 1 0
1  24 0 0 1.5707963267949
2  50 10 10 0 1.5707963267949
2  51 24 17 0 1.5707963267949
2  52 20 11 0 1.5707963267949
0

0101000
+402 11 -400 11 *
Ed
 1.60408989037899e-05 1 1 0
1  25 0 1.5707963267949 2.11094030447112
2  53 19 16 1.5707963267949 2.11094030447112
2  54 18 0 1.5707963267949 2.11094030447112
2  55 20 0 1.5707963267949 2.11094030447112
0

0101000
+400 0 -413 0 *
Ed
 1.60408989037899e-05 1 1 0
1  26 0 4.17224500270847 4.71238898038469
2  56 19 16 4.17224500270847 4.71238898038469
2  57 18 0 4.17224500270847 4.71238898038469
2  58 20 0 4.17224500270847 4.71238898038469
0

0101000
+415 0 -403 0 *
Wi

0101100
+401 9 +399 9 +398 0 -412 0 +397 0 *
Fa
0  1e-07 20 0

0111000
+396 0 *
Ve
1.60408989037899e-05
582 1290.1 116.5
0 0

0101101
*
Ve
1.60408989037899e-05
574.221825406948 1290.1 122
0 0

0101101
*
Ed
 1.60408989037899e-05 1 1 0
1  27 0 4.71238898038469 6.28318530717959
2  59 10 10 4.71238898038469 6.28318530717959
2  60 25 17 4.71238898038469 6.28318530717959
2  61 22 11 4.71238898038469 6.28318530717959
0

0101000
+394 11 -393 11 *
Ve
1.60408989037899e-05
582 1290.1 127.5
0 0

0101101
*
Ed
 1.60408989037899e-05 1 1 0
1  28 0 0 1.5707963267949
2  62 10 10 0 1.5707963267949
2  63 25 17 0 1.5707963267949
2  64 22 11 0 1.5707963267949
0

0101000
+393 11 -391 11 *
Ed
 1.60408989037899e-05 1 1 0
1  29 0 1.5707963267949 2.11094030447112
2  65 21 16 1.5707963267949 2.11094030447112
2  66 18 0 1.5707963267949 2.11094030447112
2  67 22 0 1.5707963267949 2.11094030447112
0

0101000
+391 0 -409 0 *
Ed
 1.60408989037899e-05 1 1 0
1  30 0 4.17224500270847 4.71238898038469
2  68 21 16 4.17224500270847 4.71238898038469
2  69 18 0 4.17224500270847 4.71238898038469
2  70 22 0 4.17224500270847 4.71238898038469
0

0101000
+411 0 -394 0 *
Wi

0101100
+392 9 +390 9 +389 0 -408 0 +388 0 *
Fa
0  1e-07 22 0

0111000
+387 0 *
Wi

0101100
-451 0 +435 0 +433 9 +432 0 -455 0 +442 0 +440 9 +439 0 -459 0 +421 0 
+414 0 +397 0 +401 9 +399 9 +398 0 +410 0 +388 0 +392 9 +390 9 +389 0 
+407 0 -428 0 *
Ve
1.5e-07
101 1290.1 384
0 0

0101101
*
Ve
1.5e-07
499 1290.1 384
0 0

0101101
*
Ed
 1.5e-07 1 1 0
1  31 0 41.5 439.5
2  71 10 18 41.5 439.5
2  72 27 0 41.5 439.5
0

0101000
+384 19 -383 19 *
Ve
1.5e-07
499 1290.1 53
0 0

0101101
*
Ed
 1.5e-07 1 1 0
1  32 0 -357.5 -26.5
2  73 10 18 -357.5 -26.5
2  74 28 0 -357.5 -26.5
0

0101000
+383 19 -381 19 *
Ve
1.5e-07
101 1290.1 53
0 0

0101101
*
Ed
 1.5e-07 1 1 0
1  33 0 41.5 439.5
2  75 10 18 41.5 439.5
2  76 29 0 41.5 439.5
0

0101000
+379 19 -381 19 *
Ed
 1.5e-07 1 1 0
1  34 0 -357.5 -26.5
2  77 10 18 -357.5 -26.5
2  78 30 0 -357.5 -26.5
0

0101000
+384 19 -379 19 *
Wi

0101100
+382 8 +380 8 -378 8 -377 8 *
Ve
1e-07
370 1290.1 558
0 0

0101101
*
Ed
 1e-07 1 1 0
1  35 0 0 6.28318530717959
2  79 10 21 0 6.28318530717959
2  80 31 0 0 6.28318530717959
0

0101100
+375 22 -375 22 *
Wi

0101100
+374 20 *
Ve
1.00000028e-07
230 1290.1 558
0 0

0101101
*
Ed
 1e-07 1 1 0
1  36 0 0 6.28318530717959
2  81 10 21 0 6.28318530717959
2  82 32 0 0 6.28318530717959
0

0101100
+372 22 -372 22 *
Wi

0101100
+371 20 *
Ve
1.5e-07
84 1290.1 454
0 0

0101101
*
Ve
1.5e-07
106 1290.1 454
0 0

0101101
*
Ed
 1.5e-07 1 1 0
1  37 0 33 55
2  83 10 21 33 55
2  84 33 0 33 55
0

0101000
+369 22 -368 22 *
Ve
1.5e-07
109 1290.1 451
0 0

0101101
*
Ed
 1e-07 1 1 0
1  38 0 0 1.5707963267949
2  85 10 21 0 1.5707963267949
2  86 34 0 0 1.5707963267949
0

0101000
+368 22 -366 22 *
Ve
1.5e-07
109 1290.1 409
0 0

0101101
*
Ed
 1.5e-07 1 1 0
1  39 0 -246.5 -204.5
2  87 10 21 -246.5 -204.5
2  88 35 0 -246.5 -204.5
0

0101000
+366 22 -364 22 *
Ve
1.5e-07
106 1290.1 406
0 0

0101101
*
Ed
 1e-07 1 1 0
1  40 0 1.5707963267949 3.14159265358979
2  89 10 21 1.5707963267949 3.14159265358979
2  90 36 0 1.5707963267949 3.14159265358979
0

0101000
+364 22 -362 22 *
Ve
1.5e-07
84 1290.1 406
0 0

0101101
*
Ed
 1.5e-07 1 1 0
1  41 0 33 55
2  91 10 21 33 55
2  92 37 0 33 55
0

0101000
+360 22 -362 22 *
Ve
1.5e-07
81 1290.1 409
0 0

0101101
*
Ed
 1e-07 1 1 0
1  42 0 3.14159265358979 4.71238898038469
2  93 10 21 3.14159265358979 4.71238898038469
2  94 38 0 3.14159265358979 4.71238898038469
0

0101000
+360 22 -358 22 *
Ve
1.5e-07
81 1290.1 451
0 0

0101101
*
Ed
 1.5e-07 1 1 0
1  43 0 -246.5 -204.5
2  95 10 21 -246.5 -204.5
2  96 39 0 -246.5 -204.5
0

0101000
+356 22 -358 22 *
Ed
 1e-07 1 1 0
1  44 0 4.71238898038469 6.28318530717959
2  97 10 21 4.71238898038469 6.28318530717959
2  98 40 0 4.71238898038469 6.28318530717959
0

0101000
+356 22 -369 22 *
Wi

0101100
+367 20 +365 20 +363 20 +361 20 -359 20 +357 20 -355 20 +354 20 *
Ve
1e-07
530 1290.1 442
0 0

0101101
*
Ed
 1e-07 1 1 0
1  45 0 0 6.28318530717959
2  99 10 21 0 6.28318530717959
2  100 41 0 0 6.28318530717959
0

0101100
+352 22 -352 22 *
Wi

0101100
+351 20 *
Ve
1.5e-07
460 1290.1 387
0 0

0101101
*
Ve
1.5e-07
440 1290.1 387
0 0

0101101
*
Ed
 1.5e-07 1 1 0
1  46 0 -231 -211
2  101 10 18 -231 -211
2  102 42 27 -231 -211
0

0101000
+349 19 -348 19 *
Ve
1.5e-07
460 1290.1 385
0 0

0101101
*
Ed
 1.5e-07 1 1 0
1  47 0 -193.5 -191.5
2  103 10 18 -193.5 -191.5
2  104 43 27 -193.5 -191.5
0

0101000
+349 19 -346 19 *
Ve
1.5e-07
440 1290.1 385
0 0

0101101
*
Ed
 1.5e-07 1 1 0
1  48 0 -231 -211
2  105 10 18 -231 -211
2  106 44 27 -231 -211
0

0101000
+346 19 -344 19 *
Ed
 1.5e-07 1 1 0
1  49 0 -193.5 -191.5
2  107 10 18 -193.5 -191.5
2  108 45 27 -193.5 -191.5
0

0101000
+348 19 -344 19 *
Wi

0101100
-347 8 +345 8 +343 8 -342 8 *
Ve
1e-07
75 1290.1 432.25
0 0

0101101
*
Ed
 1e-07 1 1 0
1  50 0 0 6.28318530717959
2  109 10 21 0 6.28318530717959
2  110 46 0 0 6.28318530717959
0

0101100
+340 22 -340 22 *
Wi

0101100
+339 20 *
Ve
1e-07
115 1290.1 432.25
0 0

0101101
*
Ed
 1e-07 1 1 0
1  51 0 0 6.28318530717959
2  111 10 21 0 6.28318530717959
2  112 47 0 0 6.28318530717959
0

0101100
+337 22 -337 22 *
Wi

0101100
+336 20 *
Ve
1e-07
520.5 1290.1 419.6
0 0

0101101
*
Ed
 1e-07 1 1 0
1  52 0 0 6.28318530717959
2  113 10 21 0 6.28318530717959
2  114 48 0 0 6.28318530717959
0

0101100
+334 22 -334 22 *
Wi

0101100
+333 20 *
Ve
1e-07
539.5 1290.1 443.6
0 0

0101101
*
Ed
 1e-07 1 1 0
1  53 0 0 6.28318530717959
2  115 10 21 0 6.28318530717959
2  116 49 0 0 6.28318530717959
0

0101100
+331 22 -331 22 *
Wi

0101100
+330 20 *
Fa
0  1.60408989037899e-05 26 0

0111000
+385 0 +376 0 +373 0 +370 0 +353 0 +350 0 +341 0 +338 0 +335 0 +332 0 
+329 0 *
Ve
1.5e-07
101 1308.1 384
0 0

0101101
*
Ed
 1e-07 1 1 0
1  54 0 5.05018986622349 23.0501898662235
2  117 27 0 5.05018986622349 23.0501898662235
2  118 30 0 5.05018986622349 23.0501898662235
0

0101000
+384 19 -327 19 *
Ve
1.5e-07
499 1308.1 384
0 0

0101101
*
Ed
 1.5e-07 1 1 0
1  55 0 41.5 439.5
2  119 50 18 41.5 439.5
2  120 27 0 41.5 439.5
0

0101000
+327 19 -325 19 *
Ed
 1e-07 1 1 0
1  56 0 5.05018986622349 23.0501898662235
2  121 27 0 5.05018986622349 23.0501898662235
2  122 28 0 5.05018986622349 23.0501898662235
0

0101000
+383 19 -325 19 *
Wi

0101100
-326 0 -324 0 +323 0 +382 0 *
Fa
0  1e-07 27 0

0111000
+322 0 *
Ve
1.5e-07
499 1308.1 53
0 0

0101101
*
Ed
 1.5e-07 1 1 0
1  57 0 -357.5 -26.5
2  123 50 18 -357.5 -26.5
2  124 28 0 -357.5 -26.5
0

0101000
+325 19 -320 19 *
Ed
 1e-07 1 1 0
1  58 0 5.05018986622349 23.0501898662235
2  125 28 0 5.05018986622349 23.0501898662235
2  126 29 0 5.05018986622349 23.0501898662235
0

0101000
+381 19 -320 19 *
Wi

0101100
-323 0 -319 0 +318 0 +380 0 *
Fa
0  1e-07 28 0

0111000
+317 0 *
Ve
1.5e-07
101 1308.1 53
0 0

0101101
*
Ed
 1e-07 1 1 0
1  59 0 5.05018986622349 23.0501898662235
2  127 30 0 5.05018986622349 23.0501898662235
2  128 29 0 5.05018986622349 23.0501898662235
0

0101000
+379 19 -315 19 *
Ed
 1.5e-07 1 1 0
1  60 0 41.5 439.5
2  129 50 18 41.5 439.5
2  130 29 0 41.5 439.5
0

0101000
+315 19 -320 19 *
Wi

0101100
-314 0 -313 0 +318 0 +378 0 *
Fa
0  1e-07 29 0

0111000
+312 0 *
Ed
 1.5e-07 1 1 0
1  61 0 -357.5 -26.5
2  131 50 18 -357.5 -26.5
2  132 30 0 -357.5 -26.5
0

0101000
+327 19 -315 19 *
Wi

0101100
-326 0 -310 0 +314 0 +377 0 *
Fa
0  1e-07 30 0

0111000
+309 0 *
Ve
1e-07
370 1308.1 558
0 0

0101101
*
Ed
 1e-07 1 1 0
1  62 0 0 6.28318530717959
2  133 50 21 0 6.28318530717959
2  134 31 0 0 6.28318530717959
0

0101100
+307 22 -307 22 *
Ed
 1e-07 1 1 0
1  63 0 1 19
3  135 136CN 31 0 1 19
0

0101000
+375 22 -307 22 *
Wi

0101100
-306 0 +305 0 +374 0 -305 0 *
Fa
0  1e-07 31 0

0111000
+304 0 *
Ve
1.00000028e-07
230 1308.1 558
0 0

0101101
*
Ed
 1e-07 1 1 0
1  64 0 0 6.28318530717959
2  137 50 21 0 6.28318530717959
2  138 32 0 0 6.28318530717959
0

0101100
+302 22 -302 22 *
Ed
 1e-07 1 1 0
1  65 0 1 19
3  139 140CN 32 0 1 19
0

0101000
+372 22 -302 22 *
Wi

0101100
-301 0 +300 0 +371 0 -300 0 *
Fa
0  1e-07 32 0

0111000
+299 0 *
Ve
1.5e-07
84 1308.1 454
0 0

0101101
*
Ed
 1e-07 1 1 0
1  66 0 1 19
2  141 33 0 1 19
2  142 40 0 1 19
0

0101000
+369 22 -297 22 *
Ve
1.5e-07
106 1308.1 454
0 0

0101101
*
Ed
 1.5e-07 1 1 0
1  67 0 33 55
2  143 50 21 33 55
2  144 33 0 33 55
0

0101000
+297 22 -295 22 *
Ed
 1e-07 1 1 0
1  68 0 1 19
2  145 33 0 1 19
2  146 34 0 1 19
0

0101000
+368 22 -295 22 *
Wi

0101100
-296 0 -294 0 +293 0 +367 0 *
Fa
0  1e-07 33 0

0111000
+292 0 *
Ve
1.5e-07
109 1308.1 451
0 0

0101101
*
Ed
 1e-07 1 1 0
1  69 0 0 1.5707963267949
2  147 50 21 0 1.5707963267949
2  148 34 0 0 1.5707963267949
0

0101000
+295 22 -290 22 *
Ed
 1e-07 1 1 0
1  70 0 1 19
2  149 34 0 1 19
2  150 35 0 1 19
0

0101000
+366 22 -290 22 *
Wi

0101100
-289 0 +288 0 +365 0 -293 0 *
Fa
0  1e-07 34 0

0111000
+287 0 *
Ve
1.5e-07
109 1308.1 409
0 0

0101101
*
Ed
 1.5e-07 1 1 0
1  71 0 -246.5 -204.5
2  151 50 21 -246.5 -204.5
2  152 35 0 -246.5 -204.5
0

0101000
+290 22 -285 22 *
Ed
 1e-07 1 1 0
1  72 0 1 19
2  153 35 0 1 19
2  154 36 0 1 19
0

0101000
+364 22 -285 22 *
Wi

0101100
+363 0 -288 0 -284 0 +283 0 *
Fa
0  1e-07 35 0

0111000
+282 0 *
Ve
1.5e-07
106 1308.1 406
0 0

0101101
*
Ed
 1e-07 1 1 0
1  73 0 1.5707963267949 3.14159265358979
2  155 50 21 1.5707963267949 3.14159265358979
2  156 36 0 1.5707963267949 3.14159265358979
0

0101000
+285 22 -280 22 *
Ed
 1e-07 1 1 0
1  74 0 1 19
2  157 36 0 1 19
2  158 37 0 1 19
0

0101000
+362 22 -280 22 *
Wi

0101100
-279 0 +278 0 +361 0 -283 0 *
Fa
0  1e-07 36 0

0111000
+277 0 *
Ve
1.5e-07
84 1308.1 406
0 0

0101101
*
Ed
 1e-07 1 1 0
1  75 0 1 19
2  159 38 0 1 19
2  160 37 0 1 19
0

0101000
+360 22 -275 22 *
Ed
 1.5e-07 1 1 0
1  76 0 33 55
2  161 50 21 33 55
2  162 37 0 33 55
0

0101000
+275 22 -280 22 *
Wi

0101100
-274 0 -273 0 +278 0 +359 0 *
Fa
0  1e-07 37 0

0111000
+272 0 *
Ve
1.5e-07
81 1308.1 409
0 0

0101101
*
Ed
 1e-07 1 1 0
1  77 0 3.14159265358979 4.71238898038469
2  163 50 21 3.14159265358979 4.71238898038469
2  164 38 0 3.14159265358979 4.71238898038469
0

0101000
+275 22 -270 22 *
Ed
 1e-07 1 1 0
1  78 0 1 19
2  165 39 0 1 19
2  166 38 0 1 19
0

0101000
+358 22 -270 22 *
Wi

0101100
-269 0 +268 0 +357 0 -274 0 *
Fa
0  1e-07 38 0

0111000
+267 0 *
Ve
1.5e-07
81 1308.1 451
0 0

0101101
*
Ed
 1e-07 1 1 0
1  79 0 1 19
2  167 40 0 1 19
2  168 39 0 1 19
0

0101000
+356 22 -265 22 *
Ed
 1.5e-07 1 1 0
1  80 0 -246.5 -204.5
2  169 50 21 -246.5 -204.5
2  170 39 0 -246.5 -204.5
0

0101000
+265 22 -270 22 *
Wi

0101100
+355 0 -264 0 -263 0 +268 0 *
Fa
0  1e-07 39 0

0111000
+262 0 *
Ed
 1e-07 1 1 0
1  81 0 4.71238898038469 6.28318530717959
2  171 50 21 4.71238898038469 6.28318530717959
2  172 40 0 4.71238898038469 6.28318530717959
0

0101000
+265 22 -297 22 *
Wi

0101100
-260 0 +296 0 +354 0 -264 0 *
Fa
0  1e-07 40 0

0111000
+259 0 *
Ve
1e-07
530 1308.1 442
0 0

0101101
*
Ed
 1e-07 1 1 0
1  82 0 0 6.28318530717959
2  173 50 21 0 6.28318530717959
2  174 41 0 0 6.28318530717959
0

0101100
+257 22 -257 22 *
Ed
 1e-07 1 1 0
1  83 0 1 19
3  175 176CN 41 0 1 19
0

0101000
+352 22 -257 22 *
Wi

0101100
-256 0 +255 0 +351 0 -255 0 *
Fa
0  1e-07 41 0

0111000
+254 0 *
Ve
1e-07
460 1298.1 387
0 0

0101101
*
Ed
 1e-07 1 1 0
1  84 0 16 24
2  177 42 0 16 24
2  178 43 0 16 24
0

0101000
+349 28 -252 28 *
Ve
1e-07
440 1298.1 387
0 0

0101101
*
Ed
 1e-07 1 1 0
1  85 0 0 20
2  179 42 0 0 20
2  180 51 0 0 20
0

0101000
-252 28 +250 28 *
Ed
 1e-07 1 1 0
1  86 0 16 24
2  181 42 0 16 24
2  182 45 0 16 24
0

0101000
+348 28 -250 28 *
Wi

0101100
-251 27 +249 27 +248 27 +347 0 *
Fa
0  1e-07 42 27

0111000
+247 0 *
Ve
1e-07
460 1298.1 385
0 0

0101101
*
Ed
 1e-07 1 1 0
1  87 0 0 2
2  183 43 0 0 2
2  184 51 0 0 2
0

0101000
-245 28 +252 28 *
Ed
 1e-07 1 1 0
1  88 0 16 24
2  185 43 0 16 24
2  186 44 0 16 24
0

0101000
+346 28 -245 28 *
Wi

0101100
-251 27 -244 27 +243 27 +345 0 *
Fa
0  1e-07 43 27

0111000
+242 0 *
Ve
1e-07
440 1298.1 385
0 0

0101101
*
Ed
 1e-07 1 1 0
1  89 0 0 20
2  187 44 0 0 20
2  188 51 0 0 20
0

0101000
-245 28 +240 28 *
Ed
 1e-07 1 1 0
1  90 0 16 24
2  189 44 0 16 24
2  190 45 0 16 24
0

0101000
+344 28 -240 28 *
Wi

0101100
-243 27 +239 27 +238 27 +343 0 *
Fa
0  1e-07 44 27

0111000
+237 0 *
Ed
 1e-07 1 1 0
1  91 0 0 2
2  191 45 0 0 2
2  192 51 0 0 2
0

0101000
-240 28 +250 28 *
Wi

0101100
-248 27 -235 27 +238 27 +342 0 *
Fa
0  1e-07 45 27

0111000
+234 0 *
Wi

0101100
-235 0 -239 0 +244 0 +249 0 *
Fa
0  1e-07 51 0

0111000
+232 0 *
Ve
1e-07
75 1308.1 432.25
0 0

0101101
*
Ed
 1e-07 1 1 0
1  92 0 0 6.28318530717959
2  193 50 21 0 6.28318530717959
2  194 46 0 0 6.28318530717959
0

0101100
+230 22 -230 22 *
Ed
 1e-07 1 1 0
1  93 0 1 19
3  195 196CN 46 0 1 19
0

0101000
+340 22 -230 22 *
Wi

0101100
-229 0 +228 0 +339 0 -228 0 *
Fa
0  1e-07 46 0

0111000
+227 0 *
Ve
1e-07
115 1308.1 432.25
0 0

0101101
*
Ed
 1e-07 1 1 0
1  94 0 0 6.28318530717959
2  197 50 21 0 6.28318530717959
2  198 47 0 0 6.28318530717959
0

0101100
+225 22 -225 22 *
Ed
 1e-07 1 1 0
1  95 0 1 19
3  199 200CN 47 0 1 19
0

0101000
+337 22 -225 22 *
Wi

0101100
-224 0 +223 0 +336 0 -223 0 *
Fa
0  1e-07 47 0

0111000
+222 0 *
Ve
1e-07
520.5 1308.1 419.6
0 0

0101101
*
Ed
 1e-07 1 1 0
1  96 0 0 6.28318530717959
2  201 50 21 0 6.28318530717959
2  202 48 0 0 6.28318530717959
0

0101100
+220 22 -220 22 *
Ed
 1e-07 1 1 0
1  97 0 1 19
3  203 204CN 48 0 1 19
0

0101000
+334 22 -220 22 *
Wi

0101100
-219 0 +218 0 +333 0 -218 0 *
Fa
0  1e-07 48 0

0111000
+217 0 *
Ve
1e-07
539.5 1308.1 443.6
0 0

0101101
*
Ed
 1e-07 1 1 0
1  98 0 0 6.28318530717959
2  205 50 21 0 6.28318530717959
2  206 49 0 0 6.28318530717959
0

0101100
+215 22 -215 22 *
Ed
 1e-07 1 1 0
1  99 0 1 19
3  207 208CN 49 0 1 19
0

0101000
+331 22 -215 22 *
Wi

0101100
-214 0 +213 0 +330 0 -213 0 *
Fa
0  1e-07 49 0

0111000
+212 0 *
Wi

0101100
+447 0 -425 0 -406 0 +419 0 *
Wi

0101100
-324 8 +310 8 +313 8 -319 8 *
Wi

0101100
-306 20 *
Wi

0101100
-301 20 *
Wi

0101100
-294 20 -260 20 +263 20 -269 20 +273 20 -279 20 -284 20 -289 20 *
Ve
1.50000028e-07
228 1308.1 52
0 0

0101101
*
Ve
1.50000028e-07
228 1308.1 48
0 0

0101101
*
Ed
 1.5e-07 1 1 0
1  100 0 -30.1100167971225 -26.1100167971225
2  209 50 18 -30.1100167971225 -26.1100167971225
2  210 53 32 -30.1100167971225 -26.1100167971225
0

0101000
+205 19 -204 19 *
Ve
2.00000028e-07
212 1308.1 52
0 0

0101101
*
Ed
 1.5e-07 1 1 0
1  101 0 113 129
2  211 50 18 113 129
2  212 54 32 113 129
0

0101000
+202 19 -205 19 *
Ve
2.00000028e-07
212 1308.1 51.9384471871912
0 0

0101101
*
Ed
 2e-07 1 1 0
1  102 0 25.0921768722573 25.1537296850661
2  213 50 18 25.0921768722573 25.1537296850661
2  214 55 32 25.0921768722573 25.1537296850661
0

0101000
+200 19 -202 19 *
Ve
2.00000028e-07
196 1308.1 51.9384471871912
0 0

0101101
*
Ed
 1e-07 1 1 0
1  103 0 0 16
2  215 50 18 0 16
2  216 56 32 0 16
0

0101000
+198 19 -200 19 *
Ve
2.00000028e-07
196 1308.1 52
0 0

0101101
*
Ed
 2e-07 1 1 0
1  104 0 -25.1537296850661 -25.0921768722573
2  217 50 18 -25.1537296850661 -25.0921768722573
2  218 57 32 -25.1537296850661 -25.0921768722573
0

0101000
+196 19 -198 19 *
Ve
1.50000057e-07
180 1308.1 52
0 0

0101101
*
Ed
 1.5e-07 1 1 0
1  105 0 81 97
2  219 50 18 81 97
2  220 54 32 81 97
0

0101000
+194 19 -196 19 *
Ve
1.50000057e-07
180 1308.1 48
0 0

0101101
*
Ed
 1.5e-07 1 1 0
1  106 0 26.1100167971225 30.1100167971225
2  221 50 18 26.1100167971225 30.1100167971225
2  222 58 32 26.1100167971225 30.1100167971225
0

0101000
+192 19 -194 19 *
Ed
 1.5e-07 1 1 0
1  107 0 81 129
2  223 50 18 81 129
2  224 59 32 81 129
0

0101000
+192 19 -204 19 *
Wi

0101100
-203 8 -201 8 -199 8 -197 8 -195 8 -193 8 -191 8 +190 8 *
Ve
1.5e-07
420 1308.1 52
0 0

0101101
*
Ve
1.5e-07
420 1308.1 48
0 0

0101101
*
Ed
 1.5e-07 1 1 0
1  108 0 -30.1100167971225 -26.1100167971225
2  225 50 18 -30.1100167971225 -26.1100167971225
2  226 60 35 -30.1100167971225 -26.1100167971225
0

0101000
+188 19 -187 19 *
Ve
2.00000057e-07
404 1308.1 52
0 0

0101101
*
Ed
 1.5e-07 1 1 0
1  109 0 209 225
2  227 50 18 209 225
2  228 61 35 209 225
0

0101000
+185 19 -188 19 *
Ve
2.00000057e-07
404 1308.1 51.9384471871912
0 0

0101101
*
Ed
 2e-07 1 1 0
1  110 0 25.0921768722573 25.1537296850661
2  229 50 18 25.0921768722573 25.1537296850661
2  230 62 35 25.0921768722573 25.1537296850661
0

0101000
+183 19 -185 19 *
Ve
2.00000057e-07
388 1308.1 51.9384471871912
0 0

0101101
*
Ed
 1e-07 1 1 0
1  111 0 0 16
2  231 50 18 0 16
2  232 63 35 0 16
0

0101000
+181 19 -183 19 *
Ve
2.00000057e-07
388 1308.1 52
0 0

0101101
*
Ed
 2e-07 1 1 0
1  112 0 -25.1537296850661 -25.0921768722573
2  233 50 18 -25.1537296850661 -25.0921768722573
2  234 64 35 -25.1537296850661 -25.0921768722573
0

0101000
+179 19 -181 19 *
Ve
1.50000057e-07
372 1308.1 52
0 0

0101101
*
Ed
 1.5e-07 1 1 0
1  113 0 177 193
2  235 50 18 177 193
2  236 61 35 177 193
0

0101000
+177 19 -179 19 *
Ve
1.50000057e-07
372 1308.1 48
0 0

0101101
*
Ed
 1.5e-07 1 1 0
1  114 0 26.1100167971225 30.1100167971225
2  237 50 18 26.1100167971225 30.1100167971225
2  238 65 35 26.1100167971225 30.1100167971225
0

0101000
+175 19 -177 19 *
Ed
 1.5e-07 1 1 0
1  115 0 177 225
2  239 50 18 177 225
2  240 66 35 177 225
0

0101000
+175 19 -187 19 *
Wi

0101100
-186 8 -184 8 -182 8 -180 8 -178 8 -176 8 -174 8 +173 8 *
Wi

0101100
-256 20 *
Wi

0101100
-229 20 *
Wi

0101100
-224 20 *
Wi

0101100
-219 20 *
Wi

0101100
-214 20 *
Fa
0  5.53059249029942e-06 52 0

0111000
+210 0 +209 0 +208 0 +207 0 +206 0 +189 0 +172 0 +171 0 +170 0 +169 0 
+168 0 +167 0 *
Ve
1e-07
228 1296.1 50
0 0

0101101
*
Ve
1e-07
228 1298.1 50
0 0

0101101
*
Ed
 1e-07 1 1 0
1  116 0 0 2
2  241 53 0 0 2
2  242 67 0 0 2
0

0101000
+165 36 -164 36 *
Ve
1e-07
228 1298.1 52
0 0

0101101
*
Ed
 1e-07 1 1 0
1  117 0 2 4
2  243 53 0 2 4
2  244 68 0 2 4
0

0101000
+164 36 -162 36 *
Ed
 1e-07 1 1 0
1  118 0 0 10
2  245 53 0 0 10
2  246 54 0 0 10
0

0101000
+162 36 -205 36 *
Ve
1e-07
228 1298.1 48
0 0

0101101
*
Ed
 1e-07 1 1 0
1  119 0 0 10
2  247 53 0 0 10
2  248 59 0 0 10
0

0101000
+159 36 -204 36 *
Ve
1e-07
228 1298.1 24
0 0

0101101
*
Ed
 1e-07 1 1 0
1  120 0 0 24
2  249 53 0 0 24
2  250 69 0 0 24
0

0101000
+157 36 -159 36 *
Ve
1e-07
228 1296.1 24
0 0

0101101
*
Ed
 1e-07 1 1 0
1  121 0 0 2
2  251 53 0 0 2
2  252 70 0 0 2
0

0101000
-157 36 +155 36 *
Ed
 1e-07 1 1 0
1  122 0 0 26
2  253 53 0 0 26
2  254 71 0 0 26
0

0101000
-165 36 +155 36 *
Wi

0101100
-163 32 -161 32 -160 32 -203 0 +158 32 +156 32 +154 32 -153 32 *
Fa
0  1e-07 53 32

0111000
+152 0 *
Ve
1e-07
180 1298.1 52
0 0

0101101
*
Ed
 1e-07 1 1 0
1  123 0 0 10
2  255 54 0 0 10
2  256 58 0 0 10
0

0101000
+150 36 -194 36 *
Ve
1.5e-07
196 1308.06887112585 52
0 0

0101101
*
Ed
 1.5e-07 1 1 0
1  124 0 2.96887112585068 3
2  257 54 0 2.96887112585068 3
2  258 57 0 2.96887112585068 3
0

0101000
+148 36 -196 36 *
Ve
1.5e-07
212 1308.06887112585 52
0 0

0101101
*
Ed
 1e-07 1 1 0
1  125 0 0 16
2  259 54 0 0 16
2  260 56 0 0 16
0

0101000
+148 36 -146 36 *
Ed
 1.5e-07 1 1 0
1  126 0 2.96887112585068 3
2  261 54 0 2.96887112585068 3
2  262 55 0 2.96887112585068 3
0

0101000
+146 36 -202 36 *
Ed
 1e-07 1 1 0
1  127 0 0 48
2  263 54 0 0 48
2  264 68 0 0 48
0

0101000
-162 36 +150 36 *
Wi

0101100
-149 32 -193 0 +147 32 -145 32 -144 32 -201 0 +160 32 +143 32 *
Fa
0  1e-07 54 32

0111000
+142 0 *
Ed
 1.5e-07 1 1 0
1  128 0 2.03135031847621 2.04667857645531
2  265 55 0 2.03135031847621 2.04667857645531
2  266 56 0 2.03135031847621 2.04667857645531
0

0101000
+146 36 -200 36 *
Wi

0101100
-140 32 -199 0 +144 32 *
Fa
0  1.5e-07 55 32

0111000
+139 0 *
Ed
 1.5e-07 1 1 0
1  129 0 2.03135031847621 2.04667857645531
2  267 56 0 2.03135031847621 2.04667857645531
2  268 57 0 2.03135031847621 2.04667857645531
0

0101000
+148 36 -198 36 *
Wi

0101100
-140 32 +197 0 +137 32 -145 32 *
Fa
0  1e-07 56 32

0111000
+136 0 *
Wi

0101100
-147 32 -195 0 +137 32 *
Fa
0  1.5e-07 57 32

0111000
+134 0 *
Ve
1e-07
180 1296.1 50
0 0

0101101
*
Ve
1e-07
180 1296.1 24
0 0

0101101
*
Ed
 1e-07 1 1 0
1  130 0 0 26
2  269 58 0 0 26
2  270 71 0 0 26
0

0101000
-132 36 +131 36 *
Ve
1e-07
180 1298.1 24
0 0

0101101
*
Ed
 1e-07 1 1 0
1  131 0 0 2
2  271 58 0 0 2
2  272 70 0 0 2
0

0101000
-129 36 +131 36 *
Ve
1e-07
180 1298.1 48
0 0

0101101
*
Ed
 1e-07 1 1 0
1  132 0 0 24
2  273 58 0 0 24
2  274 69 0 0 24
0

0101000
+129 36 -127 36 *
Ed
 1e-07 1 1 0
1  133 0 0 10
2  275 59 0 0 10
2  276 58 0 0 10
0

0101000
+127 36 -192 36 *
Ve
1e-07
180 1298.1 50
0 0

0101101
*
Ed
 1e-07 1 1 0
1  134 0 2 4
2  277 58 0 2 4
2  278 68 0 2 4
0

0101000
+124 36 -150 36 *
Ed
 1e-07 1 1 0
1  135 0 0 2
2  279 58 0 0 2
2  280 67 0 0 2
0

0101000
+132 36 -124 36 *
Wi

0101100
+130 32 -128 32 -126 32 -125 32 -191 0 +149 32 +123 32 +122 32 *
Fa
0  1e-07 58 32

0111000
+121 0 *
Ed
 1e-07 1 1 0
1  136 0 0 48
2  281 59 0 0 48
2  282 69 0 0 48
0

0101000
+127 36 -159 36 *
Wi

0101100
-125 32 -190 0 +158 32 +119 32 *
Fa
0  1e-07 59 32

0111000
+118 0 *
Ed
 1e-07 1 1 0
1  137 0 0 48
2  283 67 0 0 48
2  284 68 0 0 48
0

0101000
+124 36 -164 36 *
Ed
 1e-07 1 1 0
1  138 0 0 48
2  285 67 0 0 48
2  286 71 0 0 48
0

0101000
-165 36 +132 36 *
Wi

0101100
-122 0 -116 0 +163 0 +115 0 *
Fa
0  1e-07 67 0

0111000
+114 0 *
Wi

0101100
-116 0 -161 0 +143 0 +123 0 *
Fa
0  1e-07 68 0

0111000
+112 0 *
Ed
 1e-07 1 1 0
1  139 0 0 48
2  287 69 0 0 48
2  288 70 0 0 48
0

0101000
-157 36 +129 36 *
Wi

0101100
-156 0 -110 0 +119 0 +126 0 *
Ve
1e-07
190 1298.1 38.25
0 0

0101101
*
Ed
 1e-07 1 1 0
1  140 0 0 6.28318530717959
2  289 69 0 0 6.28318530717959
2  290 72 0 0 6.28318530717959
0

0101100
+108 36 -108 36 *
Wi

0101100
-107 0 *
Ve
1e-07
218 1298.1 38.25
0 0

0101101
*
Ed
 1e-07 1 1 0
1  141 0 0 6.28318530717959
2  291 69 0 0 6.28318530717959
2  292 73 0 0 6.28318530717959
0

0101100
+105 36 -105 36 *
Wi

0101100
-104 0 *
Fa
0  1e-07 69 0

0111000
+109 0 +106 0 +103 0 *
Ed
 1e-07 1 1 0
1  142 0 0 48
2  293 70 0 0 48
2  294 71 0 0 48
0

0101000
-155 36 +131 36 *
Wi

0101100
-128 0 -110 0 +154 0 +101 0 *
Fa
0  1e-07 70 0

0111000
+100 0 *
Wi

0101100
-101 0 -153 0 +130 0 +115 0 *
Ve
1e-07
190 1296.1 38.25
0 0

0101101
*
Ed
 1e-07 1 1 0
1  143 0 0 6.28318530717959
2  295 71 0 0 6.28318530717959
2  296 72 0 0 6.28318530717959
0

0101100
+97 36 -97 36 *
Wi

0101100
-96 0 *
Ve
1e-07
218 1296.1 38.25
0 0

0101101
*
Ed
 1e-07 1 1 0
1  144 0 0 6.28318530717959
2  297 71 0 0 6.28318530717959
2  298 73 0 0 6.28318530717959
0

0101100
+94 36 -94 36 *
Wi

0101100
-93 0 *
Fa
0  1e-07 71 0

0111000
+98 0 +95 0 +92 0 *
Ed
 1e-07 1 1 0
1  145 0 1 3
3  299 300CN 72 0 1 3
0

0101000
+97 36 -108 36 *
Wi

0101100
-107 0 +90 0 +96 0 -90 0 *
Fa
0  1e-07 72 0

0111000
+89 0 *
Ed
 1e-07 1 1 0
1  146 0 1 3
3  301 302CN 73 0 1 3
0

0101000
+94 36 -105 36 *
Wi

0101100
-104 0 +87 0 +93 0 -87 0 *
Fa
0  1e-07 73 0

0111000
+86 0 *
Ve
1e-07
420 1296.1 50
0 0

0101101
*
Ve
1e-07
420 1298.1 50
0 0

0101101
*
Ed
 1e-07 1 1 0
1  147 0 0 2
2  303 60 0 0 2
2  304 74 0 0 2
0

0101000
+84 38 -83 38 *
Ve
1e-07
420 1298.1 52
0 0

0101101
*
Ed
 1e-07 1 1 0
1  148 0 2 4
2  305 60 0 2 4
2  306 75 0 2 4
0

0101000
+83 38 -81 38 *
Ed
 1e-07 1 1 0
1  149 0 0 10
2  307 60 0 0 10
2  308 61 0 0 10
0

0101000
+81 38 -188 38 *
Ve
1e-07
420 1298.1 48
0 0

0101101
*
Ed
 1e-07 1 1 0
1  150 0 0 10
2  309 60 0 0 10
2  310 66 0 0 10
0

0101000
+78 38 -187 38 *
Ve
1e-07
420 1298.1 24
0 0

0101101
*
Ed
 1e-07 1 1 0
1  151 0 0 24
2  311 60 0 0 24
2  312 76 0 0 24
0

0101000
+76 38 -78 38 *
Ve
1e-07
420 1296.1 24
0 0

0101101
*
Ed
 1e-07 1 1 0
1  152 0 0 2
2  313 60 0 0 2
2  314 77 0 0 2
0

0101000
-76 38 +74 38 *
Ed
 1e-07 1 1 0
1  153 0 0 26
2  315 60 0 0 26
2  316 78 0 0 26
0

0101000
-84 38 +74 38 *
Wi

0101100
-82 35 -80 35 -79 35 -186 0 +77 35 +75 35 +73 35 -72 35 *
Fa
0  1e-07 60 35

0111000
+71 0 *
Ve
1e-07
372 1298.1 52
0 0

0101101
*
Ed
 1e-07 1 1 0
1  154 0 0 10
2  317 65 0 0 10
2  318 61 0 0 10
0

0101000
+69 38 -177 38 *
Ve
1.5e-07
388 1308.06887112585 52
0 0

0101101
*
Ed
 1.5e-07 1 1 0
1  155 0 2.96887112585068 3
2  319 61 0 2.96887112585068 3
2  320 64 0 2.96887112585068 3
0

0101000
+67 38 -179 38 *
Ve
1.5e-07
404 1308.06887112585 52
0 0

0101101
*
Ed
 1e-07 1 1 0
1  156 0 0 16
2  321 61 0 0 16
2  322 63 0 0 16
0

0101000
+67 38 -65 38 *
Ed
 1.5e-07 1 1 0
1  157 0 2.96887112585068 3
2  323 61 0 2.96887112585068 3
2  324 62 0 2.96887112585068 3
0

0101000
+65 38 -185 38 *
Ed
 1e-07 1 1 0
1  158 0 0 48
2  325 61 0 0 48
2  326 75 0 0 48
0

0101000
-81 38 +69 38 *
Wi

0101100
-68 35 -176 0 +66 35 -64 35 -63 35 -184 0 +79 35 +62 35 *
Fa
0  1e-07 61 35

0111000
+61 0 *
Ed
 1.5e-07 1 1 0
1  159 0 2.03135031847621 2.04667857645531
2  327 63 0 2.03135031847621 2.04667857645531
2  328 62 0 2.03135031847621 2.04667857645531
0

0101000
+65 38 -183 38 *
Wi

0101100
-59 35 -182 0 +63 35 *
Fa
0  1.5e-07 62 35

0111000
+58 0 *
Ed
 1.5e-07 1 1 0
1  160 0 2.03135031847621 2.04667857645531
2  329 64 0 2.03135031847621 2.04667857645531
2  330 63 0 2.03135031847621 2.04667857645531
0

0101000
+67 38 -181 38 *
Wi

0101100
-59 35 +180 0 +56 35 -64 35 *
Fa
0  1e-07 63 35

0111000
+55 0 *
Wi

0101100
-66 35 -178 0 +56 35 *
Fa
0  1.5e-07 64 35

0111000
+53 0 *
Ve
1e-07
372 1296.1 50
0 0

0101101
*
Ve
1e-07
372 1296.1 24
0 0

0101101
*
Ed
 1e-07 1 1 0
1  161 0 0 26
2  331 65 0 0 26
2  332 78 0 0 26
0

0101000
-51 38 +50 38 *
Ve
1e-07
372 1298.1 24
0 0

0101101
*
Ed
 1e-07 1 1 0
1  162 0 0 2
2  333 65 0 0 2
2  334 77 0 0 2
0

0101000
-48 38 +50 38 *
Ve
1e-07
372 1298.1 48
0 0

0101101
*
Ed
 1e-07 1 1 0
1  163 0 0 24
2  335 65 0 0 24
2  336 76 0 0 24
0

0101000
+48 38 -46 38 *
Ed
 1e-07 1 1 0
1  164 0 0 10
2  337 66 0 0 10
2  338 65 0 0 10
0

0101000
+46 38 -175 38 *
Ve
1e-07
372 1298.1 50
0 0

0101101
*
Ed
 1e-07 1 1 0
1  165 0 2 4
2  339 65 0 2 4
2  340 75 0 2 4
0

0101000
+43 38 -69 38 *
Ed
 1e-07 1 1 0
1  166 0 0 2
2  341 65 0 0 2
2  342 74 0 0 2
0

0101000
+51 38 -43 38 *
Wi

0101100
+49 35 -47 35 -45 35 -44 35 -174 0 +68 35 +42 35 +41 35 *
Fa
0  1e-07 65 35

0111000
+40 0 *
Ed
 1e-07 1 1 0
1  167 0 0 48
2  343 66 0 0 48
2  344 76 0 0 48
0

0101000
+46 38 -78 38 *
Wi

0101100
-44 35 -173 0 +77 35 +38 35 *
Fa
0  1e-07 66 35

0111000
+37 0 *
Ed
 1e-07 1 1 0
1  168 0 0 48
2  345 74 0 0 48
2  346 75 0 0 48
0

0101000
+43 38 -83 38 *
Ed
 1e-07 1 1 0
1  169 0 0 48
2  347 74 0 0 48
2  348 78 0 0 48
0

0101000
-84 38 +51 38 *
Wi

0101100
-41 0 -35 0 +82 0 +34 0 *
Fa
0  1e-07 74 0

0111000
+33 0 *
Wi

0101100
-35 0 -80 0 +62 0 +42 0 *
Fa
0  1e-07 75 0

0111000
+31 0 *
Ed
 1e-07 1 1 0
1  170 0 0 48
2  349 76 0 0 48
2  350 77 0 0 48
0

0101000
-76 38 +48 38 *
Wi

0101100
-75 0 -29 0 +38 0 +45 0 *
Ve
1e-07
382 1298.1 38.25
0 0

0101101
*
Ed
 1e-07 1 1 0
1  171 0 0 6.28318530717959
2  351 76 0 0 6.28318530717959
2  352 79 0 0 6.28318530717959
0

0101100
+27 38 -27 38 *
Wi

0101100
-26 0 *
Ve
1e-07
410 1298.1 38.25
0 0

0101101
*
Ed
 1e-07 1 1 0
1  172 0 0 6.28318530717959
2  353 76 0 0 6.28318530717959
2  354 80 0 0 6.28318530717959
0

0101100
+24 38 -24 38 *
Wi

0101100
-23 0 *
Fa
0  1e-07 76 0

0111000
+28 0 +25 0 +22 0 *
Ed
 1e-07 1 1 0
1  173 0 0 48
2  355 77 0 0 48
2  356 78 0 0 48
0

0101000
-74 38 +50 38 *
Wi

0101100
-47 0 -29 0 +73 0 +20 0 *
Fa
0  1e-07 77 0

0111000
+19 0 *
Wi

0101100
-20 0 -72 0 +49 0 +34 0 *
Ve
1e-07
382 1296.1 38.25
0 0

0101101
*
Ed
 1e-07 1 1 0
1  174 0 0 6.28318530717959
2  357 78 0 0 6.28318530717959
2  358 79 0 0 6.28318530717959
0

0101100
+16 38 -16 38 *
Wi

0101100
-15 0 *
Ve
1e-07
410 1296.1 38.25
0 0

0101101
*
Ed
 1e-07 1 1 0
1  175 0 0 6.28318530717959
2  359 78 0 0 6.28318530717959
2  360 80 0 0 6.28318530717959
0

0101100
+13 38 -13 38 *
Wi

0101100
-12 0 *
Fa
0  1e-07 78 0

0111000
+17 0 +14 0 +11 0 *
Ed
 1e-07 1 1 0
1  176 0 1 3
3  361 362CN 79 0 1 3
0

0101000
+16 38 -27 38 *
Wi

0101100
-26 0 +9 0 +15 0 -9 0 *
Fa
0  1e-07 79 0

0111000
+8 0 *
Ed
 1e-07 1 1 0
1  177 0 1 3
3  363 364CN 80 0 1 3
0

0101000
+13 38 -24 38 *
Wi

0101100
-23 0 +6 0 +12 0 -6 0 *
Fa
0  1e-07 80 0

0111000
+5 0 *
Sh

0101100
-444 0 -437 0 -430 0 +423 0 +416 0 +404 0 -395 0 -386 0 +328 0 -321 8 
-316 8 +311 8 +308 8 -303 20 -298 20 -291 20 -286 20 -281 20 -276 20 +271 20 
-266 20 +261 20 -258 20 -253 20 +246 8 -241 8 -236 8 +233 8 -231 29 -226 20 
-221 20 -216 20 -211 20 +166 0 -151 8 -141 8 -138 8 +135 8 -133 8 -120 8 
+117 8 -113 37 +111 37 -102 37 +99 37 +91 37 +88 37 +85 37 -70 8 -60 8 
-57 8 +54 8 -52 8 -39 8 +36 8 -32 39 +30 39 -21 39 +18 39 +10 39 
+7 39 +4 39 *
So

0100000
+3 0 *
Co

0100000
+2 0 *

+1 0 