DBRep_DrawableShape

CASCADE Topology V1, (c) Matra-Datavision
Locations 24
1
              1               0               0               0 
              0               1               0               0 
              0               0               1               0 
1
              1               0               0               0 
              0               1               0               0 
              0               0               1               0 
1
              1               0               0               0 
              0               1               0               0 
              0               0               1               0 
1
              1               0               0               0 
              0               1               0               0 
              0               0               1               0 
1
              1               0               0               0 
              0               1               0               0 
              0               0               1               0 
2  1 1 2 1 3 1 4 1 5 1 0
2  5 -1 4 -1 3 -1 2 -1 1 -1 0
1
              1               0               0              18 
              0               1               0               0 
              0               0               1               0 
2  8 1 1 1 2 1 3 1 4 1 5 1 0
2  8 -1 0
2  5 -1 4 -1 3 -1 2 -1 1 -1 8 -1 0
2  1 1 2 1 3 1 4 1 0
2  2 1 3 1 4 1 0
2  5 -1 4 -1 3 -1 2 -1 0
2  3 1 4 1 0
2  1 1 2 1 0
2  5 -1 4 -1 3 -1 0
2  2 1 3 1 4 1 5 1 0
2  8 1 1 1 0
2  3 1 4 1 5 1 0
2  4 1 5 1 0
2  8 1 1 1 2 1 3 1 0
2  5 -1 4 -1 0
2  8 1 1 1 2 1 0
Curve2ds 272
1 0 0 1 0 
1 -257.98412378671179 689.09093437701847 0 -1 
1 1308.0999999999999 0 0 -1 
1 0 0 0 -1 
1 0 0 0 -1 
1 4 0 0 1 
1 0 0 0 1 
1 0 0 1 0 
1 0 -18 1 0 
1 -257.98412378671179 689.09093437701847 0 -1 
1 0 0 0 1 
1 0 18 1 0 
1 0 0 0 -1 
1 4 0 0 1 
1 0 0 0 -1 
1 400.05000000000001 0 0 -1 
7 0 0  8 30 5  0 4.5  0.19634954084936207 4.5  0.3926990816974012 4.742334267921251  0.58904862255030821 5.2270007451297715  0.78539816339161916 5.9340768718138861  0.98174770424930102 6.8236770633375272  1.1780972450948184 7.8401547942430625  1.3744467859455343 8.920077525328507  1.7180584824319181 10.809941856003615  1.8653206380690535 11.619883415588889  2.0125827937062155 12.403061666176654  2.1598449493433236 13.132706152780884  2.3071071049802612 13.783917204162947  2.4543692606170815 14.335497736493124  2.6016314162540466 14.771386099340463  2.9697868053466006 15.546264423019501  3.1906800388010197 15.727833439043025  3.4115732722566463 15.591479623566556  3.6324665057254606 15.132115552638425  3.8533597391615331 14.379598189108947  4.0742529726226167 13.39629945438719  4.2951462060797949 12.26456534661494  4.7369326729908598 9.8814281955624743  4.9578259064464874 8.6300238332496519  5.1787191398980212 7.4073871230866644  5.3996123733377317 6.308310308635555  5.6205056068174599 5.4201077384677774  5.8413988402662653 4.8067047440017632  6.0622920737240431 4.5000000000000009  6.2831853071795756 4.5 
 3.1415926535897931 9 4.7123889803846879 7 5.8904862254808563 7 7.6576320931251178 7 9.4247779607693793 9
3 -161.98412378671179 689.09093437701847 0 -1 1 0 7.7781745930520225 5.5
7 0 0  3 25 23  1.5707963267948966 10  1.6183962154856477 10.261831809356936  1.7135959928671554 10.785381016352694  1.8563956589394248 11.554808391748461  1.9991953250116907 12.292559792420674  2.1419949910839486 12.983647867631193  2.2847946571562066 13.613995713089235  2.4275943232284813 14.170773500206115  2.5703939893007401 14.642646239776935  2.7131936553730016 15.020008124115122  2.8559933214452649 15.2951771104616  2.9987929875175312 15.4625515633169  3.1415926535897922 15.518724218341548  3.2843923196620555 15.462551563316897  3.4271919857343156 15.295177110461601  3.5699916518065864 15.020008124115126  3.7127913178788434 14.642646239776937  3.8555909839511107 14.170773500206092  3.9983906500233659 13.613995713089331  4.1411903160956411 12.98364786763117  4.2839899821678964 12.292559792420679  4.4267896482401605 11.554808391748457  4.5695893143124309 10.785381016352696  4.6647890916939385 10.261831809356936  4.7123889803846897 10 
 4.7123889803846897 4 4.8551886464569529 1 4.9979883125292162 1 5.1407879786014794 1 5.2835876446737426 1 5.4263873107460068 1 5.5691869768182691 1 5.7119866428905333 1 5.8547863089627965 1 5.9975859750350597 1 6.140385641107323 1 6.2831853071795862 1 6.4259849732518495 1 6.5687846393241127 1 6.711584305396376 1 6.8543839714686392 1 6.9971836375409033 1 7.1399833036131657 1 7.2827829696854298 1 7.4255826357576931 1 7.5683823018299563 1 7.7111819679022195 1 7.8539816339744828 4
1 0 0 1 0 
1 142.06587621328822 689.09093437701847 -1 -0 
1 0 0 1 0 
1 -257.98412378671179 -619.00906562298144 1 0 
7 0 0  8 30 5  0 15.5  0.19634954084936207 15.5  0.39269908169762857 15.257665732073292  0.58904862254848922 14.772999254826573  0.78539816339616664 14.065923128160648  0.9817477042452083 13.176322936604265  1.1780972450957279 12.159845205751481  1.3744467859455138 11.079922474671605  1.7180584824318974 9.1900581439964952  1.8653206380684941 8.3801165844099454  2.0125827937066489 7.5969383338267278  2.1598449493428689 6.8672938472222995  2.3071071049791527 6.216082795837309  2.4543692606174208 5.6645022635074227  2.6016314162540382 5.2286139006596812  2.9697868053465921 4.453735576980641  3.1906800388010197 4.2721665609587944  3.4115732722548273 4.4085203763715981  3.6324665056963568 4.8678844473615754  3.85335973916699 5.6204018108437594  4.0742529726226167 6.6037005456237239  4.2951462060798171 7.7354346533851848  4.7369326729908821 10.11857180443765  4.9578259064437589 11.369976166730339  5.1787191398980212 12.592612876942439  5.3996123733522836 13.691689691317151  5.620505606810184 14.579892261543137  5.8413988402644463 15.193295255981866  6.0622920737240431 15.5  6.2831853071795756 15.5 
 0 9 1.5707963267948961 7 2.7488935718910681 7 4.5160394395353265 7 6.2831853071795862 9
3 -193.98412378671179 -619.00906562298144 0 1 -1 0 7.7781745930519719 5.5
7 0 0  3 25 23  0 15.499999999999964  0.023799944345376467 15.500011861055061  0.071399833036130289 15.490644307767365  0.14279966607226147 15.448646913369815  0.21419949910839087 15.378875620824127  0.2855993321445256 15.281697180382402  0.35699916518064612 15.157603786925721  0.42839899821677907 15.007228596908485  0.49979883125290847 14.831337672140378  0.57119866428906363 14.63082737025006  0.6425984973251575 14.406719430289039  0.71399833036132598 14.160155859098527  0.78539816339742963 13.892393087007472  0.85679799643357946 13.604795572028872  0.92819782946970708 13.298828845071647  0.99959766250581605 12.976052042559989  1.070997495541989 12.638109960723751  1.1423973285780766 12.286724676306205  1.2137971616142185 11.923686763114461  1.2851969946503656 11.550846198007568  1.3565968276864746 11.170102820622825  1.4279966607226342 10.783397074749981  1.4993964937587503 10.392698543395895  1.5469963824494988 10.130900712626802  1.5707963267948761 10 
 0 4 0.071399833036131677 1 0.14279966607226335 1 0.21419949910839503 1 0.28559933214452671 1 0.35699916518065838 1 0.42839899821679006 1 0.49979883125292174 1 0.57119866428905341 1 0.64259849732518504 1 0.71399833036131677 1 0.7853981633974485 1 0.85679799643358012 1 0.92819782946971174 1 0.99959766250584348 1 1.0709974955419752 1 1.1423973285781068 1 1.2137971616142385 1 1.2851969946503701 1 1.3565968276865019 1 1.4279966607226335 1 1.4993964937587652 1 1.570796326794897 4
7 0 0  8 30 5  0 15.5  0.19634954084936207 15.5  0.39269908169762857 15.257665732073292  0.58904862254848922 14.772999254826573  0.78539816339616664 14.065923128160648  0.9817477042452083 13.176322936604265  1.1780972450957279 12.159845205751481  1.3744467859455138 11.079922474671605  1.7180584824318974 9.1900581439964952  1.8653206380684941 8.3801165844099454  2.0125827937066489 7.5969383338267278  2.1598449493428689 6.8672938472222995  2.3071071049791527 6.216082795837309  2.4543692606174208 5.6645022635074227  2.6016314162540382 5.2286139006596812  2.9697868053465921 4.453735576980641  3.1906800388010197 4.2721665609587944  3.4115732722548273 4.4085203763715981  3.6324665056963568 4.8678844473615754  3.85335973916699 5.6204018108437594  4.0742529726226167 6.6037005456237239  4.2951462060798171 7.7354346533851848  4.7369326729908821 10.11857180443765  4.9578259064437589 11.369976166730339  5.1787191398980212 12.592612876942439  5.3996123733522836 13.691689691317151  5.620505606810184 14.579892261543137  5.8413988402644463 15.193295255981866  6.0622920737240431 15.5  6.2831853071795756 15.5 
 0 9 1.5707963267948961 7 2.7488935718910681 7 4.5160394395353265 7 6.2831853071795862 9
3 -193.98412378671179 -619.00906562298144 0 1 -1 0 7.7781745930519719 5.5
7 0 0  3 25 23  4.7123889803847092 10  4.7361889247300866 10.130900712626801  4.7837888134208342 10.392698543395893  4.855188646456952 10.783397074749979  4.9265884794931107 11.170102820622825  4.9979883125292197 11.550846198007561  5.0693881455653695 11.923686763114487  5.1407879786015016 12.286724676306102  5.2121878116376248 12.638109960724135  5.2835876446737622 12.976052042559893  5.35498747770988 13.298828845071673  5.426387310746005 13.604795572028859  5.4977871437821548 13.892393087007473  5.5691869768182602 14.160155859098527  5.6405868098544296 14.406719430289041  5.7119866428905226 14.63082737025006  5.7833864759266795 14.831337672140377  5.8547863089628081 15.00722859690849  5.9261861419989401 15.157603786925719  5.997585975035058 15.281697180382402  6.0689858080711936 15.378875620824129  6.1403856411073274 15.448646913369814  6.2117854741434542 15.49064430776737  6.2593853628342071 15.500011861055063  6.2831853071795862 15.499999999999964 
 4.7123889803846897 4 4.7837888134208217 1 4.8551886464569529 1 4.926588479493085 1 4.9979883125292162 1 5.0693881455653482 1 5.1407879786014794 1 5.2121878116376115 1 5.2835876446737426 1 5.3549874777098747 1 5.4263873107460068 1 5.497787143782138 1 5.5691869768182691 1 5.6405868098544012 1 5.7119866428905333 1 5.7833864759266644 1 5.8547863089627965 1 5.9261861419989277 1 5.9975859750350597 1 6.0689858080711918 1 6.140385641107323 1 6.2117854741434542 1 6.2831853071795862 4
1 0 0 1 0 
1 -257.98412378671179 -619.00906562298144 1 0 
7 0 0  8 30 5  0 15.5  0.19634954084936207 15.5  0.39269908169887913 15.257665732073292  0.58904862254803447 14.772999254826573  0.78539816339707613 14.065923128160648  0.98174770424566304 13.176322936604265  1.1780972450965237 12.159845205751481  1.3744467859455138 11.079922474671605  1.7180584824318974 9.1900581439964952  1.8653206380690484 8.3801165844099454  2.0125827937060734 7.5969383338267278  2.1598449493433236 6.8672938472222995  2.3071071049802327 6.216082795837309  2.4543692606167387 5.6645022635074227  2.6016314162540373 5.2286139006596812  2.9697868053465908 4.453735576980641  3.1906800388010197 4.2721665609587944  3.4115732722548273 4.4085203763715981  3.6324665056963568 4.8678844473615754  3.85335973916699 5.6204018108437594  4.0742529726226167 6.6037005456237239  4.2951462060798171 7.7354346533851848  4.7369326729908821 10.11857180443765  4.9578259064437589 11.369976166730339  5.1787191398980212 12.592612876942439  5.3996123733522836 13.691689691317151  5.620505606810184 14.579892261543137  5.8413988402644463 15.193295255981866  6.0622920737240431 15.5  6.2831853071795756 15.5 
 0 9 1.5707963267948954 7 2.7488935718910672 7 4.5160394395353265 7 6.2831853071795862 9
3 -135.98412378671179 -619.00906562298144 0 1 -1 0 7.7781745930519719 5.5
7 0 0  3 25 23  0 15.499999999999964  0.023799944345379132 15.500011861055061  0.071399833036132065 15.490644307767365  0.14279966607225791 15.448646913369815  0.21419949910839264 15.378875620824127  0.28559933214452737 15.281697180382402  0.35699916518064612 15.157603786925721  0.42839899821677818 15.007228596908485  0.49979883125290847 14.831337672140378  0.57119866428906185 14.63082737025006  0.64259849732515661 14.406719430289039  0.71399833036132598 14.160155859098527  0.78539816339742963 13.892393087007472  0.85679799643357946 13.604795572028872  0.92819782946970708 13.298828845071647  0.99959766250581605 12.976052042559989  1.0709974955419899 12.638109960723751  1.1423973285780757 12.286724676306205  1.2137971616142185 11.923686763114461  1.2851969946503656 11.550846198007568  1.3565968276864755 11.170102820622825  1.4279966607226333 10.783397074749981  1.4993964937587503 10.392698543395895  1.5469963824494988 10.130900712626802  1.5707963267948761 10 
 0 4 0.071399833036131677 1 0.14279966607226335 1 0.21419949910839503 1 0.28559933214452671 1 0.35699916518065838 1 0.42839899821679006 1 0.49979883125292174 1 0.57119866428905341 1 0.64259849732518504 1 0.71399833036131677 1 0.7853981633974485 1 0.85679799643358012 1 0.92819782946971174 1 0.99959766250584348 1 1.0709974955419752 1 1.1423973285781068 1 1.2137971616142385 1 1.2851969946503701 1 1.3565968276865019 1 1.4279966607226335 1 1.4993964937587652 1 1.570796326794897 4
7 0 0  8 30 5  0 15.5  0.19634954084936207 15.5  0.39269908169887913 15.257665732073292  0.58904862254803447 14.772999254826573  0.78539816339707613 14.065923128160648  0.98174770424566304 13.176322936604265  1.1780972450965237 12.159845205751481  1.3744467859455138 11.079922474671605  1.7180584824318974 9.1900581439964952  1.8653206380690484 8.3801165844099454  2.0125827937060734 7.5969383338267278  2.1598449493433236 6.8672938472222995  2.3071071049802327 6.216082795837309  2.4543692606167387 5.6645022635074227  2.6016314162540373 5.2286139006596812  2.9697868053465908 4.453735576980641  3.1906800388010197 4.2721665609587944  3.4115732722548273 4.4085203763715981  3.6324665056963568 4.8678844473615754  3.85335973916699 5.6204018108437594  4.0742529726226167 6.6037005456237239  4.2951462060798171 7.7354346533851848  4.7369326729908821 10.11857180443765  4.9578259064437589 11.369976166730339  5.1787191398980212 12.592612876942439  5.3996123733522836 13.691689691317151  5.620505606810184 14.579892261543137  5.8413988402644463 15.193295255981866  6.0622920737240431 15.5  6.2831853071795756 15.5 
 0 9 1.5707963267948954 7 2.7488935718910672 7 4.5160394395353265 7 6.2831853071795862 9
3 -135.98412378671179 -619.00906562298144 0 1 -1 0 7.7781745930519719 5.5
7 0 0  3 25 23  4.7123889803847092 10  4.7361889247300866 10.130900712626801  4.7837888134208342 10.392698543395893  4.855188646456952 10.783397074749979  4.9265884794931107 11.170102820622825  4.9979883125292197 11.550846198007561  5.0693881455653695 11.923686763114487  5.1407879786015016 12.286724676306102  5.2121878116376248 12.638109960724135  5.2835876446737622 12.976052042559893  5.35498747770988 13.298828845071673  5.426387310746005 13.604795572028859  5.4977871437821548 13.892393087007473  5.5691869768182602 14.160155859098527  5.6405868098544296 14.406719430289041  5.7119866428905226 14.63082737025006  5.7833864759266795 14.831337672140377  5.8547863089628081 15.00722859690849  5.9261861419989401 15.157603786925719  5.997585975035058 15.281697180382402  6.0689858080711936 15.378875620824129  6.1403856411073274 15.448646913369814  6.2117854741434542 15.49064430776737  6.2593853628342071 15.500011861055063  6.2831853071795862 15.499999999999964 
 4.7123889803846897 4 4.7837888134208217 1 4.8551886464569529 1 4.926588479493085 1 4.9979883125292162 1 5.0693881455653482 1 5.1407879786014794 1 5.2121878116376115 1 5.2835876446737426 1 5.3549874777098747 1 5.4263873107460068 1 5.497787143782138 1 5.5691869768182691 1 5.6405868098544012 1 5.7119866428905333 1 5.7833864759266644 1 5.8547863089627965 1 5.9261861419989277 1 5.9975859750350597 1 6.0689858080711918 1 6.140385641107323 1 6.2117854741434542 1 6.2831853071795862 4
1 0 0 1 0 
1 -257.98412378671179 -619.00906562298144 1 0 
1 0 0 1 0 
1 338.91587621328819 -619.00906562298144 0 1 
1 0 0 1 0 
1 338.91587621328819 -438.03406562298153 -0.17204376626835494 0.98508930685912921 
1 0 0 1 0 
1 142.06587621328822 689.09093437701847 -1 -0 
7 0 0  8 30 5  0 4.5  0.19634954084936207 4.5  0.39269908169819701 4.742334267921251  0.58904862254894397 5.2270007451297715  0.78539816339161916 5.9340768718138861  0.98174770425021052 6.8236770633375272  1.1780972450959553 7.8401547942430625  1.3744467859455343 8.920077525328507  1.7180584824319181 10.809941856003615  1.8653206380687977 11.619883415588889  2.0125827937063718 12.403061666176654  2.1598449493434373 13.132706152780884  2.3071071049801617 13.783917204162947  2.4543692606171668 14.335497736493124  2.6016314162540466 14.771386099340463  2.9697868053466006 15.546264423019501  3.1906800388010197 15.727833439043025  3.4115732722548273 15.591479623566556  3.6324665057145467 15.132115552638425  3.85335973916699 14.379598189108947  4.0742529726212524 13.39629945438719  4.2951462060797949 12.26456534661494  4.7369326729908598 9.8814281955624743  4.9578259064473968 8.6300238332496519  5.1787191398907453 7.4073871230866644  5.3996123733522836 6.308310308635555  5.62050560679927 5.4201077384677774  5.8413988402708128 4.8067047440017632  6.0622920737240431 4.5000000000000009  6.2831853071795756 4.5 
 3.1415926535897931 9 4.7123889803846879 7 5.8904862254808563 7 7.6576320931251178 7 9.4247779607693793 9
3 -103.98412378671179 689.09093437701847 0 -1 1 0 7.7781745930520225 5.5
7 0 0  3 25 23  1.5707963267948966 10  1.6183962154856477 10.261831809356936  1.7135959928671554 10.785381016352694  1.8563956589394239 11.554808391748461  1.9991953250116925 12.292559792420674  2.1419949910839478 12.983647867631193  2.2847946571562092 13.613995713089235  2.4275943232284805 14.170773500206115  2.5703939893007393 14.642646239776935  2.7131936553730052 15.020008124115122  2.8559933214452649 15.2951771104616  2.9987929875175277 15.4625515633169  3.1415926535897927 15.518724218341548  3.2843923196620586 15.462551563316897  3.4271919857343205 15.295177110461601  3.5699916518065815 15.020008124115126  3.7127913178788448 14.642646239776937  3.8555909839511107 14.170773500206092  3.9983906500233637 13.613995713089331  4.1411903160956411 12.98364786763117  4.2839899821678937 12.292559792420679  4.4267896482401623 11.554808391748457  4.56958931431243 10.785381016352696  4.6647890916939385 10.261831809356936  4.7123889803846897 10 
 4.7123889803846897 4 4.8551886464569529 1 4.9979883125292162 1 5.1407879786014794 1 5.2835876446737426 1 5.4263873107460068 1 5.5691869768182691 1 5.7119866428905333 1 5.8547863089627965 1 5.9975859750350597 1 6.140385641107323 1 6.2831853071795862 1 6.4259849732518495 1 6.5687846393241127 1 6.711584305396376 1 6.8543839714686392 1 6.9971836375409033 1 7.1399833036131657 1 7.2827829696854298 1 7.4255826357576931 1 7.5683823018299563 1 7.7111819679022195 1 7.8539816339744828 4
1 0 0 1 0 
1 142.06587621328822 689.09093437701847 -1 -0 
2 92.60953818511922 600.09093437701847 1 0 -0 1 7.9375
1 0 1 1 0 
2 99.246157903429037 562.09093437701847 1 0 -0 1 7.9375
1 0 1 1 0 
3 64 -1.1368999999999999e-13 0 -1 1 0 7.7781745930519719 5.5
7 0 0  8 16 3  1.3372625992285925 8.7272077938620214  1.5628038560237418 9.9340115970271547  1.7883451128188881 11.214811221796481  2.0138863696101907 12.476052954421903  2.2394276264058135 13.616201535507571  2.4649688832014363 14.540763941113255  2.690510140000697 15.180251997151572  2.9160513967946438 15.500000000000114  3.3671339103849425 15.500000000000114  3.5926751671763668 15.180251997151572  3.8182164239788108 14.540763941171463  4.0437576807416917 13.616201535442087  4.2692989375755133 12.476052954523766  4.4948401943565841 11.214811221796481  4.720381451155844 9.9340115970271547  4.9459227079509933 8.7272077938620214 
 4.4788552528183905 9 6.2831853071795862 7 8.0875153615407811 9
7 0 0  3 25 23  1.5707963267948859 10.000000000000227  1.6183962154856371 10.261831809356954  1.7135959928671447 10.785381016352662  1.8563956589394142 11.554808391748884  1.9991953250116818 12.292559792420722  2.1419949910839371 12.983647867631264  2.2847946571562083 13.613995713089583  2.4275943232284831 14.170773500206352  2.5703939893007295 14.642646239776992  2.7131936553730043 15.020008124115332  2.8559933214452613 15.29517711046174  2.9987929875175272 15.462551563317151  3.1415926535897931 15.51872421834176  3.2843923196620555 15.462551563317151  3.4271919857343214 15.295177110461744  3.569991651806582 15.020008124115328  3.7127913178788532 14.642646239776992  3.8555909839511049 14.170773500206355  3.9983906500233779 13.613995713089583  4.1411903160956456 12.983647867631266  4.2839899821679062 12.29255979242072  4.4267896482401703 11.554808391748884  4.5695893143124415 10.785381016352664  4.6647890916939492 10.261831809356954  4.7123889803847003 10.000000000000227 
 4.7123889803846897 4 4.8551886464569529 1 4.9979883125292162 1 5.1407879786014794 1 5.2835876446737426 1 5.4263873107460068 1 5.5691869768182691 1 5.7119866428905333 1 5.8547863089627965 1 5.9975859750350597 1 6.140385641107323 1 6.2831853071795862 1 6.4259849732518495 1 6.5687846393241127 1 6.711584305396376 1 6.8543839714686392 1 6.9971836375409033 1 7.1399833036131657 1 7.2827829696854298 1 7.4255826357576931 1 7.5683823018299563 1 7.7111819679022195 1 7.8539816339744828 4
3 122 -1.1368999999999999e-13 0 -1 1 0 7.7781745930519719 5.5
7 0 0  8 16 3  1.3372625992285925 8.7272077938620214  1.5628038560237418 9.9340115970271547  1.7883451128184333 11.214811221796481  2.0138863696056433 12.476052954421903  2.2394276264149084 13.616201535507571  2.4649688831959793 14.540763941113255  2.6905101399993328 15.180251997151572  2.9160513967946438 15.500000000000114  3.3671339103849425 15.500000000000114  3.5926751671763668 15.180251997151572  3.8182164239788108 14.540763941171463  4.0437576807416917 13.616201535442087  4.2692989375755133 12.476052954523766  4.4948401943565841 11.214811221796481  4.720381451155844 9.9340115970271547  4.9459227079509933 8.7272077938620214 
 4.4788552528183905 9 6.2831853071795862 7 8.0875153615407811 9
7 0 0  3 25 23  1.5707963267948859 10.000000000000227  1.6183962154856371 10.261831809356954  1.7135959928671456 10.785381016352662  1.8563956589394142 11.554808391748884  1.9991953250116818 12.292559792420722  2.1419949910839371 12.983647867631264  2.2847946571562083 13.613995713089583  2.4275943232284831 14.170773500206352  2.5703939893007313 14.642646239776992  2.7131936553730043 15.020008124115332  2.8559933214452595 15.29517711046174  2.9987929875175308 15.462551563317151  3.1415926535897913 15.51872421834176  3.2843923196620572 15.462551563317151  3.4271919857343214 15.295177110461744  3.569991651806582 15.020008124115328  3.7127913178788532 14.642646239776992  3.8555909839511049 14.170773500206355  3.9983906500233779 13.613995713089583  4.1411903160956456 12.983647867631266  4.2839899821679062 12.29255979242072  4.4267896482401703 11.554808391748884  4.5695893143124415 10.785381016352664  4.6647890916939492 10.261831809356954  4.7123889803847003 10.000000000000227 
 4.7123889803846897 4 4.8551886464569529 1 4.9979883125292162 1 5.1407879786014794 1 5.2835876446737426 1 5.4263873107460068 1 5.5691869768182691 1 5.7119866428905333 1 5.8547863089627965 1 5.9975859750350597 1 6.140385641107323 1 6.2831853071795862 1 6.4259849732518495 1 6.5687846393241127 1 6.711584305396376 1 6.8543839714686392 1 6.9971836375409033 1 7.1399833036131657 1 7.2827829696854298 1 7.4255826357576931 1 7.5683823018299563 1 7.7111819679022195 1 7.8539816339744828 4
1 596.89999999999998 0 0 -1 
1 0 0 0 -1 
1 0 -18 1 0 
1 0 4 1 0 
1 0 0 1 0 
1 0 4 1 0 
1 0 0 0 1 
1 0 1272.0999999999999 1 0 
1 0 0 1 0 
1 0 0 1 0 
1 0 -18 1 0 
1 0 0 1 0 
1 0 0 0 -1 
1 0 0 0 1 
1 0 -18 1 0 
1 0 4 1 0 
1 0 0 0 1 
1 0 0 1 0 
3 246.05000000000001 0 -0 -1 1 -0 7.7781745930519719 5.5
7 0 0  8 9 2  4.4788552528189136 8.7272077938646202  4.7043965096139981 9.9340115970295528  4.9299377664094877 11.214811221796481  5.1554790232042009 12.476052954465558  5.381020279995731 13.616201535405708  5.606561536792718 14.540763941113255  5.8321027935899323 15.180251997151572  6.0576440503845017 15.5  6.2831853071795862 15.5 
 4.4788552528189136 9 6.2831853071795862 9
7 0 0  3 25 23  4.7123889803846897 10  4.7361889247300617 10.130900712626589  4.7837888134208129 10.392698543395582  4.8551886464569503 10.78339707475002  4.9265884794930823 11.170102820622633  4.9979883125292179 11.550846198007608  5.0693881455653464 11.923686763114144  5.1407879786014856 12.286724676306054  5.2121878116376097 12.638109960723988  5.2835876446737453 12.976052042559843  5.3549874777098605 13.298828845071316  5.4263873107460077 13.604795572028967  5.4977871437821317 13.892393087007068  5.5691869768182718 14.160155859098669  5.6405868098544092 14.406719430288881  5.7119866428905235 14.630827370249873  5.7833864759266618 14.831337672140259  5.8547863089628081 15.007228596908467  5.926186141998917 15.15760378692524  5.9975859750350597 15.281697180382297  6.0689858080711936 15.378875620824003  6.140385641107315 15.448646913369736  6.2117854741434604 15.490644307767459  6.2593853628342142 15.500011861055128  6.2831853071795871 15.499999999999943 
 4.7123889803846897 4 4.7837888134208217 1 4.8551886464569529 1 4.926588479493085 1 4.9979883125292162 1 5.0693881455653482 1 5.1407879786014794 1 5.2121878116376115 1 5.2835876446737426 1 5.3549874777098747 1 5.4263873107460068 1 5.497787143782138 1 5.5691869768182691 1 5.6405868098544012 1 5.7119866428905333 1 5.7833864759266644 1 5.8547863089627965 1 5.9261861419989277 1 5.9975859750350597 1 6.0689858080711918 1 6.140385641107323 1 6.2117854741434542 1 6.2831853071795862 4
3 246.05000000000001 0 -0 -1 1 -0 7.7781745930519719 5.5
7 0 0  8 9 2  0 15.5  0.22554125679508411 15.5  0.45108251358954021 15.180251997160667  0.67662377038459454 14.540763941091427  0.90216502717612457 13.616201535442087  1.1277062839758401 12.47605295444373  1.3532475407698712 11.2148112217983  1.5787887975655888 9.9340115970295528  1.8043300543606728 8.7272077938646202 
 0 9 1.8043300543606728 9
7 0 0  3 25 23  6.2831853071795862 15.499999999999943  6.30698525152496 15.500011861055123  6.3545851402157147 15.490644307767461  6.4259849732518557 15.448646913369737  6.4973848062879798 15.378875620824003  6.5687846393241118 15.281697180382299  6.6401844723602537 15.157603786925241  6.7115843053963653 15.007228596908464  6.7829841384325098 14.831337672140261  6.8543839714686481 14.630827370249873  6.9257838045047642 14.406719430288879  6.9971836375409007 14.160155859098666  7.0685834705770407 13.892393087007072  7.1399833036131639 13.604795572028966  7.211383136649312 13.298828845071318  7.2827829696854272 12.976052042559838  7.3541828027215619 12.638109960723998  7.4255826357576868 12.286724676306051  7.496982468793826 11.923686763114151  7.5683823018299545 11.550846198007607  7.6397821348660893 11.170102820622638  7.7111819679022222 10.783397074750019  7.7825818009383596 10.392698543395584  7.8301816896291108 10.130900712626591  7.8539816339744828 10 
 0 4 0.071399833036131677 1 0.14279966607226335 1 0.21419949910839503 1 0.28559933214452671 1 0.35699916518065838 1 0.42839899821679006 1 0.49979883125292174 1 0.57119866428905341 1 0.64259849732518504 1 0.71399833036131677 1 0.7853981633974485 1 0.85679799643358012 1 0.92819782946971174 1 0.99959766250584348 1 1.0709974955419752 1 1.1423973285781068 1 1.2137971616142385 1 1.2851969946503701 1 1.3565968276865019 1 1.4279966607226335 1 1.4993964937587652 1 1.570796326794897 4
3 304.05000000000001 0 -0 -1 1 -0 7.7781745930519719 5.5
7 0 0  8 9 2  4.4788552528189118 8.7272077938646095  4.7043965096139964 9.9340115970295439  4.9299377664096014 11.214811221794662  5.1554790232037462 12.47605295444373  5.3810202800043712 13.616201535391156  5.6065615367940822 14.540763941120531  5.8321027935899323 15.180251997142477  6.0576440503845017 15.5  6.2831853071795862 15.5 
 4.4788552528189118 9 6.2831853071795862 9
7 0 0  3 25 23  4.7123889803846897 10  4.7361889247300617 10.130900712626589  4.783788813420812 10.392698543395582  4.8551886464569511 10.78339707475002  4.9265884794930805 11.170102820622633  4.9979883125292188 11.550846198007608  5.0693881455653464 11.923686763114144  5.1407879786014847 12.286724676306054  5.212187811637607 12.638109960723988  5.2835876446737453 12.976052042559843  5.3549874777098614 13.298828845071316  5.4263873107460041 13.604795572028967  5.4977871437821317 13.892393087007068  5.5691869768182718 14.160155859098669  5.6405868098544092 14.406719430288881  5.7119866428905235 14.630827370249873  5.7833864759266627 14.831337672140259  5.8547863089628018 15.007228596908467  5.9261861419989197 15.15760378692524  5.9975859750350606 15.281697180382297  6.0689858080711883 15.378875620824003  6.1403856411073212 15.448646913369736  6.2117854741434559 15.490644307767459  6.2593853628342089 15.500011861055128  6.2831853071795862 15.499999999999943 
 4.7123889803846897 4 4.7837888134208217 1 4.8551886464569529 1 4.926588479493085 1 4.9979883125292162 1 5.0693881455653482 1 5.1407879786014794 1 5.2121878116376115 1 5.2835876446737426 1 5.3549874777098747 1 5.4263873107460068 1 5.497787143782138 1 5.5691869768182691 1 5.6405868098544012 1 5.7119866428905333 1 5.7833864759266644 1 5.8547863089627965 1 5.9261861419989277 1 5.9975859750350597 1 6.0689858080711918 1 6.140385641107323 1 6.2117854741434542 1 6.2831853071795862 4
3 304.05000000000001 0 -0 -1 1 -0 7.7781745930519719 5.5
7 0 0  8 9 2  0 15.5  0.22554125679508424 15.5  0.45108251358988127 15.180251997144296  0.67662377038686827 14.540763941156911  0.90216502717703406 13.616201535369328  1.1277062839762948 12.47605295448011  1.3532475407698712 11.214811221781929  1.5787887975655894 9.9340115970295493  1.8043300543606737 8.7272077938646149 
 0 9 1.804330054360674 9
7 0 0  3 25 23  6.2831853071795862 15.499999999999943  6.3069852515249645 15.500011861055123  6.3545851402157192 15.490644307767461  6.4259849732518495 15.448646913369737  6.4973848062879851 15.378875620824003  6.5687846393241109 15.281697180382299  6.6401844723602537 15.157603786925241  6.7115843053963689 15.007228596908464  6.7829841384325089 14.831337672140261  6.8543839714686481 14.630827370249873  6.9257838045047642 14.406719430288879  6.9971836375409016 14.160155859098666  7.0685834705770398 13.892393087007072  7.1399833036131666 13.604795572028966  7.211383136649312 13.298828845071318  7.2827829696854272 12.976052042559838  7.3541828027215637 12.638109960723998  7.4255826357576886 12.286724676306051  7.4969824687938269 11.923686763114151  7.5683823018299545 11.550846198007607  7.6397821348660901 11.170102820622638  7.7111819679022222 10.783397074750019  7.7825818009383596 10.392698543395584  7.8301816896291108 10.130900712626591  7.8539816339744828 10 
 0 4 0.071399833036131677 1 0.14279966607226335 1 0.21419949910839503 1 0.28559933214452671 1 0.35699916518065838 1 0.42839899821679006 1 0.49979883125292174 1 0.57119866428905341 1 0.64259849732518504 1 0.71399833036131677 1 0.7853981633974485 1 0.85679799643358012 1 0.92819782946971174 1 0.99959766250584348 1 1.0709974955419752 1 1.1423973285781068 1 1.2137971616142385 1 1.2851969946503701 1 1.3565968276865019 1 1.4279966607226335 1 1.4993964937587652 1 1.570796326794897 4
1 0 0 1 0 
1 0 4 1 0 
1 0 0 0 -1 
1 1144.1856003835217 0 0 -1 
7 0 0  8 30 5  0 29.955844122715714  0.19634954084936207 29.955844122715714  0.3926990816974012 30.198178390597604  0.58904862254667023 30.682844867769745  0.78539816339616664 31.389920994464774  0.98174770424611779 32.279521185992053  1.1780972450951595 33.295998916928511  1.3744467859455345 34.375921648044226  1.7180584824319183 36.265785978719329  1.8653206380690537 37.075727538303731  2.0125827937062155 37.858905788907123  2.1598449493433236 38.588550275502712  2.3071071049802612 39.239761326872895  2.4543692606170815 39.791341859212395  2.6016314162540466 40.227230222056164  2.9697868053466006 41.002108545735211  3.1906800388010197 41.183677561741206  3.4115732722548273 41.047323746272014  3.6324665057145467 40.587959675234742  3.85335973916699 39.83544231185806  4.0742529726212524 38.85214357705263  4.2951462060797949 37.720409469330654  4.7369326729908598 35.337272318278188  4.9578259064464874 34.085867955946014  5.1787191398980212 32.863231245864881  5.3996123733522836 31.764154431351926  5.6205056068174599 30.875951861220528  5.8413988402699033 30.262548866703582  6.0622920737240431 29.955844122715714  6.2831853071795756 29.955844122715714 
 3.1415926535897931 9 4.7123889803847163 7 5.890486225480899 7 7.6576320931251391 7 9.4247779607693793 9
3 -161.98412378671179 671.09093437701847 0 -1 1 0 7.7781745930520216 5.5
7 0 0  6 7 2  4.7638376222099597 35.738686835190151  4.655052145792685 35.141158405774874  4.5462666693752851 34.53961359691084  4.4374811929581028 33.946778521138185  4.3286957165407784 33.375532369485882  4.2199102401235784 32.837961696280225  4.1111247637063038 32.344574285498254 
 1.5193476849696366 7 2.1720605434732829 7
3 96 0 0 -1 1 0 7.7781745930520225 5.5
7 0 0  3 25 23  -1.5707963267948966 35.455844122715689  -1.578980326456648 35.410832119670332  -1.5953483257801562 35.32080813088831  -1.6199003247654238 35.185853529498381  -1.6444523237506914 35.051061674167066  -1.6690043227359599 34.916513808704828  -1.693556321721239 34.782291035845283  -1.7181083207064987 34.648474260760267  -1.7426603196917636 34.515144144328126  -1.7672123186770303 34.382381053968679  -1.7917643176622899 34.250265015346159  -1.8163163166475593 34.118875664092684  -1.8408683156328474 33.988292197817231  -1.8654203146181025 33.858593328364236  -1.8899723136033622 33.729857234371622  -1.9145243125886315 33.60216151413524  -1.9390763115738983 33.475583138880694  -1.9636283105591632 33.350198406196327  -1.9881803095444415 33.226082894680808  -2.0127323085296966 33.103311416007777  -2.037284307514966 32.981957978710057  -2.0618363065002461 32.862095710432669  -2.0863883054855048 32.7437969375245  -2.1027563048090085 32.666020765771513  -2.1109403044707591 32.627416997971125 
 1.5707963267948966 4 1.5953483257801635 1 1.6199003247654304 1 1.6444523237506972 1 1.6690043227359641 1 1.6935563217212311 1 1.718108320706498 1 1.7426603196917649 1 1.7672123186770317 1 1.7917643176622986 1 1.8163163166475655 1 1.8408683156328325 1 1.8654203146180994 1 1.8899723136033661 1 1.9145243125886333 1 1.9390763115739 1 1.963628310559167 1 1.9881803095444339 1 2.0127323085297006 1 2.0372843075149678 1 2.0618363065002345 1 2.0863883054855012 1 2.1109403044707684 4
7 0 0  5 6 2  4.7123889803846897 35.455844122715689  4.604360184849515 34.861685747272233  4.4963313893143635 34.267526389422414  4.3883025937791302 33.687817852951582  4.2802737982440018 33.136987807370041  4.1722450027088271 32.627416997971125 
 1.5707963267948966 6 2.1109403044707684 6
7 0 0  7 14 3  3.8708398065135405 33.90020920410177  4.0431501994182586 33.268743920585855  4.2154605923233461 32.495214806444892  4.3877709852272559 31.610247047752637  4.56008137813253 30.654788210234983  4.7323917710370083 29.676446474228214  4.9047021639418436 28.723105889391679  5.2493229497512797 26.952299783778965  5.4216333426560581 26.134835173080319  5.5939437355607637 25.428240796289174  5.7662541284653557 24.870535060515977  5.9385645213701466 24.489507080497788  6.1108749142748682 24.298989873223263  6.2831853071795862 24.298989873223263 
 0.72924715292374642 8 1.9354199032567698 6 3.1415926535897931 8
3 96 -13.999999999999943 0 -1 1 0 7.7781745930520225 5.5
7 0 0  3 25 23  -2.1109403044707786 32.627416997967941  -2.0789563604636454 32.476565038112454  -2.0149884724493763 32.166119058485101  -1.9190366404279704 31.678717522394113  -1.8230848084065894 31.17401120130932  -1.727132976385171 30.656658286937407  -1.631181144363782 30.131414234732073  -1.5352293123423886 29.603112208933172  -1.43927748032098 29.076612136242069  -1.3433256482995928 28.556757733022774  -1.247373816278178 28.048331479170749  -1.1514219842567819 27.556010745453097  -1.0554701522353884 27.084324729829142  -0.95951832021398431 26.637612798759786  -0.86356648819259529 26.219984565526431  -0.76761465617118674 25.835282077888955  -0.67166282414979683 25.487044493924419  -0.57571099212839094 25.178475442038337  -0.47975916010699482 24.912413850359354  -0.38380732808559692 24.691306703134941  -0.28785549606419636 24.517190732787718  -0.19190366404279668 24.391657994708147  -0.095951832021400563 24.315899768855058  -0.031983944007133225 24.298951320391389  8.8817841970012523e-16 24.29898987322327 
 1.0306523491190176 4 1.1266041811404164 1 1.2225560131618154 1 1.3185078451832142 1 1.4144596772046132 1 1.510411509226012 1 1.6063633412474108 1 1.7023151732688098 1 1.7982670052902088 1 1.8942188373116076 1 1.9901706693330063 1 2.0861225013544056 1 2.1820743333758044 1 2.2780261653972032 1 2.3739779974186019 1 2.4699298294400007 1 2.5658816614613995 1 2.6618334934827983 1 2.7577853255041975 1 2.8537371575255963 1 2.9496889895469955 1 3.0456408215683943 1 3.1415926535897931 4
7 0 0  3 25 23  5.2525329580605717 32.627416997967941  5.2205490140534385 32.476565038112454  5.1565811260391676 32.166119058485101  5.0606292940177644 31.678717522394113  4.9646774619963807 31.17401120130932  4.8687256299749651 30.656658286937407  4.772773797953576 30.131414234732073  4.6768219659321808 29.603112208933172  4.5808701339107722 29.076612136242069  4.4849183018893877 28.556757733022774  4.3889664698679685 28.048331479170749  4.2930146378465786 27.556010745453097  4.1970628058251807 27.084324729829142  4.1011109738037783 26.637612798759786  4.0051591417823866 26.219984565526431  3.9092073097609785 25.835282077888955  3.8132554777395895 25.487044493924419  3.7173036457181818 25.178475442038337  3.6213518136967915 24.912413850359354  3.5253999816753883 24.691306703134941  3.4294481496539904 24.517190732787718  3.3334963176325902 24.391657994708147  3.2375444856111932 24.315899768855061  3.1735765975969272 24.298951320391385  3.1415926535897931 24.298989873223263 
 1.0306523491190176 4 1.1266041811404164 1 1.2225560131618154 1 1.3185078451832142 1 1.4144596772046132 1 1.510411509226012 1 1.6063633412474108 1 1.7023151732688098 1 1.7982670052902088 1 1.8942188373116076 1 1.9901706693330063 1 2.0861225013544056 1 2.1820743333758044 1 2.2780261653972032 1 2.3739779974186019 1 2.4699298294400007 1 2.5658816614613995 1 2.6618334934827983 1 2.7577853255041975 1 2.8537371575255963 1 2.9496889895469955 1 3.0456408215683943 1 3.1415926535897931 4
7 0 0  7 14 3  4.1722450027088076 32.627416997967941  4.3230264530281488 31.916182319279407  4.4738079033475273 31.129925800437377  4.6245893536663729 30.295058536452416  4.7753708039863554 29.442169313319027  4.926152254305542 28.603578512167587  5.0769337046248584 27.810085803993992  5.3784966052635408 26.366888350515829  5.5292780555828713 25.717183864159779  5.6800595059023848 25.166167235594912  5.8308409562214578 24.736638041824335  5.9816224065408719 24.44487336412385  6.132403856860245 24.298989873223263  6.2831853071795862 24.298989873223263 
 1.0306523491190176 8 2.0861225013544056 6 3.1415926535897931 8
1 6.2831853071795862 -0 0 1 
1 0 -0 0 1 
7 0 0  7 14 3  0 24.298989873223263  0.17231039290471756 24.298989873223263  0.34462078580952493 24.48950708049324  0.51693117871388949 24.870535060530528  0.68924157161927724 25.428240796285536  0.86155196452347127 26.134835173085776  1.0338623574283072 26.952299783778965  1.3784831432377425 28.723105889391679  1.5507935361422938 29.676446474227305  1.7231039290477383 30.654788210238621  1.8954143219516482 31.610247047734447  2.0677247148565812 32.495214806451258  2.2400351077613281 33.268743920585855  2.4123455006660457 33.90020920410177 
 3.1415926535897931 8 4.347765403922816 6 5.5539381542558397 8
3 96 -13.999999999999943 0 -1 1 0 7.7781745930520225 5.5
7 0 0  3 25 23  0 24.29898987322327  0.031983944007133967 24.298951320391389  0.095951832021400216 24.315899768855061  0.19190366404279685 24.39165799470814  0.28785549606419791 24.517190732787725  0.38380732808559431 24.691306703134941  0.47975916010699865 24.91241385035935  0.57571099212838539 25.178475442038341  0.67166282414979872 25.487044493924419  0.76761465617118574 25.835282077888966  0.86356648819259429 26.219984565526431  0.95951832021398564 26.637612798759779  1.0554701522353849 27.084324729829145  1.1514219842567854 27.556010745453086  1.247373816278176 28.048331479170763  1.3433256482995939 28.556757733022774  1.4392774803209787 29.076612136242076  1.5352293123423895 29.603112208933176  1.6311811443637805 30.131414234732059  1.7271329763851766 30.656658286937422  1.8230848084065716 31.174011201309217  1.9190366404279753 31.67871752239413  2.0149884724493763 32.166119058485116  2.0789563604636405 32.476565038112433  2.1109403044707697 32.627416997967885 
 3.1415926535897931 4 3.2375444856111919 1 3.3334963176325907 1 3.4294481496539895 1 3.5253999816753887 1 3.6213518136967875 1 3.7173036457181863 1 3.8132554777395851 1 3.9092073097609843 1 4.0051591417823831 1 4.1011109738037819 1 4.1970628058251807 1 4.2930146378465794 1 4.3889664698679782 1 4.484918301889377 1 4.5808701339107767 1 4.6768219659321755 1 4.7727737979535743 1 4.868725629974973 1 4.9646774619963718 1 5.0606292940177706 1 5.1565811260391694 1 5.2525329580605682 4
7 0 0  3 25 23  3.1415926535897931 24.298989873223263  3.1096087095826594 24.298951320391385  3.045640821568393 24.315899768855061  2.949688989546996 24.39165799470814  2.8537371575255959 24.517190732787725  2.7577853255041993 24.691306703134941  2.6618334934827943 24.91241385035935  2.5658816614614071 25.178475442038341  2.4699298294399963 25.487044493924419  2.3739779974186068 25.835282077888966  2.2780261653971996 26.219984565526431  2.182074333375807 26.637612798759779  2.0861225013544078 27.084324729829145  1.9901706693330072 27.556010745453086  1.8942188373116176 28.048331479170763  1.7982670052901999 28.556757733022774  1.7023151732688144 29.076612136242076  1.6063633412474045 29.603112208933176  1.510411509226012 30.131414234732059  1.4144596772046165 30.656658286937422  1.3185078451832211 31.174011201309217  1.2225560131618174 31.67871752239413  1.1266041811404164 32.166119058485116  1.062636293126153 32.476565038112433  1.0306523491190234 32.627416997967885 
 3.1415926535897931 4 3.2375444856111919 1 3.3334963176325907 1 3.4294481496539895 1 3.5253999816753887 1 3.6213518136967875 1 3.7173036457181863 1 3.8132554777395851 1 3.9092073097609843 1 4.0051591417823831 1 4.1011109738037819 1 4.1970628058251807 1 4.2930146378465794 1 4.3889664698679782 1 4.484918301889377 1 4.5808701339107767 1 4.6768219659321755 1 4.7727737979535743 1 4.868725629974973 1 4.9646774619963718 1 5.0606292940177706 1 5.1565811260391694 1 5.2525329580605682 4
7 0 0  7 14 3  0 24.298989873223263  0.15078145031934106 24.298989873223263  0.30156290063865754 24.444873364130217  0.45234435095829895 24.736638041813421  0.60312580127725823 25.166167235602188  0.75390725159675753 25.71718386415705  0.90468870191604434 26.366888350515829  1.2062516025547263 27.810085803993992  1.3570330528738737 28.603578512167587  1.5078145031948225 29.442169313315389  1.6585959535113943 30.295058536448778  1.8093774038325705 31.129925800434648  1.9601588541514288 31.916182319279351  2.1109403044707697 32.627416997967885 
 3.1415926535897931 8 4.1970628058251807 6 5.2525329580605682 8
7 0 0  6 7 2  2.1720605434732811 32.344574285498254  2.0632750670560069 32.837961696280225  1.9544895906388291 33.375532369486336  1.8457041142212915 33.946778521139095  1.7369186378043082 34.53961359691084  1.628133161386901 35.141158405774874  1.5193476849696266 35.738686835190151 
 4.1111247637063038 7 4.7638376222099499 7
3 96 0 0 -1 1 0 7.7781745930520225 5.5
7 0 0  3 25 23  2.1109403044707595 32.627416997971125  2.1027563048090081 32.666020765771506  2.0863883054855052 32.743796937524493  2.0618363065002452 32.862095710432669  2.0372843075149669 32.981957978710057  2.0127323085296975 33.10331141600777  1.9881803095444401 33.226082894680808  1.9636283105591643 33.350198406196313  1.9390763115738969 33.475583138880694  1.9145243125886313 33.60216151413524  1.8899723136033626 33.729857234371607  1.8654203146181028 33.858593328364236  1.8408683156328478 33.988292197817223  1.8163163166475587 34.118875664092684  1.7917643176622888 34.250265015346159  1.7672123186770305 34.382381053968679  1.7426603196917649 34.515144144328126  1.718108320706498 34.64847426076026  1.693556321721239 34.782291035845283  1.6690043227359586 34.916513808704828  1.6444523237506914 35.051061674167066  1.6199003247654238 35.185853529498374  1.5953483257801562 35.320808130888317  1.578980326456648 35.410832119670324  1.5707963267948966 35.455844122715689 
 4.1722450027088183 4 4.196797001694085 1 4.2213490006793517 1 4.2459009996646193 1 4.270452998649886 1 4.2950049976351528 1 4.3195569966204195 1 4.3441089956056862 1 4.3686609945909529 1 4.3932129935762205 1 4.4177649925614872 1 4.442316991546754 1 4.4668689905320207 1 4.4914209895172874 1 4.515972988502555 1 4.5405249874878217 1 4.5650769864730885 1 4.5896289854583552 1 4.6141809844436219 1 4.6387329834288895 1 4.6632849824141562 1 4.687836981399423 1 4.7123889803846897 4
7 0 0  5 6 2  2.1109403044707595 32.627416997971125  2.0029115089355853 33.136987807370041  1.8948827134004631 33.687817852951639  1.7868539178652227 34.267526389422358  1.6788251223300708 34.861685747272233  1.5707963267948966 35.455844122715689 
 4.1722450027088183 6 4.7123889803846897 6
1 6.2831853071795862 -0 0 1 
1 0 -0 0 1 
7 0 0  8 30 5  0 40.955844122715689  0.19634954084936207 40.955844122715689  0.39269908169796963 40.71350985475874  0.58904862254894397 40.228843377597514  0.78539816339525714 39.521767250815174  0.98174770424611779 38.632167059433414  1.1780972450956142 37.615689328420558  1.3744467859455138 36.535766597387294  1.7180584824318974 34.645902266712191  1.8653206380691763 33.835960707121203  2.0125827937052847 33.052782456544605  2.1598449493427552 32.323137969939125  2.3071071049803322 31.671926918550525  2.4543692606166534 31.120346386224135  2.6016314162540382 30.68445802337537  2.9697868053465921 29.90957969969633  3.1906800388023839 29.728010683626053  3.4115732722584653 29.864364499066141  3.6324665056999947 30.323728570016101  3.853359739176085 31.07624593359651  4.0742529726226167 32.059544668289163  4.2951462060798171 33.191278776100873  4.7369326729908821 35.574415927153339  4.9578259064446684 36.825820289450348  5.1787191399089352 38.048456999531481  5.3996123733704735 39.147533813986229  5.620505606806546 40.035736384132179  5.8413988402689938 40.649139378685504  6.0622920737240431 40.955844122715689  6.2831853071795756 40.955844122715689 
 0 9 1.5707963267949068 7 2.7488935718910765 7 4.5160394395353318 7 6.2831853071795862 9
3 -193.98412378671179 -601.00906562298144 0 1 -1 0 7.7781745930519719 5.5
7 0 0  6 7 2  0.96953211011649088 32.344574285498311  1.0783175865337813 32.837961696280345  1.1871030629510528 33.375532369488383  1.2958885393683204 33.94677852113773  1.4046740157856732 34.539613596913114  1.5134594922029385 35.141158405775357  1.6222449686202289 35.73868683519072 
 4.1111247637062913 7 4.7638376222100343 7
3 64 -1.1368683772161603e-13 0 -1 1 0 7.7781745930520225 5.5
7 0 0  5 6 2  1.030652349118667 32.627416997969704  1.1386811446539107 33.136987807368847  1.2467099401891826 33.687817852951014  1.3547387357243981 34.267526389421505  1.4627675312596427 34.861685747272077  1.5707963267948863 35.455844122715916 
 4.172245002708471 6 4.7123889803846897 6
7 0 0  8 23 4  0.72924715292590125 33.900209204093926  0.88001874671739388 33.347677081016649  1.0307903405087959 32.688597084973154  1.1815619343005608 31.94210995725075  1.3323335280920787 31.132517628981077  1.4831051218834048 30.287910059222213  1.6338767156748721 29.438111328010606  1.7846483094663406 28.612430507784413  2.1615772939450721 26.675611329773044  2.3877346846311411 25.628164273381117  2.6138920753201091 24.785937478009146  2.8400494660036202 24.2269743787474  3.0662068566889502 24.0020641356532  3.2923642473806467 24.123022643489094  3.5185216380685218 24.5637459185205  3.9708364194430001 25.974754957534014  4.1969938101256048 26.945041643069999  4.4231512008282152 28.125113526024506  4.6493085914698895 29.431140401109587  4.8754659822097892 30.759220546897268  5.1016233728742009 32.002879332390876  5.3277807635664471 33.07141101947802  5.5539381542536859 33.900209204093926 
 0.72924715292590925 9 1.9354199032578523 7 3.7446790287557641 7 5.553938154253677 9
3 64 -4 0 1 -1 0 7.7781745930520225 5.5
7 0 0  3 25 23  2.1109403044711224 32.627416997969704  2.046972416456847 32.32586984595207  1.9190366404283006 31.687301996025571  1.7271329763854808 30.660638594364165  1.5352293123426506 29.602202210318655  1.3433256482997855 28.55102777107728  1.1514219842570048 27.545661252883654  0.95951832021414818 26.623026408206833  0.76761465617132807 25.816993604687777  0.57571099212847432 25.157156544051485  0.38380732808566603 24.667740331545126  0.1919036640428306 24.366713525456198  -4.5738067040773797e-16 24.265128047107133  -0.19190366404282955 24.366713525456206  -0.38380732808566781 24.667740331545129  -0.57571099212847143 25.157156544051478  -0.76761465617132885 25.816993604687784  -0.9595183202141504 26.62302640820684  -1.1514219842569977 27.545661252883665  -1.3433256482998204 28.551027771077266  -1.5352293123426413 29.602202210318662  -1.727132976385483 30.660638594364158  -1.919036640428301 31.687301996025582  -2.046972416456847 32.32586984595207  -2.1109403044711224 32.627416997969704 
 1.0306523491186923 4 1.2225560131615196 1 1.414459677204347 1 1.6063633412471745 1 1.7982670052900018 1 1.9901706693328292 1 2.1820743333756565 1 2.3739779974184838 1 2.5658816614613111 1 2.7577853255041385 1 2.9496889895469658 1 3.1415926535897931 1 3.3334963176326209 1 3.5253999816754478 1 3.7173036457182755 1 3.9092073097611024 1 4.1011109738039302 1 4.2930146378467571 1 4.4849183018895848 1 4.6768219659324117 1 4.8687256299752395 1 5.0606292940180664 1 5.2525329580608942 4
7 0 0  8 23 4  1.030652349118671 32.627416997969704  1.1625861181481147 32.005086654117264  1.2945198871778441 31.326489930147652  1.4264536562070944 30.608133760450983  1.5583874252369014 29.868613924883903  1.6903211942664313 29.127697762881098  1.8222549632951797 28.405205335125785  1.9541887323247888 27.719885963152507  2.2840231548983985 26.141388748410375  2.481923808438296 25.315611383295618  2.6798244619931211 24.667678423356847  2.8777251155242993 24.243970640352927  3.0756257690827624 24.073669613018865  3.2735264226162144 24.163708895292075  3.4714270761634025 24.499144567424061  3.8672283832517338 25.595386817735765  4.0651290367909496 26.356193671534129  4.2630296903571434 27.296971475472674  4.4609303438774077 28.36725211321027  4.6588309974504227 29.502845219962182  4.8567316509670491 30.633826276109176  5.0546323045167494 31.693921482191037  5.2525329580609155 32.627416997969704 
 1.0306523491186923 9 2.086122501354251 7 3.6693277297075721 7 5.2525329580608942 9
7 0 0  6 7 2  4.6609403385593575 35.73868683519072  4.7697258149766482 35.141158405775357  4.8785112913939201 34.539613596911067  4.9872967678111308 33.946778521139549  5.0960822442285689 33.375532369486336  5.2048677206458045 32.837961696280345  5.3136531970630951 32.344574285498311 
 1.519347684969552 7 2.1720605434732949 7
3 64 -1.1368683772161603e-13 0 -1 1 0 7.7781745930520225 5.5
7 0 0  5 6 2  4.7123889803847003 35.455844122715916  4.8204177759199442 34.861685747272077  4.9284465714551828 34.267526389421505  5.0364753669904161 33.687817852951014  5.1445041625256751 33.136987807368847  5.252532958060919 32.627416997969704 
 1.5707963267948966 6 2.1109403044711152 6
1 6.2831853071795862 -0 0 1 
1 0 -0 0 1 
7 0 0  8 30 5  0 40.955844122715689  0.19634954084936207 40.955844122715689  0.39269908169865175 40.71350985475874  0.58904862254621548 40.228843377597514  0.78539816339798563 39.521767250815174  0.9817477042452083 38.632167059433414  1.1780972450962963 37.615689328420558  1.3744467859455138 36.535766597387294  1.7180584824318974 34.645902266712191  1.8653206380690057 33.835960707121203  2.0125827937057679 33.052782456544605  2.1598449493432099 32.323137969939125  2.3071071049803749 31.671926918550525  2.4543692606167387 31.120346386224135  2.6016314162540373 30.68445802337537  2.9697868053465908 29.90957969969633  3.1906800388042029 29.728010683626053  3.4115732722584653 29.864364499066141  3.6324665057072707 30.323728570016101  3.853359739176085 31.07624593359651  4.0742529726226167 32.059544668289163  4.2951462060798171 33.191278776100873  4.7369326729908821 35.574415927153339  4.9578259064446684 36.825820289450348  5.1787191399089352 38.048456999531481  5.3996123733704735 39.147533813986229  5.620505606806546 40.035736384132179  5.8413988402689938 40.649139378685504  6.0622920737240431 40.955844122715689  6.2831853071795756 40.955844122715689 
 0 9 1.5707963267949059 7 2.7488935718910752 7 4.51603943953533 7 6.2831853071795862 9
3 -135.98412378671179 -601.00906562298144 0 1 -1 0 7.7781745930519719 5.5
7 0 0  6 7 2  0.96953211011649088 32.344574285498311  1.0783175865337813 32.837961696280345  1.1871030629510528 33.375532369488383  1.2958885393683488 33.94677852113773  1.404674015785659 34.539613596913114  1.5134594922029385 35.141158405775357  1.6222449686202289 35.73868683519072 
 4.1111247637062913 7 4.7638376222100343 7
3 122 -1.1368683772161603e-13 0 -1 1 0 7.7781745930520225 5.5
7 0 0  5 6 2  1.030652349118667 32.627416997969704  1.1386811446539107 33.136987807368847  1.246709940189179 33.687817852951014  1.3547387357244016 34.267526389421505  1.4627675312596427 34.861685747272077  1.5707963267948863 35.455844122715916 
 4.172245002708471 6 4.7123889803846897 6
7 0 0  8 23 4  0.72924715292590025 33.900209204093926  0.88001874671739322 33.347677081016649  1.0307903405087533 32.688597084973154  1.1815619343004684 31.94210995725075  1.3323335280918513 31.132517628981077  1.483105121883213 30.287910059222213  1.6338767156749143 29.438111328010606  1.7846483094663397 28.612430507784413  2.1615772939450717 26.675611329773044  2.3877346846343244 25.628164273381117  2.6138920753037382 24.785937478009146  2.8400494660127151 24.2269743787474  3.0662068566798553 24.0020641356532  3.2923642473829204 24.123022643489094  3.5185216380685218 24.5637459185205  3.9708364194430001 25.974754957534014  4.1969938101256048 26.945041643069999  4.4231512008282152 28.125113526024506  4.6493085914698895 29.431140401109587  4.8754659822097892 30.759220546897268  5.1016233728742009 32.002879332390876  5.3277807635664471 33.07141101947802  5.5539381542536859 33.900209204093926 
 0.72924715292590925 9 1.9354199032578527 7 3.7446790287557654 7 5.553938154253677 9
3 122 -4 0 1 -1 0 7.7781745930520225 5.5
7 0 0  3 25 23  2.1109403044711224 32.627416997969704  2.0469724164568475 32.32586984595207  1.9190366404283017 31.687301996025571  1.7271329763854804 30.660638594364165  1.5352293123426508 29.602202210318655  1.343325648299786 28.55102777107728  1.1514219842570057 27.545661252883654  0.95951832021414762 26.623026408206833  0.76761465617132874 25.816993604687777  0.57571099212847254 25.157156544051485  0.38380732808566648 24.667740331545126  0.19190366404283049 24.366713525456198  -4.2391379208522051e-16 24.265128047107133  -0.19190366404282955 24.366713525456206  -0.38380732808566781 24.667740331545129  -0.57571099212847143 25.157156544051478  -0.76761465617132885 25.816993604687784  -0.9595183202141504 26.62302640820684  -1.1514219842569977 27.545661252883665  -1.3433256482998204 28.551027771077266  -1.5352293123426413 29.602202210318662  -1.727132976385483 30.660638594364158  -1.919036640428301 31.687301996025582  -2.046972416456847 32.32586984595207  -2.1109403044711224 32.627416997969704 
 1.0306523491186923 4 1.2225560131615196 1 1.414459677204347 1 1.6063633412471745 1 1.7982670052900018 1 1.9901706693328292 1 2.1820743333756565 1 2.3739779974184838 1 2.5658816614613111 1 2.7577853255041385 1 2.9496889895469658 1 3.1415926535897931 1 3.3334963176326209 1 3.5253999816754478 1 3.7173036457182755 1 3.9092073097611024 1 4.1011109738039302 1 4.2930146378467571 1 4.4849183018895848 1 4.6768219659324117 1 4.8687256299752395 1 5.0606292940180664 1 5.2525329580608942 4
7 0 0  8 23 4  1.030652349118671 32.627416997969704  1.1625861181481147 32.005086654117264  1.2945198871774604 31.326489930147652  1.4264536562073289 30.608133760450983  1.5583874252366741 29.868613924883903  1.6903211942658274 29.127697762881098  1.8222549632953928 28.405205335125785  1.9541887323247886 27.719885963152507  2.284023154898398 26.141388748410375  2.4819238084423887 25.315611383295618  2.6798244619858451 24.667678423356847  2.8777251155188424 24.243970640352927  3.0756257690700295 24.073669613018865  3.2735264226180334 24.163708895292075  3.4714270761634025 24.499144567424061  3.8672283832517338 25.595386817735765  4.0651290367909496 26.356193671534129  4.2630296903571434 27.296971475472674  4.4609303438774077 28.36725211321027  4.6588309974504227 29.502845219962182  4.8567316509670491 30.633826276109176  5.0546323045167494 31.693921482191037  5.2525329580609155 32.627416997969704 
 1.0306523491186923 9 2.086122501354251 7 3.6693277297075721 7 5.2525329580608942 9
7 0 0  6 7 2  4.6609403385593575 35.73868683519072  4.7697258149766482 35.141158405775357  4.8785112913939201 34.539613596911067  4.9872967678111308 33.946778521139549  5.0960822442285689 33.375532369486336  5.2048677206458045 32.837961696280345  5.3136531970630951 32.344574285498311 
 1.519347684969552 7 2.1720605434732949 7
3 122 -1.1368683772161603e-13 0 -1 1 0 7.7781745930520225 5.5
7 0 0  5 6 2  4.7123889803847003 35.455844122715916  4.8204177759199442 34.861685747272077  4.9284465714551828 34.267526389421505  5.0364753669904161 33.687817852951014  5.1445041625256751 33.136987807368847  5.252532958060919 32.627416997969704 
 1.5707963267948966 6 2.1109403044711152 6
1 0 0 0 -1 
1 180.97499999999991 0 0 -1 
1 -0 -18 1 0 
1 338.91587621328819 -438.03406562298153 -0.17204376626835494 0.98508930685912921 
7 0 0  8 30 5  0 29.955844122715714  0.19634954084936207 29.955844122715714  0.39269908169967493 30.198178390597604  0.58904862254621548 30.682844867769745  0.78539816339889512 31.389920994464774  0.98174770424247981 32.279521185992053  1.17809724509641 33.295998916928511  1.3744467859455345 34.375921648044226  1.7180584824319183 36.265785978719329  1.8653206380687126 37.075727538303731  2.0125827937057608 37.858905788907123  2.1598449493428689 38.588550275502712  2.3071071049800622 39.239761326872895  2.454369260617252 39.791341859212395  2.6016314162540466 40.227230222056164  2.9697868053466006 41.002108545735211  3.1906800388010197 41.183677561741206  3.4115732722548273 41.047323746272014  3.6324665056999947 40.587959675234742  3.853359739174266 39.83544231185806  4.0742529726194334 38.85214357705263  4.2951462060797949 37.720409469330654  4.7369326729908598 35.337272318278188  4.9578259064437589 34.085867955946014  5.1787191399052972 32.863231245864881  5.3996123733231798 31.764154431351926  5.6205056068283739 30.875951861220528  5.8413988402635368 30.262548866703582  6.0622920737240431 29.955844122715714  6.2831853071795756 29.955844122715714 
 3.1415926535897931 9 4.7123889803847163 7 5.890486225480899 7 7.6576320931251391 7 9.4247779607693793 9
3 -103.98412378671179 671.09093437701847 0 -1 1 0 7.7781745930520216 5.5
7 0 0  6 7 2  4.7638376222099597 35.738686835190151  4.655052145792685 35.141158405774874  4.5462666693752283 34.53961359691084  4.4374811929582165 33.946778521138185  4.3286957165407216 33.375532369485882  4.2199102401235784 32.837961696280225  4.1111247637063038 32.344574285498254 
 1.5193476849696366 7 2.1720605434732829 7
3 154 0 0 -1 1 0 7.7781745930520225 5.5
7 0 0  3 25 23  -1.5707963267948966 35.455844122715689  -1.578980326456648 35.410832119670332  -1.5953483257801562 35.32080813088831  -1.6199003247654238 35.185853529498381  -1.6444523237506914 35.051061674167066  -1.6690043227359599 34.916513808704828  -1.693556321721239 34.782291035845283  -1.7181083207064987 34.648474260760267  -1.7426603196917636 34.515144144328126  -1.7672123186770303 34.382381053968679  -1.7917643176622899 34.250265015346159  -1.8163163166475593 34.118875664092684  -1.8408683156328491 33.988292197817231  -1.8654203146181008 33.858593328364236  -1.8899723136033622 33.729857234371622  -1.9145243125886315 33.60216151413524  -1.9390763115738974 33.475583138880694  -1.9636283105591641 33.350198406196327  -1.9881803095444388 33.226082894680808  -2.0127323085296966 33.103311416007777  -2.0372843075149687 32.981957978710057  -2.0618363065002452 32.862095710432669  -2.0863883054855066 32.7437969375245  -2.1027563048090094 32.666020765771513  -2.1109403044707591 32.627416997971125 
 1.5707963267948966 4 1.5953483257801635 1 1.6199003247654304 1 1.6444523237506972 1 1.6690043227359641 1 1.6935563217212311 1 1.718108320706498 1 1.7426603196917649 1 1.7672123186770317 1 1.7917643176622986 1 1.8163163166475655 1 1.8408683156328325 1 1.8654203146180994 1 1.8899723136033661 1 1.9145243125886333 1 1.9390763115739 1 1.963628310559167 1 1.9881803095444339 1 2.0127323085297006 1 2.0372843075149678 1 2.0618363065002345 1 2.0863883054855012 1 2.1109403044707684 4
7 0 0  5 6 2  4.7123889803846897 35.455844122715689  4.604360184849515 34.861685747272233  4.4963313893143635 34.267526389422414  4.3883025937791302 33.687817852951582  4.2802737982440018 33.136987807370041  4.1722450027088271 32.627416997971125 
 1.5707963267948966 6 2.1109403044707684 6
7 0 0  7 14 3  3.8708398065135388 33.90020920410177  4.0431501994182568 33.268743920585855  4.2154605923228914 32.495214806450349  4.3877709852283928 31.610247047741723  4.5600813781316205 30.654788210231345  4.7323917710374062 29.676446474226395  4.9047021639418444 28.723105889391679  5.2493229497512797 26.952299783778965  5.4216333426560865 26.134835173085776  5.5939437355604795 25.428240796270984  5.7662541284658104 24.87053506052689  5.9385645213700329 24.489507080498697  6.1108749142748682 24.298989873223263  6.2831853071795862 24.298989873223263 
 0.72924715292374453 8 1.9354199032567687 6 3.1415926535897931 8
3 154 -13.999999999999943 0 -1 1 0 7.7781745930520225 5.5
7 0 0  3 25 23  -2.1109403044707804 32.627416997967941  -2.0789563604636454 32.476565038112454  -2.0149884724493763 32.166119058485101  -1.9190366404279713 31.678717522394113  -1.8230848084065876 31.17401120130932  -1.7271329763851728 30.656658286937407  -1.6311811443637803 30.131414234732073  -1.5352293123423895 29.603112208933172  -1.4392774803209782 29.076612136242069  -1.3433256482995928 28.556757733022774  -1.247373816278178 28.048331479170749  -1.1514219842567819 27.556010745453097  -1.0554701522353866 27.084324729829142  -0.95951832021398875 26.637612798759786  -0.86356648819259085 26.219984565526431  -0.76761465617118851 25.835282077888955  -0.67166282414979772 25.487044493924419  -0.57571099212838828 25.178475442038337  -0.47975916010699482 24.912413850359354  -0.38380732808559692 24.691306703134941  -0.28785549606419725 24.517190732787718  -0.19190366404279313 24.391657994708147  -0.095951832021396122 24.315899768855058  -0.031983944007132337 24.298951320391389  0 24.29898987322327 
 1.0306523491190176 4 1.1266041811404164 1 1.2225560131618154 1 1.3185078451832142 1 1.4144596772046132 1 1.510411509226012 1 1.6063633412474108 1 1.7023151732688098 1 1.7982670052902088 1 1.8942188373116076 1 1.9901706693330063 1 2.0861225013544056 1 2.1820743333758044 1 2.2780261653972032 1 2.3739779974186019 1 2.4699298294400007 1 2.5658816614613995 1 2.6618334934827983 1 2.7577853255041975 1 2.8537371575255963 1 2.9496889895469955 1 3.0456408215683943 1 3.1415926535897931 4
7 0 0  3 25 23  5.2525329580605735 32.627416997967941  5.2205490140534385 32.476565038112454  5.1565811260391676 32.166119058485101  5.0606292940177653 31.678717522394113  4.9646774619963798 31.17401120130932  4.8687256299749668 30.656658286937407  4.7727737979535743 30.131414234732073  4.6768219659321817 29.603112208933172  4.5808701339107714 29.076612136242069  4.4849183018893877 28.556757733022774  4.3889664698679685 28.048331479170749  4.2930146378465786 27.556010745453097  4.1970628058251798 27.084324729829142  4.1011109738037801 26.637612798759786  4.0051591417823849 26.219984565526431  3.9092073097609785 25.835282077888955  3.8132554777395913 25.487044493924419  3.7173036457181778 25.178475442038337  3.6213518136967937 24.912413850359354  3.5253999816753869 24.691306703134941  3.4294481496539913 24.517190732787718  3.3334963176325876 24.391657994708147  3.2375444856111897 24.315899768855061  3.1735765975969259 24.298951320391385  3.1415926535897931 24.298989873223263 
 1.0306523491190176 4 1.1266041811404164 1 1.2225560131618154 1 1.3185078451832142 1 1.4144596772046132 1 1.510411509226012 1 1.6063633412474108 1 1.7023151732688098 1 1.7982670052902088 1 1.8942188373116076 1 1.9901706693330063 1 2.0861225013544056 1 2.1820743333758044 1 2.2780261653972032 1 2.3739779974186019 1 2.4699298294400007 1 2.5658816614613995 1 2.6618334934827983 1 2.7577853255041975 1 2.8537371575255963 1 2.9496889895469955 1 3.0456408215683943 1 3.1415926535897931 4
7 0 0  7 14 3  4.1722450027088058 32.627416997967941  4.323026453028147 31.916182319279407  4.4738079033475273 31.129925800437377  4.6245893536666003 30.295058536452416  4.7753708039859006 29.442169313319027  4.926152254305542 28.603578512167587  5.0769337046248584 27.810085803993992  5.3784966052635408 26.366888350515829  5.5292780555828713 25.717183864159779  5.6800595059021575 25.166167235594912  5.8308409562214578 24.736638041824335  5.9816224065409287 24.44487336412385  6.132403856860245 24.298989873223263  6.2831853071795862 24.298989873223263 
 1.0306523491190176 8 2.0861225013544056 6 3.1415926535897931 8
1 6.2831853071795862 -0 0 1 
1 0 -0 0 1 
7 0 0  7 14 3  0 24.298989873223263  0.17231039290471781 24.298989873223263  0.34462078580943967 24.489507080498697  0.51693117871406002 24.870535060523252  0.68924157161899302 25.42824079629645  0.86155196452355653 26.134835173083957  1.0338623574283061 26.952299783778965  1.3784831432377416 28.723105889391679  1.5507935361422938 29.676446474227305  1.723103929047511 30.654788210238621  1.8954143219511934 31.610247047741723  2.0677247148565812 32.495214806447621  2.2400351077613299 33.268743920585855  2.4123455006660475 33.90020920410177 
 3.1415926535897931 8 4.3477654039228177 6 5.5539381542558415 8
3 154 -13.999999999999943 0 -1 1 0 7.7781745930520225 5.5
7 0 0  3 25 23  0 24.29898987322327  0.031983944007132663 24.298951320391389  0.095951832021397301 24.315899768855061  0.19190366404279349 24.39165799470814  0.28785549606419891 24.517190732787725  0.38380732808559398 24.691306703134941  0.47975916010699876 24.91241385035935  0.57571099212838539 25.178475442038341  0.6716628241497985 25.487044493924419  0.76761465617118663 25.835282077888966  0.86356648819259108 26.219984565526431  0.95951832021398797 26.637612798759779  1.0554701522353864 27.084324729829145  1.151421984256785 27.556010745453086  1.247373816278176 28.048331479170763  1.3433256482995941 28.556757733022774  1.4392774803209778 29.076612136242076  1.5352293123423899 29.603112208933176  1.6311811443637805 30.131414234732059  1.7271329763851766 30.656658286937422  1.8230848084065707 31.174011201309217  1.9190366404279757 31.67871752239413  2.0149884724493763 32.166119058485116  2.078956360463641 32.476565038112433  2.1109403044707711 32.627416997967885 
 3.1415926535897931 4 3.2375444856111919 1 3.3334963176325907 1 3.4294481496539895 1 3.5253999816753887 1 3.6213518136967875 1 3.7173036457181863 1 3.8132554777395851 1 3.9092073097609843 1 4.0051591417823831 1 4.1011109738037819 1 4.1970628058251807 1 4.2930146378465794 1 4.3889664698679782 1 4.484918301889377 1 4.5808701339107767 1 4.6768219659321755 1 4.7727737979535743 1 4.868725629974973 1 4.9646774619963718 1 5.0606292940177706 1 5.1565811260391694 1 5.2525329580605682 4
7 0 0  3 25 23  3.1415926535897931 24.298989873223263  3.1096087095826608 24.298951320391385  3.0456408215683957 24.315899768855061  2.9496889895469995 24.39165799470814  2.8537371575255954 24.517190732787725  2.7577853255041993 24.691306703134941  2.6618334934827943 24.91241385035935  2.5658816614614071 25.178475442038341  2.4699298294399963 25.487044493924419  2.3739779974186064 25.835282077888966  2.2780261653972018 26.219984565526431  2.1820743333758053 26.637612798759779  2.086122501354406 27.084324729829145  1.9901706693330075 27.556010745453086  1.8942188373116176 28.048331479170763  1.7982670052901994 28.556757733022774  1.7023151732688151 29.076612136242076  1.6063633412474043 29.603112208933176  1.5104115092260122 30.131414234732059  1.4144596772046163 30.656658286937422  1.3185078451832224 31.174011201309217  1.2225560131618169 31.67871752239413  1.126604181140417 32.166119058485116  1.0626362931261526 32.476565038112433  1.030652349119022 32.627416997967885 
 3.1415926535897931 4 3.2375444856111919 1 3.3334963176325907 1 3.4294481496539895 1 3.5253999816753887 1 3.6213518136967875 1 3.7173036457181863 1 3.8132554777395851 1 3.9092073097609843 1 4.0051591417823831 1 4.1011109738037819 1 4.1970628058251807 1 4.2930146378465794 1 4.3889664698679782 1 4.484918301889377 1 4.5808701339107767 1 4.6768219659321755 1 4.7727737979535743 1 4.868725629974973 1 4.9646774619963718 1 5.0606292940177706 1 5.1565811260391694 1 5.2525329580605682 4
7 0 0  7 14 3  0 24.298989873223263  0.15078145031934106 24.298989873223263  0.30156290063871438 24.444873364130217  0.45234435095795789 24.736638041813421  0.60312580127737192 25.166167235602188  0.75390725159667227 25.71718386415705  0.90468870191604556 26.366888350515829  1.2062516025547276 27.810085803993992  1.3570330528743852 28.603578512167587  1.5078145031930035 29.442169313315389  1.6585959535132133 30.295058536448778  1.8093774038320021 31.129925800434648  1.9601588541514301 31.916182319279351  2.1109403044707711 32.627416997967885 
 3.1415926535897931 8 4.1970628058251807 6 5.2525329580605682 8
7 0 0  6 7 2  2.1720605434732825 32.344574285498254  2.0632750670560083 32.837961696280225  1.9544895906387438 33.375532369486336  1.8457041142213484 33.946778521139095  1.7369186378042514 34.53961359691084  1.6281331613869008 35.141158405774874  1.5193476849696264 35.738686835190151 
 4.1111247637063038 7 4.7638376222099499 7
3 154 0 0 -1 1 0 7.7781745930520225 5.5
7 0 0  3 25 23  2.1109403044707595 32.627416997971125  2.1027563048090099 32.666020765771506  2.086388305485507 32.743796937524493  2.0618363065002439 32.862095710432669  2.0372843075149691 32.981957978710057  2.012732308529698 33.10331141600777  1.9881803095444384 33.226082894680808  1.9636283105591648 33.350198406196313  1.9390763115738969 33.475583138880694  1.9145243125886313 33.60216151413524  1.8899723136033633 33.729857234371607  1.8654203146181012 33.858593328364236  1.8408683156328496 33.988292197817223  1.8163163166475573 34.118875664092684  1.7917643176622893 34.250265015346159  1.7672123186770305 34.382381053968679  1.7426603196917643 34.515144144328126  1.7181083207064987 34.64847426076026  1.693556321721239 34.782291035845283  1.6690043227359583 34.916513808704828  1.6444523237506923 35.051061674167066  1.6199003247654238 35.185853529498374  1.5953483257801562 35.320808130888317  1.578980326456648 35.410832119670324  1.5707963267948966 35.455844122715689 
 4.1722450027088183 4 4.196797001694085 1 4.2213490006793517 1 4.2459009996646193 1 4.270452998649886 1 4.2950049976351528 1 4.3195569966204195 1 4.3441089956056862 1 4.3686609945909529 1 4.3932129935762205 1 4.4177649925614872 1 4.442316991546754 1 4.4668689905320207 1 4.4914209895172874 1 4.515972988502555 1 4.5405249874878217 1 4.5650769864730885 1 4.5896289854583552 1 4.6141809844436219 1 4.6387329834288895 1 4.6632849824141562 1 4.687836981399423 1 4.7123889803846897 4
7 0 0  5 6 2  2.1109403044707595 32.627416997971125  2.0029115089355853 33.136987807370041  1.8948827134004667 33.687817852951639  1.7868539178652227 34.267526389422358  1.6788251223300708 34.861685747272233  1.5707963267948966 35.455844122715689 
 4.1722450027088183 6 4.7123889803846897 6
2 0 0 1 0 -0 1 7.9375
1 0 16 1 0 
1 6.2831853071795862 -0 0 1 
1 0 -0 0 1 
2 0 0 1 0 -0 1 7.9375
1 0 16 1 0 
1 6.2831853071795862 -0 0 1 
1 0 -0 0 1 
1 0 0 0 -1 
1 4 0 0 1 
1 400.05000000000001 0 0 -1 
1 0 0 0 1 
1 400.05000000000001 0 0 1 
1 0 18 1 0 
1 400.05000000000001 0 0 -1 
1 4 0 0 1 
1 18 0 0 1 
1 0 0 1 0 
1 18 0 0 -1 
1 0 0 0 1 
1 18 0 0 1 
1 0 1272.0999999999999 1 0 
1 18 0 0 -1 
1 4 0 0 1 
1 0 0 0 1 
1 0 162.97499999999991 1 0 
1 0 0 1 0 
1 0 0 1 0 
1 0 0 0 -1 
1 0 0 0 1 
2 -65.984123786711791 -347.90906562298153 1 0 -0 1 1.5
1 0 0 1 0 
2 -26.984123786711791 -300.90906562298153 -1 -0 -0 1 1.25
1 0 1 1 0 
2 -26.984123786711791 -230.90906562298153 -1 -0 -0 1 1.25
1 0 1 1 0 
2 -86.984123786711791 -0.90906562298152949 -1 -0 -0 1 1.25
1 0 1 1 0 
2 -86.984123786711791 69.090934377018471 -1 -0 -0 1 1.25
1 0 1 1 0 
2 62.126041270741496 -353.40906562298153 1 0 -0 1 1.5
1 0 0 1 0 
2 190.23620632819473 -366.15968547016143 1 0 -0 1 1.5
1 0 0 1 0 
2 -106.98412378671179 444.09093437701847 -1 -0 -0 1 1.25
1 0 1 1 0 
2 -106.98412378671179 514.09093437701847 -1 -0 -0 1 1.25
1 0 1 1 0 
1 0 3 1 0 
2 92.60953818511922 600.09093437701847 1 0 -0 1 12.5
1 0 3 1 0 
2 99.246157903429037 562.09093437701847 1 0 -0 1 12.5
1 0 0 0 1 
1 0 0 1 0 
1 0 0 1 0 
1 0 4 1 0 
1 0 0 1 0 
2 0 0 1 0 -0 1 12.5
1 0 0 1 0 
2 0 0 1 0 -0 1 12.5
1 0 0 0 -1 
1 4 0 0 1 
1 0 1 1 0 
2 0 0 1 0 -0 1 1.5
1 6.2831853071795862 -0 0 1 
1 0 -0 0 1 
1 6.2831853071795862 -0 0 1 
1 0 -0 0 1 
1 0 14 1 0 
2 -0 0 1 -0 0 1 1.25
1 6.2831853071795862 -0 0 1 
1 0 -0 0 1 
1 0 14 1 0 
2 -0 0 1 -0 0 1 1.25
1 6.2831853071795862 -0 0 1 
1 0 -0 0 1 
1 0 14 1 0 
2 -0 0 1 -0 0 1 1.25
1 6.2831853071795862 -0 0 1 
1 0 -0 0 1 
1 0 14 1 0 
2 -0 0 1 -0 0 1 1.25
1 0 1 1 0 
2 0 0 1 0 -0 1 1.5
1 6.2831853071795862 -0 0 1 
1 0 -0 0 1 
1 0 1 1 0 
2 0 0 1 0 -0 1 1.5
1 6.2831853071795862 -0 0 1 
1 0 -0 0 1 
1 6.2831853071795862 -0 0 1 
1 0 -0 0 1 
1 0 14 1 0 
2 -0 0 1 -0 0 1 1.25
1 6.2831853071795862 -0 0 1 
1 0 -0 0 1 
1 0 14 1 0 
2 -0 0 1 -0 0 1 1.25
1 6.2831853071795862 -0 0 1 
1 0 -0 0 1 
1 6.2831853071795862 -0 0 1 
1 0 -0 0 1 
Curves 117
1 600 0 0 -0 1 -0 
1 600 1308.0999999999999 0 -1 -0 -0 
1 586 1290.0999999999999 0 -0 1 0 
1 582 1290.0999999999999 0 1 0 -0 
1 564 0 0 -0 1 -0 
1 582 18 0 1 0 -0 
1 586 0 0 -0 1 0 
1 600 0 0 -1 -0 -0 
3 600 0 96 1 0 0 -0 1 0 0 -0 1 7.7781745930520225 5.5
1 600 0 400.05000000000001 -0 -0 -1 
1 600 1308.0999999999999 0 -0 -0 1 
3 600 1308.0999999999999 64 1 0 0 0 -1 0 0 0 -1 7.7781745930520225 5.5
3 600 1308.0999999999999 64 1 0 0 0 -1 0 0 0 -1 7.7781745930520225 5.5
1 600 1308.0999999999999 0 -0 -0 1 
3 600 1308.0999999999999 122 1 0 0 0 -1 0 0 0 -1 7.7781745930520225 5.5
3 600 1308.0999999999999 122 1 0 0 0 -1 0 0 0 -1 7.7781745930520225 5.5
1 600 1308.0999999999999 0 -0 -0 1 
1 600 1308.0999999999999 596.89999999999998 -0 -1 -0 
1 600 1127.125 596.89999999999998 -0 -0.98508930685912921 -0.17204376626835494 
1 600 0 400.05000000000001 -0 -0 -1 
3 600 0 154 1 0 0 -0 1 0 0 -0 1 7.7781745930520225 5.5
1 600 0 400.05000000000001 -0 -0 -1 
2 600 89 350.59366197183101 1 -0 -0 0 -0 1 -0 -1 0 7.9375
2 600 127 357.23028169014083 1 -0 -0 0 -0 1 -0 -1 0 7.9375
3 599.99999999999989 1308.0999999999999 64 -0 1 0 -1 0 -0 -0 -0 1 7.7781745930520225 5.5
3 599.99999999999989 1308.0999999999999 122 -0 1 0 -1 0 -0 -0 -0 1 7.7781745930520225 5.5
1 600 1308.0999999999999 596.89999999999998 -1 -0 -0 
1 586 1308.0999999999999 0 0 0 1 
1 586 1290.0999999999999 0 0 0 1 
1 582 1290.0999999999999 18 1 0 -0 
1 582 1290.0999999999999 0 0 0 1 
1 582 18 0 0 0 1 
1 582 18 18 -0 1 0 
1 586 18 0 0 0 1 
1 582 18 18 1 0 -0 
3 600 0 154 0 -1 0 -1 0 0 -0 -0 -1 7.7781745930520225 5.5
3 600 0 154 0 -1 0 -1 0 0 -0 -0 -1 7.7781745930520225 5.5
3 600 0 96 0 -1 0 -1 0 0 -0 -0 -1 7.7781745930520225 5.5
3 600 0 96 0 -1 0 -1 0 0 -0 -0 -1 7.7781745930520225 5.5
1 586 0 0 0 0 1 
1 600 0 400.05000000000001 -1 -0 -0 
3 582 18 96 1 0 0 -0 1 0 0 -0 1 7.7781745930520225 5.5
3 582 18 96 -0 1 0 -1 -0 0 0 0 1 7.7781745930520225 5.5
3 586 13.999999999999943 96 1 0 -0 0 1 0 0 -0 1 7.7781745930520225 5.5
1 603.18198051533943 -10.960155108391486 96 -0.70710678118654757 0.70710678118654757 -0 
3 586 13.999999999999943 96 1 0 -0 0 1 0 0 -0 1 7.7781745930520225 5.5
3 582 18 96 -0 1 0 -1 -0 0 0 0 1 7.7781745930520225 5.5
1 610.96015510839152 1311.2819805153395 64 -0.70710678118654757 -0.70710678118654757 -0 
3 582 1290.0999999999999 64 1 0 0 0 -1 0 0 0 -1 7.7781745930520225 5.5
3 581.99999999999989 1290.0999999999999 64 -0 1 0 -1 -0 0 0 0 1 7.7781745930520225 5.5
3 586 1294.0999999999999 64 1 0 0 0 -1 0 0 -0 -1 7.7781745930520225 5.5
3 581.99999999999989 1290.0999999999999 64 -0 1 0 -1 -0 0 0 0 1 7.7781745930520225 5.5
1 610.96015510839152 1311.2819805153395 122 -0.70710678118654757 -0.70710678118654757 -0 
3 582 1290.0999999999999 122 1 0 0 0 -1 0 0 0 -1 7.7781745930520225 5.5
3 581.99999999999989 1290.0999999999999 122 -0 1 0 -1 -0 0 0 0 1 7.7781745930520225 5.5
3 586 1294.0999999999999 122 1 0 0 0 -1 0 0 -0 -1 7.7781745930520225 5.5
3 581.99999999999989 1290.0999999999999 122 -0 1 0 -1 -0 0 0 0 1 7.7781745930520225 5.5
1 600 1127.125 596.89999999999998 -1 -0 -0 
1 586 1290.0999999999999 596.89999999999998 -0 1 0 
1 564 1127.125 596.89999999999998 -0 -0.98508930685912921 -0.17204376626835494 
3 582 18 154 1 0 0 -0 1 0 0 -0 1 7.7781745930520225 5.5
3 582 18 154 -0 1 0 -1 -0 0 0 0 1 7.7781745930520225 5.5
3 586 13.999999999999943 154 1 0 -0 0 1 0 0 -0 1 7.7781745930520225 5.5
1 603.18198051533943 -10.960155108391486 154 -0.70710678118654757 0.70710678118654757 -0 
3 586 13.999999999999943 154 1 0 -0 0 1 0 0 -0 1 7.7781745930520225 5.5
3 582 18 154 -0 1 0 -1 -0 0 0 0 1 7.7781745930520225 5.5
2 585 89 350.59366197183101 1 -0 -0 0 -0 1 -0 -1 0 7.9375
1 601 89 358.53116197183101 -1 -0 -0 
2 585 127 357.23028169014083 1 -0 -0 0 -0 1 -0 -1 0 7.9375
1 601 127 365.16778169014083 -1 -0 -0 
1 586 18 18 -0 1 0 
1 582 0 400.05000000000001 -0 1 0 
1 582 18 400.05000000000001 1 0 -0 
1 586 0 400.05000000000001 -0 1 0 
1 582 18 36 1 0 -0 
1 582 18 36 -0 1 0 
1 582 1290.0999999999999 36 1 0 -0 
1 586 18 36 -0 1 0 
1 582 1290.0999999999999 578.89999999999998 1 0 -0 
1 582 1127.125 578.89999999999998 0 0 1 
1 582 1127.125 578.89999999999998 -0 1 0 
2 582 1037 192 1 0 0 -0 0 1 0 -1 0 1.5
2 582 990 231 -1 -0 0 -0 0 -1 0 -1 -0 1.25
2 582 920 231 -1 -0 0 -0 0 -1 0 -1 -0 1.25
2 582 690 171 -1 -0 0 -0 0 -1 0 -1 -0 1.25
2 582 620 171 -1 -0 0 -0 0 -1 0 -1 -0 1.25
2 582 1042.5 320.11016505745329 1 0 0 -0 0 1 0 -1 0 1.5
2 582 1055.2506198471799 448.22033011490652 1 0 0 -0 0 1 0 -1 0 1.5
2 582 245 151 -1 -0 0 -0 0 -1 0 -1 -0 1.25
2 582 175 151 -1 -0 0 -0 0 -1 0 -1 -0 1.25
2 582 89 350.59366197183101 1 -0 -0 0 -0 1 -0 -1 0 12.5
2 582 127 357.23028169014083 1 -0 -0 0 -0 1 -0 -1 0 12.5
1 582 1127.125 578.89999999999998 1 0 -0 
1 586 1127.125 578.89999999999998 0 0 1 
2 585 89 350.59366197183101 1 -0 -0 0 -0 1 -0 -1 0 12.5
2 585 127 357.23028169014083 1 -0 -0 0 -0 1 -0 -1 0 12.5
1 586 1127.125 578.89999999999998 -0 1 0 
2 583 1037 192 1 0 0 -0 0 1 0 -1 0 1.5
1 582 1037 193.5 1 0 0 
1 581 990 229.75 1 -0 -0 
2 595 990 231 -1 -0 0 -0 0 -1 0 -1 -0 1.25
1 581 920 229.75 1 -0 -0 
2 595 920 231 -1 -0 0 -0 0 -1 0 -1 -0 1.25
1 581 690 169.75 1 -0 -0 
2 595 690 171 -1 -0 0 -0 0 -1 0 -1 -0 1.25
1 581 620 169.75 1 -0 -0 
2 595 620 171 -1 -0 0 -0 0 -1 0 -1 -0 1.25
2 583 1042.5 320.11016505745329 1 0 0 -0 0 1 0 -1 0 1.5
1 582 1042.5 321.61016505745329 1 0 0 
2 583 1055.2506198471799 448.22033011490652 1 0 0 -0 0 1 0 -1 0 1.5
1 582 1055.2506198471799 449.72033011490652 1 0 0 
1 581 245 149.75 1 -0 -0 
2 595 245 151 -1 -0 0 -0 0 -1 0 -1 -0 1.25
1 581 175 149.75 1 -0 -0 
2 595 175 151 -1 -0 0 -0 0 -1 0 -1 -0 1.25
1 585 89 363.09366197183101 -1 -0 -0 
1 585 127 369.73028169014083 -1 -0 -0 
Polygon3D 0
PolygonOnTriangulations 0
Surfaces 72
1 600 0 0 -0 -0 1 -0 1 0 1 -0 0 
1 600 689.09093437701847 257.98412378671179 -1 -0 -0 -0 0 1 -0 -1 0 
1 600 1308.0999999999999 0 -0 -1 -0 -0 0 1 1 -0 0 
1 586 1290.0999999999999 0 1 0 -0 0 0 1 0 -1 0 
1 582 1290.0999999999999 0 0 0 1 1 0 -0 -0 1 0 
1 582 1290.0999999999999 0 -0 1 0 0 0 1 1 0 -0 
1 564 689.09093437701847 257.98412378671179 -1 -0 -0 -0 0 1 -0 -1 0 
1 582 18 0 -0 1 0 0 0 1 1 0 -0 
1 582 0 0 0 0 1 1 0 -0 -0 1 0 
1 586 0 0 1 0 -0 0 0 1 0 -1 0 
1 600 0 400.05000000000001 -0 1 -0 0 0 -1 1 0 0 
2 607.07106781186542 -7.0710678118654746 96 -0.70710678118654757 0.70710678118654757 -0 -0.70710678118654757 -0.70710678118654757 -0 0 -0 -1 5.5
2 607.07106781186542 -7.0710678118654746 96 -0.70710678118654757 0.70710678118654757 0 -0.70710678118654757 -0.70710678118654757 -0 0 0 -1 5.5
2 607.07106781186542 1315.1710678118654 64 -0.70710678118654757 -0.70710678118654757 -0 0.70710678118654757 -0.70710678118654757 0 0 -0 -1 5.5
2 607.07106781186542 1315.1710678118654 64 -0.70710678118654757 -0.70710678118654757 -0 0.70710678118654757 -0.70710678118654757 0 0 0 -1 5.5
2 607.07106781186542 1315.1710678118654 122 -0.70710678118654757 -0.70710678118654757 -0 0.70710678118654757 -0.70710678118654757 0 0 -0 -1 5.5
2 607.07106781186542 1315.1710678118654 122 -0.70710678118654757 -0.70710678118654757 -0 0.70710678118654757 -0.70710678118654757 0 0 0 -1 5.5
1 600 1308.0999999999999 596.89999999999998 -0 -0 -1 0 -1 0 1 -0 -0 
1 600 1127.125 596.89999999999998 -0 0.17204376626835494 -0.98508930685912921 0 -0.98508930685912921 -0.17204376626835494 1 0 -0 
2 607.07106781186542 -7.0710678118654746 154 -0.70710678118654757 0.70710678118654757 -0 -0.70710678118654757 -0.70710678118654757 -0 0 -0 -1 5.5
2 607.07106781186542 -7.0710678118654746 154 -0.70710678118654757 0.70710678118654757 0 -0.70710678118654757 -0.70710678118654757 -0 0 0 -1 5.5
2 601 89 350.59366197183101 -1 -0 -0 0 -0 1 0 -1 -0 7.9375
2 601 127 357.23028169014083 -1 -0 -0 0 -0 1 0 -1 -0 7.9375
1 582 1308.0999999999999 0 -0 1 0 0 0 1 1 0 -0 
1 582 1290.0999999999999 18 -0 1 0 0 0 1 1 0 -0 
1 582 18 18 0 0 1 1 0 -0 -0 1 0 
1 582 1290.0999999999999 0 1 0 -0 0 0 1 0 -1 0 
1 582 0 0 1 0 -0 0 0 1 0 -1 0 
1 582 18 18 1 0 -0 0 0 1 0 -1 0 
1 582 18 18 -0 1 0 0 0 1 1 0 -0 
1 582 0 0 -0 1 0 0 0 1 1 0 -0 
2 607.07106781186542 -7.0710678118654746 96 -0.70710678118654757 0.70710678118654757 -0 -0.70710678118654757 -0.70710678118654757 -0 0 -0 -1 5.5
2 607.07106781186542 -7.0710678118654746 96 -0.70710678118654757 0.70710678118654757 0 -0.70710678118654757 -0.70710678118654757 -0 0 0 -1 5.5
2 607.07106781186542 -7.0710678118654746 96 -0.70710678118654757 0.70710678118654757 0 0.70710678118654757 0.70710678118654757 0 0 0 -1 5.5
2 607.07106781186542 1315.1710678118654 64 -0.70710678118654757 -0.70710678118654757 -0 0.70710678118654757 -0.70710678118654757 0 0 -0 -1 5.5
2 607.07106781186542 1315.1710678118654 64 -0.70710678118654757 -0.70710678118654757 0 -0.70710678118654757 0.70710678118654757 0 0 0 -1 5.5
2 607.07106781186542 1315.1710678118654 122 -0.70710678118654757 -0.70710678118654757 -0 0.70710678118654757 -0.70710678118654757 0 0 -0 -1 5.5
2 607.07106781186542 1315.1710678118654 122 -0.70710678118654757 -0.70710678118654757 0 -0.70710678118654757 0.70710678118654757 0 0 0 -1 5.5
2 607.07106781186542 -7.0710678118654746 154 -0.70710678118654757 0.70710678118654757 -0 -0.70710678118654757 -0.70710678118654757 -0 0 -0 -1 5.5
2 607.07106781186542 -7.0710678118654746 154 -0.70710678118654757 0.70710678118654757 0 -0.70710678118654757 -0.70710678118654757 -0 0 0 -1 5.5
2 607.07106781186542 -7.0710678118654746 154 -0.70710678118654757 0.70710678118654757 0 0.70710678118654757 0.70710678118654757 0 0 0 -1 5.5
1 585 89 350.59366197183101 -1 -0 -0 0 -0 1 0 -1 -0 
1 585 127 357.23028169014083 -1 -0 -0 0 -0 1 0 -1 -0 
1 586 18 18 1 0 -0 0 0 1 0 -1 0 
1 582 0 400.05000000000001 0 0 1 1 0 -0 -0 1 0 
1 582 18 36 0 0 1 1 0 -0 -0 1 0 
1 582 1290.0999999999999 578.89999999999998 -0 1 0 0 0 1 1 0 -0 
1 582 1127.125 578.89999999999998 0 0 1 1 0 -0 -0 1 0 
1 582 1127.125 578.89999999999998 1 0 -0 0 0 1 0 -1 0 
1 582 1127.125 578.89999999999998 -0 1 0 0 0 1 1 0 -0 
2 582 1037 192 1 0 0 -0 0 1 0 -1 0 1.5
2 581 990 231 1 -0 -0 -0 -0 -1 -0 -1 0 1.25
2 581 920 231 1 -0 -0 -0 -0 -1 -0 -1 0 1.25
2 581 690 171 1 -0 -0 -0 -0 -1 -0 -1 0 1.25
2 581 620 171 1 -0 -0 -0 -0 -1 -0 -1 0 1.25
2 582 1042.5 320.11016505745329 1 0 0 -0 0 1 0 -1 0 1.5
2 582 1055.2506198471799 448.22033011490652 1 0 0 -0 0 1 0 -1 0 1.5
2 581 245 151 1 -0 -0 -0 -0 -1 -0 -1 0 1.25
2 581 175 151 1 -0 -0 -0 -0 -1 -0 -1 0 1.25
2 585 89 350.59366197183101 -1 -0 -0 0 -0 1 0 -1 -0 12.5
2 585 127 357.23028169014083 -1 -0 -0 0 -0 1 0 -1 -0 12.5
1 586 1127.125 578.89999999999998 1 0 -0 0 0 1 0 -1 0 
1 583 1037 192 1 0 0 -0 0 1 0 -1 0 
1 595 990 231 1 -0 -0 -0 -0 -1 -0 -1 0 
1 595 920 231 1 -0 -0 -0 -0 -1 -0 -1 0 
1 595 690 171 1 -0 -0 -0 -0 -1 -0 -1 0 
1 595 620 171 1 -0 -0 -0 -0 -1 -0 -1 0 
1 583 1042.5 320.11016505745329 1 0 0 -0 0 1 0 -1 0 
1 583 1055.2506198471799 448.22033011490652 1 0 0 -0 0 1 0 -1 0 
1 595 245 151 1 -0 -0 -0 -0 -1 -0 -1 0 
1 595 175 151 1 -0 -0 -0 -0 -1 -0 -1 0 
1 585.99999999999977 740.44561243161672 161.1855311784123 -1 -0 -0 0 0 -1 0 -1 0 
Triangulations 0

TShapes 339
Ve
5.53059249029942e-06
600 0 0
0 0

0101101
*
Ve
5.53059249029942e-06
600 1308.1 0
0 0

0101101
*
Ed
 5.53059249029942e-06 1 1 0
1  1 0 0 1308.1
2  1 1 0 0 1308.1
2  2 2 0 0 1308.1
0

0101000
+339 7 -338 7 *
Ve
8.42596118609883e-05
586 1308.1 0
0 0

0101101
*
Ed
 1e-07 1 1 0
1  2 0 0 14
2  3 1 0 0 14
2  4 3 0 0 14
0

0101000
+338 7 -336 7 *
Ve
8.42596118609883e-05
586 1290.1 0
0 0

0101101
*
Ed
 8.42596118609883e-05 1 1 0
1  3 0 0 18
2  5 4 0 0 18
2  6 5 0 0 18
0

0101000
+334 0 -336 0 *
Ve
1e-07
582 1290.1 0
0 0

0101101
*
Ed
 1e-07 1 1 0
1  4 0 0 4
2  7 6 0 0 4
2  8 5 0 0 4
0

0101000
+332 0 -334 0 *
Ve
1e-07
582 18 0
0 0

0101101
*
Ed
 1e-07 1 1 0
1  5 0 18 1290.1
2  9 1 10 18 1290.1
2  10 7 0 18 1290.1
0

0101000
+330 11 -332 11 *
Ve
8.42596118609883e-05
586 18 0
0 0

0101101
*
Ed
 1e-07 1 1 0
1  6 0 0 4
2  11 8 0 0 4
2  12 9 0 0 4
0

0101000
+330 0 -328 0 *
Ve
8.42596118609883e-05
586 0 0
0 0

0101101
*
Ed
 8.42596118609883e-05 1 1 0
1  7 0 0 18
2  13 10 0 0 18
2  14 9 0 0 18
0

0101000
+326 0 -328 0 *
Ed
 1e-07 1 1 0
1  8 0 0 14
2  15 1 0 0 14
2  16 11 0 0 14
0

0101000
+339 7 -326 7 *
Wi

0101100
-337 6 -335 6 +333 0 +331 0 +329 9 -327 0 +325 0 +324 6 *
Fa
0  1e-07 1 6

0101000
+323 0 *
Ve
5.53059249029942e-06
600 0 90.4999999999987
0 0

0101101
*
Ve
1.6040898920688e-05
600 0 101.500000000001
0 0

0101101
*
Ed
 1e-07 1 1 0
1  9 0 4.71238898038469 7.85398163397448
2  17 12 0 4.71238898038469 7.85398163397448
2  18 2 1 4.71238898038469 7.85398163397448
2  19 13 14 4.71238898038469 7.85398163397448
0

0101000
+321 14 -320 14 *
Ed
 5.53059249029942e-06 1 1 0
1  10 0 309.550000000001 400.05
2  20 11 0 309.550000000001 400.05
2  21 2 0 309.550000000001 400.05
0

0101000
+321 7 -339 7 *
Ve
1.60408988563103e-05
600 1308.1 58.5000000000212
0 0

0101101
*
Ed
 5.53059249029942e-06 1 1 0
1  11 0 0 58.5000000000212
2  22 3 0 0 58.5000000000212
2  23 2 0 0 58.5000000000212
0

0101000
+338 7 -317 7 *
Ve
1.00000018e-07
600 1300.32182540695 64
0 0

0101101
*
Ed
 1e-07 1 1 0
1  12 0 0 1.5707963267949
2  24 14 0 0 1.5707963267949
2  25 2 1 0 1.5707963267949
2  26 15 14 0 1.5707963267949
0

0101000
+315 14 -317 14 *
Ve
1.60408988563103e-05
600 1308.1 69.4999999999788
0 0

0101101
*
Ed
 1e-07 1 1 0
1  13 0 4.71238898038469 6.28318530717959
2  27 14 0 4.71238898038469 6.28318530717959
2  28 2 1 4.71238898038469 6.28318530717959
2  29 15 14 4.71238898038469 6.28318530717959
0

0101000
+313 14 -315 14 *
Ve
1.60408988563103e-05
600 1308.1 116.500000000021
0 0

0101101
*
Ed
 5.53059249029942e-06 1 1 0
1  14 0 69.4999999999788 116.500000000021
2  30 3 0 69.4999999999788 116.500000000021
2  31 2 0 69.4999999999788 116.500000000021
0

0101000
+313 7 -311 7 *
Ve
1.00000018e-07
600 1300.32182540695 122
0 0

0101101
*
Ed
 1e-07 1 1 0
1  15 0 0 1.5707963267949
2  32 16 0 0 1.5707963267949
2  33 2 1 0 1.5707963267949
2  34 17 14 0 1.5707963267949
0

0101000
+309 14 -311 14 *
Ve
1.60408988563103e-05
600 1308.1 127.499999999979
0 0

0101101
*
Ed
 1e-07 1 1 0
1  16 0 4.71238898038469 6.28318530717959
2  35 16 0 4.71238898038469 6.28318530717959
2  36 2 1 4.71238898038469 6.28318530717959
2  37 17 14 4.71238898038469 6.28318530717959
0

0101000
+307 14 -309 14 *
Ve
5.53059249029942e-06
600 1308.1 596.9
0 0

0101101
*
Ed
 5.53059249029942e-06 1 1 0
1  17 0 127.499999999979 596.9
2  38 3 0 127.499999999979 596.9
2  39 2 0 127.499999999979 596.9
0

0101000
+307 7 -305 7 *
Ve
5.53059249029942e-06
600 1127.125 596.9
0 0

0101101
*
Ed
 5.53059249029942e-06 1 1 0
1  18 0 0 180.975
2  40 18 0 0 180.975
2  41 2 0 0 180.975
0

0101000
+305 7 -303 7 *
Ve
5.53059249029942e-06
600 0 400.05
0 0

0101101
*
Ed
 1e-07 1 1 0
1  19 0 0 1144.18560038352
2  42 19 0 0 1144.18560038352
2  43 2 0 0 1144.18560038352
0

0101000
+303 7 -301 7 *
Ve
1.60408988389176e-05
600 0 159.500000000001
0 0

0101101
*
Ed
 5.53059249029942e-06 1 1 0
1  20 0 0 240.549999999999
2  44 11 0 0 240.549999999999
2  45 2 0 0 240.549999999999
0

0101000
+301 7 -299 7 *
Ve
5.53059249029942e-06
600 0 148.499999999999
0 0

0101101
*
Ed
 1e-07 1 1 0
1  21 0 4.71238898038469 7.85398163397448
2  46 20 0 4.71238898038469 7.85398163397448
2  47 2 1 4.71238898038469 7.85398163397448
2  48 21 14 4.71238898038469 7.85398163397448
0

0101000
+297 14 -299 14 *
Ed
 5.53059249029942e-06 1 1 0
1  22 0 251.550000000001 298.549999999999
2  49 11 0 251.550000000001 298.549999999999
2  50 2 0 251.550000000001 298.549999999999
0

0101000
+297 7 -320 7 *
Wi

0101100
-319 13 +318 12 +337 12 +316 12 -314 13 -312 13 +310 12 -308 13 -306 13 +304 12 
+302 12 +300 12 +298 12 -296 13 +295 12 *
Ve
1e-07
600 89 358.531161971831
0 0

0101101
*
Ed
 1e-07 1 1 0
1  23 0 0 6.28318530717959
2  51 2 16 0 6.28318530717959
2  52 22 0 0 6.28318530717959
0

0101100
+293 17 -293 17 *
Wi

0101100
-292 15 *
Ve
1e-07
600 127 365.167781690141
0 0

0101101
*
Ed
 1e-07 1 1 0
1  24 0 0 6.28318530717959
2  53 2 16 0 6.28318530717959
2  54 23 0 0 6.28318530717959
0

0101100
+290 17 -290 17 *
Wi

0101100
-289 15 *
Fa
0  1e-07 2 12

0111000
+294 0 +291 0 +288 0 *
Ed
 5.53059249029942e-06 1 1 0
1  25 0 4.71238898038469 7.85398163397448
2  55 3 1 4.71238898038469 7.85398163397448
2  56 14 0 4.71238898038469 7.85398163397448
2  57 15 14 4.71238898038469 7.85398163397448
0

0101000
+317 14 -313 14 *
Ed
 5.53059249029942e-06 1 1 0
1  26 0 4.71238898038469 7.85398163397448
2  58 3 1 4.71238898038469 7.85398163397448
2  59 16 0 4.71238898038469 7.85398163397448
2  60 17 14 4.71238898038469 7.85398163397448
0

0101000
+311 14 -307 14 *
Ve
8.42596118609883e-05
586 1308.1 596.9
0 0

0101101
*
Ed
 1e-07 1 1 0
1  27 0 0 14
2  61 3 0 0 14
2  62 18 0 0 14
0

0101000
+305 7 -284 7 *
Ed
 8.42596118609883e-05 1 1 0
1  28 0 0 596.9
2  63 4 0 0 596.9
2  64 24 0 0 596.9
0

0101000
+336 0 -284 0 *
Wi

0101100
-316 6 -286 18 -310 6 -285 18 -304 6 -283 6 +282 0 +335 6 *
Fa
0  1e-07 3 6

0101000
+281 0 *
Ve
8.42596118609883e-05
586 1290.1 18
0 0

0101101
*
Ed
 8.42596118609883e-05 1 1 0
1  29 0 0 18
2  65 4 0 0 18
2  66 6 0 0 18
0

0101000
+334 0 -279 0 *
Ve
1e-07
582 1290.1 18
0 0

0101101
*
Ed
 1e-07 1 1 0
1  30 0 0 4
2  67 25 0 0 4
2  68 26 0 0 4
0

0101000
+277 0 -279 0 *
Ed
 1e-07 1 1 0
1  31 0 0 18
2  69 27 0 0 18
2  70 6 0 0 18
0

0101000
+332 0 -277 0 *
Wi

0101100
-331 0 -278 0 +276 0 +275 0 *
Fa
0  1e-07 6 0

0101000
+274 0 *
Ve
1e-07
582 18 18
0 0

0101101
*
Ed
 1e-07 1 1 0
1  32 0 0 18
2  71 28 0 0 18
2  72 8 0 0 18
0

0101000
+330 0 -272 0 *
Ed
 1e-07 1 1 0
1  33 0 0 1272.1
2  73 29 0 0 1272.1
2  74 26 0 0 1272.1
0

0101000
+272 0 -277 0 *
Wi

0101100
-271 0 -270 0 +275 0 +329 9 *
Fa
0  1e-07 7 9

0101000
+269 0 *
Ve
8.42596118609883e-05
586 18 18
0 0

0101101
*
Ed
 8.42596118609883e-05 1 1 0
1  34 0 0 18
2  75 10 0 0 18
2  76 8 0 0 18
0

0101000
+328 0 -267 0 *
Ed
 1e-07 1 1 0
1  35 0 0 4
2  77 30 0 0 4
2  78 26 0 0 4
0

0101000
+272 0 -267 0 *
Wi

0101100
-327 0 -266 0 +265 0 +271 0 *
Fa
0  1e-07 8 0

0101000
+264 0 *
Ve
5.53059251997417e-06
592.221825406948 0 154
0 0

0101101
*
Ed
 5.53059249029942e-06 1 1 0
1  36 0 4.71238898038469 6.28318530717959
2  79 11 1 4.71238898038469 6.28318530717959
2  80 20 0 4.71238898038469 6.28318530717959
2  81 21 14 4.71238898038469 6.28318530717959
0

0101000
+299 14 -262 14 *
Ed
 5.53059249029942e-06 1 1 0
1  37 0 0 1.5707963267949
2  82 11 1 0 1.5707963267949
2  83 20 0 0 1.5707963267949
2  84 21 14 0 1.5707963267949
0

0101000
+262 14 -297 14 *
Ve
5.53059252063361e-06
592.221825406948 0 96
0 0

0101101
*
Ed
 5.53059249029942e-06 1 1 0
1  38 0 4.71238898038469 6.28318530717959
2  85 11 1 4.71238898038469 6.28318530717959
2  86 12 0 4.71238898038469 6.28318530717959
2  87 13 14 4.71238898038469 6.28318530717959
0

0101000
+320 14 -259 14 *
Ed
 5.53059249029942e-06 1 1 0
1  39 0 0 1.5707963267949
2  88 11 1 0 1.5707963267949
2  89 12 0 0 1.5707963267949
2  90 13 14 0 1.5707963267949
0

0101000
+259 14 -321 14 *
Ve
8.42596118609883e-05
586 0 400.05
0 0

0101101
*
Ed
 8.42596118609883e-05 1 1 0
1  40 0 0 400.05
2  91 10 0 0 400.05
2  92 31 0 0 400.05
0

0101000
+326 0 -256 0 *
Ed
 1e-07 1 1 0
1  41 0 0 14
2  93 11 0 0 14
2  94 19 0 0 14
0

0101000
+301 7 -256 7 *
Wi

0101100
-298 6 -261 18 -260 18 -295 6 -258 18 -257 18 -318 6 -324 6 -255 0 +254 6 
*
Fa
0  1e-07 11 6

0101000
+253 0 *
Ve
5.53059250216932e-06
582 18.0000000000001 90.5
0 0

0101101
*
Ve
5.53059250216932e-06
582 18.0000000000001 101.5
0 0

0101101
*
Ed
 1e-07 1 1 0
1  42 0 4.71238898038469 7.85398163397448
2  95 12 0 4.71238898038469 7.85398163397448
2  96 7 19 4.71238898038469 7.85398163397448
0

0101000
+251 14 -250 14 *
Ve
8.42596118609883e-05
586 18 100.716990566034
0 0

0101101
*
Ed
 1.00000029296427e-07 1 1 0
1  43 0 1.5707963267949 2.11094030447077
2  97 32 18 1.5707963267949 2.11094030447077
2  98 8 0 1.5707963267949 2.11094030447077
2  99 33 0 1.5707963267949 2.11094030447077
2  100 12 18 1.5707963267949 2.11094030447077
0

0101000
+250 0 -248 0 *
Ve
8.42596118609883e-05
586 6.2218254069479 96
0 0

0101101
*
Ed
 8.42596118609883e-05 1 1 0
1  44 0 1.03065234911902 3.14159265358979
2  101 32 18 1.03065234911902 3.14159265358979
2  102 10 0 1.03065234911902 3.14159265358979
2  103 33 0 1.03065234911902 3.14159265358979
2  104 34 0 1.03065234911902 3.14159265358979
2  105 12 18 1.03065234911902 3.14159265358979
0

0101000
+248 0 -246 0 *
Ed
 1e-07 1 1 0
1  45 0 15.5 24.2989898732233
3  106 107CN 12 0 15.5 24.2989898732233
0

0101000
+259 14 -246 14 *
Ve
8.42596118609883e-05
586 18 91.2830094339655
0 0

0101101
*
Ed
 8.42596118609883e-05 1 1 0
1  46 0 3.14159265358979 5.25253295806057
2  108 32 18 3.14159265358979 5.25253295806057
2  109 10 0 3.14159265358979 5.25253295806057
2  110 33 0 3.14159265358979 5.25253295806057
2  111 34 0 3.14159265358979 5.25253295806057
2  112 12 18 3.14159265358979 5.25253295806057
0

0101000
+246 0 -243 0 *
Ed
 1.00000029296427e-07 1 1 0
1  47 0 4.17224500270882 4.71238898038469
2  113 32 18 4.17224500270882 4.71238898038469
2  114 8 0 4.17224500270882 4.71238898038469
2  115 33 0 4.17224500270882 4.71238898038469
2  116 12 18 4.17224500270882 4.71238898038469
0

0101000
+243 0 -251 0 *
Wi

0101100
-249 18 -247 0 -245 0 +244 18 +258 18 +319 18 +257 18 -244 18 -242 0 -241 0 
*
Fa
0  1e-07 12 18

0101000
+240 0 *
Ve
1.00000018e-07
582 1282.32182540695 64
0 0

0101101
*
Ed
 1e-07 1 1 0
1  48 0 15.5 40.9558441227157
3  117 118CN 14 0 15.5 40.9558441227157
0

0101000
+315 14 -238 14 *
Ve
1.00000115667977e-07
582 1290.1 58.5
0 0

0101101
*
Ed
 1e-07 1 1 0
1  49 0 0 1.5707963267949
2  119 14 0 0 1.5707963267949
2  120 7 19 0 1.5707963267949
0

0101000
+238 14 -236 14 *
Ve
8.42596118609883e-05
586 1290.1 59.2830094339717
0 0

0101101
*
Ed
 1.00000115667977e-07 1 1 0
1  50 0 4.17224500270847 4.71238898038469
2  121 35 18 4.17224500270847 4.71238898038469
2  122 6 0 4.17224500270847 4.71238898038469
2  123 14 18 4.17224500270847 4.71238898038469
0

0101000
+234 0 -236 0 *
Ve
8.42596118609883e-05
586 1290.1 68.7169905660283
0 0

0101101
*
Ed
 8.42596118609883e-05 1 1 0
1  51 0 1.03065234911869 5.25253295806089
2  124 35 18 1.03065234911869 5.25253295806089
2  125 4 0 1.03065234911869 5.25253295806089
2  126 36 0 1.03065234911869 5.25253295806089
2  127 14 18 1.03065234911869 5.25253295806089
0

0101000
+234 0 -232 0 *
Ve
1.00000114571574e-07
582 1290.1 69.5
0 0

0101101
*
Ed
 1.00000114571574e-07 1 1 0
1  52 0 1.5707963267949 2.11094030447112
2  128 35 18 1.5707963267949 2.11094030447112
2  129 6 0 1.5707963267949 2.11094030447112
2  130 14 18 1.5707963267949 2.11094030447112
0

0101000
+230 0 -232 0 *
Ed
 1e-07 1 1 0
1  49 0 4.71238898038469 6.28318530717959
2  119 14 0 4.71238898038469 6.28318530717959
2  120 7 19 4.71238898038469 6.28318530717959
0

0101000
+230 14 -238 14 *
Wi

0101100
+237 18 +312 18 +286 18 +314 18 -237 18 -235 18 +233 0 -231 0 +229 0 -228 18 
*
Fa
0  1e-07 14 18

0101000
+227 0 *
Ve
1.00000018e-07
582 1282.32182540695 122
0 0

0101101
*
Ed
 1e-07 1 1 0
1  53 0 15.5 40.9558441227157
3  131 132CN 16 0 15.5 40.9558441227157
0

0101000
+309 14 -225 14 *
Ve
1.00000114571574e-07
582 1290.1 116.5
0 0

0101101
*
Ed
 1e-07 1 1 0
1  54 0 0 1.5707963267949
2  133 16 0 0 1.5707963267949
2  134 7 19 0 1.5707963267949
0

0101000
+225 14 -223 14 *
Ve
8.42596118609883e-05
586 1290.1 117.283009433972
0 0

0101101
*
Ed
 1.00000114571574e-07 1 1 0
1  55 0 4.17224500270847 4.71238898038469
2  135 37 18 4.17224500270847 4.71238898038469
2  136 6 0 4.17224500270847 4.71238898038469
2  137 16 18 4.17224500270847 4.71238898038469
0

0101000
+221 0 -223 0 *
Ve
8.42596118609883e-05
586 1290.1 126.716990566028
0 0

0101101
*
Ed
 8.42596118609883e-05 1 1 0
1  56 0 1.03065234911869 5.25253295806089
2  138 37 18 1.03065234911869 5.25253295806089
2  139 4 0 1.03065234911869 5.25253295806089
2  140 38 0 1.03065234911869 5.25253295806089
2  141 16 18 1.03065234911869 5.25253295806089
0

0101000
+221 0 -219 0 *
Ve
1.00000114571574e-07
582 1290.1 127.5
0 0

0101101
*
Ed
 1.00000114571574e-07 1 1 0
1  57 0 1.5707963267949 2.11094030447112
2  142 37 18 1.5707963267949 2.11094030447112
2  143 6 0 1.5707963267949 2.11094030447112
2  144 16 18 1.5707963267949 2.11094030447112
0

0101000
+217 0 -219 0 *
Ed
 1e-07 1 1 0
1  54 0 4.71238898038469 6.28318530717959
2  133 16 0 4.71238898038469 6.28318530717959
2  134 7 19 4.71238898038469 6.28318530717959
0

0101000
+217 14 -225 14 *
Wi

0101100
+224 18 +306 18 +285 18 +308 18 -224 18 -222 18 +220 0 -218 0 +216 0 -215 18 
*
Fa
0  1e-07 16 18

0101000
+214 0 *
Ve
8.42596118609883e-05
586 1127.125 596.9
0 0

0101101
*
Ed
 1e-07 1 1 0
1  58 0 0 14
2  145 19 0 0 14
2  146 18 0 0 14
0

0101000
+303 7 -212 7 *
Ed
 1e-07 1 1 0
1  59 0 -162.975 18
0

0101000
+212 0 -284 0 *
Wi

0101000
-302 6 -211 6 -210 0 +283 6 *
Fa
0  1e-07 18 6

0101000
+209 0 *
Ve
1e-07
582 1127.125 596.9
0 0

0101101
*
Ed
 1e-07 1 1 0
1  58 0 14 18
2  145 19 0 14 18
2  146 18 0 14 18
0

0101000
+212 7 -207 7 *
Ve
1e-07
582 0 400.05
0 0

0101101
*
Ed
 1e-07 1 1 0
1  41 0 14 18
2  93 11 0 14 18
2  94 19 0 14 18
0

0101000
+256 7 -205 7 *
Ed
 1e-07 1 1 0
1  60 0 0 1144.18560038352
2  147 19 10 0 1144.18560038352
2  148 7 0 0 1144.18560038352
0

0101000
+207 11 -205 11 *
Wi

0101100
+211 6 +206 6 -254 6 -204 6 -300 6 +203 9 *
Fa
0  1e-07 19 6

0101000
+202 0 *
Ve
5.53059250216932e-06
582 18.0000000000001 148.5
0 0

0101101
*
Ve
5.53059250216932e-06
582 18.0000000000001 159.5
0 0

0101101
*
Ed
 1e-07 1 1 0
1  61 0 4.71238898038469 7.85398163397448
2  149 20 0 4.71238898038469 7.85398163397448
2  150 7 19 4.71238898038469 7.85398163397448
0

0101000
+200 14 -199 14 *
Ve
8.42596118609883e-05
586 18 158.716990566034
0 0

0101101
*
Ed
 1.00000031776437e-07 1 1 0
1  62 0 1.5707963267949 2.11094030447077
2  151 39 18 1.5707963267949 2.11094030447077
2  152 8 0 1.5707963267949 2.11094030447077
2  153 40 0 1.5707963267949 2.11094030447077
2  154 20 18 1.5707963267949 2.11094030447077
0

0101000
+199 0 -197 0 *
Ve
8.42596118609883e-05
586 6.2218254069479 154
0 0

0101101
*
Ed
 8.42596118609883e-05 1 1 0
1  63 0 1.03065234911902 3.14159265358979
2  155 39 18 1.03065234911902 3.14159265358979
2  156 10 0 1.03065234911902 3.14159265358979
2  157 40 0 1.03065234911902 3.14159265358979
2  158 41 0 1.03065234911902 3.14159265358979
2  159 20 18 1.03065234911902 3.14159265358979
0

0101000
+197 0 -195 0 *
Ed
 1e-07 1 1 0
1  64 0 15.5 24.2989898732233
3  160 161CN 20 0 15.5 24.2989898732233
0

0101000
+262 14 -195 14 *
Ve
8.42596118609883e-05
586 18 149.283009433966
0 0

0101101
*
Ed
 8.42596118609883e-05 1 1 0
1  65 0 3.14159265358979 5.25253295806057
2  162 39 18 3.14159265358979 5.25253295806057
2  163 10 0 3.14159265358979 5.25253295806057
2  164 40 0 3.14159265358979 5.25253295806057
2  165 41 0 3.14159265358979 5.25253295806057
2  166 20 18 3.14159265358979 5.25253295806057
0

0101000
+195 0 -192 0 *
Ed
 1.00000031776437e-07 1 1 0
1  66 0 4.17224500270882 4.71238898038469
2  167 39 18 4.17224500270882 4.71238898038469
2  168 8 0 4.17224500270882 4.71238898038469
2  169 40 0 4.17224500270882 4.71238898038469
2  170 20 18 4.17224500270882 4.71238898038469
0

0101000
+192 0 -200 0 *
Wi

0101100
-198 18 -196 0 -194 0 +193 18 +261 18 +296 18 +260 18 -193 18 -191 0 -190 0 
*
Fa
0  1e-07 20 18

0101000
+189 0 *
Ve
1e-07
585 89 358.531161971831
0 0

0101101
*
Ed
 1e-07 1 1 0
1  67 0 0 6.28318530717959
2  171 42 0 0 6.28318530717959
2  172 22 0 0 6.28318530717959
0

0101100
+187 17 -187 17 *
Ed
 1e-07 1 1 0
1  68 0 1 16
3  173 174CN 22 0 1 16
0

0101000
+293 17 -187 17 *
Wi

0101100
-186 0 +185 0 +292 0 -185 0 *
Fa
0  1e-07 22 0

0111000
+184 0 *
Ve
1e-07
585 127 365.167781690141
0 0

0101101
*
Ed
 1e-07 1 1 0
1  69 0 0 6.28318530717959
2  175 43 0 0 6.28318530717959
2  176 23 0 0 6.28318530717959
0

0101100
+182 17 -182 17 *
Ed
 1e-07 1 1 0
1  70 0 1 16
3  177 178CN 23 0 1 16
0

0101000
+290 17 -182 17 *
Wi

0101100
-181 0 +180 0 +289 0 -180 0 *
Fa
0  1e-07 23 0

0111000
+179 0 *
Ed
 8.42596118609883e-05 1 1 0
1  71 0 0 1272.1
2  179 44 0 0 1272.1
2  180 26 0 0 1272.1
0

0101000
+267 0 -279 0 *
Wi

0101100
-270 0 -276 0 +177 0 +265 0 *
Fa
0  1e-07 26 0

0101000
+176 0 *
Ve
1e-07
582 18 400.05
0 0

0101101
*
Ed
 1e-07 1 1 0
1  72 0 0 18
2  181 28 0 0 18
2  182 45 0 0 18
0

0101000
+205 0 -174 0 *
Ve
8.42596118609883e-05
586 18 400.05
0 0

0101101
*
Ed
 1e-07 1 1 0
1  73 0 0 4
2  183 8 0 0 4
2  184 45 0 0 4
0

0101000
+174 0 -172 0 *
Ed
 8.42596118609883e-05 1 1 0
1  74 0 0 18
2  185 10 0 0 18
2  186 45 0 0 18
0

0101000
+256 0 -172 0 *
Wi

0101100
-173 0 -171 0 +170 0 -204 6 *
Fa
0  1e-07 45 0

0101000
+169 0 *
Ed
 8.42596118609883e-05 1 1 0
1  34 0 158.716990566034 400.05
2  75 10 0 158.716990566034 400.05
2  76 8 0 158.716990566034 400.05
0

0101000
+197 0 -172 0 *
Ed
 1e-07 1 1 0
1  32 0 159.5 400.05
2  71 28 0 159.5 400.05
2  72 8 0 159.5 400.05
0

0101000
+199 0 -174 0 *
Wi

0101100
-196 0 -167 0 +171 0 +166 0 *
Fa
0  1e-07 8 0

0101000
+165 0 *
Ed
 8.42596118609883e-05 1 1 0
1  34 0 100.716990566034 149.283009433966
2  75 10 0 100.716990566034 149.283009433966
2  76 8 0 100.716990566034 149.283009433966
0

0101000
+248 0 -192 0 *
Ed
 1e-07 1 1 0
1  32 0 101.5 148.5
2  71 28 0 101.5 148.5
2  72 8 0 101.5 148.5
0

0101000
+250 0 -200 0 *
Wi

0101100
-247 0 -163 0 -190 0 +162 0 *
Fa
0  1e-07 8 0

0101000
+161 0 *
Ve
1e-07
582 18 36
0 0

0101101
*
Ve
8.42596118609883e-05
586 18 36
0 0

0101101
*
Ed
 1e-07 1 1 0
1  75 0 0 4
2  187 30 0 0 4
2  188 46 0 0 4
0

0101000
+159 0 -158 0 *
Ed
 8.42596118609883e-05 1 1 0
1  34 0 36 91.2830094339655
2  75 10 0 36 91.2830094339655
2  76 8 0 36 91.2830094339655
0

0101000
+158 0 -243 0 *
Ed
 1e-07 1 1 0
1  32 0 36 90.5
2  71 28 0 36 90.5
2  72 8 0 36 90.5
0

0101000
+159 0 -251 0 *
Wi

0101100
-157 0 -156 0 -241 0 +155 0 *
Fa
0  1e-07 8 0

0101000
+154 0 *
Ve
1e-07
582 1290.1 36
0 0

0101101
*
Ed
 1e-07 1 1 0
1  76 0 0 1272.1
2  189 29 0 0 1272.1
2  190 46 0 0 1272.1
0

0101000
+159 0 -152 0 *
Ve
8.42596118609883e-05
586 1290.1 36
0 0

0101101
*
Ed
 1e-07 1 1 0
1  77 0 0 4
2  191 25 0 0 4
2  192 46 0 0 4
0

0101000
+152 0 -150 0 *
Ed
 8.42596118609883e-05 1 1 0
1  78 0 0 1272.1
2  193 44 0 0 1272.1
2  194 46 0 0 1272.1
0

0101000
+158 0 -150 0 *
Wi

0101100
-151 0 -149 0 +148 0 +157 0 *
Fa
0  1e-07 46 0

0101000
+147 0 *
Ed
 8.42596118609883e-05 1 1 0
1  29 0 36 59.2830094339717
2  65 4 0 36 59.2830094339717
2  66 6 0 36 59.2830094339717
0

0101000
+150 0 -234 0 *
Ed
 1e-07 1 1 0
1  31 0 36 58.5
2  69 27 0 36 58.5
2  70 6 0 36 58.5
0

0101000
+152 0 -236 0 *
Wi

0101100
-149 0 -145 0 -233 0 +144 0 *
Fa
0  1e-07 6 0

0101000
+143 0 *
Ed
 8.42596118609883e-05 1 1 0
1  29 0 68.7169905660283 117.283009433972
2  65 4 0 68.7169905660283 117.283009433972
2  66 6 0 68.7169905660283 117.283009433972
0

0101000
+232 0 -221 0 *
Ed
 1e-07 1 1 0
1  31 0 69.5 116.5
2  69 27 0 69.5 116.5
2  70 6 0 69.5 116.5
0

0101000
+230 0 -223 0 *
Wi

0101100
-229 0 -141 0 -220 0 +140 0 *
Fa
0  1e-07 6 0

0101000
+139 0 *
Ve
8.42596118609883e-05
586 1290.1 578.9
0 0

0101101
*
Ed
 8.42596118609883e-05 1 1 0
1  29 0 126.716990566028 578.9
2  65 4 0 126.716990566028 578.9
2  66 6 0 126.716990566028 578.9
0

0101000
+219 0 -137 0 *
Ve
1e-07
582 1290.1 578.9
0 0

0101101
*
Ed
 1e-07 1 1 0
1  79 0 0 4
2  195 47 0 0 4
2  196 48 0 0 4
0

0101000
+135 0 -137 0 *
Ed
 1e-07 1 1 0
1  31 0 127.5 578.9
2  69 27 0 127.5 578.9
2  70 6 0 127.5 578.9
0

0101000
+217 0 -135 0 *
Wi

0101100
-216 0 -136 0 +134 0 +133 0 *
Fa
0  1e-07 6 0

0101000
+132 0 *
Ve
1e-07
582 1127.125 578.9
0 0

0101101
*
Ed
 1e-07 1 1 0
1  80 0 0 18
2  197 49 0 0 18
2  198 50 0 0 18
0

0101000
+130 0 -207 0 *
Ed
 1e-07 1 1 0
1  81 0 0 162.975
2  199 49 0 0 162.975
2  200 48 0 0 162.975
0

0101000
+130 0 -135 0 *
Wi

0101100
-155 0 -249 18 -162 0 -198 18 -166 0 +173 0 +203 9 +129 0 -128 0 +133 0 
-215 18 -222 18 +140 0 -228 18 -235 18 +144 0 +151 0 *
Ve
1e-07
582 1037 193.5
0 0

0101101
*
Ed
 1e-07 1 1 0
1  82 0 0 6.28318530717959
2  201 7 22 0 6.28318530717959
2  202 51 0 0 6.28318530717959
0

0101000
+126 23 -126 23 *
Wi

0101100
-125 21 *
Ve
1e-07
582 990 229.75
0 0

0101101
*
Ed
 1e-07 1 1 0
1  83 0 0 6.28318530717959
2  203 7 19 0 6.28318530717959
2  204 52 0 0 6.28318530717959
0

0101100
+123 14 -123 14 *
Wi

0101100
+122 18 *
Ve
1e-07
582 920 229.75
0 0

0101101
*
Ed
 1e-07 1 1 0
1  84 0 0 6.28318530717959
2  205 7 19 0 6.28318530717959
2  206 53 0 0 6.28318530717959
0

0101100
+120 14 -120 14 *
Wi

0101100
+119 18 *
Ve
1e-07
582 690 169.75
0 0

0101101
*
Ed
 1e-07 1 1 0
1  85 0 0 6.28318530717959
2  207 7 19 0 6.28318530717959
2  208 54 0 0 6.28318530717959
0

0101100
+117 14 -117 14 *
Wi

0101100
+116 18 *
Ve
1e-07
582 620 169.75
0 0

0101101
*
Ed
 1e-07 1 1 0
1  86 0 0 6.28318530717959
2  209 7 19 0 6.28318530717959
2  210 55 0 0 6.28318530717959
0

0101100
+114 14 -114 14 *
Wi

0101100
+113 18 *
Ve
1e-07
582 1042.5 321.610165057453
0 0

0101101
*
Ed
 1e-07 1 1 0
1  87 0 0 6.28318530717959
2  211 7 22 0 6.28318530717959
2  212 56 0 0 6.28318530717959
0

0101000
+111 23 -111 23 *
Wi

0101100
-110 21 *
Ve
1e-07
582 1055.25061984718 449.720330114907
0 0

0101101
*
Ed
 1e-07 1 1 0
1  88 0 0 6.28318530717959
2  213 7 22 0 6.28318530717959
2  214 57 0 0 6.28318530717959
0

0101000
+108 23 -108 23 *
Wi

0101100
-107 21 *
Ve
1e-07
582 245 149.75
0 0

0101101
*
Ed
 1e-07 1 1 0
1  89 0 0 6.28318530717959
2  215 7 19 0 6.28318530717959
2  216 58 0 0 6.28318530717959
0

0101100
+105 14 -105 14 *
Wi

0101100
+104 18 *
Ve
1e-07
582 175 149.75
0 0

0101101
*
Ed
 1e-07 1 1 0
1  90 0 0 6.28318530717959
2  217 7 19 0 6.28318530717959
2  218 59 0 0 6.28318530717959
0

0101100
+102 14 -102 14 *
Wi

0101100
+101 18 *
Ve
1e-07
582 89 363.093661971831
0 0

0101101
*
Ed
 1e-07 1 1 0
1  91 0 0 6.28318530717959
2  219 60 0 0 6.28318530717959
2  220 7 24 0 6.28318530717959
0

0101100
+99 17 -99 17 *
Wi

0101100
-98 20 *
Ve
1e-07
582 127 369.730281690141
0 0

0101101
*
Ed
 1e-07 1 1 0
1  92 0 0 6.28318530717959
2  221 61 0 0 6.28318530717959
2  222 7 24 0 6.28318530717959
0

0101100
+96 17 -96 17 *
Wi

0101100
-95 20 *
Fa
0  1e-07 7 9

0101000
+127 0 +124 0 +121 0 +118 0 +115 0 +112 0 +109 0 +106 0 +103 0 +100 0 
+97 0 +94 0 *
Ve
8.42596118609883e-05
586 1127.125 578.9
0 0

0101101
*
Ed
 1e-07 1 1 0
1  93 0 0 4
2  223 50 0 0 4
2  224 48 0 0 4
0

0101000
+130 0 -92 0 *
Ed
 8.42596118609883e-05 1 1 0
1  94 0 0 18
2  225 62 0 0 18
2  226 50 0 0 18
0

0101000
+92 0 -212 0 *
Wi

0101100
-91 0 -90 0 -206 6 +129 0 *
Fa
0  1e-07 50 0

0101000
+89 0 *
Ve
1e-07
585 89 363.093661971831
0 0

0101101
*
Ed
 1e-07 1 1 0
1  95 0 0 6.28318530717959
2  227 60 0 0 6.28318530717959
2  228 42 0 0 6.28318530717959
0

0101000
+87 17 -87 17 *
Wi

0101100
+86 0 *
Wi

0101100
-186 0 *
Fa
0  1e-07 42 0

0111000
+85 0 +84 0 *
Ve
1e-07
585 127 369.730281690141
0 0

0101101
*
Ed
 1e-07 1 1 0
1  96 0 0 6.28318530717959
2  229 61 0 0 6.28318530717959
2  230 43 0 0 6.28318530717959
0

0101000
+82 17 -82 17 *
Wi

0101100
+81 0 *
Wi

0101100
-181 0 *
Fa
0  1e-07 43 0

0111000
+80 0 +79 0 *
Ed
 8.42596118609883e-05 1 1 0
1  97 0 0 162.975
2  231 62 0 0 162.975
2  232 48 0 0 162.975
0

0101000
+92 0 -137 0 *
Wi

0101100
-128 0 -134 0 +77 0 +91 0 *
Fa
0  1e-07 48 0

0101000
+76 0 *
Ve
1e-07
583 1037 193.5
0 0

0101101
*
Ed
 1e-07 1 1 0
1  98 0 0 6.28318530717959
2  233 51 0 0 6.28318530717959
2  234 63 0 0 6.28318530717959
0

0101000
+74 23 -74 23 *
Ed
 1e-07 1 1 0
1  99 0 0 1
3  235 236CN 51 0 0 1
0

0101000
+126 23 -74 23 *
Wi

0101100
-73 0 +72 0 +125 0 -72 0 *
Fa
0  1e-07 51 0

0111000
+71 0 *
Ve
1e-07
595 990 229.75
0 0

0101101
*
Ed
 1e-07 1 1 0
1  100 0 1 14
3  237 238CN 52 0 1 14
0

0101000
+123 14 -69 14 *
Ed
 1e-07 1 1 0
1  101 0 0 6.28318530717959
2  239 52 0 0 6.28318530717959
2  240 64 0 0 6.28318530717959
0

0101000
+69 14 -69 14 *
Wi

0101100
+68 0 +122 0 -68 0 -67 0 *
Fa
0  1e-07 52 0

0111000
+66 0 *
Ve
1e-07
595 920 229.75
0 0

0101101
*
Ed
 1e-07 1 1 0
1  102 0 1 14
3  241 242CN 53 0 1 14
0

0101000
+120 14 -64 14 *
Ed
 1e-07 1 1 0
1  103 0 0 6.28318530717959
2  243 53 0 0 6.28318530717959
2  244 65 0 0 6.28318530717959
0

0101000
+64 14 -64 14 *
Wi

0101100
+63 0 +119 0 -63 0 -62 0 *
Fa
0  1e-07 53 0

0111000
+61 0 *
Ve
1e-07
595 690 169.75
0 0

0101101
*
Ed
 1e-07 1 1 0
1  104 0 1 14
3  245 246CN 54 0 1 14
0

0101000
+117 14 -59 14 *
Ed
 1e-07 1 1 0
1  105 0 0 6.28318530717959
2  247 54 0 0 6.28318530717959
2  248 66 0 0 6.28318530717959
0

0101000
+59 14 -59 14 *
Wi

0101100
+58 0 +116 0 -58 0 -57 0 *
Fa
0  1e-07 54 0

0111000
+56 0 *
Ve
1e-07
595 620 169.75
0 0

0101101
*
Ed
 1e-07 1 1 0
1  106 0 1 14
3  249 250CN 55 0 1 14
0

0101000
+114 14 -54 14 *
Ed
 1e-07 1 1 0
1  107 0 0 6.28318530717959
2  251 55 0 0 6.28318530717959
2  252 67 0 0 6.28318530717959
0

0101000
+54 14 -54 14 *
Wi

0101100
+53 0 +113 0 -53 0 -52 0 *
Fa
0  1e-07 55 0

0111000
+51 0 *
Ve
1e-07
583 1042.5 321.610165057453
0 0

0101101
*
Ed
 1e-07 1 1 0
1  108 0 0 6.28318530717959
2  253 56 0 0 6.28318530717959
2  254 68 0 0 6.28318530717959
0

0101000
+49 23 -49 23 *
Ed
 1e-07 1 1 0
1  109 0 0 1
3  255 256CN 56 0 0 1
0

0101000
+111 23 -49 23 *
Wi

0101100
-48 0 +47 0 +110 0 -47 0 *
Fa
0  1e-07 56 0

0111000
+46 0 *
Ve
1e-07
583 1055.25061984718 449.720330114907
0 0

0101101
*
Ed
 1e-07 1 1 0
1  110 0 0 6.28318530717959
2  257 57 0 0 6.28318530717959
2  258 69 0 0 6.28318530717959
0

0101000
+44 23 -44 23 *
Ed
 1e-07 1 1 0
1  111 0 0 1
3  259 260CN 57 0 0 1
0

0101000
+108 23 -44 23 *
Wi

0101100
-43 0 +42 0 +107 0 -42 0 *
Fa
0  1e-07 57 0

0111000
+41 0 *
Ve
1e-07
595 245 149.75
0 0

0101101
*
Ed
 1e-07 1 1 0
1  112 0 1 14
3  261 262CN 58 0 1 14
0

0101000
+105 14 -39 14 *
Ed
 1e-07 1 1 0
1  113 0 0 6.28318530717959
2  263 58 0 0 6.28318530717959
2  264 70 0 0 6.28318530717959
0

0101000
+39 14 -39 14 *
Wi

0101100
+38 0 +104 0 -38 0 -37 0 *
Fa
0  1e-07 58 0

0111000
+36 0 *
Ve
1e-07
595 175 149.75
0 0

0101101
*
Ed
 1e-07 1 1 0
1  114 0 1 14
3  265 266CN 59 0 1 14
0

0101000
+102 14 -34 14 *
Ed
 1e-07 1 1 0
1  115 0 0 6.28318530717959
2  267 59 0 0 6.28318530717959
2  268 71 0 0 6.28318530717959
0

0101000
+34 14 -34 14 *
Wi

0101100
+33 0 +101 0 -33 0 -32 0 *
Fa
0  1e-07 59 0

0111000
+31 0 *
Ed
 1e-07 1 1 0
1  116 0 0 3
3  269 270CN 60 0 0 3
0

0101000
+87 17 -99 17 *
Wi

0101100
-98 0 +29 0 +86 0 -29 0 *
Fa
0  1e-07 60 0

0111000
+28 0 *
Ed
 1e-07 1 1 0
1  117 0 0 3
3  271 272CN 61 0 0 3
0

0101000
+82 17 -96 17 *
Wi

0101100
-95 0 +26 0 +81 0 -26 0 *
Fa
0  1e-07 61 0

0111000
+25 0 *
Wi

0101100
+73 0 *
Fa
0  1e-07 63 0

0111000
+23 0 *
Wi

0101100
+67 0 *
Fa
0  1e-07 64 0

0111000
+21 0 *
Wi

0101100
+62 0 *
Fa
0  1e-07 65 0

0111000
+19 0 *
Wi

0101100
+57 0 *
Fa
0  1e-07 66 0

0111000
+17 0 *
Wi

0101100
+52 0 *
Fa
0  1e-07 67 0

0111000
+15 0 *
Wi

0101100
+48 0 *
Fa
0  1e-07 68 0

0111000
+13 0 *
Wi

0101100
+43 0 *
Fa
0  1e-07 69 0

0111000
+11 0 *
Wi

0101100
+37 0 *
Fa
0  1e-07 70 0

0111000
+9 0 *
Wi

0101100
+32 0 *
Fa
0  1e-07 71 0

0111000
+7 0 *
Wi

0101000
+278 0 -177 0 -266 0 -325 0 +255 0 +170 0 -167 0 +194 0 +191 0 -163 0 
+245 0 +242 0 -156 0 +148 0 +145 0 +231 0 +141 0 +218 0 +136 0 -77 0 
+90 0 +210 0 -282 0 -333 0 *
Fa
0  8.42596118609883e-05 72 0

0111000
+5 0 *
Sh

0101000
+322 0 +287 5 +280 0 +273 0 -268 0 -263 0 +252 0 +239 0 +226 0 +213 0 
+208 0 +201 0 +188 0 +183 20 +178 20 +175 0 -168 0 -164 0 -160 0 -153 0 
-146 0 +142 0 +138 0 +131 0 -93 0 +88 0 -83 20 -78 20 +75 0 -70 21 
+65 18 +60 18 +55 18 +50 18 -45 21 -40 21 +35 18 +30 18 +27 20 +24 20 
-22 21 +20 18 +18 18 +16 18 +14 18 -12 21 -10 21 +8 18 +6 18 +4 0 
*
So

0100000
+3 0 *
Co

0100000
+2 0 *

+1 0 