DBRep_DrawableShape

CASCADE Topology V1, (c) Matra-Datavision
Locations 0
Curve2ds 804
1 0 8.7209998222547167 1 0 
2 0 0 1 0 -0 1 4
1 6.2831853071795862 -0 0 1 
1 0 -0 0 1 
1 0 0 1 0 
2 0 0 1 0 -0 1 4
1 0 8.5758022328707035 1 0 
2 0 0 1 0 -0 1 4
1 6.2831853071795862 -0 0 1 
1 0 -0 0 1 
1 0 0 1 0 
2 0 0 1 0 -0 1 4
1 0 8.4310278019588765 1 0 
2 0 0 1 0 -0 1 4
1 6.2831853071795862 -0 0 1 
1 0 -0 0 1 
1 0 0 1 0 
2 0 0 1 0 -0 1 4
1 0 8.2866987081737964 1 0 
2 0 0 1 0 -0 1 4
1 6.2831853071795862 -0 0 1 
1 0 -0 0 1 
1 0 0 1 0 
2 0 0 1 0 -0 1 4
1 0 8.1428386319049686 1 0 
2 0 0 1 0 -0 1 4
1 6.2831853071795862 -0 0 1 
1 0 -0 0 1 
1 0 0 1 0 
2 0 0 1 0 -0 1 4
1 0 7.9994728771958066 1 0 
2 0 0 1 0 -0 1 4
1 6.2831853071795862 -0 0 1 
1 0 -0 0 1 
1 0 0 1 0 
2 0 0 1 0 -0 1 4
1 0 7.8566285048543394 1 0 
2 0 0 1 0 -0 1 4
1 6.2831853071795862 -0 0 1 
1 0 -0 0 1 
1 0 0 1 0 
2 0 0 1 0 -0 1 4
1 0 7.7143344778495555 1 0 
2 0 0 1 0 -0 1 4
1 6.2831853071795862 -0 0 1 
1 0 -0 0 1 
1 0 0 1 0 
2 0 0 1 0 -0 1 4
1 0 7.5726218201848168 1 0 
2 0 0 1 0 -0 1 4
1 6.2831853071795862 -0 0 1 
1 0 -0 0 1 
1 0 0 1 0 
2 0 0 1 0 -0 1 4
1 0 7.4315237905485798 1 0 
2 0 0 1 0 -0 1 4
1 6.2831853071795862 -0 0 1 
1 0 -0 0 1 
1 0 0 1 0 
2 0 0 1 0 -0 1 4
1 0 7.2910760721577494 1 0 
2 0 0 1 0 -0 1 4
1 6.2831853071795862 -0 0 1 
1 0 -0 0 1 
1 0 0 1 0 
2 0 0 1 0 -0 1 4
1 0 7.1513169803222674 1 0 
2 0 0 1 0 -0 1 4
1 6.2831853071795862 -0 0 1 
1 0 -0 0 1 
1 0 0 1 0 
2 0 0 1 0 -0 1 4
1 0 7.0122876893813082 1 0 
2 0 0 1 0 -0 1 4
1 6.2831853071795862 -0 0 1 
1 0 -0 0 1 
1 0 0 1 0 
2 0 0 1 0 -0 1 4
1 0 6.8740324807790198 1 0 
2 0 0 1 0 -0 1 4
1 6.2831853071795862 -0 0 1 
1 0 -0 0 1 
1 0 0 1 0 
2 0 0 1 0 -0 1 4
1 0 6.7365990141547325 1 0 
2 0 0 1 0 -0 1 4
1 6.2831853071795862 -0 0 1 
1 0 -0 0 1 
1 0 0 1 0 
2 0 0 1 0 -0 1 4
1 0 6.6000386234299988 1 0 
2 0 0 1 0 -0 1 4
1 6.2831853071795862 -0 0 1 
1 0 -0 0 1 
1 0 0 1 0 
2 0 0 1 0 -0 1 4
1 0 6.464406639945893 1 0 
2 0 0 1 0 -0 1 4
1 6.2831853071795862 -0 0 1 
1 0 -0 0 1 
1 0 0 1 0 
2 0 0 1 0 -0 1 4
1 0 6.3297627447587201 1 0 
2 0 0 1 0 -0 1 4
1 6.2831853071795862 -0 0 1 
1 0 -0 0 1 
1 0 0 1 0 
2 0 0 1 0 -0 1 4
1 0 6.1961713522018025 1 0 
2 0 0 1 0 -0 1 4
1 6.2831853071795862 -0 0 1 
1 0 -0 0 1 
1 0 0 1 0 
2 0 0 1 0 -0 1 4
1 0 6.0637020267578796 1 0 
2 0 0 1 0 -0 1 4
1 6.2831853071795862 -0 0 1 
1 0 -0 0 1 
1 0 0 1 0 
2 0 0 1 0 -0 1 4
1 0 5.9324299351378285 1 0 
2 0 0 1 0 -0 1 4
1 6.2831853071795862 -0 0 1 
1 0 -0 0 1 
1 0 0 1 0 
2 0 0 1 0 -0 1 4
1 0 5.8024363351857611 1 0 
2 0 0 1 0 -0 1 4
1 6.2831853071795862 -0 0 1 
1 0 -0 0 1 
1 0 0 1 0 
2 0 0 1 0 -0 1 4
1 0 5.6738091027983515 1 0 
2 0 0 1 0 -0 1 4
1 6.2831853071795862 -0 0 1 
1 0 -0 0 1 
1 0 0 1 0 
2 0 0 1 0 -0 1 4
1 0 5.5466432974064617 1 0 
2 0 0 1 0 -0 1 4
1 6.2831853071795862 -0 0 1 
1 0 -0 0 1 
1 0 0 1 0 
2 0 0 1 0 -0 1 4
1 0 5.4210417656461187 1 0 
2 0 0 1 0 -0 1 4
1 6.2831853071795862 -0 0 1 
1 0 -0 0 1 
1 0 0 1 0 
2 0 0 1 0 -0 1 4
1 0 5.2971157815973609 1 0 
2 0 0 1 0 -0 1 4
1 6.2831853071795862 -0 0 1 
1 0 -0 0 1 
1 0 0 1 0 
2 0 0 1 0 -0 1 4
1 0 5.1749857202669318 1 0 
2 0 0 1 0 -0 1 4
1 6.2831853071795862 -0 0 1 
1 0 -0 0 1 
1 0 0 1 0 
2 0 0 1 0 -0 1 4
1 0 5.0547817587741388 1 0 
2 0 0 1 0 -0 1 4
1 6.2831853071795862 -0 0 1 
1 0 -0 0 1 
1 0 0 1 0 
2 0 0 1 0 -0 1 4
1 0 4.9366445968144257 1 0 
2 0 0 1 0 -0 1 4
1 6.2831853071795862 -0 0 1 
1 0 -0 0 1 
1 0 0 1 0 
2 0 0 1 0 -0 1 4
1 0 4.8207261843241245 1 0 
2 0 0 1 0 -0 1 4
1 6.2831853071795862 -0 0 1 
1 0 -0 0 1 
1 0 0 1 0 
2 0 0 1 0 -0 1 4
1 0 4.7071904397156938 1 0 
2 0 0 1 0 -0 1 4
1 6.2831853071795862 -0 0 1 
1 0 -0 0 1 
1 0 0 1 0 
2 0 0 1 0 -0 1 4
1 0 4.5962139364727124 1 0 
2 0 0 1 0 -0 1 4
1 6.2831853071795862 -0 0 1 
1 0 -0 0 1 
1 0 0 1 0 
2 0 0 1 0 -0 1 4
1 0 4.4879865292188104 1 0 
2 0 0 1 0 -0 1 4
1 6.2831853071795862 -0 0 1 
1 0 -0 0 1 
1 0 0 1 0 
2 0 0 1 0 -0 1 4
1 0 4.3827118825706917 1 0 
2 0 0 1 0 -0 1 4
1 6.2831853071795862 -0 0 1 
1 0 -0 0 1 
1 0 0 1 0 
2 0 0 1 0 -0 1 4
1 0 4.2806078572268573 1 0 
2 0 0 1 0 -0 1 4
1 6.2831853071795862 -0 0 1 
1 0 -0 0 1 
1 0 0 1 0 
2 0 0 1 0 -0 1 4
1 0 4.1819066981020043 1 0 
2 0 0 1 0 -0 1 4
1 6.2831853071795862 -0 0 1 
1 0 -0 0 1 
1 0 0 1 0 
2 0 0 1 0 -0 1 4
1 0 4.0868549593128449 1 0 
2 0 0 1 0 -0 1 4
1 6.2831853071795862 -0 0 1 
1 0 -0 0 1 
1 0 0 1 0 
2 0 0 1 0 -0 1 4
1 0 3.9957130912816763 1 0 
2 0 0 1 0 -0 1 4
1 6.2831853071795862 -0 0 1 
1 0 -0 0 1 
1 0 0 1 0 
2 0 0 1 0 -0 1 4
1 0 3.908754607259342 1 0 
2 0 0 1 0 -0 1 4
1 6.2831853071795862 -0 0 1 
1 0 -0 0 1 
1 0 0 1 0 
2 0 0 1 0 -0 1 4
1 0 3.8262647417883295 1 0 
2 0 0 1 0 -0 1 4
1 6.2831853071795862 -0 0 1 
1 0 -0 0 1 
1 0 0 1 0 
2 0 0 1 0 -0 1 4
1 0 3.7485385140459098 1 0 
2 0 0 1 0 -0 1 4
1 6.2831853071795862 -0 0 1 
1 0 -0 0 1 
1 0 0 1 0 
2 0 0 1 0 -0 1 4
1 0 3.6758781169770178 1 0 
2 0 0 1 0 -0 1 4
1 6.2831853071795862 -0 0 1 
1 0 -0 0 1 
1 0 0 1 0 
2 0 0 1 0 -0 1 4
1 0 3.6085895711489862 1 0 
2 0 0 1 0 -0 1 4
1 6.2831853071795862 -0 0 1 
1 0 -0 0 1 
1 0 0 1 0 
2 0 0 1 0 -0 1 4
1 0 3.5469786125224307 1 0 
2 0 0 1 0 -0 1 4
1 6.2831853071795862 -0 0 1 
1 0 -0 0 1 
1 0 0 1 0 
2 0 0 1 0 -0 1 4
1 0 3.4913458271744897 1 0 
2 0 0 1 0 -0 1 4
1 6.2831853071795862 -0 0 1 
1 0 -0 0 1 
1 0 0 1 0 
2 0 0 1 0 -0 1 4
1 0 3.4419811031899421 1 0 
2 0 0 1 0 -0 1 4
1 6.2831853071795862 -0 0 1 
1 0 -0 0 1 
1 0 0 1 0 
2 0 0 1 0 -0 1 4
1 0 3.3991575378402632 1 0 
2 0 0 1 0 -0 1 4
1 6.2831853071795862 -0 0 1 
1 0 -0 0 1 
1 0 0 1 0 
2 0 0 1 0 -0 1 4
1 0 3.3631250113468929 1 0 
2 0 0 1 0 -0 1 4
1 6.2831853071795862 -0 0 1 
1 0 -0 0 1 
1 0 0 1 0 
2 0 0 1 0 -0 1 4
1 0 3.3341037085531759 1 0 
2 0 0 1 0 -0 1 4
1 6.2831853071795862 -0 0 1 
1 0 -0 0 1 
1 0 0 1 0 
2 0 0 1 0 -0 1 4
1 0 3.3122779260473356 1 0 
2 0 0 1 0 -0 1 4
1 6.2831853071795862 -0 0 1 
1 0 -0 0 1 
1 0 0 1 0 
2 0 0 1 0 -0 1 4
1 0 3.2977905333607054 1 0 
2 0 0 1 0 -0 1 4
1 6.2831853071795862 -0 0 1 
1 0 -0 0 1 
1 0 0 1 0 
2 0 0 1 0 -0 1 4
1 0 3.2907384531467065 1 0 
2 0 0 1 0 -0 1 4
1 6.2831853071795862 -0 0 1 
1 0 -0 0 1 
1 0 0 1 0 
2 0 0 1 0 -0 1 4
1 0 3.2911694813036023 1 0 
2 0 0 1 0 -0 1 4
1 6.2831853071795862 -0 0 1 
1 0 -0 0 1 
1 0 0 1 0 
2 0 0 1 0 -0 1 4
1 0 3.299080684806059 1 0 
2 0 0 1 0 -0 1 4
1 6.2831853071795862 -0 0 1 
1 0 -0 0 1 
1 0 0 1 0 
2 0 0 1 0 -0 1 4
1 0 3.3144185006736238 1 0 
2 0 0 1 0 -0 1 4
1 6.2831853071795862 -0 0 1 
1 0 -0 0 1 
1 0 0 1 0 
2 0 0 1 0 -0 1 4
1 0 3.3370805283820384 1 0 
2 0 0 1 0 -0 1 4
1 6.2831853071795862 -0 0 1 
1 0 -0 0 1 
1 0 0 1 0 
2 0 0 1 0 -0 1 4
1 0 3.366918877958935 1 0 
2 0 0 1 0 -0 1 4
1 6.2831853071795862 -0 0 1 
1 0 -0 0 1 
1 0 0 1 0 
2 0 0 1 0 -0 1 4
1 0 3.40374482462432 1 0 
2 0 0 1 0 -0 1 4
1 6.2831853071795862 -0 0 1 
1 0 -0 0 1 
1 0 0 1 0 
2 0 0 1 0 -0 1 4
1 0 3.4473344418708507 1 0 
2 0 0 1 0 -0 1 4
1 6.2831853071795862 -0 0 1 
1 0 -0 0 1 
1 0 0 1 0 
2 0 0 1 0 -0 1 4
1 0 3.4974348456562985 1 0 
2 0 0 1 0 -0 1 4
1 6.2831853071795862 -0 0 1 
1 0 -0 0 1 
1 0 0 1 0 
2 0 0 1 0 -0 1 4
1 0 3.5537706830442946 1 0 
2 0 0 1 0 -0 1 4
1 6.2831853071795862 -0 0 1 
1 0 -0 0 1 
1 0 0 1 0 
2 0 0 1 0 -0 1 4
1 0 3.6160505331466082 1 0 
2 0 0 1 0 -0 1 4
1 6.2831853071795862 -0 0 1 
1 0 -0 0 1 
1 0 0 1 0 
2 0 0 1 0 -0 1 4
1 0 3.6839729466196895 1 0 
2 0 0 1 0 -0 1 4
1 6.2831853071795862 -0 0 1 
1 0 -0 0 1 
1 0 0 1 0 
2 0 0 1 0 -0 1 4
1 0 3.7572319208604754 1 0 
2 0 0 1 0 -0 1 4
1 6.2831853071795862 -0 0 1 
1 0 -0 0 1 
1 0 0 1 0 
2 0 0 1 0 -0 1 4
1 0 3.8355216809959707 1 0 
2 0 0 1 0 -0 1 4
1 6.2831853071795862 -0 0 1 
1 0 -0 0 1 
1 0 0 1 0 
2 0 0 1 0 -0 1 4
1 0 3.9185407036547861 1 0 
2 0 0 1 0 -0 1 4
1 6.2831853071795862 -0 0 1 
1 0 -0 0 1 
1 0 0 1 0 
2 0 0 1 0 -0 1 4
1 0 4.0059949762274423 1 0 
2 0 0 1 0 -0 1 4
1 6.2831853071795862 -0 0 1 
1 0 -0 0 1 
1 0 0 1 0 
2 0 0 1 0 -0 1 4
1 0 4.0976005265850768 1 0 
2 0 0 1 0 -0 1 4
1 6.2831853071795862 -0 0 1 
1 0 -0 0 1 
1 0 0 1 0 
2 0 0 1 0 -0 1 4
1 0 4.1930852869852853 1 0 
2 0 0 1 0 -0 1 4
1 6.2831853071795862 -0 0 1 
1 0 -0 0 1 
1 0 0 1 0 
2 0 0 1 0 -0 1 4
1 0 4.2921903726355595 1 0 
2 0 0 1 0 -0 1 4
1 6.2831853071795862 -0 0 1 
1 0 -0 0 1 
1 0 0 1 0 
2 0 0 1 0 -0 1 4
1 0 4.3946708623637916 1 0 
2 0 0 1 0 -0 1 4
1 6.2831853071795862 -0 0 1 
1 0 -0 0 1 
1 0 0 1 0 
2 0 0 1 0 -0 1 4
1 0 4.5002961685454643 1 0 
2 0 0 1 0 -0 1 4
1 6.2831853071795862 -0 0 1 
1 0 -0 0 1 
1 0 0 1 0 
2 0 0 1 0 -0 1 4
1 0 4.6088500781963972 1 0 
2 0 0 1 0 -0 1 4
1 6.2831853071795862 -0 0 1 
1 0 -0 0 1 
1 0 0 1 0 
2 0 0 1 0 -0 1 4
1 0 4.7201305389266501 1 0 
2 0 0 1 0 -0 1 4
1 6.2831853071795862 -0 0 1 
1 0 -0 0 1 
1 0 0 1 0 
2 0 0 1 0 -0 1 4
1 0 4.8339492537961517 1 0 
2 0 0 1 0 -0 1 4
1 6.2831853071795862 -0 0 1 
1 0 -0 0 1 
1 0 0 1 0 
2 0 0 1 0 -0 1 4
1 0 4.9501311391311065 1 0 
2 0 0 1 0 -0 1 4
1 6.2831853071795862 -0 0 1 
1 0 -0 0 1 
1 0 0 1 0 
2 0 0 1 0 -0 1 4
1 0 5.0685136897778991 1 0 
2 0 0 1 0 -0 1 4
1 6.2831853071795862 -0 0 1 
1 0 -0 0 1 
1 0 0 1 0 
2 0 0 1 0 -0 1 4
1 0 5.1889462875315093 1 0 
2 0 0 1 0 -0 1 4
1 6.2831853071795862 -0 0 1 
1 0 -0 0 1 
1 0 0 1 0 
2 0 0 1 0 -0 1 4
1 0 5.3112894808002755 1 0 
2 0 0 1 0 -0 1 4
1 6.2831853071795862 -0 0 1 
1 0 -0 0 1 
1 0 0 1 0 
2 0 0 1 0 -0 1 4
1 0 5.4354142570169186 1 0 
2 0 0 1 0 -0 1 4
1 6.2831853071795862 -0 0 1 
1 0 -0 0 1 
1 0 0 1 0 
2 0 0 1 0 -0 1 4
1 0 1.5707963267948966 1 0 
1 6.2831853071795862 -6.2831853071795862 0 1 
1 0 -6.2831853071795862 0 1 
1 0 -1.5707963267948966 1 0 
1 0 1.5707963267948966 1 0 
1 6.2831853071795862 -6.2831853071795862 0 1 
1 0 -6.2831853071795862 0 1 
1 0 -1.5707963267948966 1 0 
1 0 1.5707963267948966 1 0 
1 6.2831853071795862 -6.2831853071795862 0 1 
1 0 -6.2831853071795862 0 1 
1 0 -1.5707963267948966 1 0 
1 0 1.5707963267948966 1 0 
1 6.2831853071795862 -6.2831853071795862 0 1 
1 0 -6.2831853071795862 0 1 
1 0 -1.5707963267948966 1 0 
1 0 1.5707963267948966 1 0 
1 6.2831853071795862 -6.2831853071795862 0 1 
1 0 -6.2831853071795862 0 1 
1 0 -1.5707963267948966 1 0 
1 0 1.5707963267948966 1 0 
1 6.2831853071795862 -6.2831853071795862 0 1 
1 0 -6.2831853071795862 0 1 
1 0 -1.5707963267948966 1 0 
1 0 1.5707963267948966 1 0 
1 6.2831853071795862 -6.2831853071795862 0 1 
1 0 -6.2831853071795862 0 1 
1 0 -1.5707963267948966 1 0 
1 0 1.5707963267948966 1 0 
1 6.2831853071795862 -6.2831853071795862 0 1 
1 0 -6.2831853071795862 0 1 
1 0 -1.5707963267948966 1 0 
1 0 1.5707963267948966 1 0 
1 6.2831853071795862 -6.2831853071795862 0 1 
1 0 -6.2831853071795862 0 1 
1 0 -1.5707963267948966 1 0 
1 0 1.5707963267948966 1 0 
1 6.2831853071795862 -6.2831853071795862 0 1 
1 0 -6.2831853071795862 0 1 
1 0 -1.5707963267948966 1 0 
1 0 1.5707963267948966 1 0 
1 6.2831853071795862 -6.2831853071795862 0 1 
1 0 -6.2831853071795862 0 1 
1 0 -1.5707963267948966 1 0 
1 0 1.5707963267948966 1 0 
1 6.2831853071795862 -6.2831853071795862 0 1 
1 0 -6.2831853071795862 0 1 
1 0 -1.5707963267948966 1 0 
1 0 1.5707963267948966 1 0 
1 6.2831853071795862 -6.2831853071795862 0 1 
1 0 -6.2831853071795862 0 1 
1 0 -1.5707963267948966 1 0 
1 0 1.5707963267948966 1 0 
1 6.2831853071795862 -6.2831853071795862 0 1 
1 0 -6.2831853071795862 0 1 
1 0 -1.5707963267948966 1 0 
1 0 1.5707963267948966 1 0 
1 6.2831853071795862 -6.2831853071795862 0 1 
1 0 -6.2831853071795862 0 1 
1 0 -1.5707963267948966 1 0 
1 0 1.5707963267948966 1 0 
1 6.2831853071795862 -6.2831853071795862 0 1 
1 0 -6.2831853071795862 0 1 
1 0 -1.5707963267948966 1 0 
1 0 1.5707963267948966 1 0 
1 6.2831853071795862 -6.2831853071795862 0 1 
1 0 -6.2831853071795862 0 1 
1 0 -1.5707963267948966 1 0 
1 0 1.5707963267948966 1 0 
1 6.2831853071795862 -6.2831853071795862 0 1 
1 0 -6.2831853071795862 0 1 
1 0 -1.5707963267948966 1 0 
1 0 1.5707963267948966 1 0 
1 6.2831853071795862 -6.2831853071795862 0 1 
1 0 -6.2831853071795862 0 1 
1 0 -1.5707963267948966 1 0 
1 0 1.5707963267948966 1 0 
1 6.2831853071795862 -6.2831853071795862 0 1 
1 0 -6.2831853071795862 0 1 
1 0 -1.5707963267948966 1 0 
1 0 1.5707963267948966 1 0 
1 6.2831853071795862 -6.2831853071795862 0 1 
1 0 -6.2831853071795862 0 1 
1 0 -1.5707963267948966 1 0 
1 0 1.5707963267948966 1 0 
1 6.2831853071795862 -6.2831853071795862 0 1 
1 0 -6.2831853071795862 0 1 
1 0 -1.5707963267948966 1 0 
1 0 1.5707963267948966 1 0 
1 6.2831853071795862 -6.2831853071795862 0 1 
1 0 -6.2831853071795862 0 1 
1 0 -1.5707963267948966 1 0 
1 0 1.5707963267948966 1 0 
1 6.2831853071795862 -6.2831853071795862 0 1 
1 0 -6.2831853071795862 0 1 
1 0 -1.5707963267948966 1 0 
1 0 1.5707963267948966 1 0 
1 6.2831853071795862 -6.2831853071795862 0 1 
1 0 -6.2831853071795862 0 1 
1 0 -1.5707963267948966 1 0 
1 0 1.5707963267948966 1 0 
1 6.2831853071795862 -6.2831853071795862 0 1 
1 0 -6.2831853071795862 0 1 
1 0 -1.5707963267948966 1 0 
1 0 1.5707963267948966 1 0 
1 6.2831853071795862 -6.2831853071795862 0 1 
1 0 -6.2831853071795862 0 1 
1 0 -1.5707963267948966 1 0 
1 0 1.5707963267948966 1 0 
1 6.2831853071795862 -6.2831853071795862 0 1 
1 0 -6.2831853071795862 0 1 
1 0 -1.5707963267948966 1 0 
1 0 1.5707963267948966 1 0 
1 6.2831853071795862 -6.2831853071795862 0 1 
1 0 -6.2831853071795862 0 1 
1 0 -1.5707963267948966 1 0 
1 0 1.5707963267948966 1 0 
1 6.2831853071795862 -6.2831853071795862 0 1 
1 0 -6.2831853071795862 0 1 
1 0 -1.5707963267948966 1 0 
1 0 1.5707963267948966 1 0 
1 6.2831853071795862 -6.2831853071795862 0 1 
1 0 -6.2831853071795862 0 1 
1 0 -1.5707963267948966 1 0 
1 0 1.5707963267948966 1 0 
1 6.2831853071795862 -6.2831853071795862 0 1 
1 0 -6.2831853071795862 0 1 
1 0 -1.5707963267948966 1 0 
1 0 1.5707963267948966 1 0 
1 6.2831853071795862 -6.2831853071795862 0 1 
1 0 -6.2831853071795862 0 1 
1 0 -1.5707963267948966 1 0 
1 0 1.5707963267948966 1 0 
1 6.2831853071795862 -6.2831853071795862 0 1 
1 0 -6.2831853071795862 0 1 
1 0 -1.5707963267948966 1 0 
1 0 1.5707963267948966 1 0 
1 6.2831853071795862 -6.2831853071795862 0 1 
1 0 -6.2831853071795862 0 1 
1 0 -1.5707963267948966 1 0 
1 0 1.5707963267948966 1 0 
1 6.2831853071795862 -6.2831853071795862 0 1 
1 0 -6.2831853071795862 0 1 
1 0 -1.5707963267948966 1 0 
1 0 1.5707963267948966 1 0 
1 6.2831853071795862 -6.2831853071795862 0 1 
1 0 -6.2831853071795862 0 1 
1 0 -1.5707963267948966 1 0 
1 0 1.5707963267948966 1 0 
1 6.2831853071795862 -6.2831853071795862 0 1 
1 0 -6.2831853071795862 0 1 
1 0 -1.5707963267948966 1 0 
1 0 1.5707963267948966 1 0 
1 6.2831853071795862 -6.2831853071795862 0 1 
1 0 -6.2831853071795862 0 1 
1 0 -1.5707963267948966 1 0 
1 0 1.5707963267948966 1 0 
1 6.2831853071795862 -6.2831853071795862 0 1 
1 0 -6.2831853071795862 0 1 
1 0 -1.5707963267948966 1 0 
1 0 1.5707963267948966 1 0 
1 6.2831853071795862 -6.2831853071795862 0 1 
1 0 -6.2831853071795862 0 1 
1 0 -1.5707963267948966 1 0 
1 0 1.5707963267948966 1 0 
1 6.2831853071795862 -6.2831853071795862 0 1 
1 0 -6.2831853071795862 0 1 
1 0 -1.5707963267948966 1 0 
1 0 1.5707963267948966 1 0 
1 6.2831853071795862 -6.2831853071795862 0 1 
1 0 -6.2831853071795862 0 1 
1 0 -1.5707963267948966 1 0 
1 0 1.5707963267948966 1 0 
1 6.2831853071795862 -6.2831853071795862 0 1 
1 0 -6.2831853071795862 0 1 
1 0 -1.5707963267948966 1 0 
1 0 1.5707963267948966 1 0 
1 6.2831853071795862 -6.2831853071795862 0 1 
1 0 -6.2831853071795862 0 1 
1 0 -1.5707963267948966 1 0 
1 0 1.5707963267948966 1 0 
1 6.2831853071795862 -6.2831853071795862 0 1 
1 0 -6.2831853071795862 0 1 
1 0 -1.5707963267948966 1 0 
1 0 1.5707963267948966 1 0 
1 6.2831853071795862 -6.2831853071795862 0 1 
1 0 -6.2831853071795862 0 1 
1 0 -1.5707963267948966 1 0 
1 0 1.5707963267948966 1 0 
1 6.2831853071795862 -6.2831853071795862 0 1 
1 0 -6.2831853071795862 0 1 
1 0 -1.5707963267948966 1 0 
1 0 1.5707963267948966 1 0 
1 6.2831853071795862 -6.2831853071795862 0 1 
1 0 -6.2831853071795862 0 1 
1 0 -1.5707963267948966 1 0 
1 0 1.5707963267948966 1 0 
1 6.2831853071795862 -6.2831853071795862 0 1 
1 0 -6.2831853071795862 0 1 
1 0 -1.5707963267948966 1 0 
1 0 1.5707963267948966 1 0 
1 6.2831853071795862 -6.2831853071795862 0 1 
1 0 -6.2831853071795862 0 1 
1 0 -1.5707963267948966 1 0 
1 0 1.5707963267948966 1 0 
1 6.2831853071795862 -6.2831853071795862 0 1 
1 0 -6.2831853071795862 0 1 
1 0 -1.5707963267948966 1 0 
1 0 1.5707963267948966 1 0 
1 6.2831853071795862 -6.2831853071795862 0 1 
1 0 -6.2831853071795862 0 1 
1 0 -1.5707963267948966 1 0 
1 0 1.5707963267948966 1 0 
1 6.2831853071795862 -6.2831853071795862 0 1 
1 0 -6.2831853071795862 0 1 
1 0 -1.5707963267948966 1 0 
1 0 1.5707963267948966 1 0 
1 6.2831853071795862 -6.2831853071795862 0 1 
1 0 -6.2831853071795862 0 1 
1 0 -1.5707963267948966 1 0 
1 0 1.5707963267948966 1 0 
1 6.2831853071795862 -6.2831853071795862 0 1 
1 0 -6.2831853071795862 0 1 
1 0 -1.5707963267948966 1 0 
1 0 1.5707963267948966 1 0 
1 6.2831853071795862 -6.2831853071795862 0 1 
1 0 -6.2831853071795862 0 1 
1 0 -1.5707963267948966 1 0 
1 0 1.5707963267948966 1 0 
1 6.2831853071795862 -6.2831853071795862 0 1 
1 0 -6.2831853071795862 0 1 
1 0 -1.5707963267948966 1 0 
1 0 1.5707963267948966 1 0 
1 6.2831853071795862 -6.2831853071795862 0 1 
1 0 -6.2831853071795862 0 1 
1 0 -1.5707963267948966 1 0 
1 0 1.5707963267948966 1 0 
1 6.2831853071795862 -6.2831853071795862 0 1 
1 0 -6.2831853071795862 0 1 
1 0 -1.5707963267948966 1 0 
1 0 1.5707963267948966 1 0 
1 6.2831853071795862 -6.2831853071795862 0 1 
1 0 -6.2831853071795862 0 1 
1 0 -1.5707963267948966 1 0 
1 0 1.5707963267948966 1 0 
1 6.2831853071795862 -6.2831853071795862 0 1 
1 0 -6.2831853071795862 0 1 
1 0 -1.5707963267948966 1 0 
1 0 1.5707963267948966 1 0 
1 6.2831853071795862 -6.2831853071795862 0 1 
1 0 -6.2831853071795862 0 1 
1 0 -1.5707963267948966 1 0 
1 0 1.5707963267948966 1 0 
1 6.2831853071795862 -6.2831853071795862 0 1 
1 0 -6.2831853071795862 0 1 
1 0 -1.5707963267948966 1 0 
1 0 1.5707963267948966 1 0 
1 6.2831853071795862 -6.2831853071795862 0 1 
1 0 -6.2831853071795862 0 1 
1 0 -1.5707963267948966 1 0 
1 0 1.5707963267948966 1 0 
1 6.2831853071795862 -6.2831853071795862 0 1 
1 0 -6.2831853071795862 0 1 
1 0 -1.5707963267948966 1 0 
1 0 1.5707963267948966 1 0 
1 6.2831853071795862 -6.2831853071795862 0 1 
1 0 -6.2831853071795862 0 1 
1 0 -1.5707963267948966 1 0 
1 0 1.5707963267948966 1 0 
1 6.2831853071795862 -6.2831853071795862 0 1 
1 0 -6.2831853071795862 0 1 
1 0 -1.5707963267948966 1 0 
1 0 1.5707963267948966 1 0 
1 6.2831853071795862 -6.2831853071795862 0 1 
1 0 -6.2831853071795862 0 1 
1 0 -1.5707963267948966 1 0 
1 0 1.5707963267948966 1 0 
1 6.2831853071795862 -6.2831853071795862 0 1 
1 0 -6.2831853071795862 0 1 
1 0 -1.5707963267948966 1 0 
1 0 1.5707963267948966 1 0 
1 6.2831853071795862 -6.2831853071795862 0 1 
1 0 -6.2831853071795862 0 1 
1 0 -1.5707963267948966 1 0 
1 0 1.5707963267948966 1 0 
1 6.2831853071795862 -6.2831853071795862 0 1 
1 0 -6.2831853071795862 0 1 
1 0 -1.5707963267948966 1 0 
1 0 1.5707963267948966 1 0 
1 6.2831853071795862 -6.2831853071795862 0 1 
1 0 -6.2831853071795862 0 1 
1 0 -1.5707963267948966 1 0 
1 0 1.5707963267948966 1 0 
1 6.2831853071795862 -6.2831853071795862 0 1 
1 0 -6.2831853071795862 0 1 
1 0 -1.5707963267948966 1 0 
1 0 1.5707963267948966 1 0 
1 6.2831853071795862 -6.2831853071795862 0 1 
1 0 -6.2831853071795862 0 1 
1 0 -1.5707963267948966 1 0 
1 0 1.5707963267948966 1 0 
1 6.2831853071795862 -6.2831853071795862 0 1 
1 0 -6.2831853071795862 0 1 
1 0 -1.5707963267948966 1 0 
1 0 1.5707963267948966 1 0 
1 6.2831853071795862 -6.2831853071795862 0 1 
1 0 -6.2831853071795862 0 1 
1 0 -1.5707963267948966 1 0 
1 0 1.5707963267948966 1 0 
1 6.2831853071795862 -6.2831853071795862 0 1 
1 0 -6.2831853071795862 0 1 
1 0 -1.5707963267948966 1 0 
1 0 1.5707963267948966 1 0 
1 6.2831853071795862 -6.2831853071795862 0 1 
1 0 -6.2831853071795862 0 1 
1 0 -1.5707963267948966 1 0 
1 0 1.5707963267948966 1 0 
1 6.2831853071795862 -6.2831853071795862 0 1 
1 0 -6.2831853071795862 0 1 
1 0 -1.5707963267948966 1 0 
1 0 1.5707963267948966 1 0 
1 6.2831853071795862 -6.2831853071795862 0 1 
1 0 -6.2831853071795862 0 1 
1 0 -1.5707963267948966 1 0 
Curves 321
2 308.07661463391787 912.20964497281318 517.62346693333404 0.9261110880093737 -0.017721874918040517 -0.37683443024156305 0.37689361940837501 -1.7347234759768071e-18 0.92625655174430754 -0.016415002752028143 -0.99984295524316691 0.0066792615805627877 4
1 301.50757447763351 912.36419744082343 524.61486613946738 0.9261110880093737 -0.017721874918040517 -0.37683443024156305 
2 300 912.36419744082343 520.90983993249017 0.9261110880093737 -0.017721874918040517 -0.37683443024156305 0.37689361940837501 -1.7347234759768071e-18 0.92625655174430754 -0.016415002752028143 -0.99984295524316691 0.0066792615805627877 4
2 315.99622636571127 912.05509250480281 514.33709393417791 0.92348348489635679 -0.01802192539118638 -0.38321464393845206 0.38327689120460579 -8.6736173798840374e-19 0.92363349044333209 -0.016645653853570794 -0.99983759191440413 0.0069073875374552644 4
1 309.60972219873628 912.20964497281318 521.31800089510739 0.92348348489635701 -0.018021925391186383 -0.38321464393845217 
2 308.07661463391787 912.20964497281318 517.62346693333404 0.92348348489635679 -0.01802192539118638 -0.38321464393845206 0.38327689120460579 -8.6736173798840374e-19 0.92363349044333209 -0.016645653853570794 -0.99983759191440413 0.0069073875374552644 4
2 323.75883519538013 911.90054003679256 511.05072093502179 0.92071915927798131 -0.0183313910997118 -0.38979506133197284 0.38986057118952694 0 0.9208738974646723 -0.016880899567940814 -0.99983196593245083 0.0071466866048322548 4
1 317.55566865046939 912.05509250480281 518.02058952403661 0.92071915927798142 -0.018331391099711804 -0.38979506133197289 
2 315.99622636571127 912.05509250480281 514.33709393417791 0.92071915927798131 -0.0183313910997118 -0.38979506133197284 0.38986057118952694 0 0.9208738974646723 -0.016880899567940814 -0.99983196593245083 0.0071466866048322548 4
2 331.36444112292452 911.7459875687822 507.7643479358656 0.91780891225626504 -0.018650668191654972 -0.39658410603423866 0.39665309941397831 0 0.91796858264609726 -0.017120727445296163 -0.99982606116064243 0.0073978453443616426 4
1 325.34544759303606 911.90054003679256 514.72259526560617 0.91780891225626515 -0.018650668191654975 -0.39658410603423871 
2 323.75883519538013 911.90054003679256 511.05072093502179 0.91780891225626504 -0.018650668191654972 -0.39658410603423866 0.39665309941397831 0 0.91796858264609726 -0.017120727445296163 -0.99982606116064243 0.0073978453443616426 4
2 338.81304414834437 911.59143510077195 504.47797493670953 0.91474280188176837 -0.0189801707975263 -0.40359058403534204 0.40366329980770982 0 0.91490761303442603 -0.01736510275935051 -0.99981986033309866 0.0076615983750433986 4
1 332.97909432215533 911.7459875687822 511.42397838800332 0.91474280188176849 -0.018980170797526303 -0.40359058403534209 
2 331.36444112292452 911.7459875687822 507.7643479358656 0.91474280188176837 -0.0189801707975263 -0.40359058403534204 0.40366329980770982 0 0.91490761303442603 -0.01736510275935051 -0.99981986033309866 0.0076615983750433986 4
2 346.10464427163976 911.43688263276169 501.19160193755346 0.91151007513027937 -0.019320331524697868 -0.41082369421172421 0.41090039083451424 -8.6736173798840355e-19 0.9116802448293172 -0.017613964574620125 -0.99981334497483865 0.0079387317745507387 4
1 340.45664571168243 911.59143510077195 508.12469591602678 0.91151007513027937 -0.019320331524697868 -0.41082369421172421 
2 338.81304414834437 911.59143510077195 504.47797493670953 0.91151007513027937 -0.019320331524697868 -0.41082369421172421 0.41090039083451424 -8.6736173798840355e-19 0.9116802448293172 -0.017613964574620125 -0.99981334497483865 0.0079387317745507387 4
2 353.23924149281061 911.28233016475133 497.90522893839727 0.90809909323861104 -0.019671601872848225 -0.41829303716290633 0.41837399448973112 -3.4694469519536142e-18 0.90827484867451136 -0.017867221214246456 -0.99980649531784715 0.0082300866535551832 4
1 347.77814024959866 911.43688263276169 504.82470133225149 0.90809909323861104 -0.019671601872848225 -0.41829303716290633 
2 346.10464427163976 911.43688263276169 501.19160193755346 0.90809909323861104 -0.019671601872848225 -0.41829303716290633 0.41837399448973112 -3.4694469519536142e-18 0.90827484867451136 -0.017867221214246456 -0.99980649531784715 0.0082300866535551832 4
2 360.21683581185698 911.12777769674108 494.6188559392412 0.90449724977331369 -0.020034452544678186 -0.42600862181855764 0.42609414308308385 -1.7347234759768071e-18 0.90467882766774899 -0.018124745041084613 -0.99979929021340841 0.0085365628891633585 4
1 354.94361806514291 911.28233016475133 501.52394424906828 0.90449724977331369 -0.020034452544678186 -0.42600862181855764 
2 353.23924149281061 911.28233016475133 497.90522893839727 0.90449724977331369 -0.020034452544678186 -0.42600862181855764 0.42609414308308385 -1.7347234759768071e-18 0.90467882766774899 -0.018124745041084613 -0.99979929021340841 0.0085365628891633585 4
2 367.03742722877882 910.97322522873071 491.33248294008496 0.90069088076491055 -0.020409373619900827 -0.4339808691352337 0.43407128312710758 0 0.90087852741886709 -0.018386366452237731 -0.99979170704124332 0.0088591229950108919 4
1 361.95312094436542 911.12777769674108 498.22237004891667 0.90069088076491066 -0.02040937361990083 -0.43398086913523376 
2 360.21683581185698 911.12777769674108 494.6188559392412 0.90069088076491055 -0.020409373619900827 -0.4339808691352337 0.43407128312710758 0 0.90087852741886709 -0.018386366452237731 -0.99979170704124332 0.0088591229950108919 4
2 373.70101574357619 910.81867276072046 488.04610994092889 0.89666516620348136 -0.020796874553077754 -0.44222061205478269 0.44231627550395847 -1.7347234759768071e-18 0.89685913744818724 -0.018651866973291468 -0.99978372161624218 0.0091987960944404003 4
1 368.80669233079465 910.97322522873071 494.91991948987771 0.89666516620348147 -0.020796874553077757 -0.44222061205478275 
2 367.03742722877882 910.97322522873071 491.33248294008496 0.89666516620348136 -0.020796874553077754 -0.44222061205478269 0.44231627550395847 -1.7347234759768071e-18 0.89685913744818724 -0.018651866973291468 -0.99978372161624218 0.0091987960944404003 4
2 380.20760135624903 910.66412029271021 484.75973694177281 0.89240402216064818 -0.021197483948965687 -0.45073909072292667 0.45084039090971134 1.7347234759768067e-18 0.89260458318584635 -0.01892097132485519 -0.99977530809389037 0.0095566819498540262 4
1 375.50437730721507 910.81867276072046 491.61652827367226 0.89240402216064818 -0.021197483948965687 -0.45073909072292667 
2 373.70101574357619 910.81867276072046 488.04610994092889 0.89240402216064818 -0.021197483948965687 -0.45073909072292667 0.45084039090971134 1.7347234759768067e-18 0.89260458318584635 -0.01892097132485519 -0.99977530809389037 0.0095566819498540262 4
2 386.55718406679739 910.50956782469984 481.47336394261663 0.88788998278499232 -0.021611749057640094 -0.4595479417566089 0.45965529936501082 1.7347234759768071e-18 0.88809740781384017 -0.019193338316413368 -0.99976643887593553 0.0099339549828910498 4
1 382.04622255370907 910.66412029271021 488.31212657302819 0.88788998278499243 -0.021611749057640097 -0.45954794175660896 
2 380.20760135624903 910.66412029271021 484.75973694177281 0.88788998278499232 -0.021611749057640094 -0.4595479417566089 0.45965529936501082 1.7347234759768071e-18 0.88809740781384017 -0.019193338316413368 -0.99976643887593553 0.0099339549828910498 4
2 392.74976387522122 910.35501535668959 478.18699094346056 0.88310407141470249 -0.022040234921378105 -0.46865918010360857 0.468773052335406 1.7347234759768067e-18 0.88331864318837205 -0.019468550406304682 -0.99975708451833967 0.010331868198283823 4
1 388.43227627613902 910.50956782469984 485.00663851537013 0.88310407141470249 -0.022040234921378105 -0.46865918010360857 
2 386.55718406679739 910.50956782469984 481.47336394261663 0.88310407141470249 -0.022040234921378105 -0.46865918010360857 0.468773052335406 1.7347234759768067e-18 0.88331864318837205 -0.019468550406304682 -0.99975708451833967 0.010331868198283823 4
2 398.78534078152057 910.20046288867934 474.90061794430437 0.87802566007301652 -0.022483523091054201 -0.47808517174532578 0.47820605571145336 -1.7347234759768071e-18 0.8782476691007467 -0.019746101747891168 -0.99974721364423635 0.010751756895870412 4
1 394.66258809806703 910.35501535668959 481.69998161986354 0.87802566007301652 -0.022483523091054201 -0.47808517174532578 
2 392.74976387522122 910.35501535668959 478.18699094346056 0.87802566007301652 -0.022483523091054201 -0.47808517174532578 0.47820605571145336 -1.7347234759768071e-18 0.8782476691007467 -0.019746101747891168 -0.99974721364423635 0.010751756895870412 4
2 404.6639147856954 910.04591042066909 471.61424494514824 0.87263231666645824 -0.022942209813217446 -0.4878385951502982 0.48796703155443077 -1.7347234759768067e-18 0.8728620601881818 -0.020025384522834505 -0.99973679286544537 0.01119504201985465 4
1 400.73720890773831 910.20046288867934 478.3920661850571 0.87263231666645824 -0.022942209813217446 -0.4878385951502982 
2 398.78534078152057 910.20046288867934 474.90061794430437 0.87263231666645824 -0.022942209813217446 -0.4878385951502982 0.48796703155443077 -1.7347234759768067e-18 0.8728620601881818 -0.020025384522834505 -0.99973679286544537 0.01119504201985465 4
2 410.38548588774574 909.89135795265884 468.32787194599217 0.86689963930497171 -0.023416903571078156 -0.49793238898474268 0.49806896611104595 -3.4694469519536126e-18 0.86713741990360094 -0.02030567334475613 -0.99972578671710921 0.011663232951168952 4
1 406.65619065013959 910.04591042066909 475.08279462476264 0.86689963930497149 -0.023416903571078153 -0.49793238898474257 
2 404.6639147856954 910.04591042066909 471.61424494514824 0.86689963930497171 -0.023416903571078156 -0.49793238898474268 0.49806896611104595 -3.4694469519536126e-18 0.86713741990360094 -0.02030567334475613 -0.99972578671710921 0.011663232951168952 4
2 415.95005408767156 909.73680548464847 465.04149894683599 0.86080107732399569 -0.023908221839778782 -0.50837968311716419 0.50852504112963737 0 0.86104720111275013 -0.020586107498724245 -0.99971415761129445 0.012157929494409999 4
1 412.41958605226432 909.89135795265884 471.77206075044319 0.8608010773239958 -0.023908221839778785 -0.5083796831171643 
2 410.38548588774574 909.89135795265884 468.32787194599217 0.86080107732399569 -0.023908221839778782 -0.50837968311716419 0.50852504112963737 0 0.86104720111275013 -0.020586107498724245 -0.99971415761129445 0.012157929494409999 4
2 421.3576193854729 909.58225301663822 461.75512594767991 0.85430773882939082 -0.024416786891140099 -0.51919370941309151 0.51934854496725802 3.4694469519536157e-18 0.85456251312609777 -0.020865670768157044 -0.99970186581696086 0.012680822744689237 4
1 418.02744826754059 909.73680548464847 468.45974899934038 0.85430773882939104 -0.024416786891140106 -0.51919370941309162 
2 415.95005408767156 909.73680548464847 465.04149894683599 0.85430773882939082 -0.024416786891140099 -0.51919370941309151 0.51934854496725802 3.4694469519536157e-18 0.85456251312609777 -0.020865670768157044 -0.99970186581696086 0.012680822744689237 4
2 426.60818178114971 909.42770054862785 458.46875294852373 0.8473881849331083 -0.024943220454264121 -0.53038768819528792 0.5305527593535363 1.7347234759768071e-18 0.84765191531804407 -0.021143168592257199 -0.99968886947558344 0.013233694439173401 4
1 423.47983042288706 909.58225301663822 465.14573360895207 0.84738818493310841 -0.024943220454264125 -0.53038768819528803 
2 421.3576193854729 909.58225301663822 461.75512594767991 0.8473881849331083 -0.024943220454264121 -0.53038768819528792 0.5305527593535363 1.7347234759768071e-18 0.84765191531804407 -0.021143168592257199 -0.99968886947558344 0.013233694439173401 4
2 431.70174127470204 909.2731480806176 455.1823799493676 0.84000821133286163 -0.025488137004134305 -0.54197468553930173 0.54215081696810685 3.469446951953615e-18 0.84028119796935508 -0.021417202295841018 -0.99967512466403741 0.013818414299786452 4
1 428.77678504902212 909.42770054862797 461.82987774040117 0.84000821133286163 -0.025488137004134305 -0.54197468553930173 
2 426.60818178114971 909.42770054862785 458.46875294852373 0.84000821133286163 -0.025488137004134305 -0.54197468553930173 0.54215081696810685 3.469446951953615e-18 0.84028119796935508 -0.021417202295841018 -0.99967512466403741 0.013818414299786452 4
2 436.63829786612985 909.11859561260735 451.89600695021153 0.83213061854949844 -0.026052135415006963 -0.55396743578729168 0.55415552419689484 0 0.83241315162728224 -0.021686140147426682 -0.99966058551906412 0.014436934757351673 4
1 433.91836337148965 909.2731480806176 458.51203255587671 0.83213061854949844 -0.026052135415006963 -0.55396743578729168 
2 431.70174127470204 909.2731480806176 455.1823799493676 0.83213061854949844 -0.026052135415006963 -0.55396743578729168 0.55415552419689484 0 0.83241315162728224 -0.021686140147426682 -0.99966058551906412 0.014436934757351673 4
2 441.41785155543317 908.96404314459699 448.60963395105534 0.82371497302267482 -0.026635788672624443 -0.56637812279434074 0.56657914255797104 -1.7347234759768071e-18 0.82400732716297753 -0.021948085031007182 -0.99964520444094929 0.015091282307490874 4
1 438.90461443636173 909.11859561260735 455.19203625886342 0.82371497302267493 -0.026635788672624446 -0.56637812279434085 
2 436.63829786612985 909.11859561260735 451.89600695021153 0.82371497302267482 -0.026635788672624443 -0.56637812279434074 0.56657914255797104 -1.7347234759768071e-18 0.82400732716297753 -0.021948085031007182 -0.99964520444094929 0.015091282307490874 4
2 446.04040234261197 908.80949067658673 445.32326095189927 0.81471736243274906 -0.027239631297081467 -0.57921811249081612 0.57943312134978087 0 0.8150197898719086 -0.022200838575935602 -0.99962893239781692 0.015783544586885096 4
1 443.73558404083229 908.96404314459699 451.86971311054299 0.81471736243274906 -0.027239631297081467 -0.57921811249081612 
2 441.41785155543317 908.96404314459699 448.60963395105534 0.81471736243274906 -0.027239631297081467 -0.57921811249081612 0.57943312134978087 0 0.8150197898719086 -0.022200838575935602 -0.99962893239781692 0.015783544586885096 4
2 450.50595022766629 908.65493820857637 442.03688795274309 0.80509015013501095 -0.027864144081994977 -0.59249762837513831 0.5927277730963797 -1.7347234759768067e-18 0.80540287248072739 -0.022441861682855616 -0.99961171935635995 0.01651585207095755 4
1 448.41131343499751 908.80949067658673 448.54487244182218 0.80509015013501095 -0.027864144081994977 -0.59249762837513831 
2 446.04040234261197 908.80949067658673 445.32326095189927 0.80509015013501095 -0.027864144081994977 -0.59249762837513831 0.5927277730963797 -1.7347234759768067e-18 0.80540287248072739 -0.022441861682855616 -0.99961171935635995 0.01651585207095755 4
2 454.81449521059608 908.50038574056612 438.75051495358701 0.79478173553902975 -0.028509735709780316 -0.60622536059070153 0.60647188239277938 0 0.79510493387159831 -0.022668231526221626 -0.99959351486979875 0.017290353082431115 4
1 452.93183775723742 908.65493820857637 445.21730768822948 0.79478173553902987 -0.028509735709780319 -0.60622536059070165 
2 450.50595022766629 908.65493820857637 442.03688795274309 0.79478173553902975 -0.028509735709780316 -0.60622536059070153 0.60647188239277938 0 0.79510493387159831 -0.022668231526221626 -0.99959351486979875 0.017290353082431115 4
2 458.96603729140139 908.34583327255586 435.46414195443089 0.78373632972647689 -0.029176720763246358 -0.62040799836266991 0.62067223786252723 0 0.78407013279854154 -0.022876595323464536 -0.99957426885924971 0.018109180569614181 4
1 457.29718416204616 908.50038574056612 441.8867954847812 0.78373632972647689 -0.029176720763246358 -0.62040799836266991 
2 454.81449521059608 908.50038574056612 438.75051495358701 0.78373632972647689 -0.029176720763246358 -0.62040799836266991 0.62067223786252723 0 0.78407013279854154 -0.022876595323464536 -0.99957426885924971 0.018109180569614181 4
2 462.96057647008217 908.1912808045455 432.1777689552747 0.77189375867007004 -0.029865293619089132 -0.63504967487845942 0.63533307623254764 0 0.77223822894550354 -0.023063121451342844 -0.99955393263047376 0.018974408867604178 4
1 461.50736959633156 908.34583327255586 438.55309487021287 0.77189375867007015 -0.029865293619089135 -0.63504967487845954 
2 458.96603729140139 908.34583327255586 435.46414195443089 0.77189375867007004 -0.029865293619089132 -0.63504967487845942 0.63533307623254764 0 0.77223822894550354 -0.023063121451342844 -0.99955393263047376 0.018974408867604178 4
2 466.79811274663848 908.03672833653525 428.89139595611863 0.75918931018041969 -0.03057549769423339 -0.650151313348307 0.65045542716578542 3.4694469519536142e-18 0.75954442745014972 -0.023223448890169869 -0.9995324601736304 0.019887998413509071 4
1 465.5623981787453 908.1912808045455 435.21594666507531 0.75918931018041969 -0.03057549769423339 -0.650151313348307 
2 462.96057647008217 908.1912808045455 432.1777689552747 0.75918931018041969 -0.03057549769423339 -0.650151313348307 0.65045542716578542 3.4694469519536142e-18 0.75954442745014972 -0.023223448890169869 -0.9995324601736304 0.019887998413509071 4
2 470.47864612107026 907.88217586852488 425.60502295696244 0.74555364524454348 -0.031307189525066635 -0.6657098631886228 0.66603634767989583 -1.7347234759768071e-18 0.74591928757019355 -0.023352636506362729 -0.99950980979880422 0.020851726167397673 4
1 469.46225813735805 908.03672833653525 431.87507310639938 0.74555364524454348 -0.031307189525066635 -0.6657098631886228 
2 466.79811274663848 908.03672833653525 428.89139595611863 0.74555364524454348 -0.031307189525066635 -0.6657098631886228 0.66603634767989583 -1.7347234759768071e-18 0.74591928757019355 -0.023352636506362729 -0.99950980979880422 0.020851726167397673 4
2 474.00217659337756 907.72762340051463 422.31864995780637 0.73091279976966916 -0.032059997208059694 -0.68171741631843541 0.68206803600887034 3.4694469519536134e-18 0.73128872154232127 -0.023445114370932354 -0.99948594616383635 0.021867099330151143 4
1 473.20691826510574 907.88217586852488 428.53017784313175 0.73091279976966905 -0.032059997208059687 -0.6817174163184353 
2 470.47864612107026 907.88217586852488 425.60502295696244 0.73091279976966916 -0.032059997208059694 -0.68171741631843541 0.68206803600887034 3.4694469519536134e-18 0.73128872154232127 -0.023445114370932354 -0.99948594616383635 0.021867099330151143 4
2 477.36870416356032 907.57307093250438 419.0322769586503 0.71518830888560792 -0.032833272838561085 -0.69816019582045274 0.69853681700827808 -3.4694469519536142e-18 0.71557411585659225 -0.023494640182131616 -0.99946084275208547 0.022935249900612808 4
1 476.79632386141066 907.72762340051463 425.18094642123276 0.71518830888560792 -0.032833272838561085 -0.69816019582045274 
2 474.00217659337756 907.72762340051463 422.31864995780637 0.71518830888560792 -0.032833272838561085 -0.69816019582045274 0.69853681700827808 -3.4694469519536142e-18 0.71557411585659225 -0.023494640182131616 -0.99946084275208547 0.022935249900612808 4
2 480.57822883161862 907.41851846449401 415.74590395949406 0.69829749276670727 -0.033626038767241129 -0.71501741315338219 -0.71542199512689131 0 -0.69869261402183036 0.023494264925483111 0.9994344848547223 -0.024056807743073842 4
1 474.50701618305277 907.57307093250438 416.23750650256295 0.69829749276670727 -0.033626038767241129 -0.71501741315338219 
2 477.36870416356032 907.57307093250438 419.0322769586503 0.69829749276670727 -0.033626038767241129 -0.71501741315338219 -0.71542199512689131 0 -0.69869261402183036 0.023494264925483111 0.9994344848547223 -0.024056807743073842 4
2 483.63075059755238 907.26396599648376 412.45953096033799 0.6801539501200532 -0.034436927785777789 -0.73225999627233851 -0.73269457713363007 0 -0.68055760714209279 0.023436313171213981 0.99940687310258036 -0.025231750241781814 4
1 477.6474505230841 907.41851846449401 413.02367353092569 0.68015395012005331 -0.034436927785777796 -0.73225999627233862 
2 480.57822883161862 907.41851846449401 415.74590395949406 0.6801539501200532 -0.034436927785777789 -0.73225999627233851 -0.73269457713363007 0 -0.68055760714209279 0.023436313171213981 0.99940687310258036 -0.025231750241781814 4
2 486.52626946136166 907.1094135284734 409.1731579611818 0.66066831254052494 -0.035264117777167731 -0.7498492000410838 -0.75031587582675086 3.4694469519536134e-18 -0.66107948575215647 0.02331238484563353 0.99937802757384964 -0.026459227415233301 4
1 480.62948709424535 907.26396599648376 409.81521301732937 0.66066831254052494 -0.035264117777167731 -0.7498492000410838 
2 483.63075059755238 907.26396599648376 412.45953096033799 0.66066831254052494 -0.035264117777167731 -0.7498492000410838 -0.75031587582675086 3.4694469519536134e-18 -0.66107948575215647 0.02331238484563353 0.99937802757384964 -0.026459227415233301 4
2 489.26478542304642 906.95486106046314 405.88678496202573 0.63974931902752485 -0.036105261954636682 -0.76773512285358247 -0.76823601852041179 0 -0.64016671254283886 0.023113386850997796 0.9993479924726858 -0.027737362691666587 4
1 483.45332538728002 907.1094135284734 406.61249111101046 0.63974931902752485 -0.036105261954636682 -0.76773512285358247 
2 486.52626946136166 907.1094135284734 409.1731579611818 0.63974931902752485 -0.036105261954636682 -0.76773512285358247 -0.76823601852041179 0 -0.64016671254283886 0.023113386850997796 0.9993479924726858 -0.027737362691666587 4
2 491.8462984826067 906.80030859245289 402.60041196286966 0.61730527386752132 -0.036957416596691814 -0.78585516999880023 -0.78639240078828132 0 -0.61772727961653373 0.022829604415929367 0.99931684132636267 -0.029063031564405147 4
1 486.11921581989327 906.95486106046314 403.4158758435596 0.61730527386752132 -0.036957416596691814 -0.78585516999880023 
2 489.26478542304642 906.95486106046314 405.88678496202573 0.61730527386752132 -0.036957416596691814 -0.78585516999880023 -0.78639240078828132 0 -0.61772727961653373 0.022829604415929367 0.99931684132636267 -0.029063031564405147 4
2 494.27080864004245 906.64575612444264 399.31403896371347 0.5932459511221313 -0.037816969172852127 -0.80413252534627488 -0.804708147100475 0 -0.59367061405304566 0.022450823310472223 0.99928468258178538 -0.030431623192041617 4
1 488.62746589420482 906.80030859245289 400.2257295066575 0.5932459511221313 -0.037816969172852127 -0.80413252534627488 
2 491.8462984826067 906.80030859245289 402.60041196286966 0.5932459511221313 -0.037816969172852127 -0.80413252534627488 -0.804708147100475 0 -0.59367061405304566 0.022450823310472223 0.99928468258178538 -0.030431623192041617 4
2 496.53831589535372 906.49120365643239 396.02766596455734 0.56748500292946225 -0.038679570950044616 -0.82247471829915153 -0.82309066552868559 0 -0.56790998962823802 0.021966514737064534 0.99925166539321841 -0.03183679379563624 4
1 490.97844597792772 906.64575612444264 397.04239900520054 0.56748500292946225 -0.038679570950044616 -0.82247471829915153 
2 494.27080864004245 906.64575612444264 399.31403896371347 0.56748500292946225 -0.038679570950044616 -0.82247471829915153 -0.82309066552868559 0 -0.56790998962823802 0.021966514737064534 0.99925166539321841 -0.03183679379563624 4
2 498.64882024854046 906.33665118842191 392.74129296540116 0.53994291411057393 -0.039540079523908742 -0.84077240179077273 -0.84143041275762775 0 -0.54036548787513095 0.021366094362558423 0.99921798528211214 -0.033270225434271959 4
1 493.17259424432319 906.49120365643239 393.8662040130568 0.53994291411057393 -0.039540079523908742 -0.84077240179077273 
2 496.53831589535372 906.49120365643239 396.02766596455734 0.53994291411057393 -0.039540079523908742 -0.84077240179077273 -0.84143041275762775 0 -0.54036548787513095 0.021366094362558423 0.99921798528211214 -0.033270225434271959 4
2 500.60232169960273 906.18209872041166 389.45491996624509 0.51055051934258822 -0.040392518144998134 -0.85889848741100916 -0.8596000162502857 6.9388939039072284e-18 -0.5109675254480549 0.020639265043165361 0.9991838892205509 -0.034721409253830347 4
1 495.21042018353933 906.33665118842191 390.69742286360895 0.51055051934258822 -0.040392518144998134 -0.85889848741100916 
2 498.64882024854046 906.33665118842191 392.74129296540116 0.51055051934258822 -0.040392518144998134 -0.85889848741100916 -0.8596000162502857 6.9388939039072284e-18 -0.5109675254480549 0.020639265043165361 0.9991838892205509 -0.034721409253830347 4
2 502.39882024854046 906.02754625240141 386.16854696708901 0.47925305881377206 -0.041230060043704497 -0.87670781208247239 -0.87745392910059605 0 -0.47966092430583307 0.019776448709748297 0.9991496795519641 -0.036177478182402002 4
1 497.09250598320034 906.18209872041166 387.53627626902176 0.47925305881377206 -0.041230060043704497 -0.87670781208247239 
2 500.60232169960273 906.18209872041166 389.45491996624509 0.47925305881377206 -0.041230060043704497 -0.87670781208247239 -0.87745392910059605 0 -0.47966092430583307 0.019776448709748297 0.9991496795519641 -0.036177478182402002 4
2 504.03831589535372 905.87299378439116 382.88217396793283 0.44601469217416639 -0.042045046949857279 -0.89403753186975765 -0.89482881464247932 0 -0.44640944488836182 0.018769306069190899 0.99911571603442628 -0.037623119523728182 4
1 498.81950498997054 906.02754625240141 384.38290918753557 0.44601469217416639 -0.042045046949857279 -0.89403753186975765 
2 502.39882024854046 906.02754625240141 386.16854696708901 0.44601469217416639 -0.042045046949857279 -0.89403753186975765 -0.89482881464247932 0 -0.44640944488836182 0.018769306069190899 0.99911571603442628 -0.037623119523728182 4
2 505.52080864004245 905.7184413163809 379.5958009687767 0.41082331904448111 -0.042829051340699212 -0.91070844560184694 -0.91154486531505607 0 -0.41120063049289712 0.017611332914708181 0.99908241519969498 -0.039040601835929292 4
1 500.39213643409352 905.87299378439116 381.23737144596123 0.41082331904448111 -0.042829051340699212 -0.91070844560184694 
2 504.03831589535372 905.87299378439116 382.88217396793283 0.41082331904448111 -0.042829051340699212 -0.91070844560184694 -0.91154486531505607 0 -0.41120063049289712 0.017611332914708181 0.99908241519969498 -0.039040601835929292 4
2 506.8462984826067 905.56388884837054 376.30942796962057 0.37369547081131999 -0.043572991239565304 -0.92652743592920261 -0.92740824543345357 0 -0.37405072691019203 0.016298509046810832 0.99905024620107907 -0.040409951353772504 4
1 501.81117565830863 905.7184413163809 378.09959806113591 0.37369547081131999 -0.043572991239565304 -0.92652743592920261 
2 505.52080864004245 905.7184413163809 379.5958009687767 0.37369547081131999 -0.043572991239565304 -0.92652743592920261 -0.92740824543345357 0 -0.37405072691019203 0.016298509046810832 0.99905024620107907 -0.040409951353772504 4
2 508.01478542304642 905.40933638036017 373.02305497046444 0.33468095063655295 -0.044267304260558769 -0.94129117017770669 -0.94221480222888898 -1.7347234759768071e-18 -0.33500935279597155 0.014829960950352146 0.99901972241467951 -0.041709309329068432 4
1 503.07743927369114 905.56388884837054 374.96939055843666 0.33468095063655295 -0.044267304260558769 -0.94129117017770669 
2 506.8462984826067 905.56388884837054 376.30942796962057 0.33468095063655295 -0.044267304260558769 -0.94129117017770669 -0.94221480222888898 -1.7347234759768071e-18 -0.33500935279597155 0.014829960950352146 0.99901972241467951 -0.041709309329068432 4
2 509.02626946136166 905.25478391234992 369.73668197130837 0.29386681913443025 -0.044902183764755806 -0.95479112192404059 -0.95575510771011907 0 -0.29416351589892764 0.013208584247780314 0.9989913882977951 -0.042915491480503748 4
1 504.19176499220595 905.40933638036017 371.84640090686872 0.29386681913443025 -0.044902183764755806 -0.95479112192404059 
2 508.01478542304642 905.40933638036017 373.02305497046444 0.29386681913443025 -0.044902183764755806 -0.95479112192404059 -0.95575510771011907 0 -0.29416351589892764 0.013208584247780314 0.9989913882977951 -0.042915491480503748 4
2 509.88075059755238 905.10023144433967 366.45030897215224 0.25138026898677629 -0.045467874404094354 -0.96681985538222659 -0.96782077425727409 -3.4694469519536142e-18 -0.25164051525152009 0.011441559342437702 0.99896580141523039 -0.044004753409603095 4
1 505.15498636433256 905.25478391234992 368.73011991030228 0.25138026898677629 -0.045467874404094354 -0.96681985538222659 
2 509.02626946136166 905.25478391234992 369.73668197130837 0.25138026898677629 -0.045467874404094354 -0.96681985538222659 -0.96782077425727409 -3.4694469519536142e-18 -0.25164051525152009 0.011441559342437702 0.99896580141523039 -0.044004753409603095 4
2 510.57822883161862 904.94567897632942 363.16393597299606 0.20738992208526516 -0.04595501727970415 -0.97717836478520637 -0.97821183570189441 1.7347234759768071e-18 -0.20760925916907014 0.0095406870925411977 0.99894351010796512 -0.044953741812891676 4
1 505.96790325474478 905.10023144433967 365.61987193547594 0.20738992208526516 -0.04595501727970415 -0.97717836478520637 
2 509.88075059755238 905.10023144433967 366.45030897215224 0.20738992208526516 -0.04595501727970415 -0.97717836478520637 -0.97821183570189441 1.7347234759768071e-18 -0.20760925916907014 0.0095406870925411977 0.99894351010796512 -0.044953741812891676 4
2 511.11870416356032 904.79112650831905 359.87756297383993 0.16210513504879681 -0.046355027173834655 -0.98568409576624716 -0.98674481887155807 -8.6736173798840374e-19 -0.16227958106347268 0.0075224743899557798 0.9989250279453975 -0.045740582892431637 4
1 506.63124955613239 904.94567897632942 362.51481764874217 0.16210513504879684 -0.046355027173834662 -0.98568409576624727 
2 510.57822883161862 904.94567897632942 363.16393597299606 0.16210513504879681 -0.046355027173834655 -0.98568409576624716 -0.98674481887155807 -8.6736173798840374e-19 -0.16227958106347268 0.0075224743899557798 0.9989250279453975 -0.045740582892431637 4
2 511.50217659337756 904.6365740403088 356.5911899746838 0.11577302339325243 -0.046660477007340051 -0.9921791203909871 -0.99326097351719778 0 -0.11589926008249005 0.0054079147602467516 0.99891080677177957 -0.046346030817087401 4
1 507.14566026949154 904.79112650831905 359.41396593350999 0.11577302339325243 -0.046660477007340051 -0.9921791203909871 
2 511.11870416356032 904.79112650831905 359.87756297383993 0.11577302339325243 -0.046660477007340051 -0.9921791203909871 -0.99326097351719778 0 -0.11589926008249005 0.0054079147602467516 0.99891080677177957 -0.046346030817087401 4
2 511.72864612107026 904.48202157229855 353.30481697552773 0.068673108677375555 -0.046865459296697866 -0.99653782310030514 -0.99763401268525953 -8.6736173798840335e-19 -0.068748648957687619 0.0032219370094294783 0.99890121069348481 -0.046754576214502394 4
1 507.51164054263654 904.6365740403088 356.31619537885302 0.068673108677375555 -0.046865459296697866 -0.99653782310030514 
2 511.50217659337756 904.6365740403088 356.5911899746838 0.068673108677375555 -0.046865459296697866 -0.99653782310030514 -0.99763401268525953 -8.6736173798840335e-19 -0.068748648957687619 0.0032219370094294783 0.99890121069348481 -0.046754576214502394 4
2 511.79811274663848 904.32746910428818 350.0184439763716 0.021109737694832258 -0.046965892370625047 -0.99867341204634374 -4.3368086899420168e-19 -0.99889600137700141 0.046976360363885312 -0.99977716465943323 -0.00099165864513953324 -0.021086432573485303 4
1 511.72864612107026 900.48643756679053 353.49272241698327 0.021109737694832258 -0.046965892370625047 -0.99867341204634374 
2 511.72864612107026 904.48202157229855 353.30481697552773 0.021109737694832258 -0.046965892370625047 -0.99867341204634374 -4.3368086899420168e-19 -0.99889600137700141 0.046976360363885312 -0.99977716465943323 -0.00099165864513953324 -0.021086432573485303 4
2 511.71057647008217 904.17291663627793 346.73207097721541 -0.026597316562875541 -0.046959741480415908 -0.9985426207387178 -4.3368086899420168e-19 -0.99889600137700307 0.046976360363850028 -0.99964622879879583 0.001249445127569039 0.026567953162014712 4
1 511.79811274663848 900.33188509878016 350.20634941782703 -0.026597316562875541 -0.046959741480415908 -0.9985426207387178 
2 511.79811274663848 904.32746910428818 350.0184439763716 -0.026597316562875541 -0.046959741480415908 -0.9985426207387178 -4.3368086899420168e-19 -0.99889600137700307 0.046976360363850028 -0.99964622879879583 0.001249445127569039 0.026567953162014712 4
2 511.46603729140139 904.01836416826757 343.44569797805929 -0.074123430750575092 -0.046847131906217976 -0.99614811310664342 -0.99724301574062668 -8.6736173798840355e-19 0.074204902510146636 -0.0034762868559808859 0.99890207039136802 -0.046717975100955746 4
1 507.72160440711968 904.17291663627793 347.028890587256 -0.074123430750575106 -0.046847131906217983 -0.99614811310664353 
2 511.71057647008217 904.17291663627793 346.73207097721541 -0.074123430750575092 -0.046847131906217976 -0.99614811310664342 -0.99724301574062668 -8.6736173798840355e-19 0.074204902510146636 -0.0034762868559808859 0.99890207039136802 -0.046717975100955746 4
2 511.06449521059608 903.86381170025732 340.15932497890321 -0.12115008431304135 -0.04663034193745913 -0.99153833424721349 -0.99261809034281512 0 0.1212820131931476 -0.0056554217460599021 0.99891221396617014 -0.046286120965993167 4
1 507.49556493003013 904.01836416826757 343.93082603083189 -0.12115008431304135 -0.04663034193745913 -0.99153833424721349 
2 511.46603729140139 904.01836416826757 343.44569797805929 -0.12115008431304135 -0.04663034193745913 -0.99153833424721349 -0.99261809034281512 0 0.1212820131931476 -0.0056554217460599021 0.99891221396617014 -0.046286120965993167 4
2 510.50595022766629 903.70925923224706 336.87295197974709 -0.16737533846706285 -0.046313676489307086 -0.98480482301981032 -0.985862706977916 -1.7347234759768075e-18 0.16755513418029247 -0.0077600942785485075 0.99892694596253828 -0.045658926473847748 4
1 507.12104438268443 903.86381170025732 340.82954551562437 -0.16737533846706285 -0.046313676489307086 -0.98480482301981032 
2 511.06449521059608 903.86381170025732 340.15932497890321 -0.16737533846706285 -0.046313676489307086 -0.98480482301981032 -0.985862706977916 -1.7347234759768075e-18 0.16755513418029247 -0.0077600942785485075 0.99892694596253828 -0.045658926473847748 4
2 509.79040234261197 903.5547067642367 333.58657898059096 -0.2125230547544685 -0.045903234860252072 -0.97607727369670572 -0.97710725130120468 0 0.21274731362488333 -0.0097657899032107254 0.99894589094172903 -0.044852383640134538 4
1 506.59752122246147 903.70925923224706 337.72394123424664 -0.2125230547544685 -0.045903234860252072 -0.97607727369670572 
2 510.50595022766629 903.70925923224706 336.87295197974709 -0.2125230547544685 -0.045903234860252072 -0.97607727369670572 -0.97710725130120468 0 0.21274731362488333 -0.0097657899032107254 0.99894589094172903 -0.044852383640134538 4
2 508.91785155543317 903.40015429622645 330.30020598143483 -0.25635023544254704 -0.045406596549819225 -0.96551685525334696 -0.96651372854075734 0 0.25661491098968398 -0.011652009731976352 0.99896858859013282 -0.043886098931711665 4
1 505.92434742844893 903.5547067642367 334.61303862454969 -0.25635023544254709 -0.045406596549819232 -0.96551685525334707 
2 509.79040234261197 903.5547067642367 333.58657898059096 -0.25635023544254704 -0.045406596549819225 -0.96551685525334696 -0.96651372854075734 0 0.25661491098968398 -0.011652009731976352 0.99896858859013282 -0.043886098931711665 4
2 507.88829786612985 903.24560182821608 327.01383298227864 -0.29865210546400994 -0.04483245551496029 -0.95330843426165746 -0.95426793160900958 1.7347234759768071e-18 0.29895269642982442 -0.013402783463767529 0.99899451997120547 -0.042782174593214088 4
1 505.10077982899713 903.40015429622645 331.49601676715412 -0.29865210546401 -0.044832455514960297 -0.95330843426165757 
2 508.91785155543317 903.40015429622645 330.30020598143483 -0.29865210546400994 -0.04483245551496029 -0.95330843426165746 -0.95426793160900958 1.7347234759768071e-18 0.29895269642982442 -0.013402783463767529 0.99899451997120547 -0.042782174593214088 4
2 506.70174127470204 903.09104936020583 323.72745998312257 -0.33926481658449403 -0.044190235081062589 -0.93965238644478 -0.94057119806565093 -1.7347234759768067e-18 0.33959655676897854 -0.015006851676340581 0.99902313442856794 -0.041564062352997797 4
1 504.12601307386723 903.24560182821608 328.37221920935457 -0.33926481658449403 -0.044190235081062589 -0.93965238644478 
2 507.88829786612985 903.24560182821608 327.01383298227864 -0.33926481658449403 -0.044190235081062589 -0.93965238644478 -0.94057119806565093 -1.7347234759768067e-18 0.33959655676897854 -0.015006851676340581 0.99902313442856794 -0.041564062352997797 4
2 505.35818178114971 902.93649689219558 320.44108698396644 -0.37806589489938336 -0.043489713263618966 -0.92475662958108962 -0.92563239367421402 -1.7347234759768071e-18 0.37842393130052582 -0.016457548264351311 0.99905387484371855 -0.040255487388408839 4
1 502.99921170000516 903.09104936020583 325.2411557083247 -0.37806589489938336 -0.043489713263618966 -0.92475662958108962 
2 506.70174127470204 903.09104936020583 323.72745998312257 -0.37806589489938336 -0.043489713263618966 -0.92475662958108962 -0.92563239367421402 -1.7347234759768071e-18 0.37842393130052582 -0.016457548264351311 0.99905387484371855 -0.040255487388408839 4
2 503.8576193854729 902.78194442418521 317.15471398481031 -0.41497273943543384 -0.042740682574443224 -0.90882938969782556 -0.9096606380338047 0 0.41535228855988182 -0.017752440321906458 0.99908619951086841 -0.03887951658066835 4
1 501.71953922901452 902.93649689219558 322.10249613820599 -0.41497273943543389 -0.042740682574443231 -0.90882938969782567 
2 505.35818178114971 902.93649689219558 320.44108698396644 -0.41497273943543384 -0.042740682574443224 -0.90882938969782556 -0.9096606380338047 0 0.41535228855988182 -0.017752440321906458 0.99908619951086841 -0.03887951658066835 4
2 502.20005408767156 902.62739195617496 313.86834098565419 -0.44993959559944013 -0.041952660958616619 -0.89207305449178509 -0.8928591280549254 0 0.45033607167203293 -0.018892796532292075 0.99911959956678431 -0.037457816283094351 4
1 500.28618287325321 902.78194442418521 318.95605827149842 -0.44993959559944019 -0.041952660958616626 -0.8920730544917852 
2 503.8576193854729 902.78194442418521 317.15471398481031 -0.44993959559944013 -0.041952660958616619 -0.89207305449178509 -0.8928591280549254 0 0.45033607167203293 -0.018892796532292075 0.99911959956678431 -0.037457816283094351 4
2 500.38548588774574 902.47283948816471 310.581967986498 -0.48295347163723829 -0.041134662769195342 -0.87467930337490196 -0.87542024894258963 -3.4694469519536142e-18 0.48336258413461675 -0.019882956893624276 0.9991536115727474 -0.036010116721578458 4
1 498.6983730919012 902.62739195617496 315.80179132219263 -0.48295347163723834 -0.041134662769195349 -0.87467930337490207 
2 502.20005408767156 902.62739195617496 313.86834098565419 -0.48295347163723829 -0.041134662769195342 -0.87467930337490196 -0.87542024894258963 -3.4694469519536142e-18 0.48336258413461675 -0.019882956893624276 0.9991536115727474 -0.036010116721578458 4
2 498.4139147856954 902.31828702015446 307.29559498734193 -0.51402945049665039 -0.040295031775213173 -0.85682555659617565 -0.85752201420077745 -3.4694469519536142e-18 0.5144472715070435 -0.02072966915204804 0.9991878253933214 -0.034553876810165127 4
1 496.95539783094262 902.47283948816471 312.63975707252615 -0.51402945049665039 -0.040295031775213173 -0.85682555659617565 
2 500.38548588774574 902.47283948816471 310.581967986498 -0.51402945049665039 -0.040295031775213173 -0.85682555659617565 -0.85752201420077745 -3.4694469519536142e-18 0.5144472715070435 -0.02072966915204804 0.9991878253933214 -0.034553876810165127 4
2 496.28534078152057 902.16373455214421 304.0092219881858 -0.54320579142881475 -0.039441332806904893 -0.83867267120409372 -0.83932576073101106 -6.9388939039072284e-18 0.54362879557038724 -0.021441444249508512 0.99922188790399047 -0.033104126662400417 4
1 495.05661174277134 902.31828702015446 309.47011016962347 -0.54320579142881487 -0.0394413328069049 -0.83867267120409383 
2 498.4139147856954 902.31828702015446 307.29559498734193 -0.54320579142881475 -0.039441332806904893 -0.83867267120409372 -0.83932576073101106 -6.9388939039072284e-18 0.54362879557038724 -0.021441444249508512 0.99922188790399047 -0.033104126662400417 4
2 493.99976387522122 902.00918208413373 300.72284898902967 -0.5705391344378935 -0.038580295014754476 -0.82036373451746014 -0.82097494767270829 0 0.57096421542316822 -0.022027967873893658 0.99925550328060475 -0.031673455680935707 4
1 493.00144099082974 902.16373455214421 306.2930788498785 -0.5705391344378935 -0.038580295014754476 -0.82036373451746014 
2 496.28534078152057 902.16373455214421 304.0092219881858 -0.5705391344378935 -0.038580295014754476 -0.82036373451746014 -0.82097494767270829 0 0.57096421542316822 -0.022027967873893658 0.99925550328060475 -0.031673455680935707 4
2 491.55718406679739 901.85462961612347 297.43647598987354 -0.59610003283054669 -0.037717797771530226 -0.80202376435532585 -0.80259486622230769 -6.9388939039072284e-18 0.59652450135228818 -0.022499590507768522 0.99928843070019879 -0.030272110856641353 4
1 490.78938441033199 902.00918208413373 303.10894699443884 -0.59610003283054669 -0.037717797771530226 -0.80202376435532585 
2 493.99976387522122 902.00918208413373 300.72284898902967 -0.59610003283054669 -0.037717797771530226 -0.80202376435532585 -0.80259486622230769 -6.9388939039072284e-18 0.59652450135228818 -0.022499590507768522 0.99928843070019879 -0.030272110856641353 4
2 488.95760135624903 901.70007714811322 294.15010299071741 -0.61996895665754292 -0.036858889679625556 -0.78376011319315231 -0.78429305581260111 0 0.62039052427010222 -0.022866905892356758 0.99932048025224884 -0.028908171220693075 4
1 488.420011843547 901.85462961612347 299.91803808695397 -0.61996895665754292 -0.036858889679625556 -0.78376011319315231 
2 491.55718406679739 901.85462961612347 297.43647598987354 -0.61996895665754292 -0.036858889679625556 -0.78376011319315231 -0.78429305581260111 0 0.62039052427010222 -0.022866905892356758 0.99932048025224884 -0.028908171220693075 4
2 486.20101574357619 901.54552468010297 290.86372999156129 -0.64223283996142821 -0.036007831571401368 -0.7656633825256397 -0.76616023148907664 0 0.64264959323460613 -0.023140418312621296 0.99935150776167125 -0.027587768572164554 4
1 485.8929604302927 901.70007714811322 296.72070136365585 -0.64223283996142821 -0.036007831571401368 -0.7656633825256397 
2 488.95760135624903 901.70007714811322 294.15010299071741 -0.64223283996142821 -0.036007831571401368 -0.7656633825256397 -0.76616023148907664 0 0.64264959323460613 -0.023140418312621296 0.99935150776167125 -0.027587768572164554 4
2 483.28742722877888 901.39097221209272 287.57735699240516 -0.66298219048653839 -0.035168155443413909 -0.74780867602641454 -0.74827155000246515 6.9388939039072299e-18 0.66339255909070038 -0.023330292638105894 0.99938140909399942 -0.026315330184370961 4
1 483.20792954356631 901.54552468010297 293.51730022792407 -0.6629821904865385 -0.035168155443413916 -0.74780867602641465 
2 486.20101574357619 901.54552468010297 290.86372999156129 -0.66298219048653839 -0.035168155443413909 -0.74780867602641454 -0.74827155000246515 6.9388939039072299e-18 0.66339255909070038 -0.023330292638105894 0.99938140909399942 -0.026315330184370961 4
2 480.21683581185698 901.23641974408235 284.29098399324903 -0.68230874189650104 -0.034342732616266476 -0.73025704888625442 -0.73068807127534807 0 0.68271146357440915 -0.023446177247595887 0.99941011437569893 -0.025093825057704744 4
1 480.36467494367747 901.39097221209272 290.30820284670278 -0.68230874189650115 -0.034342732616266483 -0.73025704888625453 
2 483.28742722877888 901.39097221209272 287.57735699240516 -0.68230874189650104 -0.034342732616266476 -0.73025704888625442 -0.73068807127534807 0 0.68271146357440915 -0.023446177247595887 0.99941011437569893 -0.025093825057704744 4
2 476.98924149281061 901.0818672760721 281.0046109940929 -0.70030360378080347 -0.033533845837470468 -0.7130570409966992 -0.71345830247796804 -6.9388939039072268e-18 0.70069768846861225 -0.023497088263778356 0.99943758243491576 -0.02392500072675955 4
1 477.36300260194508 901.23641974408235 287.09377474712346 -0.70030360378080347 -0.033533845837470468 -0.7130570409966992 
2 480.21683581185698 901.23641974408235 284.29098399324903 -0.70030360378080347 -0.033533845837470468 -0.7130570409966992 -0.71345830247796804 -6.9388939039072268e-18 0.70069768846861225 -0.023497088263778356 0.99943758243491576 -0.02392500072675955 4
2 473.60464427163976 900.92731480806174 277.71823799493677 -0.71705585115883297 -0.032743261385629038 -0.6962462101532142 0.69661974068193733 0 -0.71744054589368611 0.023491343322845352 -0.99946379565936871 0.022809602255537798 4
1 479.77572045553836 901.0818672760721 278.13484881051818 -0.71705585115883308 -0.032743261385629045 -0.69624621015321431 
2 476.98924149281061 901.0818672760721 281.0046109940929 -0.71705585115883297 -0.032743261385629038 -0.6962462101532142 0.69661974068193733 0 -0.71744054589368611 0.023491343322845352 -0.99946379565936871 0.022809602255537798 4
2 470.06304414834437 900.77276234005149 274.43186499578064 -0.7326514899828801 -0.031972298403604466 -0.6798526063498298 0.68020035512063826 3.4694469519536134e-18 -0.73302624570594854 0.023436533865384478 -0.99948875538186566 0.021747568728154771 4
1 476.32544569212229 900.92731480806174 274.786133012113 -0.7326514899828801 -0.031972298403604466 -0.6798526063498298 
2 473.60464427163976 900.92731480806174 277.71823799493677 -0.7326514899828801 -0.031972298403604466 -0.6798526063498298 0.68020035512063826 3.4694469519536134e-18 -0.73302624570594854 0.023436533865384478 -0.99948875538186566 0.021747568728154771 4
2 466.36444112292452 900.61820987204123 271.14549199662451 -0.7471727357245469 -0.031221893656211336 -0.66389614876606762 0.66421997072135297 0 -0.74753717666409425 0.023339526233870818 -0.99951247783933161 0.020738205290193889 4
1 472.71992403122977 900.77276234005149 271.44171628912426 -0.7471727357245469 -0.031221893656211336 -0.66389614876606762 
2 470.06304414834437 900.77276234005149 274.43186499578064 -0.7471727357245469 -0.031221893656211336 -0.66389614876606762 0.66421997072135297 0 -0.74753717666409425 0.023339526233870818 -0.99951247783933161 0.020738205290193889 4
2 462.50883519538013 900.46365740403087 267.85911899746839 -0.7606975463675506 -0.030492660663433629 -0.64838988316911039 0.64869153075984598 1.7347234759768075e-18 -0.76105144236145295 0.023206483379344504 -0.9995349907060106 0.019780330722703306 4
1 468.95920724596391 900.61820987204123 268.10128622717872 -0.76069754636755071 -0.030492660663433632 -0.6483898831691105 
2 466.36444112292452 900.61820987204123 271.14549199662451 -0.7606975463675506 -0.030492660663433629 -0.64838988316911039 0.64869153075984598 1.7347234759768075e-18 -0.76105144236145295 0.023206483379344504 -0.9995349907060106 0.019780330722703306 4
2 458.49622636571127 900.30910493602062 264.57274599831226 -0.77329935738798061 -0.029784942731364356 -0.63334110955300049 0.63362222861832396 -3.4694469519536134e-18 -0.77364259926709611 0.023042900513714316 -0.99955633017178647 0.018872401792716233 4
1 465.04332410985342 900.46365740403087 264.76454860040002 -0.77329935738798061 -0.029784942731364356 -0.63334110955300049 
2 462.50883519538013 900.46365740403087 267.85911899746839 -0.77329935738798061 -0.029784942731364356 -0.63334110955300049 0.63362222861832396 -3.4694469519536134e-18 -0.77364259926709611 0.023042900513714316 -0.99955633017178647 0.018872401792716233 4
2 454.32661463391787 900.15455246801025 261.28637299915613 -0.78504697340750884 -0.029098859809666835 -0.61875237850168097 0.61901450730165652 -1.7347234759768071e-18 -0.78537955139543036 0.022853649463434655 -0.9995765385190758 0.01801261636812089 4
1 460.97228439491789 900.30910493602062 261.43122779273051 -0.78504697340750884 -0.029098859809666835 -0.61875237850168097 
2 458.49622636571127 900.30910493602062 264.57274599831226 -0.78504697340750884 -0.029098859809666835 -0.61875237850168097 0.61901450730165652 -1.7347234759768071e-18 -0.78537955139543036 0.022853649463434655 -0.9995765385190758 0.01801261636812089 4
2 450 900 258 -0.79600457836904903 -0.028434349380220682 -0.60462236064409303 0.60486693124277524 0 -0.79632656334505625 0.022643027722903771 -0.99959566214311057 0.017198997651498994 4
1 456.746082358889 900.15455246801025 258.10106674577588 -0.79600457836904925 -0.028434349380220689 -0.60462236064409314 
2 454.32661463391787 900.15455246801025 261.28637299915613 -0.79600457836904903 -0.028434349380220682 -0.60462236064409303 0.60486693124277524 0 -0.79632656334505625 0.022643027722903771 -0.99959566214311057 0.017198997651498994 4
2 300 912.36419744082343 520.90983993249017 -2.4492935982947064e-16 -1 0 1 -2.4492935982947064e-16 0 0 0 1 4
2 308.07661463391787 912.20964497281318 517.62346693333404 -2.4492935982947064e-16 -1 0 1 -2.4492935982947064e-16 0 0 0 1 4
2 315.99622636571127 912.05509250480281 514.33709393417791 -2.4492935982947064e-16 -1 0 1 -2.4492935982947064e-16 0 0 0 1 4
2 323.75883519538013 911.90054003679256 511.05072093502179 -2.4492935982947064e-16 -1 0 1 -2.4492935982947064e-16 0 0 0 1 4
2 331.36444112292452 911.7459875687822 507.7643479358656 -2.4492935982947064e-16 -1 0 1 -2.4492935982947064e-16 0 0 0 1 4
2 338.81304414834437 911.59143510077195 504.47797493670953 -2.4492935982947064e-16 -1 0 1 -2.4492935982947064e-16 0 0 0 1 4
2 346.10464427163976 911.43688263276169 501.19160193755346 -2.4492935982947064e-16 -1 0 1 -2.4492935982947064e-16 0 0 0 1 4
2 353.23924149281061 911.28233016475133 497.90522893839727 -2.4492935982947064e-16 -1 0 1 -2.4492935982947064e-16 0 0 0 1 4
2 360.21683581185698 911.12777769674108 494.6188559392412 -2.4492935982947064e-16 -1 0 1 -2.4492935982947064e-16 0 0 0 1 4
2 367.03742722877882 910.97322522873071 491.33248294008496 -2.4492935982947064e-16 -1 0 1 -2.4492935982947064e-16 0 0 0 1 4
2 373.70101574357619 910.81867276072046 488.04610994092889 -2.4492935982947064e-16 -1 0 1 -2.4492935982947064e-16 0 0 0 1 4
2 380.20760135624903 910.66412029271021 484.75973694177281 -2.4492935982947064e-16 -1 0 1 -2.4492935982947064e-16 0 0 0 1 4
2 386.55718406679739 910.50956782469984 481.47336394261663 -2.4492935982947064e-16 -1 0 1 -2.4492935982947064e-16 0 0 0 1 4
2 392.74976387522122 910.35501535668959 478.18699094346056 -2.4492935982947064e-16 -1 0 1 -2.4492935982947064e-16 0 0 0 1 4
2 398.78534078152057 910.20046288867934 474.90061794430437 -2.4492935982947064e-16 -1 0 1 -2.4492935982947064e-16 0 0 0 1 4
2 404.6639147856954 910.04591042066909 471.61424494514824 -2.4492935982947064e-16 -1 0 1 -2.4492935982947064e-16 0 0 0 1 4
2 410.38548588774574 909.89135795265884 468.32787194599217 -2.4492935982947064e-16 -1 0 1 -2.4492935982947064e-16 0 0 0 1 4
2 415.95005408767156 909.73680548464847 465.04149894683599 -2.4492935982947064e-16 -1 0 1 -2.4492935982947064e-16 0 0 0 1 4
2 421.3576193854729 909.58225301663822 461.75512594767991 -2.4492935982947064e-16 -1 0 1 -2.4492935982947064e-16 0 0 0 1 4
2 426.60818178114971 909.42770054862785 458.46875294852373 -2.4492935982947064e-16 -1 0 1 -2.4492935982947064e-16 0 0 0 1 4
2 431.70174127470204 909.2731480806176 455.1823799493676 -2.4492935982947064e-16 -1 0 1 -2.4492935982947064e-16 0 0 0 1 4
2 436.63829786612985 909.11859561260735 451.89600695021153 -2.4492935982947064e-16 -1 0 1 -2.4492935982947064e-16 0 0 0 1 4
2 441.41785155543317 908.96404314459699 448.60963395105534 -2.4492935982947064e-16 -1 0 1 -2.4492935982947064e-16 0 0 0 1 4
2 446.04040234261197 908.80949067658673 445.32326095189927 -2.4492935982947064e-16 -1 0 1 -2.4492935982947064e-16 0 0 0 1 4
2 450.50595022766629 908.65493820857637 442.03688795274309 -2.4492935982947064e-16 -1 0 1 -2.4492935982947064e-16 0 0 0 1 4
2 454.81449521059608 908.50038574056612 438.75051495358701 -2.4492935982947064e-16 -1 0 1 -2.4492935982947064e-16 0 0 0 1 4
2 458.96603729140139 908.34583327255586 435.46414195443089 -2.4492935982947064e-16 -1 0 1 -2.4492935982947064e-16 0 0 0 1 4
2 462.96057647008217 908.1912808045455 432.1777689552747 -2.4492935982947064e-16 -1 0 1 -2.4492935982947064e-16 0 0 0 1 4
2 466.79811274663848 908.03672833653525 428.89139595611863 -2.4492935982947064e-16 -1 0 1 -2.4492935982947064e-16 0 0 0 1 4
2 470.47864612107026 907.88217586852488 425.60502295696244 -2.4492935982947064e-16 -1 0 1 -2.4492935982947064e-16 0 0 0 1 4
2 474.00217659337756 907.72762340051463 422.31864995780637 -2.4492935982947064e-16 -1 0 1 -2.4492935982947064e-16 0 0 0 1 4
2 477.36870416356032 907.57307093250438 419.0322769586503 -2.4492935982947064e-16 -1 0 1 -2.4492935982947064e-16 0 0 0 1 4
2 480.57822883161862 907.41851846449401 415.74590395949406 -2.4492935982947064e-16 -1 0 1 -2.4492935982947064e-16 0 0 0 1 4
2 483.63075059755238 907.26396599648376 412.45953096033799 -2.4492935982947064e-16 -1 0 1 -2.4492935982947064e-16 0 0 0 1 4
2 486.52626946136166 907.1094135284734 409.1731579611818 -2.4492935982947064e-16 -1 0 1 -2.4492935982947064e-16 0 0 0 1 4
2 489.26478542304642 906.95486106046314 405.88678496202573 -2.4492935982947064e-16 -1 0 1 -2.4492935982947064e-16 0 0 0 1 4
2 491.8462984826067 906.80030859245289 402.60041196286966 -2.4492935982947064e-16 -1 0 1 -2.4492935982947064e-16 0 0 0 1 4
2 494.27080864004245 906.64575612444264 399.31403896371347 -2.4492935982947064e-16 -1 0 1 -2.4492935982947064e-16 0 0 0 1 4
2 496.53831589535372 906.49120365643239 396.02766596455734 -2.4492935982947064e-16 -1 0 1 -2.4492935982947064e-16 0 0 0 1 4
2 498.64882024854046 906.33665118842191 392.74129296540116 -2.4492935982947064e-16 -1 0 1 -2.4492935982947064e-16 0 0 0 1 4
2 500.60232169960273 906.18209872041166 389.45491996624509 -2.4492935982947064e-16 -1 0 1 -2.4492935982947064e-16 0 0 0 1 4
2 502.39882024854046 906.02754625240141 386.16854696708901 -2.4492935982947064e-16 -1 0 1 -2.4492935982947064e-16 0 0 0 1 4
2 504.03831589535372 905.87299378439116 382.88217396793283 -2.4492935982947064e-16 -1 0 1 -2.4492935982947064e-16 0 0 0 1 4
2 505.52080864004245 905.7184413163809 379.5958009687767 -2.4492935982947064e-16 -1 0 1 -2.4492935982947064e-16 0 0 0 1 4
2 506.8462984826067 905.56388884837054 376.30942796962057 -2.4492935982947064e-16 -1 0 1 -2.4492935982947064e-16 0 0 0 1 4
2 508.01478542304642 905.40933638036017 373.02305497046444 -2.4492935982947064e-16 -1 0 1 -2.4492935982947064e-16 0 0 0 1 4
2 509.02626946136166 905.25478391234992 369.73668197130837 -2.4492935982947064e-16 -1 0 1 -2.4492935982947064e-16 0 0 0 1 4
2 509.88075059755238 905.10023144433967 366.45030897215224 -2.4492935982947064e-16 -1 0 1 -2.4492935982947064e-16 0 0 0 1 4
2 510.57822883161862 904.94567897632942 363.16393597299606 -2.4492935982947064e-16 -1 0 1 -2.4492935982947064e-16 0 0 0 1 4
2 511.11870416356032 904.79112650831905 359.87756297383993 -2.4492935982947064e-16 -1 0 1 -2.4492935982947064e-16 0 0 0 1 4
2 511.50217659337756 904.6365740403088 356.5911899746838 -2.4492935982947064e-16 -1 0 1 -2.4492935982947064e-16 0 0 0 1 4
2 511.72864612107026 904.48202157229855 353.30481697552773 -2.4492935982947064e-16 -1 0 1 -2.4492935982947064e-16 0 0 0 1 4
2 511.79811274663848 904.32746910428818 350.0184439763716 -2.4492935982947064e-16 -1 0 1 -2.4492935982947064e-16 0 0 0 1 4
2 511.71057647008217 904.17291663627793 346.73207097721541 -2.4492935982947064e-16 -1 0 1 -2.4492935982947064e-16 0 0 0 1 4
2 511.46603729140139 904.01836416826757 343.44569797805929 -2.4492935982947064e-16 -1 0 1 -2.4492935982947064e-16 0 0 0 1 4
2 511.06449521059608 903.86381170025732 340.15932497890321 -2.4492935982947064e-16 -1 0 1 -2.4492935982947064e-16 0 0 0 1 4
2 510.50595022766629 903.70925923224706 336.87295197974709 -2.4492935982947064e-16 -1 0 1 -2.4492935982947064e-16 0 0 0 1 4
2 509.79040234261197 903.5547067642367 333.58657898059096 -2.4492935982947064e-16 -1 0 1 -2.4492935982947064e-16 0 0 0 1 4
2 508.91785155543317 903.40015429622645 330.30020598143483 -2.4492935982947064e-16 -1 0 1 -2.4492935982947064e-16 0 0 0 1 4
2 507.88829786612985 903.24560182821608 327.01383298227864 -2.4492935982947064e-16 -1 0 1 -2.4492935982947064e-16 0 0 0 1 4
2 506.70174127470204 903.09104936020583 323.72745998312257 -2.4492935982947064e-16 -1 0 1 -2.4492935982947064e-16 0 0 0 1 4
2 505.35818178114971 902.93649689219558 320.44108698396644 -2.4492935982947064e-16 -1 0 1 -2.4492935982947064e-16 0 0 0 1 4
2 503.8576193854729 902.78194442418521 317.15471398481031 -2.4492935982947064e-16 -1 0 1 -2.4492935982947064e-16 0 0 0 1 4
2 502.20005408767156 902.62739195617496 313.86834098565419 -2.4492935982947064e-16 -1 0 1 -2.4492935982947064e-16 0 0 0 1 4
2 500.38548588774574 902.47283948816471 310.581967986498 -2.4492935982947064e-16 -1 0 1 -2.4492935982947064e-16 0 0 0 1 4
2 498.4139147856954 902.31828702015446 307.29559498734193 -2.4492935982947064e-16 -1 0 1 -2.4492935982947064e-16 0 0 0 1 4
2 496.28534078152057 902.16373455214421 304.0092219881858 -2.4492935982947064e-16 -1 0 1 -2.4492935982947064e-16 0 0 0 1 4
2 493.99976387522122 902.00918208413373 300.72284898902967 -2.4492935982947064e-16 -1 0 1 -2.4492935982947064e-16 0 0 0 1 4
2 491.55718406679739 901.85462961612347 297.43647598987354 -2.4492935982947064e-16 -1 0 1 -2.4492935982947064e-16 0 0 0 1 4
2 488.95760135624903 901.70007714811322 294.15010299071741 -2.4492935982947064e-16 -1 0 1 -2.4492935982947064e-16 0 0 0 1 4
2 486.20101574357619 901.54552468010297 290.86372999156129 -2.4492935982947064e-16 -1 0 1 -2.4492935982947064e-16 0 0 0 1 4
2 483.28742722877888 901.39097221209272 287.57735699240516 -2.4492935982947064e-16 -1 0 1 -2.4492935982947064e-16 0 0 0 1 4
2 480.21683581185698 901.23641974408235 284.29098399324903 -2.4492935982947064e-16 -1 0 1 -2.4492935982947064e-16 0 0 0 1 4
2 476.98924149281061 901.0818672760721 281.0046109940929 -2.4492935982947064e-16 -1 0 1 -2.4492935982947064e-16 0 0 0 1 4
2 473.60464427163976 900.92731480806174 277.71823799493677 -2.4492935982947064e-16 -1 0 1 -2.4492935982947064e-16 0 0 0 1 4
2 470.06304414834437 900.77276234005149 274.43186499578064 -2.4492935982947064e-16 -1 0 1 -2.4492935982947064e-16 0 0 0 1 4
2 466.36444112292452 900.61820987204123 271.14549199662451 -2.4492935982947064e-16 -1 0 1 -2.4492935982947064e-16 0 0 0 1 4
2 462.50883519538013 900.46365740403087 267.85911899746839 -2.4492935982947064e-16 -1 0 1 -2.4492935982947064e-16 0 0 0 1 4
2 458.49622636571127 900.30910493602062 264.57274599831226 -2.4492935982947064e-16 -1 0 1 -2.4492935982947064e-16 0 0 0 1 4
2 454.32661463391787 900.15455246801025 261.28637299915613 -2.4492935982947064e-16 -1 0 1 -2.4492935982947064e-16 0 0 0 1 4
2 450 900 258 -2.4492935982947064e-16 -1 0 1 -2.4492935982947064e-16 0 0 0 1 4
Polygon3D 0
PolygonOnTriangulations 0
Surfaces 321
2 300 912.36419744082343 520.90983993249017 0.9261110880093737 -0.017721874918040517 -0.37683443024156305 0.37689361940837501 -8.6736173798840355e-19 0.92625655174430754 -0.016415002752028143 -0.99984295524316691 0.0066792615805627885 4
1 308.07661463391787 912.20964497281318 517.62346693333404 0.9261110880093737 -0.017721874918040517 -0.37683443024156305 0.37689361940837501 -8.6736173798840355e-19 0.92625655174430754 -0.016415002752028143 -0.99984295524316691 0.0066792615805627885 
1 300 912.36419744082343 520.90983993249017 0.9261110880093737 -0.017721874918040517 -0.37683443024156305 0.37689361940837501 -8.6736173798840355e-19 0.92625655174430754 -0.016415002752028143 -0.99984295524316691 0.0066792615805627885 
2 308.07661463391787 912.20964497281318 517.62346693333404 0.92348348489635679 -0.01802192539118638 -0.38321464393845206 0.38327689120460573 8.6736173798840393e-19 0.92363349044333209 -0.016645653853570794 -0.99983759191440413 0.0069073875374552653 4
1 315.99622636571127 912.05509250480281 514.33709393417791 0.92348348489635679 -0.01802192539118638 -0.38321464393845206 0.38327689120460573 8.6736173798840393e-19 0.92363349044333209 -0.016645653853570794 -0.99983759191440413 0.0069073875374552653 
1 308.07661463391787 912.20964497281318 517.62346693333404 0.92348348489635679 -0.01802192539118638 -0.38321464393845206 0.38327689120460573 8.6736173798840393e-19 0.92363349044333209 -0.016645653853570794 -0.99983759191440413 0.0069073875374552653 
2 315.99622636571127 912.05509250480281 514.33709393417791 0.92071915927798131 -0.0183313910997118 -0.38979506133197284 0.38986057118952694 0 0.9208738974646723 -0.016880899567940814 -0.99983196593245083 0.0071466866048322548 4
1 323.75883519538013 911.90054003679256 511.05072093502179 0.92071915927798131 -0.0183313910997118 -0.38979506133197284 0.38986057118952694 0 0.9208738974646723 -0.016880899567940814 -0.99983196593245083 0.0071466866048322548 
1 315.99622636571127 912.05509250480281 514.33709393417791 0.92071915927798131 -0.0183313910997118 -0.38979506133197284 0.38986057118952694 0 0.9208738974646723 -0.016880899567940814 -0.99983196593245083 0.0071466866048322548 
2 323.75883519538013 911.90054003679256 511.05072093502179 0.91780891225626504 -0.018650668191654972 -0.39658410603423866 0.39665309941397831 0 0.91796858264609726 -0.017120727445296163 -0.99982606116064243 0.0073978453443616426 4
1 331.36444112292452 911.7459875687822 507.7643479358656 0.91780891225626504 -0.018650668191654972 -0.39658410603423866 0.39665309941397831 0 0.91796858264609726 -0.017120727445296163 -0.99982606116064243 0.0073978453443616426 
1 323.75883519538013 911.90054003679256 511.05072093502179 0.91780891225626504 -0.018650668191654972 -0.39658410603423866 0.39665309941397831 0 0.91796858264609726 -0.017120727445296163 -0.99982606116064243 0.0073978453443616426 
2 331.36444112292452 911.7459875687822 507.7643479358656 0.91474280188176837 -0.0189801707975263 -0.40359058403534204 0.40366329980770982 -8.6736173798840374e-19 0.91490761303442603 -0.01736510275935051 -0.99981986033309866 0.0076615983750433977 4
1 338.81304414834437 911.59143510077195 504.47797493670953 0.91474280188176837 -0.0189801707975263 -0.40359058403534204 0.40366329980770982 -8.6736173798840374e-19 0.91490761303442603 -0.01736510275935051 -0.99981986033309866 0.0076615983750433977 
1 331.36444112292452 911.7459875687822 507.7643479358656 0.91474280188176837 -0.0189801707975263 -0.40359058403534204 0.40366329980770982 -8.6736173798840374e-19 0.91490761303442603 -0.01736510275935051 -0.99981986033309866 0.0076615983750433977 
2 338.81304414834437 911.59143510077195 504.47797493670953 0.91151007513027937 -0.019320331524697868 -0.41082369421172421 0.41090039083451418 0 0.91168024482931709 -0.017613964574620125 -0.99981334497483876 0.0079387317745507387 4
1 346.10464427163976 911.43688263276169 501.19160193755346 0.91151007513027937 -0.019320331524697868 -0.41082369421172421 0.41090039083451418 0 0.91168024482931709 -0.017613964574620125 -0.99981334497483876 0.0079387317745507387 
1 338.81304414834437 911.59143510077195 504.47797493670953 0.91151007513027937 -0.019320331524697868 -0.41082369421172421 0.41090039083451418 0 0.91168024482931709 -0.017613964574620125 -0.99981334497483876 0.0079387317745507387 
2 346.10464427163976 911.43688263276169 501.19160193755346 0.90809909323861104 -0.019671601872848225 -0.41829303716290633 0.41837399448973112 -1.7347234759768071e-18 0.90827484867451136 -0.017867221214246456 -0.99980649531784715 0.008230086653555185 4
1 353.23924149281061 911.28233016475133 497.90522893839727 0.90809909323861104 -0.019671601872848225 -0.41829303716290633 0.41837399448973112 -1.7347234759768071e-18 0.90827484867451136 -0.017867221214246456 -0.99980649531784715 0.008230086653555185 
1 346.10464427163976 911.43688263276169 501.19160193755346 0.90809909323861104 -0.019671601872848225 -0.41829303716290633 0.41837399448973112 -1.7347234759768071e-18 0.90827484867451136 -0.017867221214246456 -0.99980649531784715 0.008230086653555185 
2 353.23924149281061 911.28233016475133 497.90522893839727 0.90449724977331369 -0.020034452544678186 -0.42600862181855764 0.4260941430830838 -8.6736173798840355e-19 0.90467882766774899 -0.018124745041084613 -0.99979929021340841 0.0085365628891633585 4
1 360.21683581185698 911.12777769674108 494.6188559392412 0.90449724977331369 -0.020034452544678186 -0.42600862181855764 0.4260941430830838 -8.6736173798840355e-19 0.90467882766774899 -0.018124745041084613 -0.99979929021340841 0.0085365628891633585 
1 353.23924149281061 911.28233016475133 497.90522893839727 0.90449724977331369 -0.020034452544678186 -0.42600862181855764 0.4260941430830838 -8.6736173798840355e-19 0.90467882766774899 -0.018124745041084613 -0.99979929021340841 0.0085365628891633585 
2 360.21683581185698 911.12777769674108 494.6188559392412 0.90069088076491055 -0.020409373619900827 -0.4339808691352337 0.43407128312710763 0 0.90087852741886709 -0.018386366452237731 -0.99979170704124332 0.0088591229950108936 4
1 367.03742722877882 910.97322522873071 491.33248294008496 0.90069088076491055 -0.020409373619900827 -0.4339808691352337 0.43407128312710763 0 0.90087852741886709 -0.018386366452237731 -0.99979170704124332 0.0088591229950108936 
1 360.21683581185698 911.12777769674108 494.6188559392412 0.90069088076491055 -0.020409373619900827 -0.4339808691352337 0.43407128312710763 0 0.90087852741886709 -0.018386366452237731 -0.99979170704124332 0.0088591229950108936 
2 367.03742722877882 910.97322522873071 491.33248294008496 0.89666516620348136 -0.020796874553077754 -0.44222061205478269 0.44231627550395847 0 0.89685913744818724 -0.018651866973291468 -0.99978372161624218 0.0091987960944404021 4
1 373.70101574357619 910.81867276072046 488.04610994092889 0.89666516620348136 -0.020796874553077754 -0.44222061205478269 0.44231627550395847 0 0.89685913744818724 -0.018651866973291468 -0.99978372161624218 0.0091987960944404021 
1 367.03742722877882 910.97322522873071 491.33248294008496 0.89666516620348136 -0.020796874553077754 -0.44222061205478269 0.44231627550395847 0 0.89685913744818724 -0.018651866973291468 -0.99978372161624218 0.0091987960944404021 
2 373.70101574357619 910.81867276072046 488.04610994092889 0.89240402216064818 -0.021197483948965687 -0.45073909072292667 0.45084039090971145 0 0.89260458318584646 -0.018920971324855186 -0.99977530809389048 0.0095566819498540245 4
1 380.20760135624903 910.66412029271021 484.75973694177281 0.89240402216064818 -0.021197483948965687 -0.45073909072292667 0.45084039090971145 0 0.89260458318584646 -0.018920971324855186 -0.99977530809389048 0.0095566819498540245 
1 373.70101574357619 910.81867276072046 488.04610994092889 0.89240402216064818 -0.021197483948965687 -0.45073909072292667 0.45084039090971145 0 0.89260458318584646 -0.018920971324855186 -0.99977530809389048 0.0095566819498540245 
2 380.20760135624903 910.66412029271021 484.75973694177281 0.88788998278499232 -0.021611749057640094 -0.4595479417566089 0.45965529936501082 1.7347234759768071e-18 0.88809740781384017 -0.019193338316413368 -0.99976643887593553 0.0099339549828910498 4
1 386.55718406679739 910.50956782469984 481.47336394261663 0.88788998278499232 -0.021611749057640094 -0.4595479417566089 0.45965529936501082 1.7347234759768071e-18 0.88809740781384017 -0.019193338316413368 -0.99976643887593553 0.0099339549828910498 
1 380.20760135624903 910.66412029271021 484.75973694177281 0.88788998278499232 -0.021611749057640094 -0.4595479417566089 0.45965529936501082 1.7347234759768071e-18 0.88809740781384017 -0.019193338316413368 -0.99976643887593553 0.0099339549828910498 
2 386.55718406679739 910.50956782469984 481.47336394261663 0.88310407141470249 -0.022040234921378105 -0.46865918010360857 0.46877305233540606 0 0.88331864318837217 -0.019468550406304685 -0.99975708451833978 0.010331868198283823 4
1 392.74976387522122 910.35501535668959 478.18699094346056 0.88310407141470249 -0.022040234921378105 -0.46865918010360857 0.46877305233540606 0 0.88331864318837217 -0.019468550406304685 -0.99975708451833978 0.010331868198283823 
1 386.55718406679739 910.50956782469984 481.47336394261663 0.88310407141470249 -0.022040234921378105 -0.46865918010360857 0.46877305233540606 0 0.88331864318837217 -0.019468550406304685 -0.99975708451833978 0.010331868198283823 
2 392.74976387522122 910.35501535668959 478.18699094346056 0.87802566007301652 -0.022483523091054201 -0.47808517174532578 0.4782060557114533 0 0.8782476691007467 -0.019746101747891168 -0.99974721364423635 0.010751756895870412 4
1 398.78534078152057 910.20046288867934 474.90061794430437 0.87802566007301652 -0.022483523091054201 -0.47808517174532578 0.4782060557114533 0 0.8782476691007467 -0.019746101747891168 -0.99974721364423635 0.010751756895870412 
1 392.74976387522122 910.35501535668959 478.18699094346056 0.87802566007301652 -0.022483523091054201 -0.47808517174532578 0.4782060557114533 0 0.8782476691007467 -0.019746101747891168 -0.99974721364423635 0.010751756895870412 
2 398.78534078152057 910.20046288867934 474.90061794430437 0.87263231666645824 -0.022942209813217446 -0.4878385951502982 0.48796703155443083 0 0.87286206018818191 -0.020025384522834502 -0.99973679286544526 0.011195042019854648 4
1 404.6639147856954 910.04591042066909 471.61424494514824 0.87263231666645824 -0.022942209813217446 -0.4878385951502982 0.48796703155443083 0 0.87286206018818191 -0.020025384522834502 -0.99973679286544526 0.011195042019854648 
1 398.78534078152057 910.20046288867934 474.90061794430437 0.87263231666645824 -0.022942209813217446 -0.4878385951502982 0.48796703155443083 0 0.87286206018818191 -0.020025384522834502 -0.99973679286544526 0.011195042019854648 
2 404.6639147856954 910.04591042066909 471.61424494514824 0.86689963930497171 -0.023416903571078156 -0.49793238898474268 0.49806896611104601 -1.7347234759768067e-18 0.86713741990360094 -0.02030567334475613 -0.99972578671710921 0.011663232951168955 4
1 410.38548588774574 909.89135795265884 468.32787194599217 0.86689963930497171 -0.023416903571078156 -0.49793238898474268 0.49806896611104601 -1.7347234759768067e-18 0.86713741990360094 -0.02030567334475613 -0.99972578671710921 0.011663232951168955 
1 404.6639147856954 910.04591042066909 471.61424494514824 0.86689963930497171 -0.023416903571078156 -0.49793238898474268 0.49806896611104601 -1.7347234759768067e-18 0.86713741990360094 -0.02030567334475613 -0.99972578671710921 0.011663232951168955 
2 410.38548588774574 909.89135795265884 468.32787194599217 0.86080107732399569 -0.023908221839778782 -0.50837968311716419 0.50852504112963737 0 0.86104720111275013 -0.020586107498724245 -0.99971415761129445 0.012157929494409999 4
1 415.95005408767156 909.73680548464847 465.04149894683599 0.86080107732399569 -0.023908221839778782 -0.50837968311716419 0.50852504112963737 0 0.86104720111275013 -0.020586107498724245 -0.99971415761129445 0.012157929494409999 
1 410.38548588774574 909.89135795265884 468.32787194599217 0.86080107732399569 -0.023908221839778782 -0.50837968311716419 0.50852504112963737 0 0.86104720111275013 -0.020586107498724245 -0.99971415761129445 0.012157929494409999 
2 415.95005408767156 909.73680548464847 465.04149894683599 0.85430773882939082 -0.024416786891140099 -0.51919370941309151 0.51934854496725802 1.7347234759768079e-18 0.85456251312609777 -0.020865670768157048 -0.99970186581696086 0.012680822744689235 4
1 421.3576193854729 909.58225301663822 461.75512594767991 0.85430773882939082 -0.024416786891140099 -0.51919370941309151 0.51934854496725802 1.7347234759768079e-18 0.85456251312609777 -0.020865670768157048 -0.99970186581696086 0.012680822744689235 
1 415.95005408767156 909.73680548464847 465.04149894683599 0.85430773882939082 -0.024416786891140099 -0.51919370941309151 0.51934854496725802 1.7347234759768079e-18 0.85456251312609777 -0.020865670768157048 -0.99970186581696086 0.012680822744689235 
2 421.3576193854729 909.58225301663822 461.75512594767991 0.8473881849331083 -0.024943220454264121 -0.53038768819528792 0.53055275935353641 1.7347234759768079e-18 0.84765191531804418 -0.021143168592257199 -0.99968886947558344 0.013233694439173401 4
1 426.60818178114971 909.42770054862785 458.46875294852373 0.8473881849331083 -0.024943220454264121 -0.53038768819528792 0.53055275935353641 1.7347234759768079e-18 0.84765191531804418 -0.021143168592257199 -0.99968886947558344 0.013233694439173401 
1 421.3576193854729 909.58225301663822 461.75512594767991 0.8473881849331083 -0.024943220454264121 -0.53038768819528792 0.53055275935353641 1.7347234759768079e-18 0.84765191531804418 -0.021143168592257199 -0.99968886947558344 0.013233694439173401 
2 426.60818178114971 909.42770054862785 458.46875294852373 0.84000821133286163 -0.025488137004134305 -0.54197468553930173 0.54215081696810674 1.7347234759768067e-18 0.84028119796935496 -0.021417202295841025 -0.9996751246640373 0.01381841429978645 4
1 431.70174127470204 909.2731480806176 455.1823799493676 0.84000821133286163 -0.025488137004134305 -0.54197468553930173 0.54215081696810674 1.7347234759768067e-18 0.84028119796935496 -0.021417202295841025 -0.9996751246640373 0.01381841429978645 
1 426.60818178114971 909.42770054862785 458.46875294852373 0.84000821133286163 -0.025488137004134305 -0.54197468553930173 0.54215081696810674 1.7347234759768067e-18 0.84028119796935496 -0.021417202295841025 -0.9996751246640373 0.01381841429978645 
2 431.70174127470204 909.2731480806176 455.1823799493676 0.83213061854949844 -0.026052135415006963 -0.55396743578729168 0.55415552419689484 -1.7347234759768075e-18 0.83241315162728224 -0.021686140147426682 -0.99966058551906412 0.014436934757351671 4
1 436.63829786612985 909.11859561260735 451.89600695021153 0.83213061854949844 -0.026052135415006963 -0.55396743578729168 0.55415552419689484 -1.7347234759768075e-18 0.83241315162728224 -0.021686140147426682 -0.99966058551906412 0.014436934757351671 
1 431.70174127470204 909.2731480806176 455.1823799493676 0.83213061854949844 -0.026052135415006963 -0.55396743578729168 0.55415552419689484 -1.7347234759768075e-18 0.83241315162728224 -0.021686140147426682 -0.99966058551906412 0.014436934757351671 
2 436.63829786612985 909.11859561260735 451.89600695021153 0.82371497302267482 -0.026635788672624443 -0.56637812279434074 0.56657914255797104 0 0.82400732716297764 -0.021948085031007182 -0.99964520444094929 0.015091282307490874 4
1 441.41785155543317 908.96404314459699 448.60963395105534 0.82371497302267482 -0.026635788672624443 -0.56637812279434074 0.56657914255797104 0 0.82400732716297764 -0.021948085031007182 -0.99964520444094929 0.015091282307490874 
1 436.63829786612985 909.11859561260735 451.89600695021153 0.82371497302267482 -0.026635788672624443 -0.56637812279434074 0.56657914255797104 0 0.82400732716297764 -0.021948085031007182 -0.99964520444094929 0.015091282307490874 
2 441.41785155543317 908.96404314459699 448.60963395105534 0.81471736243274906 -0.027239631297081467 -0.57921811249081612 0.57943312134978098 0 0.81501978987190871 -0.022200838575935602 -0.99962893239781681 0.015783544586885093 4
1 446.04040234261197 908.80949067658673 445.32326095189927 0.81471736243274906 -0.027239631297081467 -0.57921811249081612 0.57943312134978098 0 0.81501978987190871 -0.022200838575935602 -0.99962893239781681 0.015783544586885093 
1 441.41785155543317 908.96404314459699 448.60963395105534 0.81471736243274906 -0.027239631297081467 -0.57921811249081612 0.57943312134978098 0 0.81501978987190871 -0.022200838575935602 -0.99962893239781681 0.015783544586885093 
2 446.04040234261197 908.80949067658673 445.32326095189927 0.80509015013501095 -0.027864144081994977 -0.59249762837513831 0.59272777309637958 0 0.80540287248072751 -0.022441861682855616 -0.99961171935635984 0.016515852070957543 4
1 450.50595022766629 908.65493820857637 442.03688795274309 0.80509015013501095 -0.027864144081994977 -0.59249762837513831 0.59272777309637958 0 0.80540287248072751 -0.022441861682855616 -0.99961171935635984 0.016515852070957543 
1 446.04040234261197 908.80949067658673 445.32326095189927 0.80509015013501095 -0.027864144081994977 -0.59249762837513831 0.59272777309637958 0 0.80540287248072751 -0.022441861682855616 -0.99961171935635984 0.016515852070957543 
2 450.50595022766629 908.65493820857637 442.03688795274309 0.79478173553902975 -0.028509735709780316 -0.60622536059070153 0.60647188239277949 0 0.79510493387159831 -0.022668231526221622 -0.99959351486979875 0.017290353082431112 4
1 454.81449521059608 908.50038574056612 438.75051495358701 0.79478173553902975 -0.028509735709780316 -0.60622536059070153 0.60647188239277949 0 0.79510493387159831 -0.022668231526221622 -0.99959351486979875 0.017290353082431112 
1 450.50595022766629 908.65493820857637 442.03688795274309 0.79478173553902975 -0.028509735709780316 -0.60622536059070153 0.60647188239277949 0 0.79510493387159831 -0.022668231526221622 -0.99959351486979875 0.017290353082431112 
2 454.81449521059608 908.50038574056612 438.75051495358701 0.78373632972647689 -0.029176720763246358 -0.62040799836266991 0.62067223786252723 0 0.78407013279854154 -0.022876595323464536 -0.99957426885924971 0.018109180569614181 4
1 458.96603729140139 908.34583327255586 435.46414195443089 0.78373632972647689 -0.029176720763246358 -0.62040799836266991 0.62067223786252723 0 0.78407013279854154 -0.022876595323464536 -0.99957426885924971 0.018109180569614181 
1 454.81449521059608 908.50038574056612 438.75051495358701 0.78373632972647689 -0.029176720763246358 -0.62040799836266991 0.62067223786252723 0 0.78407013279854154 -0.022876595323464536 -0.99957426885924971 0.018109180569614181 
2 458.96603729140139 908.34583327255586 435.46414195443089 0.77189375867007004 -0.029865293619089132 -0.63504967487845942 0.63533307623254764 0 0.77223822894550354 -0.023063121451342844 -0.99955393263047376 0.018974408867604178 4
1 462.96057647008217 908.1912808045455 432.1777689552747 0.77189375867007004 -0.029865293619089132 -0.63504967487845942 0.63533307623254764 0 0.77223822894550354 -0.023063121451342844 -0.99955393263047376 0.018974408867604178 
1 458.96603729140139 908.34583327255586 435.46414195443089 0.77189375867007004 -0.029865293619089132 -0.63504967487845942 0.63533307623254764 0 0.77223822894550354 -0.023063121451342844 -0.99955393263047376 0.018974408867604178 
2 462.96057647008217 908.1912808045455 432.1777689552747 0.75918931018041969 -0.03057549769423339 -0.650151313348307 0.65045542716578542 1.7347234759768071e-18 0.75954442745014972 -0.023223448890169873 -0.9995324601736304 0.019887998413509068 4
1 466.79811274663848 908.03672833653525 428.89139595611863 0.75918931018041969 -0.03057549769423339 -0.650151313348307 0.65045542716578542 1.7347234759768071e-18 0.75954442745014972 -0.023223448890169873 -0.9995324601736304 0.019887998413509068 
1 462.96057647008217 908.1912808045455 432.1777689552747 0.75918931018041969 -0.03057549769423339 -0.650151313348307 0.65045542716578542 1.7347234759768071e-18 0.75954442745014972 -0.023223448890169873 -0.9995324601736304 0.019887998413509068 
2 466.79811274663848 908.03672833653525 428.89139595611863 0.74555364524454348 -0.031307189525066635 -0.6657098631886228 0.66603634767989583 -1.7347234759768071e-18 0.74591928757019355 -0.023352636506362729 -0.99950980979880422 0.020851726167397673 4
1 470.47864612107026 907.88217586852488 425.60502295696244 0.74555364524454348 -0.031307189525066635 -0.6657098631886228 0.66603634767989583 -1.7347234759768071e-18 0.74591928757019355 -0.023352636506362729 -0.99950980979880422 0.020851726167397673 
1 466.79811274663848 908.03672833653525 428.89139595611863 0.74555364524454348 -0.031307189525066635 -0.6657098631886228 0.66603634767989583 -1.7347234759768071e-18 0.74591928757019355 -0.023352636506362729 -0.99950980979880422 0.020851726167397673 
2 470.47864612107026 907.88217586852488 425.60502295696244 0.73091279976966916 -0.032059997208059694 -0.68171741631843541 0.68206803600887034 3.4694469519536134e-18 0.73128872154232127 -0.023445114370932354 -0.99948594616383635 0.021867099330151143 4
1 474.00217659337756 907.72762340051463 422.31864995780637 0.73091279976966916 -0.032059997208059694 -0.68171741631843541 0.68206803600887034 3.4694469519536134e-18 0.73128872154232127 -0.023445114370932354 -0.99948594616383635 0.021867099330151143 
1 470.47864612107026 907.88217586852488 425.60502295696244 0.73091279976966916 -0.032059997208059694 -0.68171741631843541 0.68206803600887034 3.4694469519536134e-18 0.73128872154232127 -0.023445114370932354 -0.99948594616383635 0.021867099330151143 
2 474.00217659337756 907.72762340051463 422.31864995780637 0.71518830888560792 -0.032833272838561085 -0.69816019582045274 0.69853681700827808 0 0.71557411585659225 -0.023494640182131613 -0.99946084275208547 0.022935249900612811 4
1 477.36870416356032 907.57307093250438 419.0322769586503 0.71518830888560792 -0.032833272838561085 -0.69816019582045274 0.69853681700827808 0 0.71557411585659225 -0.023494640182131613 -0.99946084275208547 0.022935249900612811 
1 474.00217659337756 907.72762340051463 422.31864995780637 0.71518830888560792 -0.032833272838561085 -0.69816019582045274 0.69853681700827808 0 0.71557411585659225 -0.023494640182131613 -0.99946084275208547 0.022935249900612811 
2 477.36870416356032 907.57307093250438 419.0322769586503 0.69829749276670727 -0.033626038767241129 -0.71501741315338219 -0.71542199512689131 0 -0.69869261402183036 0.023494264925483111 0.9994344848547223 -0.024056807743073842 4
1 480.57822883161862 907.41851846449401 415.74590395949406 0.69829749276670727 -0.033626038767241129 -0.71501741315338219 -0.71542199512689131 0 -0.69869261402183036 0.023494264925483111 0.9994344848547223 -0.024056807743073842 
1 477.36870416356032 907.57307093250438 419.0322769586503 0.69829749276670727 -0.033626038767241129 -0.71501741315338219 -0.71542199512689131 0 -0.69869261402183036 0.023494264925483111 0.9994344848547223 -0.024056807743073842 
2 480.57822883161862 907.41851846449401 415.74590395949406 0.6801539501200532 -0.034436927785777789 -0.73225999627233851 -0.73269457713363007 0 -0.68055760714209279 0.023436313171213981 0.99940687310258036 -0.025231750241781814 4
1 483.63075059755238 907.26396599648376 412.45953096033799 0.6801539501200532 -0.034436927785777789 -0.73225999627233851 -0.73269457713363007 0 -0.68055760714209279 0.023436313171213981 0.99940687310258036 -0.025231750241781814 
1 480.57822883161862 907.41851846449401 415.74590395949406 0.6801539501200532 -0.034436927785777789 -0.73225999627233851 -0.73269457713363007 0 -0.68055760714209279 0.023436313171213981 0.99940687310258036 -0.025231750241781814 
2 483.63075059755238 907.26396599648376 412.45953096033799 0.66066831254052494 -0.035264117777167731 -0.7498492000410838 -0.75031587582675097 0 -0.66107948575215658 0.023312384845633524 0.99937802757384953 -0.026459227415233297 4
1 486.52626946136166 907.1094135284734 409.1731579611818 0.66066831254052494 -0.035264117777167731 -0.7498492000410838 -0.75031587582675097 0 -0.66107948575215658 0.023312384845633524 0.99937802757384953 -0.026459227415233297 
1 483.63075059755238 907.26396599648376 412.45953096033799 0.66066831254052494 -0.035264117777167731 -0.7498492000410838 -0.75031587582675097 0 -0.66107948575215658 0.023312384845633524 0.99937802757384953 -0.026459227415233297 
2 486.52626946136166 907.1094135284734 409.1731579611818 0.63974931902752485 -0.036105261954636682 -0.76773512285358247 -0.76823601852041179 0 -0.64016671254283886 0.023113386850997796 0.9993479924726858 -0.027737362691666587 4
1 489.26478542304642 906.95486106046314 405.88678496202573 0.63974931902752485 -0.036105261954636682 -0.76773512285358247 -0.76823601852041179 0 -0.64016671254283886 0.023113386850997796 0.9993479924726858 -0.027737362691666587 
1 486.52626946136166 907.1094135284734 409.1731579611818 0.63974931902752485 -0.036105261954636682 -0.76773512285358247 -0.76823601852041179 0 -0.64016671254283886 0.023113386850997796 0.9993479924726858 -0.027737362691666587 
2 489.26478542304642 906.95486106046314 405.88678496202573 0.61730527386752132 -0.036957416596691814 -0.78585516999880023 -0.78639240078828132 0 -0.61772727961653373 0.022829604415929367 0.99931684132636267 -0.029063031564405147 4
1 491.8462984826067 906.80030859245289 402.60041196286966 0.61730527386752132 -0.036957416596691814 -0.78585516999880023 -0.78639240078828132 0 -0.61772727961653373 0.022829604415929367 0.99931684132636267 -0.029063031564405147 
1 489.26478542304642 906.95486106046314 405.88678496202573 0.61730527386752132 -0.036957416596691814 -0.78585516999880023 -0.78639240078828132 0 -0.61772727961653373 0.022829604415929367 0.99931684132636267 -0.029063031564405147 
2 491.8462984826067 906.80030859245289 402.60041196286966 0.5932459511221313 -0.037816969172852127 -0.80413252534627488 -0.80470814710047511 0 -0.59367061405304566 0.022450823310472219 0.99928468258178538 -0.030431623192041617 4
1 494.27080864004245 906.64575612444264 399.31403896371347 0.5932459511221313 -0.037816969172852127 -0.80413252534627488 -0.80470814710047511 0 -0.59367061405304566 0.022450823310472219 0.99928468258178538 -0.030431623192041617 
1 491.8462984826067 906.80030859245289 402.60041196286966 0.5932459511221313 -0.037816969172852127 -0.80413252534627488 -0.80470814710047511 0 -0.59367061405304566 0.022450823310472219 0.99928468258178538 -0.030431623192041617 
2 494.27080864004245 906.64575612444264 399.31403896371347 0.56748500292946225 -0.038679570950044616 -0.82247471829915153 -0.82309066552868559 0 -0.56790998962823813 0.021966514737064537 0.99925166539321841 -0.03183679379563624 4
1 496.53831589535372 906.49120365643239 396.02766596455734 0.56748500292946225 -0.038679570950044616 -0.82247471829915153 -0.82309066552868559 0 -0.56790998962823813 0.021966514737064537 0.99925166539321841 -0.03183679379563624 
1 494.27080864004245 906.64575612444264 399.31403896371347 0.56748500292946225 -0.038679570950044616 -0.82247471829915153 -0.82309066552868559 0 -0.56790998962823813 0.021966514737064537 0.99925166539321841 -0.03183679379563624 
2 496.53831589535372 906.49120365643239 396.02766596455734 0.53994291411057393 -0.039540079523908742 -0.84077240179077273 -0.84143041275762775 3.4694469519536134e-18 -0.54036548787513095 0.021366094362558426 0.99921798528211214 -0.033270225434271959 4
1 498.64882024854046 906.33665118842191 392.74129296540116 0.53994291411057393 -0.039540079523908742 -0.84077240179077273 -0.84143041275762775 3.4694469519536134e-18 -0.54036548787513095 0.021366094362558426 0.99921798528211214 -0.033270225434271959 
1 496.53831589535372 906.49120365643239 396.02766596455734 0.53994291411057393 -0.039540079523908742 -0.84077240179077273 -0.84143041275762775 3.4694469519536134e-18 -0.54036548787513095 0.021366094362558426 0.99921798528211214 -0.033270225434271959 
2 498.64882024854046 906.33665118842191 392.74129296540116 0.51055051934258822 -0.040392518144998134 -0.85889848741100916 -0.8596000162502857 3.4694469519536142e-18 -0.5109675254480549 0.020639265043165357 0.9991838892205509 -0.034721409253830354 4
1 500.60232169960273 906.18209872041166 389.45491996624509 0.51055051934258822 -0.040392518144998134 -0.85889848741100916 -0.8596000162502857 3.4694469519536142e-18 -0.5109675254480549 0.020639265043165357 0.9991838892205509 -0.034721409253830354 
1 498.64882024854046 906.33665118842191 392.74129296540116 0.51055051934258822 -0.040392518144998134 -0.85889848741100916 -0.8596000162502857 3.4694469519536142e-18 -0.5109675254480549 0.020639265043165357 0.9991838892205509 -0.034721409253830354 
2 500.60232169960273 906.18209872041166 389.45491996624509 0.47925305881377206 -0.041230060043704497 -0.87670781208247239 -0.87745392910059616 0 -0.47966092430583313 0.019776448709748297 0.99914967955196421 -0.036177478182402009 4
1 502.39882024854046 906.02754625240141 386.16854696708901 0.47925305881377206 -0.041230060043704497 -0.87670781208247239 -0.87745392910059616 0 -0.47966092430583313 0.019776448709748297 0.99914967955196421 -0.036177478182402009 
1 500.60232169960273 906.18209872041166 389.45491996624509 0.47925305881377206 -0.041230060043704497 -0.87670781208247239 -0.87745392910059616 0 -0.47966092430583313 0.019776448709748297 0.99914967955196421 -0.036177478182402009 
2 502.39882024854046 906.02754625240141 386.16854696708901 0.44601469217416639 -0.042045046949857279 -0.89403753186975765 -0.89482881464247932 0 -0.44640944488836182 0.018769306069190899 0.99911571603442628 -0.037623119523728182 4
1 504.03831589535372 905.87299378439116 382.88217396793283 0.44601469217416639 -0.042045046949857279 -0.89403753186975765 -0.89482881464247932 0 -0.44640944488836182 0.018769306069190899 0.99911571603442628 -0.037623119523728182 
1 502.39882024854046 906.02754625240141 386.16854696708901 0.44601469217416639 -0.042045046949857279 -0.89403753186975765 -0.89482881464247932 0 -0.44640944488836182 0.018769306069190899 0.99911571603442628 -0.037623119523728182 
2 504.03831589535372 905.87299378439116 382.88217396793283 0.41082331904448111 -0.042829051340699212 -0.91070844560184694 -0.91154486531505619 3.4694469519536142e-18 -0.41120063049289723 0.017611332914708185 0.9990824151996951 -0.039040601835929292 4
1 505.52080864004245 905.7184413163809 379.5958009687767 0.41082331904448111 -0.042829051340699212 -0.91070844560184694 -0.91154486531505619 3.4694469519536142e-18 -0.41120063049289723 0.017611332914708185 0.9990824151996951 -0.039040601835929292 
1 504.03831589535372 905.87299378439116 382.88217396793283 0.41082331904448111 -0.042829051340699212 -0.91070844560184694 -0.91154486531505619 3.4694469519536142e-18 -0.41120063049289723 0.017611332914708185 0.9990824151996951 -0.039040601835929292 
2 505.52080864004245 905.7184413163809 379.5958009687767 0.37369547081131999 -0.043572991239565304 -0.92652743592920261 -0.92740824543345357 0 -0.37405072691019203 0.016298509046810832 0.99905024620107907 -0.040409951353772504 4
1 506.8462984826067 905.56388884837054 376.30942796962057 0.37369547081131999 -0.043572991239565304 -0.92652743592920261 -0.92740824543345357 0 -0.37405072691019203 0.016298509046810832 0.99905024620107907 -0.040409951353772504 
1 505.52080864004245 905.7184413163809 379.5958009687767 0.37369547081131999 -0.043572991239565304 -0.92652743592920261 -0.92740824543345357 0 -0.37405072691019203 0.016298509046810832 0.99905024620107907 -0.040409951353772504 
2 506.8462984826067 905.56388884837054 376.30942796962057 0.33468095063655295 -0.044267304260558769 -0.94129117017770669 -0.94221480222888887 0 -0.33500935279597155 0.014829960950352149 0.99901972241467951 -0.041709309329068439 4
1 508.01478542304642 905.40933638036017 373.02305497046444 0.33468095063655295 -0.044267304260558769 -0.94129117017770669 -0.94221480222888887 0 -0.33500935279597155 0.014829960950352149 0.99901972241467951 -0.041709309329068439 
1 506.8462984826067 905.56388884837054 376.30942796962057 0.33468095063655295 -0.044267304260558769 -0.94129117017770669 -0.94221480222888887 0 -0.33500935279597155 0.014829960950352149 0.99901972241467951 -0.041709309329068439 
2 508.01478542304642 905.40933638036017 373.02305497046444 0.29386681913443025 -0.044902183764755806 -0.95479112192404059 -0.95575510771011907 0 -0.29416351589892764 0.013208584247780314 0.9989913882977951 -0.042915491480503748 4
1 509.02626946136166 905.25478391234992 369.73668197130837 0.29386681913443025 -0.044902183764755806 -0.95479112192404059 -0.95575510771011907 0 -0.29416351589892764 0.013208584247780314 0.9989913882977951 -0.042915491480503748 
1 508.01478542304642 905.40933638036017 373.02305497046444 0.29386681913443025 -0.044902183764755806 -0.95479112192404059 -0.95575510771011907 0 -0.29416351589892764 0.013208584247780314 0.9989913882977951 -0.042915491480503748 
2 509.02626946136166 905.25478391234992 369.73668197130837 0.25138026898677629 -0.045467874404094354 -0.96681985538222659 -0.96782077425727409 -1.7347234759768071e-18 -0.25164051525152009 0.011441559342437704 0.99896580141523039 -0.044004753409603095 4
1 509.88075059755238 905.10023144433967 366.45030897215224 0.25138026898677629 -0.045467874404094354 -0.96681985538222659 -0.96782077425727409 -1.7347234759768071e-18 -0.25164051525152009 0.011441559342437704 0.99896580141523039 -0.044004753409603095 
1 509.02626946136166 905.25478391234992 369.73668197130837 0.25138026898677629 -0.045467874404094354 -0.96681985538222659 -0.96782077425727409 -1.7347234759768071e-18 -0.25164051525152009 0.011441559342437704 0.99896580141523039 -0.044004753409603095 
2 509.88075059755238 905.10023144433967 366.45030897215224 0.20738992208526516 -0.04595501727970415 -0.97717836478520637 -0.97821183570189441 1.7347234759768071e-18 -0.20760925916907014 0.0095406870925411977 0.99894351010796512 -0.044953741812891676 4
1 510.57822883161862 904.94567897632942 363.16393597299606 0.20738992208526516 -0.04595501727970415 -0.97717836478520637 -0.97821183570189441 1.7347234759768071e-18 -0.20760925916907014 0.0095406870925411977 0.99894351010796512 -0.044953741812891676 
1 509.88075059755238 905.10023144433967 366.45030897215224 0.20738992208526516 -0.04595501727970415 -0.97717836478520637 -0.97821183570189441 1.7347234759768071e-18 -0.20760925916907014 0.0095406870925411977 0.99894351010796512 -0.044953741812891676 
2 510.57822883161862 904.94567897632942 363.16393597299606 0.16210513504879681 -0.046355027173834655 -0.98568409576624716 -0.98674481887155807 -8.6736173798840393e-19 -0.16227958106347268 0.0075224743899557798 0.9989250279453975 -0.045740582892431637 4
1 511.11870416356032 904.79112650831905 359.87756297383993 0.16210513504879681 -0.046355027173834655 -0.98568409576624716 -0.98674481887155807 -8.6736173798840393e-19 -0.16227958106347268 0.0075224743899557798 0.9989250279453975 -0.045740582892431637 
1 510.57822883161862 904.94567897632942 363.16393597299606 0.16210513504879681 -0.046355027173834655 -0.98568409576624716 -0.98674481887155807 -8.6736173798840393e-19 -0.16227958106347268 0.0075224743899557798 0.9989250279453975 -0.045740582892431637 
2 511.11870416356032 904.79112650831905 359.87756297383993 0.11577302339325243 -0.046660477007340051 -0.9921791203909871 -0.99326097351719778 0 -0.11589926008249005 0.0054079147602467516 0.99891080677177957 -0.046346030817087401 4
1 511.50217659337756 904.6365740403088 356.5911899746838 0.11577302339325243 -0.046660477007340051 -0.9921791203909871 -0.99326097351719778 0 -0.11589926008249005 0.0054079147602467516 0.99891080677177957 -0.046346030817087401 
1 511.11870416356032 904.79112650831905 359.87756297383993 0.11577302339325243 -0.046660477007340051 -0.9921791203909871 -0.99326097351719778 0 -0.11589926008249005 0.0054079147602467516 0.99891080677177957 -0.046346030817087401 
2 511.50217659337756 904.6365740403088 356.5911899746838 0.068673108677375555 -0.046865459296697866 -0.99653782310030514 -0.99763401268525953 0 -0.068748648957687619 0.0032219370094294791 0.99890121069348481 -0.046754576214502394 4
1 511.72864612107026 904.48202157229855 353.30481697552773 0.068673108677375555 -0.046865459296697866 -0.99653782310030514 -0.99763401268525953 0 -0.068748648957687619 0.0032219370094294791 0.99890121069348481 -0.046754576214502394 
1 511.50217659337756 904.6365740403088 356.5911899746838 0.068673108677375555 -0.046865459296697866 -0.99653782310030514 -0.99763401268525953 0 -0.068748648957687619 0.0032219370094294791 0.99890121069348481 -0.046754576214502394 
2 511.72864612107026 904.48202157229855 353.30481697552773 0.021109737694832258 -0.046965892370625047 -0.99867341204634374 -2.1684043449710089e-19 -0.99889600137700152 0.046976360363885319 -0.99977716465943334 -0.00099165864513953367 -0.021086432573485303 4
1 511.79811274663848 904.32746910428818 350.0184439763716 0.021109737694832258 -0.046965892370625047 -0.99867341204634374 -2.1684043449710089e-19 -0.99889600137700152 0.046976360363885319 -0.99977716465943334 -0.00099165864513953367 -0.021086432573485303 
1 511.72864612107026 904.48202157229855 353.30481697552773 0.021109737694832258 -0.046965892370625047 -0.99867341204634374 -2.1684043449710089e-19 -0.99889600137700152 0.046976360363885319 -0.99977716465943334 -0.00099165864513953367 -0.021086432573485303 
2 511.79811274663848 904.32746910428818 350.0184439763716 -0.026597316562875541 -0.046959741480415908 -0.9985426207387178 -2.1684043449710084e-19 -0.99889600137700307 0.046976360363850028 -0.99964622879879583 0.0012494451275690387 0.026567953162014712 4
1 511.71057647008217 904.17291663627793 346.73207097721541 -0.026597316562875541 -0.046959741480415908 -0.9985426207387178 -2.1684043449710084e-19 -0.99889600137700307 0.046976360363850028 -0.99964622879879583 0.0012494451275690387 0.026567953162014712 
1 511.79811274663848 904.32746910428818 350.0184439763716 -0.026597316562875541 -0.046959741480415908 -0.9985426207387178 -2.1684043449710084e-19 -0.99889600137700307 0.046976360363850028 -0.99964622879879583 0.0012494451275690387 0.026567953162014712 
2 511.71057647008217 904.17291663627793 346.73207097721541 -0.074123430750575092 -0.046847131906217976 -0.99614811310664342 -0.99724301574062668 -4.3368086899420187e-19 0.07420490251014665 -0.0034762868559808859 0.99890207039136802 -0.046717975100955746 4
1 511.46603729140139 904.01836416826757 343.44569797805929 -0.074123430750575092 -0.046847131906217976 -0.99614811310664342 -0.99724301574062668 -4.3368086899420187e-19 0.07420490251014665 -0.0034762868559808859 0.99890207039136802 -0.046717975100955746 
1 511.71057647008217 904.17291663627793 346.73207097721541 -0.074123430750575092 -0.046847131906217976 -0.99614811310664342 -0.99724301574062668 -4.3368086899420187e-19 0.07420490251014665 -0.0034762868559808859 0.99890207039136802 -0.046717975100955746 
2 511.46603729140139 904.01836416826757 343.44569797805929 -0.12115008431304135 -0.04663034193745913 -0.99153833424721349 -0.99261809034281512 0 0.1212820131931476 -0.0056554217460599021 0.99891221396617014 -0.046286120965993167 4
1 511.06449521059608 903.86381170025732 340.15932497890321 -0.12115008431304135 -0.04663034193745913 -0.99153833424721349 -0.99261809034281512 0 0.1212820131931476 -0.0056554217460599021 0.99891221396617014 -0.046286120965993167 
1 511.46603729140139 904.01836416826757 343.44569797805929 -0.12115008431304135 -0.04663034193745913 -0.99153833424721349 -0.99261809034281512 0 0.1212820131931476 -0.0056554217460599021 0.99891221396617014 -0.046286120965993167 
2 511.06449521059608 903.86381170025732 340.15932497890321 -0.16737533846706285 -0.046313676489307086 -0.98480482301981032 -0.985862706977916 -8.6736173798840374e-19 0.16755513418029247 -0.0077600942785485067 0.99892694596253828 -0.045658926473847748 4
1 510.50595022766629 903.70925923224706 336.87295197974709 -0.16737533846706285 -0.046313676489307086 -0.98480482301981032 -0.985862706977916 -8.6736173798840374e-19 0.16755513418029247 -0.0077600942785485067 0.99892694596253828 -0.045658926473847748 
1 511.06449521059608 903.86381170025732 340.15932497890321 -0.16737533846706285 -0.046313676489307086 -0.98480482301981032 -0.985862706977916 -8.6736173798840374e-19 0.16755513418029247 -0.0077600942785485067 0.99892694596253828 -0.045658926473847748 
2 510.50595022766629 903.70925923224706 336.87295197974709 -0.2125230547544685 -0.045903234860252072 -0.97607727369670572 -0.97710725130120479 0 0.21274731362488336 -0.0097657899032107254 0.99894589094172892 -0.044852383640134538 4
1 509.79040234261197 903.5547067642367 333.58657898059096 -0.2125230547544685 -0.045903234860252072 -0.97607727369670572 -0.97710725130120479 0 0.21274731362488336 -0.0097657899032107254 0.99894589094172892 -0.044852383640134538 
1 510.50595022766629 903.70925923224706 336.87295197974709 -0.2125230547544685 -0.045903234860252072 -0.97607727369670572 -0.97710725130120479 0 0.21274731362488336 -0.0097657899032107254 0.99894589094172892 -0.044852383640134538 
2 509.79040234261197 903.5547067642367 333.58657898059096 -0.25635023544254704 -0.045406596549819225 -0.96551685525334696 -0.96651372854075734 0 0.25661491098968392 -0.011652009731976349 0.99896858859013282 -0.043886098931711665 4
1 508.91785155543317 903.40015429622645 330.30020598143483 -0.25635023544254704 -0.045406596549819225 -0.96551685525334696 -0.96651372854075734 0 0.25661491098968392 -0.011652009731976349 0.99896858859013282 -0.043886098931711665 
1 509.79040234261197 903.5547067642367 333.58657898059096 -0.25635023544254704 -0.045406596549819225 -0.96551685525334696 -0.96651372854075734 0 0.25661491098968392 -0.011652009731976349 0.99896858859013282 -0.043886098931711665 
2 508.91785155543317 903.40015429622645 330.30020598143483 -0.29865210546400994 -0.04483245551496029 -0.95330843426165746 -0.95426793160900958 1.7347234759768075e-18 0.29895269642982447 -0.013402783463767531 0.99899451997120547 -0.042782174593214088 4
1 507.88829786612985 903.24560182821608 327.01383298227864 -0.29865210546400994 -0.04483245551496029 -0.95330843426165746 -0.95426793160900958 1.7347234759768075e-18 0.29895269642982447 -0.013402783463767531 0.99899451997120547 -0.042782174593214088 
1 508.91785155543317 903.40015429622645 330.30020598143483 -0.29865210546400994 -0.04483245551496029 -0.95330843426165746 -0.95426793160900958 1.7347234759768075e-18 0.29895269642982447 -0.013402783463767531 0.99899451997120547 -0.042782174593214088 
2 507.88829786612985 903.24560182821608 327.01383298227864 -0.33926481658449403 -0.044190235081062589 -0.93965238644478 -0.94057119806565104 -1.7347234759768071e-18 0.33959655676897854 -0.015006851676340581 0.99902313442856805 -0.041564062352997803 4
1 506.70174127470204 903.09104936020583 323.72745998312257 -0.33926481658449403 -0.044190235081062589 -0.93965238644478 -0.94057119806565104 -1.7347234759768071e-18 0.33959655676897854 -0.015006851676340581 0.99902313442856805 -0.041564062352997803 
1 507.88829786612985 903.24560182821608 327.01383298227864 -0.33926481658449403 -0.044190235081062589 -0.93965238644478 -0.94057119806565104 -1.7347234759768071e-18 0.33959655676897854 -0.015006851676340581 0.99902313442856805 -0.041564062352997803 
2 506.70174127470204 903.09104936020583 323.72745998312257 -0.37806589489938336 -0.043489713263618966 -0.92475662958108962 -0.92563239367421402 -1.7347234759768071e-18 0.37842393130052582 -0.016457548264351311 0.99905387484371855 -0.040255487388408839 4
1 505.35818178114971 902.93649689219558 320.44108698396644 -0.37806589489938336 -0.043489713263618966 -0.92475662958108962 -0.92563239367421402 -1.7347234759768071e-18 0.37842393130052582 -0.016457548264351311 0.99905387484371855 -0.040255487388408839 
1 506.70174127470204 903.09104936020583 323.72745998312257 -0.37806589489938336 -0.043489713263618966 -0.92475662958108962 -0.92563239367421402 -1.7347234759768071e-18 0.37842393130052582 -0.016457548264351311 0.99905387484371855 -0.040255487388408839 
2 505.35818178114971 902.93649689219558 320.44108698396644 -0.41497273943543384 -0.042740682574443224 -0.90882938969782556 -0.9096606380338047 0 0.41535228855988182 -0.017752440321906458 0.99908619951086841 -0.03887951658066835 4
1 503.8576193854729 902.78194442418521 317.15471398481031 -0.41497273943543384 -0.042740682574443224 -0.90882938969782556 -0.9096606380338047 0 0.41535228855988182 -0.017752440321906458 0.99908619951086841 -0.03887951658066835 
1 505.35818178114971 902.93649689219558 320.44108698396644 -0.41497273943543384 -0.042740682574443224 -0.90882938969782556 -0.9096606380338047 0 0.41535228855988182 -0.017752440321906458 0.99908619951086841 -0.03887951658066835 
2 503.8576193854729 902.78194442418521 317.15471398481031 -0.44993959559944013 -0.041952660958616619 -0.89207305449178509 -0.8928591280549254 0 0.45033607167203293 -0.018892796532292075 0.99911959956678431 -0.037457816283094351 4
1 502.20005408767156 902.62739195617496 313.86834098565419 -0.44993959559944013 -0.041952660958616619 -0.89207305449178509 -0.8928591280549254 0 0.45033607167203293 -0.018892796532292075 0.99911959956678431 -0.037457816283094351 
1 503.8576193854729 902.78194442418521 317.15471398481031 -0.44993959559944013 -0.041952660958616619 -0.89207305449178509 -0.8928591280549254 0 0.45033607167203293 -0.018892796532292075 0.99911959956678431 -0.037457816283094351 
2 502.20005408767156 902.62739195617496 313.86834098565419 -0.48295347163723829 -0.041134662769195342 -0.87467930337490196 -0.87542024894258963 -3.469446951953615e-18 0.48336258413461675 -0.019882956893624276 0.9991536115727474 -0.036010116721578458 4
1 500.38548588774574 902.47283948816471 310.581967986498 -0.48295347163723829 -0.041134662769195342 -0.87467930337490196 -0.87542024894258963 -3.469446951953615e-18 0.48336258413461675 -0.019882956893624276 0.9991536115727474 -0.036010116721578458 
1 502.20005408767156 902.62739195617496 313.86834098565419 -0.48295347163723829 -0.041134662769195342 -0.87467930337490196 -0.87542024894258963 -3.469446951953615e-18 0.48336258413461675 -0.019882956893624276 0.9991536115727474 -0.036010116721578458 
2 500.38548588774574 902.47283948816471 310.581967986498 -0.51402945049665039 -0.040295031775213173 -0.85682555659617565 -0.85752201420077745 -3.4694469519536142e-18 0.5144472715070435 -0.02072966915204804 0.9991878253933214 -0.034553876810165127 4
1 498.4139147856954 902.31828702015446 307.29559498734193 -0.51402945049665039 -0.040295031775213173 -0.85682555659617565 -0.85752201420077745 -3.4694469519536142e-18 0.5144472715070435 -0.02072966915204804 0.9991878253933214 -0.034553876810165127 
1 500.38548588774574 902.47283948816471 310.581967986498 -0.51402945049665039 -0.040295031775213173 -0.85682555659617565 -0.85752201420077745 -3.4694469519536142e-18 0.5144472715070435 -0.02072966915204804 0.9991878253933214 -0.034553876810165127 
2 498.4139147856954 902.31828702015446 307.29559498734193 -0.54320579142881475 -0.039441332806904893 -0.83867267120409372 -0.83932576073101106 -3.4694469519536142e-18 0.54362879557038724 -0.021441444249508508 0.99922188790399047 -0.033104126662400424 4
1 496.28534078152057 902.16373455214421 304.0092219881858 -0.54320579142881475 -0.039441332806904893 -0.83867267120409372 -0.83932576073101106 -3.4694469519536142e-18 0.54362879557038724 -0.021441444249508508 0.99922188790399047 -0.033104126662400424 
1 498.4139147856954 902.31828702015446 307.29559498734193 -0.54320579142881475 -0.039441332806904893 -0.83867267120409372 -0.83932576073101106 -3.4694469519536142e-18 0.54362879557038724 -0.021441444249508508 0.99922188790399047 -0.033104126662400424 
2 496.28534078152057 902.16373455214421 304.0092219881858 -0.5705391344378935 -0.038580295014754476 -0.82036373451746014 -0.82097494767270829 0 0.57096421542316822 -0.022027967873893658 0.99925550328060475 -0.031673455680935707 4
1 493.99976387522122 902.00918208413373 300.72284898902967 -0.5705391344378935 -0.038580295014754476 -0.82036373451746014 -0.82097494767270829 0 0.57096421542316822 -0.022027967873893658 0.99925550328060475 -0.031673455680935707 
1 496.28534078152057 902.16373455214421 304.0092219881858 -0.5705391344378935 -0.038580295014754476 -0.82036373451746014 -0.82097494767270829 0 0.57096421542316822 -0.022027967873893658 0.99925550328060475 -0.031673455680935707 
2 493.99976387522122 902.00918208413373 300.72284898902967 -0.59610003283054669 -0.037717797771530226 -0.80202376435532585 -0.80259486622230769 -3.4694469519536142e-18 0.59652450135228818 -0.022499590507768518 0.99928843070019879 -0.030272110856641353 4
1 491.55718406679739 901.85462961612347 297.43647598987354 -0.59610003283054669 -0.037717797771530226 -0.80202376435532585 -0.80259486622230769 -3.4694469519536142e-18 0.59652450135228818 -0.022499590507768518 0.99928843070019879 -0.030272110856641353 
1 493.99976387522122 902.00918208413373 300.72284898902967 -0.59610003283054669 -0.037717797771530226 -0.80202376435532585 -0.80259486622230769 -3.4694469519536142e-18 0.59652450135228818 -0.022499590507768518 0.99928843070019879 -0.030272110856641353 
2 491.55718406679739 901.85462961612347 297.43647598987354 -0.61996895665754292 -0.036858889679625556 -0.78376011319315231 -0.78429305581260111 0 0.62039052427010222 -0.022866905892356758 0.99932048025224884 -0.028908171220693075 4
1 488.95760135624903 901.70007714811322 294.15010299071741 -0.61996895665754292 -0.036858889679625556 -0.78376011319315231 -0.78429305581260111 0 0.62039052427010222 -0.022866905892356758 0.99932048025224884 -0.028908171220693075 
1 491.55718406679739 901.85462961612347 297.43647598987354 -0.61996895665754292 -0.036858889679625556 -0.78376011319315231 -0.78429305581260111 0 0.62039052427010222 -0.022866905892356758 0.99932048025224884 -0.028908171220693075 
2 488.95760135624903 901.70007714811322 294.15010299071741 -0.64223283996142821 -0.036007831571401368 -0.7656633825256397 -0.76616023148907664 0 0.64264959323460613 -0.023140418312621296 0.99935150776167125 -0.027587768572164554 4
1 486.20101574357619 901.54552468010297 290.86372999156129 -0.64223283996142821 -0.036007831571401368 -0.7656633825256397 -0.76616023148907664 0 0.64264959323460613 -0.023140418312621296 0.99935150776167125 -0.027587768572164554 
1 488.95760135624903 901.70007714811322 294.15010299071741 -0.64223283996142821 -0.036007831571401368 -0.7656633825256397 -0.76616023148907664 0 0.64264959323460613 -0.023140418312621296 0.99935150776167125 -0.027587768572164554 
2 486.20101574357619 901.54552468010297 290.86372999156129 -0.66298219048653839 -0.035168155443413909 -0.74780867602641454 -0.74827155000246515 3.469446951953615e-18 0.66339255909070038 -0.023330292638105894 0.99938140909399942 -0.026315330184370961 4
1 483.28742722877888 901.39097221209272 287.57735699240516 -0.66298219048653839 -0.035168155443413909 -0.74780867602641454 -0.74827155000246515 3.469446951953615e-18 0.66339255909070038 -0.023330292638105894 0.99938140909399942 -0.026315330184370961 
1 486.20101574357619 901.54552468010297 290.86372999156129 -0.66298219048653839 -0.035168155443413909 -0.74780867602641454 -0.74827155000246515 3.469446951953615e-18 0.66339255909070038 -0.023330292638105894 0.99938140909399942 -0.026315330184370961 
2 483.28742722877888 901.39097221209272 287.57735699240516 -0.68230874189650104 -0.034342732616266476 -0.73025704888625442 -0.73068807127534807 0 0.68271146357440915 -0.023446177247595887 0.99941011437569893 -0.025093825057704744 4
1 480.21683581185698 901.23641974408235 284.29098399324903 -0.68230874189650104 -0.034342732616266476 -0.73025704888625442 -0.73068807127534807 0 0.68271146357440915 -0.023446177247595887 0.99941011437569893 -0.025093825057704744 
1 483.28742722877888 901.39097221209272 287.57735699240516 -0.68230874189650104 -0.034342732616266476 -0.73025704888625442 -0.73068807127534807 0 0.68271146357440915 -0.023446177247595887 0.99941011437569893 -0.025093825057704744 
2 480.21683581185698 901.23641974408235 284.29098399324903 -0.70030360378080347 -0.033533845837470468 -0.7130570409966992 -0.71345830247796804 -3.4694469519536134e-18 0.70069768846861225 -0.023497088263778356 0.99943758243491576 -0.02392500072675955 4
1 476.98924149281061 901.0818672760721 281.0046109940929 -0.70030360378080347 -0.033533845837470468 -0.7130570409966992 -0.71345830247796804 -3.4694469519536134e-18 0.70069768846861225 -0.023497088263778356 0.99943758243491576 -0.02392500072675955 
1 480.21683581185698 901.23641974408235 284.29098399324903 -0.70030360378080347 -0.033533845837470468 -0.7130570409966992 -0.71345830247796804 -3.4694469519536134e-18 0.70069768846861225 -0.023497088263778356 0.99943758243491576 -0.02392500072675955 
2 476.98924149281061 901.0818672760721 281.0046109940929 -0.71705585115883297 -0.032743261385629038 -0.6962462101532142 0.69661974068193733 0 -0.71744054589368611 0.023491343322845352 -0.99946379565936871 0.022809602255537798 4
1 473.60464427163976 900.92731480806174 277.71823799493677 -0.71705585115883297 -0.032743261385629038 -0.6962462101532142 0.69661974068193733 0 -0.71744054589368611 0.023491343322845352 -0.99946379565936871 0.022809602255537798 
1 476.98924149281061 901.0818672760721 281.0046109940929 -0.71705585115883297 -0.032743261385629038 -0.6962462101532142 0.69661974068193733 0 -0.71744054589368611 0.023491343322845352 -0.99946379565936871 0.022809602255537798 
2 473.60464427163976 900.92731480806174 277.71823799493677 -0.7326514899828801 -0.031972298403604466 -0.6798526063498298 0.68020035512063837 3.4694469519536142e-18 -0.73302624570594854 0.023436533865384478 -0.99948875538186577 0.021747568728154774 4
1 470.06304414834437 900.77276234005149 274.43186499578064 -0.7326514899828801 -0.031972298403604466 -0.6798526063498298 0.68020035512063837 3.4694469519536142e-18 -0.73302624570594854 0.023436533865384478 -0.99948875538186577 0.021747568728154774 
1 473.60464427163976 900.92731480806174 277.71823799493677 -0.7326514899828801 -0.031972298403604466 -0.6798526063498298 0.68020035512063837 3.4694469519536142e-18 -0.73302624570594854 0.023436533865384478 -0.99948875538186577 0.021747568728154774 
2 470.06304414834437 900.77276234005149 274.43186499578064 -0.7471727357245469 -0.031221893656211336 -0.66389614876606762 0.66421997072135297 1.7347234759768071e-18 -0.74753717666409425 0.023339526233870818 -0.99951247783933161 0.020738205290193889 4
1 466.36444112292452 900.61820987204123 271.14549199662451 -0.7471727357245469 -0.031221893656211336 -0.66389614876606762 0.66421997072135297 1.7347234759768071e-18 -0.74753717666409425 0.023339526233870818 -0.99951247783933161 0.020738205290193889 
1 470.06304414834437 900.77276234005149 274.43186499578064 -0.7471727357245469 -0.031221893656211336 -0.66389614876606762 0.66421997072135297 1.7347234759768071e-18 -0.74753717666409425 0.023339526233870818 -0.99951247783933161 0.020738205290193889 
2 466.36444112292452 900.61820987204123 271.14549199662451 -0.7606975463675506 -0.030492660663433629 -0.64838988316911039 0.64869153075984598 0 -0.76105144236145295 0.023206483379344504 -0.9995349907060106 0.019780330722703306 4
1 462.50883519538013 900.46365740403087 267.85911899746839 -0.7606975463675506 -0.030492660663433629 -0.64838988316911039 0.64869153075984598 0 -0.76105144236145295 0.023206483379344504 -0.9995349907060106 0.019780330722703306 
1 466.36444112292452 900.61820987204123 271.14549199662451 -0.7606975463675506 -0.030492660663433629 -0.64838988316911039 0.64869153075984598 0 -0.76105144236145295 0.023206483379344504 -0.9995349907060106 0.019780330722703306 
2 462.50883519538013 900.46365740403087 267.85911899746839 -0.77329935738798061 -0.029784942731364356 -0.63334110955300049 0.63362222861832396 1.7347234759768071e-18 -0.77364259926709611 0.023042900513714319 -0.99955633017178647 0.01887240179271623 4
1 458.49622636571127 900.30910493602062 264.57274599831226 -0.77329935738798061 -0.029784942731364356 -0.63334110955300049 0.63362222861832396 1.7347234759768071e-18 -0.77364259926709611 0.023042900513714319 -0.99955633017178647 0.01887240179271623 
1 462.50883519538013 900.46365740403087 267.85911899746839 -0.77329935738798061 -0.029784942731364356 -0.63334110955300049 0.63362222861832396 1.7347234759768071e-18 -0.77364259926709611 0.023042900513714319 -0.99955633017178647 0.01887240179271623 
2 458.49622636571127 900.30910493602062 264.57274599831226 -0.78504697340750884 -0.029098859809666835 -0.61875237850168097 0.61901450730165652 -1.7347234759768071e-18 -0.78537955139543036 0.022853649463434655 -0.9995765385190758 0.01801261636812089 4
1 454.32661463391787 900.15455246801025 261.28637299915613 -0.78504697340750884 -0.029098859809666835 -0.61875237850168097 0.61901450730165652 -1.7347234759768071e-18 -0.78537955139543036 0.022853649463434655 -0.9995765385190758 0.01801261636812089 
1 458.49622636571127 900.30910493602062 264.57274599831226 -0.78504697340750884 -0.029098859809666835 -0.61875237850168097 0.61901450730165652 -1.7347234759768071e-18 -0.78537955139543036 0.022853649463434655 -0.9995765385190758 0.01801261636812089 
2 454.32661463391787 900.15455246801025 261.28637299915613 -0.79600457836904903 -0.028434349380220682 -0.60462236064409303 0.60486693124277524 0 -0.79632656334505625 0.022643027722903771 -0.99959566214311057 0.017198997651498994 4
1 450 900 258 -0.79600457836904903 -0.028434349380220682 -0.60462236064409303 0.60486693124277524 0 -0.79632656334505625 0.022643027722903771 -0.99959566214311057 0.017198997651498994 
1 454.32661463391787 900.15455246801025 261.28637299915613 -0.79600457836904903 -0.028434349380220682 -0.60462236064409303 0.60486693124277524 0 -0.79632656334505625 0.022643027722903771 -0.99959566214311057 0.017198997651498994 
4 300 912.36419744082343 520.90983993249017 0 0 1 1 0 -0 -0 1 0 4
4 308.07661463391787 912.20964497281318 517.62346693333404 0 0 1 1 0 -0 -0 1 0 4
4 315.99622636571127 912.05509250480281 514.33709393417791 0 0 1 1 0 -0 -0 1 0 4
4 323.75883519538013 911.90054003679256 511.05072093502179 0 0 1 1 0 -0 -0 1 0 4
4 331.36444112292452 911.7459875687822 507.7643479358656 0 0 1 1 0 -0 -0 1 0 4
4 338.81304414834437 911.59143510077195 504.47797493670953 0 0 1 1 0 -0 -0 1 0 4
4 346.10464427163976 911.43688263276169 501.19160193755346 0 0 1 1 0 -0 -0 1 0 4
4 353.23924149281061 911.28233016475133 497.90522893839727 0 0 1 1 0 -0 -0 1 0 4
4 360.21683581185698 911.12777769674108 494.6188559392412 0 0 1 1 0 -0 -0 1 0 4
4 367.03742722877882 910.97322522873071 491.33248294008496 0 0 1 1 0 -0 -0 1 0 4
4 373.70101574357619 910.81867276072046 488.04610994092889 0 0 1 1 0 -0 -0 1 0 4
4 380.20760135624903 910.66412029271021 484.75973694177281 0 0 1 1 0 -0 -0 1 0 4
4 386.55718406679739 910.50956782469984 481.47336394261663 0 0 1 1 0 -0 -0 1 0 4
4 392.74976387522122 910.35501535668959 478.18699094346056 0 0 1 1 0 -0 -0 1 0 4
4 398.78534078152057 910.20046288867934 474.90061794430437 0 0 1 1 0 -0 -0 1 0 4
4 404.6639147856954 910.04591042066909 471.61424494514824 0 0 1 1 0 -0 -0 1 0 4
4 410.38548588774574 909.89135795265884 468.32787194599217 0 0 1 1 0 -0 -0 1 0 4
4 415.95005408767156 909.73680548464847 465.04149894683599 0 0 1 1 0 -0 -0 1 0 4
4 421.3576193854729 909.58225301663822 461.75512594767991 0 0 1 1 0 -0 -0 1 0 4
4 426.60818178114971 909.42770054862785 458.46875294852373 0 0 1 1 0 -0 -0 1 0 4
4 431.70174127470204 909.2731480806176 455.1823799493676 0 0 1 1 0 -0 -0 1 0 4
4 436.63829786612985 909.11859561260735 451.89600695021153 0 0 1 1 0 -0 -0 1 0 4
4 441.41785155543317 908.96404314459699 448.60963395105534 0 0 1 1 0 -0 -0 1 0 4
4 446.04040234261197 908.80949067658673 445.32326095189927 0 0 1 1 0 -0 -0 1 0 4
4 450.50595022766629 908.65493820857637 442.03688795274309 0 0 1 1 0 -0 -0 1 0 4
4 454.81449521059608 908.50038574056612 438.75051495358701 0 0 1 1 0 -0 -0 1 0 4
4 458.96603729140139 908.34583327255586 435.46414195443089 0 0 1 1 0 -0 -0 1 0 4
4 462.96057647008217 908.1912808045455 432.1777689552747 0 0 1 1 0 -0 -0 1 0 4
4 466.79811274663848 908.03672833653525 428.89139595611863 0 0 1 1 0 -0 -0 1 0 4
4 470.47864612107026 907.88217586852488 425.60502295696244 0 0 1 1 0 -0 -0 1 0 4
4 474.00217659337756 907.72762340051463 422.31864995780637 0 0 1 1 0 -0 -0 1 0 4
4 477.36870416356032 907.57307093250438 419.0322769586503 0 0 1 1 0 -0 -0 1 0 4
4 480.57822883161862 907.41851846449401 415.74590395949406 0 0 1 1 0 -0 -0 1 0 4
4 483.63075059755238 907.26396599648376 412.45953096033799 0 0 1 1 0 -0 -0 1 0 4
4 486.52626946136166 907.1094135284734 409.1731579611818 0 0 1 1 0 -0 -0 1 0 4
4 489.26478542304642 906.95486106046314 405.88678496202573 0 0 1 1 0 -0 -0 1 0 4
4 491.8462984826067 906.80030859245289 402.60041196286966 0 0 1 1 0 -0 -0 1 0 4
4 494.27080864004245 906.64575612444264 399.31403896371347 0 0 1 1 0 -0 -0 1 0 4
4 496.53831589535372 906.49120365643239 396.02766596455734 0 0 1 1 0 -0 -0 1 0 4
4 498.64882024854046 906.33665118842191 392.74129296540116 0 0 1 1 0 -0 -0 1 0 4
4 500.60232169960273 906.18209872041166 389.45491996624509 0 0 1 1 0 -0 -0 1 0 4
4 502.39882024854046 906.02754625240141 386.16854696708901 0 0 1 1 0 -0 -0 1 0 4
4 504.03831589535372 905.87299378439116 382.88217396793283 0 0 1 1 0 -0 -0 1 0 4
4 505.52080864004245 905.7184413163809 379.5958009687767 0 0 1 1 0 -0 -0 1 0 4
4 506.8462984826067 905.56388884837054 376.30942796962057 0 0 1 1 0 -0 -0 1 0 4
4 508.01478542304642 905.40933638036017 373.02305497046444 0 0 1 1 0 -0 -0 1 0 4
4 509.02626946136166 905.25478391234992 369.73668197130837 0 0 1 1 0 -0 -0 1 0 4
4 509.88075059755238 905.10023144433967 366.45030897215224 0 0 1 1 0 -0 -0 1 0 4
4 510.57822883161862 904.94567897632942 363.16393597299606 0 0 1 1 0 -0 -0 1 0 4
4 511.11870416356032 904.79112650831905 359.87756297383993 0 0 1 1 0 -0 -0 1 0 4
4 511.50217659337756 904.6365740403088 356.5911899746838 0 0 1 1 0 -0 -0 1 0 4
4 511.72864612107026 904.48202157229855 353.30481697552773 0 0 1 1 0 -0 -0 1 0 4
4 511.79811274663848 904.32746910428818 350.0184439763716 0 0 1 1 0 -0 -0 1 0 4
4 511.71057647008217 904.17291663627793 346.73207097721541 0 0 1 1 0 -0 -0 1 0 4
4 511.46603729140139 904.01836416826757 343.44569797805929 0 0 1 1 0 -0 -0 1 0 4
4 511.06449521059608 903.86381170025732 340.15932497890321 0 0 1 1 0 -0 -0 1 0 4
4 510.50595022766629 903.70925923224706 336.87295197974709 0 0 1 1 0 -0 -0 1 0 4
4 509.79040234261197 903.5547067642367 333.58657898059096 0 0 1 1 0 -0 -0 1 0 4
4 508.91785155543317 903.40015429622645 330.30020598143483 0 0 1 1 0 -0 -0 1 0 4
4 507.88829786612985 903.24560182821608 327.01383298227864 0 0 1 1 0 -0 -0 1 0 4
4 506.70174127470204 903.09104936020583 323.72745998312257 0 0 1 1 0 -0 -0 1 0 4
4 505.35818178114971 902.93649689219558 320.44108698396644 0 0 1 1 0 -0 -0 1 0 4
4 503.8576193854729 902.78194442418521 317.15471398481031 0 0 1 1 0 -0 -0 1 0 4
4 502.20005408767156 902.62739195617496 313.86834098565419 0 0 1 1 0 -0 -0 1 0 4
4 500.38548588774574 902.47283948816471 310.581967986498 0 0 1 1 0 -0 -0 1 0 4
4 498.4139147856954 902.31828702015446 307.29559498734193 0 0 1 1 0 -0 -0 1 0 4
4 496.28534078152057 902.16373455214421 304.0092219881858 0 0 1 1 0 -0 -0 1 0 4
4 493.99976387522122 902.00918208413373 300.72284898902967 0 0 1 1 0 -0 -0 1 0 4
4 491.55718406679739 901.85462961612347 297.43647598987354 0 0 1 1 0 -0 -0 1 0 4
4 488.95760135624903 901.70007714811322 294.15010299071741 0 0 1 1 0 -0 -0 1 0 4
4 486.20101574357619 901.54552468010297 290.86372999156129 0 0 1 1 0 -0 -0 1 0 4
4 483.28742722877888 901.39097221209272 287.57735699240516 0 0 1 1 0 -0 -0 1 0 4
4 480.21683581185698 901.23641974408235 284.29098399324903 0 0 1 1 0 -0 -0 1 0 4
4 476.98924149281061 901.0818672760721 281.0046109940929 0 0 1 1 0 -0 -0 1 0 4
4 473.60464427163976 900.92731480806174 277.71823799493677 0 0 1 1 0 -0 -0 1 0 4
4 470.06304414834437 900.77276234005149 274.43186499578064 0 0 1 1 0 -0 -0 1 0 4
4 466.36444112292452 900.61820987204123 271.14549199662451 0 0 1 1 0 -0 -0 1 0 4
4 462.50883519538013 900.46365740403087 267.85911899746839 0 0 1 1 0 -0 -0 1 0 4
4 458.49622636571127 900.30910493602062 264.57274599831226 0 0 1 1 0 -0 -0 1 0 4
4 454.32661463391787 900.15455246801025 261.28637299915613 0 0 1 1 0 -0 -0 1 0 4
4 450 900 258 0 0 1 1 0 -0 -0 1 0 4
Triangulations 0

TShapes 1770
Ve
1e-07
309.584189111551 912.209644972813 521.328493140311
0 0

0101101
*
Ed
 1e-07 1 1 0
1  1 0 0 6.28318530717959
2  1 1 0 0 6.28318530717959
2  2 2 0 0 6.28318530717959
0

0101000
+1770 0 -1770 0 *
Ve
1e-07
301.507574477634 912.364197440823 524.614866139467
0 0

0101101
*
Ed
 1e-07 1 1 0
1  2 0 0 8.72099982225472
3  3 4CN 1 0 0 8.72099982225472
0

0101000
-1770 0 +1768 0 *
Ed
 1e-07 1 1 0
1  3 0 0 6.28318530717959
2  5 1 0 0 6.28318530717959
2  6 3 0 0 6.28318530717959
0

0101000
+1768 0 -1768 0 *
Wi

0101100
-1769 0 +1767 0 +1766 0 -1767 0 *
Fa
0  1e-07 1 0

0111000
+1765 0 *
Wi

0101100
+1769 0 *
Fa
0  1e-07 2 0

0111000
+1763 0 *
Wi

0101100
-1766 0 *
Fa
0  1e-07 3 0

0111000
-1761 0 *
Sh

0101100
+1764 0 +1762 0 -1760 0 *
So

0100000
+1759 0 *
Ve
1e-07
317.52933393053 912.055092504803 518.031627895951
0 0

0101101
*
Ed
 1e-07 1 1 0
1  4 0 0 6.28318530717959
2  7 4 0 0 6.28318530717959
2  8 5 0 0 6.28318530717959
0

0101000
+1757 0 -1757 0 *
Ve
1e-07
309.609722198736 912.209644972813 521.318000895107
0 0

0101101
*
Ed
 1e-07 1 1 0
1  5 0 0 8.5758022328707
3  9 10CN 4 0 0 8.5758022328707
0

0101000
-1757 0 +1755 0 *
Ed
 1e-07 1 1 0
1  6 0 0 6.28318530717959
2  11 4 0 0 6.28318530717959
2  12 6 0 0 6.28318530717959
0

0101000
+1755 0 -1755 0 *
Wi

0101100
-1756 0 +1754 0 +1753 0 -1754 0 *
Fa
0  1e-07 4 0

0111000
+1752 0 *
Wi

0101100
+1756 0 *
Fa
0  1e-07 5 0

0111000
+1750 0 *
Wi

0101100
-1753 0 *
Fa
0  1e-07 6 0

0111000
-1748 0 *
Sh

0101100
+1751 0 +1749 0 -1747 0 *
So

0100000
+1746 0 *
Ve
1e-07
325.318277480138 911.900540036793 514.73421652488
0 0

0101101
*
Ed
 1e-07 1 1 0
1  7 0 0 6.28318530717959
2  13 7 0 0 6.28318530717959
2  14 8 0 0 6.28318530717959
0

0101000
+1744 0 -1744 0 *
Ve
1e-07
317.555668650469 912.055092504803 518.020589524037
0 0

0101101
*
Ed
 1e-07 1 1 0
1  8 0 0 8.43102780195888
3  15 16CN 7 0 0 8.43102780195888
0

0101000
-1744 0 +1742 0 *
Ed
 1e-07 1 1 0
1  9 0 0 6.28318530717959
2  17 7 0 0 6.28318530717959
2  18 9 0 0 6.28318530717959
0

0101000
+1742 0 -1742 0 *
Wi

0101100
-1743 0 +1741 0 +1740 0 -1741 0 *
Fa
0  1e-07 7 0

0111000
+1739 0 *
Wi

0101100
+1743 0 *
Fa
0  1e-07 8 0

0111000
+1737 0 *
Wi

0101100
-1740 0 *
Fa
0  1e-07 9 0

0111000
-1735 0 *
Sh

0101100
+1738 0 +1736 0 -1734 0 *
So

0100000
+1733 0 *
Ve
1e-07
332.95105352058 911.745987568782 511.43622226645
0 0

0101101
*
Ed
 1e-07 1 1 0
1  10 0 0 6.28318530717959
2  19 10 0 0 6.28318530717959
2  20 11 0 0 6.28318530717959
0

0101000
+1731 0 -1731 0 *
Ve
1e-07
325.345447593036 911.900540036793 514.722595265606
0 0

0101101
*
Ed
 1e-07 1 1 0
1  11 0 0 8.2866987081738
3  21 22CN 10 0 0 8.2866987081738
0

0101000
-1731 0 +1729 0 *
Ed
 1e-07 1 1 0
1  12 0 0 6.28318530717959
2  23 10 0 0 6.28318530717959
2  24 12 0 0 6.28318530717959
0

0101000
+1729 0 -1729 0 *
Wi

0101100
-1730 0 +1728 0 +1727 0 -1728 0 *
Fa
0  1e-07 10 0

0111000
+1726 0 *
Wi

0101100
+1730 0 *
Fa
0  1e-07 11 0

0111000
+1724 0 *
Wi

0101100
-1727 0 *
Fa
0  1e-07 12 0

0111000
-1722 0 *
Sh

0101100
+1725 0 +1723 0 -1721 0 *
So

0100000
+1720 0 *
Ve
1e-07
340.427697347575 911.591435100772 508.137605388847
0 0

0101101
*
Ed
 1e-07 1 1 0
1  13 0 0 6.28318530717959
2  25 13 0 0 6.28318530717959
2  26 14 0 0 6.28318530717959
0

0101000
+1718 0 -1718 0 *
Ve
1e-07
332.979094322155 911.745987568782 511.423978388003
0 0

0101101
*
Ed
 1e-07 1 1 0
1  14 0 0 8.14283863190497
3  27 28CN 13 0 0 8.14283863190497
0

0101000
-1718 0 +1716 0 *
Ed
 1e-07 1 1 0
1  15 0 0 6.28318530717959
2  29 13 0 0 6.28318530717959
2  30 15 0 0 6.28318530717959
0

0101000
+1716 0 -1716 0 *
Wi

0101100
-1717 0 +1715 0 +1714 0 -1715 0 *
Fa
0  1e-07 13 0

0111000
+1713 0 *
Wi

0101100
+1717 0 *
Fa
0  1e-07 14 0

0111000
+1711 0 *
Wi

0101100
-1714 0 *
Fa
0  1e-07 15 0

0111000
-1709 0 *
Sh

0101100
+1712 0 +1710 0 -1708 0 *
So

0100000
+1707 0 *
Ve
1e-07
347.748245834978 911.436882632762 504.838322916871
0 0

0101101
*
Ed
 1e-07 1 1 0
1  16 0 0 6.28318530717959
2  31 16 0 0 6.28318530717959
2  32 17 0 0 6.28318530717959
0

0101000
+1705 0 -1705 0 *
Ve
1e-07
340.456645711682 911.591435100772 508.124695916027
0 0

0101101
*
Ed
 1e-07 1 1 0
1  17 0 0 7.99947287719581
3  33 34CN 16 0 0 7.99947287719581
0

0101000
-1705 0 +1703 0 *
Ed
 1e-07 1 1 0
1  18 0 0 6.28318530717959
2  35 16 0 0 6.28318530717959
2  36 18 0 0 6.28318530717959
0

0101000
+1703 0 -1703 0 *
Wi

0101100
-1704 0 +1702 0 +1701 0 -1702 0 *
Fa
0  1e-07 16 0

0111000
+1700 0 *
Wi

0101100
+1704 0 *
Fa
0  1e-07 17 0

0111000
+1698 0 *
Wi

0101100
-1701 0 *
Fa
0  1e-07 18 0

0111000
-1696 0 *
Sh

0101100
+1699 0 +1697 0 -1695 0 *
So

0100000
+1694 0 *
Ve
1e-07
354.91273747077 911.282330164751 501.538328333095
0 0

0101101
*
Ed
 1e-07 1 1 0
1  19 0 0 6.28318530717959
2  37 19 0 0 6.28318530717959
2  38 20 0 0 6.28318530717959
0

0101000
+1692 0 -1692 0 *
Ve
1e-07
347.778140249599 911.436882632762 504.824701332251
0 0

0101101
*
Ed
 1e-07 1 1 0
1  20 0 0 7.85662850485434
3  39 40CN 19 0 0 7.85662850485434
0

0101000
-1692 0 +1690 0 *
Ed
 1e-07 1 1 0
1  21 0 0 6.28318530717959
2  41 19 0 0 6.28318530717959
2  42 21 0 0 6.28318530717959
0

0101000
+1690 0 -1690 0 *
Wi

0101100
-1691 0 +1689 0 +1688 0 -1689 0 *
Fa
0  1e-07 19 0

0111000
+1687 0 *
Wi

0101100
+1691 0 *
Fa
0  1e-07 20 0

0111000
+1685 0 *
Wi

0101100
-1688 0 *
Fa
0  1e-07 21 0

0111000
-1683 0 *
Sh

0101100
+1686 0 +1684 0 -1682 0 *
So

0100000
+1681 0 *
Ve
1e-07
361.921212384189 911.127777696741 498.237571249912
0 0

0101101
*
Ed
 1e-07 1 1 0
1  22 0 0 6.28318530717959
2  43 22 0 0 6.28318530717959
2  44 23 0 0 6.28318530717959
0

0101000
+1679 0 -1679 0 *
Ve
1e-07
354.943618065143 911.282330164751 501.523944249068
0 0

0101101
*
Ed
 1e-07 1 1 0
1  23 0 0 7.71433447784956
3  45 46CN 22 0 0 7.71433447784956
0

0101000
-1679 0 +1677 0 *
Ed
 1e-07 1 1 0
1  24 0 0 6.28318530717959
2  47 22 0 0 6.28318530717959
2  48 24 0 0 6.28318530717959
0

0101000
+1677 0 -1677 0 *
Wi

0101100
-1678 0 +1676 0 +1675 0 -1676 0 *
Fa
0  1e-07 22 0

0111000
+1674 0 *
Wi

0101100
+1678 0 *
Fa
0  1e-07 23 0

0111000
+1672 0 *
Wi

0101100
-1675 0 *
Fa
0  1e-07 24 0

0111000
-1670 0 *
Sh

0101100
+1673 0 +1671 0 -1669 0 *
So

0100000
+1668 0 *
Ve
1e-07
368.773712361287 910.973225228731 494.93599704976
0 0

0101101
*
Ed
 1e-07 1 1 0
1  25 0 0 6.28318530717959
2  49 25 0 0 6.28318530717959
2  50 26 0 0 6.28318530717959
0

0101000
+1666 0 -1666 0 *
Ve
1e-07
361.953120944365 911.127777696741 498.222370048917
0 0

0101101
*
Ed
 1e-07 1 1 0
1  26 0 0 7.57262182018482
3  51 52CN 25 0 0 7.57262182018482
0

0101000
-1666 0 +1664 0 *
Ed
 1e-07 1 1 0
1  27 0 0 6.28318530717959
2  53 25 0 0 6.28318530717959
2  54 27 0 0 6.28318530717959
0

0101000
+1664 0 -1664 0 *
Wi

0101100
-1665 0 +1663 0 +1662 0 -1663 0 *
Fa
0  1e-07 25 0

0111000
+1661 0 *
Wi

0101100
+1665 0 *
Fa
0  1e-07 26 0

0111000
+1659 0 *
Wi

0101100
-1662 0 *
Fa
0  1e-07 27 0

0111000
-1657 0 *
Sh

0101100
+1660 0 +1658 0 -1656 0 *
So

0100000
+1655 0 *
Ve
1e-07
375.470280845592 910.81867276072 491.633546490722
0 0

0101101
*
Ed
 1e-07 1 1 0
1  28 0 0 6.28318530717959
2  55 28 0 0 6.28318530717959
2  56 29 0 0 6.28318530717959
0

0101000
+1653 0 -1653 0 *
Ve
1e-07
368.806692330795 910.973225228731 494.919919489878
0 0

0101101
*
Ed
 1e-07 1 1 0
1  29 0 0 7.43152379054858
3  57 58CN 28 0 0 7.43152379054858
0

0101000
-1653 0 +1651 0 *
Ed
 1e-07 1 1 0
1  30 0 0 6.28318530717959
2  59 28 0 0 6.28318530717959
2  60 30 0 0 6.28318530717959
0

0101000
+1651 0 -1651 0 *
Wi

0101100
-1652 0 +1650 0 +1649 0 -1650 0 *
Fa
0  1e-07 28 0

0111000
+1648 0 *
Wi

0101100
+1652 0 *
Fa
0  1e-07 29 0

0111000
+1646 0 *
Wi

0101100
-1649 0 *
Fa
0  1e-07 30 0

0111000
-1644 0 *
Sh

0101100
+1647 0 +1645 0 -1643 0 *
So

0100000
+1642 0 *
Ve
1e-07
382.010962919888 910.66412029271 488.330155274516
0 0

0101101
*
Ed
 1e-07 1 1 0
1  31 0 0 6.28318530717959
2  61 31 0 0 6.28318530717959
2  62 32 0 0 6.28318530717959
0

0101000
+1640 0 -1640 0 *
Ve
1e-07
375.504377307215 910.81867276072 491.616528273672
0 0

0101101
*
Ed
 1e-07 1 1 0
1  32 0 0 7.29107607215775
3  63 64CN 31 0 0 7.29107607215775
0

0101000
-1640 0 +1638 0 *
Ed
 1e-07 1 1 0
1  33 0 0 6.28318530717959
2  65 31 0 0 6.28318530717959
2  66 33 0 0 6.28318530717959
0

0101000
+1638 0 -1638 0 *
Wi

0101100
-1639 0 +1637 0 +1636 0 -1637 0 *
Fa
0  1e-07 31 0

0111000
+1635 0 *
Wi

0101100
+1639 0 *
Fa
0  1e-07 32 0

0111000
+1633 0 *
Wi

0101100
-1636 0 *
Fa
0  1e-07 33 0

0111000
-1631 0 *
Sh

0101100
+1634 0 +1632 0 -1630 0 *
So

0100000
+1629 0 *
Ve
1e-07
388.395805264257 910.5095678247 485.025753573872
0 0

0101101
*
Ed
 1e-07 1 1 0
1  34 0 0 6.28318530717959
2  67 34 0 0 6.28318530717959
2  68 35 0 0 6.28318530717959
0

0101000
+1627 0 -1627 0 *
Ve
1e-07
382.046222553709 910.66412029271 488.312126573028
0 0

0101101
*
Ed
 1e-07 1 1 0
1  35 0 0 7.15131698032227
3  69 70CN 34 0 0 7.15131698032227
0

0101000
-1627 0 +1625 0 *
Ed
 1e-07 1 1 0
1  36 0 0 6.28318530717959
2  71 34 0 0 6.28318530717959
2  72 36 0 0 6.28318530717959
0

0101000
+1625 0 -1625 0 *
Wi

0101100
-1626 0 +1624 0 +1623 0 -1624 0 *
Fa
0  1e-07 34 0

0111000
+1622 0 *
Wi

0101100
+1626 0 *
Fa
0  1e-07 35 0

0111000
+1620 0 *
Wi

0101100
-1623 0 *
Fa
0  1e-07 36 0

0111000
-1618 0 *
Sh

0101100
+1621 0 +1619 0 -1617 0 *
So

0100000
+1616 0 *
Ve
1e-07
394.624856084563 910.35501535669 481.720265516214
0 0

0101101
*
Ed
 1e-07 1 1 0
1  37 0 0 6.28318530717959
2  73 37 0 0 6.28318530717959
2  74 38 0 0 6.28318530717959
0

0101000
+1614 0 -1614 0 *
Ve
1e-07
388.432276276139 910.5095678247 485.00663851537
0 0

0101101
*
Ed
 1e-07 1 1 0
1  38 0 0 7.01228768938131
3  75 76CN 37 0 0 7.01228768938131
0

0101000
-1614 0 +1612 0 *
Ed
 1e-07 1 1 0
1  39 0 0 6.28318530717959
2  77 37 0 0 6.28318530717959
2  78 39 0 0 6.28318530717959
0

0101000
+1612 0 -1612 0 *
Wi

0101100
-1613 0 +1611 0 +1610 0 -1611 0 *
Fa
0  1e-07 37 0

0111000
+1609 0 *
Wi

0101100
+1613 0 *
Fa
0  1e-07 38 0

0111000
+1607 0 *
Wi

0101100
-1610 0 *
Fa
0  1e-07 39 0

0111000
-1605 0 *
Sh

0101100
+1608 0 +1606 0 -1604 0 *
So

0100000
+1603 0 *
Ve
1e-07
400.698165004366 910.200462888679 478.413608620707
0 0

0101101
*
Ed
 1e-07 1 1 0
1  40 0 0 6.28318530717959
2  79 40 0 0 6.28318530717959
2  80 41 0 0 6.28318530717959
0

0101000
+1601 0 -1601 0 *
Ve
1e-07
394.662588098067 910.35501535669 481.699981619864
0 0

0101101
*
Ed
 1e-07 1 1 0
1  41 0 0 6.87403248077902
3  81 82CN 40 0 0 6.87403248077902
0

0101000
-1601 0 +1599 0 *
Ed
 1e-07 1 1 0
1  42 0 0 6.28318530717959
2  83 40 0 0 6.28318530717959
2  84 42 0 0 6.28318530717959
0

0101000
+1599 0 -1599 0 *
Wi

0101100
-1600 0 +1598 0 +1597 0 -1598 0 *
Fa
0  1e-07 40 0

0111000
+1596 0 *
Wi

0101100
+1600 0 *
Fa
0  1e-07 41 0

0111000
+1594 0 *
Wi

0101100
-1597 0 *
Fa
0  1e-07 42 0

0111000
-1592 0 *
Sh

0101100
+1595 0 +1593 0 -1591 0 *
So

0100000
+1590 0 *
Ve
1e-07
406.615782911913 910.045910420669 475.105693185901
0 0

0101101
*
Ed
 1e-07 1 1 0
1  43 0 0 6.28318530717959
2  85 43 0 0 6.28318530717959
2  86 44 0 0 6.28318530717959
0

0101000
+1588 0 -1588 0 *
Ve
1e-07
400.737208907738 910.200462888679 478.392066185057
0 0

0101101
*
Ed
 1e-07 1 1 0
1  44 0 0 6.73659901415473
3  87 88CN 43 0 0 6.73659901415473
0

0101000
-1588 0 +1586 0 *
Ed
 1e-07 1 1 0
1  45 0 0 6.28318530717959
2  89 43 0 0 6.28318530717959
2  90 45 0 0 6.28318530717959
0

0101000
+1586 0 -1586 0 *
Wi

0101100
-1587 0 +1585 0 +1584 0 -1585 0 *
Fa
0  1e-07 43 0

0111000
+1583 0 *
Wi

0101100
+1587 0 *
Fa
0  1e-07 44 0

0111000
+1581 0 *
Wi

0101100
-1584 0 *
Fa
0  1e-07 45 0

0111000
-1579 0 *
Sh

0101100
+1582 0 +1580 0 -1578 0 *
So

0100000
+1577 0 *
Ve
1e-07
412.37776175219 909.891357952659 471.796421625607
0 0

0101101
*
Ed
 1e-07 1 1 0
1  46 0 0 6.28318530717959
2  91 46 0 0 6.28318530717959
2  92 47 0 0 6.28318530717959
0

0101000
+1575 0 -1575 0 *
Ve
1e-07
406.65619065014 910.045910420669 475.082794624763
0 0

0101101
*
Ed
 1e-07 1 1 0
1  47 0 0 6.60003862343
3  93 94CN 46 0 0 6.60003862343
0

0101000
-1575 0 +1573 0 *
Ed
 1e-07 1 1 0
1  48 0 0 6.28318530717959
2  95 46 0 0 6.28318530717959
2  96 48 0 0 6.28318530717959
0

0101000
+1573 0 -1573 0 *
Wi

0101100
-1574 0 +1572 0 +1571 0 -1572 0 *
Fa
0  1e-07 46 0

0111000
+1570 0 *
Wi

0101100
+1574 0 *
Fa
0  1e-07 47 0

0111000
+1568 0 *
Wi

0101100
-1571 0 *
Fa
0  1e-07 48 0

0111000
-1566 0 *
Sh

0101100
+1569 0 +1567 0 -1565 0 *
So

0100000
+1564 0 *
Ve
1e-07
417.98415425219 909.736805484648 468.485687751287
0 0

0101101
*
Ed
 1e-07 1 1 0
1  49 0 0 6.28318530717959
2  97 49 0 0 6.28318530717959
2  98 50 0 0 6.28318530717959
0

0101000
+1562 0 -1562 0 *
Ve
1e-07
412.419586052264 909.891357952659 471.772060750443
0 0

0101101
*
Ed
 1e-07 1 1 0
1  50 0 0 6.46440663994589
3  99 100CN 49 0 0 6.46440663994589
0

0101000
-1562 0 +1560 0 *
Ed
 1e-07 1 1 0
1  51 0 0 6.28318530717959
2  101 49 0 0 6.28318530717959
2  102 51 0 0 6.28318530717959
0

0101000
+1560 0 -1560 0 *
Wi

0101100
-1561 0 +1559 0 +1558 0 -1559 0 *
Fa
0  1e-07 49 0

0111000
+1557 0 *
Wi

0101100
+1561 0 *
Fa
0  1e-07 50 0

0111000
+1555 0 *
Wi

0101100
-1558 0 *
Fa
0  1e-07 51 0

0111000
-1553 0 *
Sh

0101100
+1556 0 +1554 0 -1552 0 *
So

0100000
+1551 0 *
Ve
1e-07
423.435013565342 909.582253016638 465.173376000184
0 0

0101101
*
Ed
 1e-07 1 1 0
1  52 0 0 6.28318530717959
2  103 52 0 0 6.28318530717959
2  104 53 0 0 6.28318530717959
0

0101000
+1549 0 -1549 0 *
Ve
1e-07
418.027448267541 909.736805484648 468.45974899934
0 0

0101101
*
Ed
 1e-07 1 1 0
1  53 0 0 6.32976274475872
3  105 106CN 52 0 0 6.32976274475872
0

0101000
-1549 0 +1547 0 *
Ed
 1e-07 1 1 0
1  54 0 0 6.28318530717959
2  107 52 0 0 6.28318530717959
2  108 54 0 0 6.28318530717959
0

0101000
+1547 0 -1547 0 *
Wi

0101100
-1548 0 +1546 0 +1545 0 -1546 0 *
Fa
0  1e-07 52 0

0111000
+1544 0 *
Wi

0101100
+1548 0 *
Fa
0  1e-07 53 0

0111000
+1542 0 *
Wi

0101100
-1545 0 *
Fa
0  1e-07 54 0

0111000
-1540 0 *
Sh

0101100
+1543 0 +1541 0 -1539 0 *
So

0100000
+1538 0 *
Ve
1e-07
428.730392818564 909.427700548628 461.859360609796
0 0

0101101
*
Ed
 1e-07 1 1 0
1  55 0 0 6.28318530717959
2  109 55 0 0 6.28318530717959
2  110 56 0 0 6.28318530717959
0

0101000
+1536 0 -1536 0 *
Ve
1e-07
423.479830422887 909.582253016638 465.145733608952
0 0

0101101
*
Ed
 1e-07 1 1 0
1  56 0 0 6.1961713522018
3  111 112CN 55 0 0 6.1961713522018
0

0101000
-1536 0 +1534 0 *
Ed
 1e-07 1 1 0
1  57 0 0 6.28318530717959
2  113 55 0 0 6.28318530717959
2  114 57 0 0 6.28318530717959
0

0101000
+1534 0 -1534 0 *
Wi

0101100
-1535 0 +1533 0 +1532 0 -1533 0 *
Fa
0  1e-07 55 0

0111000
+1531 0 *
Wi

0101100
+1535 0 *
Fa
0  1e-07 56 0

0111000
+1529 0 *
Wi

0101100
-1532 0 *
Fa
0  1e-07 57 0

0111000
-1527 0 *
Sh

0101100
+1530 0 +1528 0 -1526 0 *
So

0100000
+1525 0 *
Ve
1e-07
433.870344542574 909.273148080618 458.543504741245
0 0

0101101
*
Ed
 1e-07 1 1 0
1  58 0 0 6.28318530717959
2  115 58 0 0 6.28318530717959
2  116 59 0 0 6.28318530717959
0

0101000
+1523 0 -1523 0 *
Ve
1e-07
428.776785049022 909.427700548628 461.829877740401
0 0

0101101
*
Ed
 1e-07 1 1 0
1  59 0 0 6.06370202675788
3  117 118CN 58 0 0 6.06370202675788
0

0101000
-1523 0 +1521 0 *
Ed
 1e-07 1 1 0
1  60 0 0 6.28318530717959
2  119 58 0 0 6.28318530717959
2  120 60 0 0 6.28318530717959
0

0101000
+1521 0 -1521 0 *
Wi

0101100
-1522 0 +1520 0 +1519 0 -1520 0 *
Fa
0  1e-07 58 0

0111000
+1518 0 *
Wi

0101100
+1522 0 *
Fa
0  1e-07 59 0

0111000
+1516 0 *
Wi

0101100
-1519 0 *
Fa
0  1e-07 60 0

0111000
-1514 0 *
Sh

0101100
+1517 0 +1515 0 -1513 0 *
So

0100000
+1512 0 *
Ve
1e-07
438.854919962917 909.118595612607 455.225659556721
0 0

0101101
*
Ed
 1e-07 1 1 0
1  61 0 0 6.28318530717959
2  121 61 0 0 6.28318530717959
2  122 62 0 0 6.28318530717959
0

0101000
+1510 0 -1510 0 *
Ve
1e-07
433.91836337149 909.273148080618 458.512032555877
0 0

0101101
*
Ed
 1e-07 1 1 0
1  62 0 0 5.93242993513783
3  123 124CN 61 0 0 5.93242993513783
0

0101000
-1510 0 +1508 0 *
Ed
 1e-07 1 1 0
1  63 0 0 6.28318530717959
2  125 61 0 0 6.28318530717959
2  126 63 0 0 6.28318530717959
0

0101000
+1508 0 -1508 0 *
Wi

0101100
-1509 0 +1507 0 +1506 0 -1507 0 *
Fa
0  1e-07 61 0

0111000
+1505 0 *
Wi

0101100
+1509 0 *
Fa
0  1e-07 62 0

0111000
+1503 0 *
Wi

0101100
-1506 0 *
Fa
0  1e-07 63 0

0111000
-1501 0 *
Sh

0101100
+1504 0 +1502 0 -1500 0 *
So

0100000
+1499 0 *
Ve
1e-07
443.684168125665 908.964043144597 451.905663259707
0 0

0101101
*
Ed
 1e-07 1 1 0
1  64 0 0 6.28318530717959
2  127 64 0 0 6.28318530717959
2  128 65 0 0 6.28318530717959
0

0101000
+1497 0 -1497 0 *
Ve
1e-07
438.904614436362 909.118595612607 455.192036258863
0 0

0101101
*
Ed
 1e-07 1 1 0
1  65 0 0 5.80243633518576
3  129 130CN 64 0 0 5.80243633518576
0

0101000
-1497 0 +1495 0 *
Ed
 1e-07 1 1 0
1  66 0 0 6.28318530717959
2  131 64 0 0 6.28318530717959
2  132 66 0 0 6.28318530717959
0

0101000
+1495 0 -1495 0 *
Wi

0101100
-1496 0 +1494 0 +1493 0 -1494 0 *
Fa
0  1e-07 64 0

0111000
+1492 0 *
Wi

0101100
+1496 0 *
Fa
0  1e-07 65 0

0111000
+1490 0 *
Wi

0101100
-1493 0 *
Fa
0  1e-07 66 0

0111000
-1488 0 *
Sh

0101100
+1491 0 +1489 0 -1487 0 *
So

0100000
+1486 0 *
Ve
1e-07
448.358134828011 908.809490676587 448.583340111387
0 0

0101101
*
Ed
 1e-07 1 1 0
1  67 0 0 6.28318530717959
2  133 67 0 0 6.28318530717959
2  134 68 0 0 6.28318530717959
0

0101000
+1484 0 -1484 0 *
Ve
1e-07
443.735584040832 908.964043144597 451.869713110543
0 0

0101101
*
Ed
 1e-07 1 1 0
1  68 0 0 5.67380910279835
3  135 136CN 67 0 0 5.67380910279835
0

0101000
-1484 0 +1482 0 *
Ed
 1e-07 1 1 0
1  69 0 0 6.28318530717959
2  137 67 0 0 6.28318530717959
2  138 69 0 0 6.28318530717959
0

0101000
+1482 0 -1482 0 *
Wi

0101100
-1483 0 +1481 0 +1480 0 -1481 0 *
Fa
0  1e-07 67 0

0111000
+1479 0 *
Wi

0101100
+1483 0 *
Fa
0  1e-07 68 0

0111000
+1477 0 *
Wi

0101100
-1480 0 *
Fa
0  1e-07 69 0

0111000
-1475 0 *
Sh

0101100
+1478 0 +1476 0 -1474 0 *
So

0100000
+1473 0 *
Ve
1e-07
452.876861320052 908.654938208576 445.258499442666
0 0

0101101
*
Ed
 1e-07 1 1 0
1  70 0 0 6.28318530717959
2  139 70 0 0 6.28318530717959
2  140 71 0 0 6.28318530717959
0

0101000
+1471 0 -1471 0 *
Ve
1e-07
448.411313434998 908.809490676587 448.544872441822
0 0

0101101
*
Ed
 1e-07 1 1 0
1  71 0 0 5.54664329740646
3  141 142CN 70 0 0 5.54664329740646
0

0101000
-1471 0 +1469 0 *
Ed
 1e-07 1 1 0
1  72 0 0 6.28318530717959
2  143 70 0 0 6.28318530717959
2  144 72 0 0 6.28318530717959
0

0101000
+1469 0 -1469 0 *
Wi

0101100
-1470 0 +1468 0 +1467 0 -1468 0 *
Fa
0  1e-07 70 0

0111000
+1466 0 *
Wi

0101100
+1470 0 *
Fa
0  1e-07 71 0

0111000
+1464 0 *
Wi

0101100
-1467 0 *
Fa
0  1e-07 72 0

0111000
-1462 0 *
Sh

0101100
+1465 0 +1463 0 -1461 0 *
So

0100000
+1460 0 *
Ve
1e-07
457.240382740167 908.500385740566 441.930934689073
0 0

0101101
*
Ed
 1e-07 1 1 0
1  73 0 0 6.28318530717959
2  145 73 0 0 6.28318530717959
2  146 74 0 0 6.28318530717959
0

0101000
+1458 0 -1458 0 *
Ve
1e-07
452.931837757237 908.654938208576 445.217307688229
0 0

0101101
*
Ed
 1e-07 1 1 0
1  74 0 0 5.42104176564612
3  147 148CN 73 0 0 5.42104176564612
0

0101000
-1458 0 +1456 0 *
Ed
 1e-07 1 1 0
1  75 0 0 6.28318530717959
2  149 73 0 0 6.28318530717959
2  150 75 0 0 6.28318530717959
0

0101000
+1456 0 -1456 0 *
Wi

0101100
-1457 0 +1455 0 +1454 0 -1455 0 *
Fa
0  1e-07 73 0

0111000
+1453 0 *
Wi

0101100
+1457 0 *
Fa
0  1e-07 74 0

0111000
+1451 0 *
Wi

0101100
-1454 0 *
Fa
0  1e-07 75 0

0111000
-1449 0 *
Sh

0101100
+1452 0 +1450 0 -1448 0 *
So

0100000
+1447 0 *
Ve
1e-07
461.448726242851 908.345833272556 438.600422485625
0 0

0101101
*
Ed
 1e-07 1 1 0
1  76 0 0 6.28318530717959
2  151 76 0 0 6.28318530717959
2  152 77 0 0 6.28318530717959
0

0101000
+1445 0 -1445 0 *
Ve
1e-07
457.297184162046 908.500385740566 441.886795484781
0 0

0101101
*
Ed
 1e-07 1 1 0
1  77 0 0 5.29711578159736
3  153 154CN 76 0 0 5.29711578159736
0

0101000
-1445 0 +1443 0 *
Ed
 1e-07 1 1 0
1  78 0 0 6.28318530717959
2  155 76 0 0 6.28318530717959
2  156 78 0 0 6.28318530717959
0

0101000
+1443 0 -1443 0 *
Wi

0101100
-1444 0 +1442 0 +1441 0 -1442 0 *
Fa
0  1e-07 76 0

0111000
+1440 0 *
Wi

0101100
+1444 0 *
Fa
0  1e-07 77 0

0111000
+1438 0 *
Wi

0101100
-1441 0 *
Fa
0  1e-07 78 0

0111000
-1436 0 *
Sh

0101100
+1439 0 +1437 0 -1435 0 *
So

0100000
+1434 0 *
Ve
1e-07
465.501908775012 908.191280804545 435.266721871057
0 0

0101101
*
Ed
 1e-07 1 1 0
1  79 0 0 6.28318530717959
2  157 79 0 0 6.28318530717959
2  158 80 0 0 6.28318530717959
0

0101000
+1432 0 -1432 0 *
Ve
1e-07
461.507369596332 908.345833272556 438.553094870213
0 0

0101101
*
Ed
 1e-07 1 1 0
1  80 0 0 5.17498572026693
3  159 160CN 79 0 0 5.17498572026693
0

0101000
-1432 0 +1430 0 *
Ed
 1e-07 1 1 0
1  81 0 0 6.28318530717959
2  161 79 0 0 6.28318530717959
2  162 81 0 0 6.28318530717959
0

0101000
+1430 0 -1430 0 *
Wi

0101100
-1431 0 +1429 0 +1428 0 -1429 0 *
Fa
0  1e-07 79 0

0111000
+1427 0 *
Wi

0101100
+1431 0 *
Fa
0  1e-07 80 0

0111000
+1425 0 *
Wi

0101100
-1428 0 *
Fa
0  1e-07 81 0

0111000
-1423 0 *
Sh

0101100
+1426 0 +1424 0 -1422 0 *
So

0100000
+1421 0 *
Ve
1e-07
469.399934455302 908.036728336535 431.929573665919
0 0

0101101
*
Ed
 1e-07 1 1 0
1  82 0 0 6.28318530717959
2  163 82 0 0 6.28318530717959
2  164 83 0 0 6.28318530717959
0

0101000
+1419 0 -1419 0 *
Ve
1e-07
465.562398178745 908.191280804545 435.215946665075
0 0

0101101
*
Ed
 1e-07 1 1 0
1  83 0 0 5.05478175877414
3  165 166CN 82 0 0 5.05478175877414
0

0101000
-1419 0 +1417 0 *
Ed
 1e-07 1 1 0
1  84 0 0 6.28318530717959
2  167 82 0 0 6.28318530717959
2  168 84 0 0 6.28318530717959
0

0101000
+1417 0 -1417 0 *
Wi

0101100
-1418 0 +1416 0 +1415 0 -1416 0 *
Fa
0  1e-07 82 0

0111000
+1414 0 *
Wi

0101100
+1418 0 *
Fa
0  1e-07 83 0

0111000
+1412 0 *
Wi

0101100
-1415 0 *
Fa
0  1e-07 84 0

0111000
-1410 0 *
Sh

0101100
+1413 0 +1411 0 -1409 0 *
So

0100000
+1408 0 *
Ve
1e-07
473.14279151179 907.882175868525 428.588700107243
0 0

0101101
*
Ed
 1e-07 1 1 0
1  85 0 0 6.28318530717959
2  169 85 0 0 6.28318530717959
2  170 86 0 0 6.28318530717959
0

0101000
+1406 0 -1406 0 *
Ve
1e-07
469.462258137358 908.036728336535 431.875073106399
0 0

0101101
*
Ed
 1e-07 1 1 0
1  86 0 0 4.93664459681443
3  171 172CN 85 0 0 4.93664459681443
0

0101000
-1406 0 +1404 0 *
Ed
 1e-07 1 1 0
1  87 0 0 6.28318530717959
2  173 85 0 0 6.28318530717959
2  174 87 0 0 6.28318530717959
0

0101000
+1404 0 -1404 0 *
Wi

0101100
-1405 0 +1403 0 +1402 0 -1403 0 *
Fa
0  1e-07 85 0

0111000
+1401 0 *
Wi

0101100
+1405 0 *
Fa
0  1e-07 86 0

0111000
+1399 0 *
Wi

0101100
-1402 0 *
Fa
0  1e-07 87 0

0111000
-1397 0 *
Sh

0101100
+1400 0 +1398 0 -1396 0 *
So

0100000
+1395 0 *
Ve
1e-07
476.730448737413 907.727623400515 425.243804843976
0 0

0101101
*
Ed
 1e-07 1 1 0
1  88 0 0 6.28318530717959
2  175 88 0 0 6.28318530717959
2  176 89 0 0 6.28318530717959
0

0101000
+1393 0 -1393 0 *
Ve
1e-07
473.206918265106 907.882175868525 428.530177843132
0 0

0101101
*
Ed
 1e-07 1 1 0
1  89 0 0 4.82072618432412
3  177 178CN 88 0 0 4.82072618432412
0

0101000
-1393 0 +1391 0 *
Ed
 1e-07 1 1 0
1  90 0 0 6.28318530717959
2  179 88 0 0 6.28318530717959
2  180 90 0 0 6.28318530717959
0

0101000
+1391 0 -1391 0 *
Wi

0101100
-1392 0 +1390 0 +1389 0 -1390 0 *
Fa
0  1e-07 88 0

0111000
+1388 0 *
Wi

0101100
+1392 0 *
Fa
0  1e-07 89 0

0111000
+1386 0 *
Wi

0101100
-1389 0 *
Fa
0  1e-07 90 0

0111000
-1384 0 *
Sh

0101100
+1387 0 +1385 0 -1383 0 *
So

0100000
+1382 0 *
Ve
1e-07
480.162851431593 907.573070932504 421.894573422077
0 0

0101101
*
Ed
 1e-07 1 1 0
1  91 0 0 6.28318530717959
2  181 91 0 0 6.28318530717959
2  182 92 0 0 6.28318530717959
0

0101000
+1380 0 -1380 0 *
Ve
1e-07
476.796323861411 907.727623400515 425.180946421233
0 0

0101101
*
Ed
 1e-07 1 1 0
1  92 0 0 4.70719043971569
3  183 184CN 91 0 0 4.70719043971569
0

0101000
-1380 0 +1378 0 *
Ed
 1e-07 1 1 0
1  93 0 0 6.28318530717959
2  185 91 0 0 6.28318530717959
2  186 93 0 0 6.28318530717959
0

0101000
+1378 0 -1378 0 *
Wi

0101100
-1379 0 +1377 0 +1376 0 -1377 0 *
Fa
0  1e-07 91 0

0111000
+1375 0 *
Wi

0101100
+1379 0 *
Fa
0  1e-07 92 0

0111000
+1373 0 *
Wi

0101100
-1376 0 *
Fa
0  1e-07 93 0

0111000
-1371 0 *
Sh

0101100
+1374 0 +1372 0 -1370 0 *
So

0100000
+1369 0 *
Ve
1e-07
477.716540851111 907.418518464494 412.951133503407
0 0

0101101
*
Ed
 1e-07 1 1 0
1  94 0 0 6.28318530717959
2  187 94 0 0 6.28318530717959
2  188 95 0 0 6.28318530717959
0

0101000
+1367 0 -1367 0 *
Ve
1e-07
474.507016183053 907.573070932504 416.237506502563
0 0

0101101
*
Ed
 1e-07 1 1 0
1  95 0 0 4.59621393647271
3  189 190CN 94 0 0 4.59621393647271
0

0101000
-1367 0 +1365 0 *
Ed
 1e-07 1 1 0
1  96 0 0 6.28318530717959
2  191 94 0 0 6.28318530717959
2  192 96 0 0 6.28318530717959
0

0101000
+1365 0 -1365 0 *
Wi

0101100
-1366 0 +1364 0 +1363 0 -1364 0 *
Fa
0  1e-07 94 0

0111000
+1362 0 *
Wi

0101100
+1366 0 *
Fa
0  1e-07 95 0

0111000
+1360 0 *
Wi

0101100
-1363 0 *
Fa
0  1e-07 96 0

0111000
-1358 0 *
Sh

0101100
+1361 0 +1359 0 -1357 0 *
So

0100000
+1356 0 *
Ve
1e-07
480.699972289018 907.263965996484 409.73730053177
0 0

0101101
*
Ed
 1e-07 1 1 0
1  97 0 0 6.28318530717959
2  193 97 0 0 6.28318530717959
2  194 98 0 0 6.28318530717959
0

0101000
+1354 0 -1354 0 *
Ve
1e-07
477.647450523084 907.418518464494 413.023673530926
0 0

0101101
*
Ed
 1e-07 1 1 0
1  98 0 0 4.48798652921881
3  195 196CN 97 0 0 4.48798652921881
0

0101000
-1354 0 +1352 0 *
Ed
 1e-07 1 1 0
1  99 0 0 6.28318530717959
2  197 97 0 0 6.28318530717959
2  198 99 0 0 6.28318530717959
0

0101000
+1352 0 -1352 0 *
Wi

0101100
-1353 0 +1351 0 +1350 0 -1351 0 *
Fa
0  1e-07 97 0

0111000
+1349 0 *
Wi

0101100
+1353 0 *
Fa
0  1e-07 98 0

0111000
+1347 0 *
Wi

0101100
-1350 0 *
Fa
0  1e-07 99 0

0111000
-1345 0 *
Sh

0101100
+1348 0 +1346 0 -1344 0 *
So

0100000
+1343 0 *
Ve
1e-07
483.525005958055 907.109413528473 406.528840018173
0 0

0101101
*
Ed
 1e-07 1 1 0
1  100 0 0 6.28318530717959
2  199 100 0 0 6.28318530717959
2  200 101 0 0 6.28318530717959
0

0101000
+1341 0 -1341 0 *
Ve
1e-07
480.629487094245 907.263965996484 409.815213017329
0 0

0101101
*
Ed
 1e-07 1 1 0
1  101 0 0 4.38271188257069
3  201 202CN 100 0 0 4.38271188257069
0

0101000
-1341 0 +1339 0 *
Ed
 1e-07 1 1 0
1  102 0 0 6.28318530717959
2  203 100 0 0 6.28318530717959
2  204 102 0 0 6.28318530717959
0

0101000
+1339 0 -1339 0 *
Wi

0101100
-1340 0 +1338 0 +1337 0 -1338 0 *
Fa
0  1e-07 100 0

0111000
+1336 0 *
Wi

0101100
+1340 0 *
Fa
0  1e-07 101 0

0111000
+1334 0 *
Wi

0101100
-1337 0 *
Fa
0  1e-07 102 0

0111000
-1332 0 *
Sh

0101100
+1335 0 +1333 0 -1331 0 *
So

0100000
+1330 0 *
Ve
1e-07
486.191841348965 906.954861060463 403.326118111854
0 0

0101101
*
Ed
 1e-07 1 1 0
1  103 0 0 6.28318530717959
2  205 103 0 0 6.28318530717959
2  206 104 0 0 6.28318530717959
0

0101000
+1328 0 -1328 0 *
Ve
1e-07
483.45332538728 907.109413528473 406.61249111101
0 0

0101101
*
Ed
 1e-07 1 1 0
1  104 0 0 4.28060785722686
3  207 208CN 103 0 0 4.28060785722686
0

0101000
-1328 0 +1326 0 *
Ed
 1e-07 1 1 0
1  105 0 0 6.28318530717959
2  209 103 0 0 6.28318530717959
2  210 105 0 0 6.28318530717959
0

0101000
+1326 0 -1326 0 *
Wi

0101100
-1327 0 +1325 0 +1324 0 -1325 0 *
Fa
0  1e-07 103 0

0111000
+1323 0 *
Wi

0101100
+1327 0 *
Fa
0  1e-07 104 0

0111000
+1321 0 *
Wi

0101100
-1324 0 *
Fa
0  1e-07 105 0

0111000
-1319 0 *
Sh

0101100
+1322 0 +1320 0 -1318 0 *
So

0100000
+1317 0 *
Ve
1e-07
488.700728879454 906.800308592453 400.129502844404
0 0

0101101
*
Ed
 1e-07 1 1 0
1  106 0 0 6.28318530717959
2  211 106 0 0 6.28318530717959
2  212 107 0 0 6.28318530717959
0

0101000
+1315 0 -1315 0 *
Ve
1e-07
486.119215819893 906.954861060463 403.41587584356
0 0

0101101
*
Ed
 1e-07 1 1 0
1  107 0 0 4.181906698102
3  213 214CN 106 0 0 4.181906698102
0

0101000
-1315 0 +1313 0 *
Ed
 1e-07 1 1 0
1  108 0 0 6.28318530717959
2  215 106 0 0 6.28318530717959
2  216 108 0 0 6.28318530717959
0

0101000
+1313 0 -1313 0 *
Wi

0101100
-1314 0 +1312 0 +1311 0 -1312 0 *
Fa
0  1e-07 106 0

0111000
+1310 0 *
Wi

0101100
+1314 0 *
Fa
0  1e-07 107 0

0111000
+1308 0 *
Wi

0101100
-1311 0 *
Fa
0  1e-07 108 0

0111000
-1306 0 *
Sh

0101100
+1309 0 +1307 0 -1305 0 *
So

0100000
+1304 0 *
Ve
1e-07
491.051976051641 906.645756124443 396.939356507501
0 0

0101101
*
Ed
 1e-07 1 1 0
1  109 0 0 6.28318530717959
2  217 109 0 0 6.28318530717959
2  218 110 0 0 6.28318530717959
0

0101000
+1302 0 -1302 0 *
Ve
1e-07
488.627465894205 906.800308592453 400.225729506658
0 0

0101101
*
Ed
 1e-07 1 1 0
1  110 0 0 4.08685495931284
3  219 220CN 109 0 0 4.08685495931284
0

0101000
-1302 0 +1300 0 *
Ed
 1e-07 1 1 0
1  111 0 0 6.28318530717959
2  221 109 0 0 6.28318530717959
2  222 111 0 0 6.28318530717959
0

0101000
+1300 0 -1300 0 *
Wi

0101100
-1301 0 +1299 0 +1298 0 -1299 0 *
Fa
0  1e-07 109 0

0111000
+1297 0 *
Wi

0101100
+1301 0 *
Fa
0  1e-07 110 0

0111000
+1295 0 *
Wi

0101100
-1298 0 *
Fa
0  1e-07 111 0

0111000
-1293 0 *
Sh

0101100
+1296 0 +1294 0 -1292 0 *
So

0100000
+1291 0 *
Ve
1e-07
493.245953233239 906.491203656432 393.756026006044
0 0

0101101
*
Ed
 1e-07 1 1 0
1  112 0 0 6.28318530717959
2  223 112 0 0 6.28318530717959
2  224 113 0 0 6.28318530717959
0

0101000
+1289 0 -1289 0 *
Ve
1e-07
490.978445977928 906.645756124443 397.042399005201
0 0

0101101
*
Ed
 1e-07 1 1 0
1  113 0 0 3.99571309128168
3  225 226CN 112 0 0 3.99571309128168
0

0101000
-1289 0 +1287 0 *
Ed
 1e-07 1 1 0
1  114 0 0 6.28318530717959
2  227 112 0 0 6.28318530717959
2  228 114 0 0 6.28318530717959
0

0101000
+1287 0 -1287 0 *
Wi

0101100
-1288 0 +1286 0 +1285 0 -1286 0 *
Fa
0  1e-07 112 0

0111000
+1284 0 *
Wi

0101100
+1288 0 *
Fa
0  1e-07 113 0

0111000
+1282 0 *
Wi

0101100
-1285 0 *
Fa
0  1e-07 114 0

0111000
-1280 0 *
Sh

0101100
+1283 0 +1281 0 -1279 0 *
So

0100000
+1278 0 *
Ve
1e-07
495.28309859751 906.336651188422 390.579831013901
0 0

0101101
*
Ed
 1e-07 1 1 0
1  115 0 0 6.28318530717959
2  229 115 0 0 6.28318530717959
2  230 116 0 0 6.28318530717959
0

0101000
+1276 0 -1276 0 *
Ve
1e-07
493.172594244323 906.491203656432 393.866204013057
0 0

0101101
*
Ed
 1e-07 1 1 0
1  116 0 0 3.90875460725934
3  231 232CN 115 0 0 3.90875460725934
0

0101000
-1276 0 +1274 0 *
Ed
 1e-07 1 1 0
1  117 0 0 6.28318530717959
2  233 115 0 0 6.28318530717959
2  234 117 0 0 6.28318530717959
0

0101000
+1274 0 -1274 0 *
Wi

0101100
-1275 0 +1273 0 +1272 0 -1273 0 *
Fa
0  1e-07 115 0

0111000
+1271 0 *
Wi

0101100
+1275 0 *
Fa
0  1e-07 116 0

0111000
+1269 0 *
Wi

0101100
-1272 0 *
Fa
0  1e-07 117 0

0111000
-1267 0 *
Sh

0101100
+1270 0 +1268 0 -1266 0 *
So

0100000
+1265 0 *
Ve
1e-07
497.163921634602 906.182098720412 387.411049864453
0 0

0101101
*
Ed
 1e-07 1 1 0
1  118 0 0 6.28318530717959
2  235 118 0 0 6.28318530717959
2  236 119 0 0 6.28318530717959
0

0101000
+1263 0 -1263 0 *
Ve
1e-07
495.210420183539 906.336651188422 390.697422863609
0 0

0101101
*
Ed
 1e-07 1 1 0
1  119 0 0 3.82626474178833
3  237 238CN 118 0 0 3.82626474178833
0

0101000
-1263 0 +1261 0 *
Ed
 1e-07 1 1 0
1  120 0 0 6.28318530717959
2  239 118 0 0 6.28318530717959
2  240 120 0 0 6.28318530717959
0

0101000
+1261 0 -1261 0 *
Wi

0101100
-1262 0 +1260 0 +1259 0 -1260 0 *
Fa
0  1e-07 118 0

0111000
+1258 0 *
Wi

0101100
+1262 0 *
Fa
0  1e-07 119 0

0111000
+1256 0 *
Wi

0101100
-1259 0 *
Fa
0  1e-07 120 0

0111000
-1254 0 *
Sh

0101100
+1257 0 +1255 0 -1253 0 *
So

0100000
+1252 0 *
Ve
1e-07
498.889004532138 906.027546252401 384.249903269866
0 0

0101101
*
Ed
 1e-07 1 1 0
1  121 0 0 6.28318530717959
2  241 121 0 0 6.28318530717959
2  242 122 0 0 6.28318530717959
0

0101000
+1250 0 -1250 0 *
Ve
1e-07
497.0925059832 906.182098720412 387.536276269022
0 0

0101101
*
Ed
 1e-07 1 1 0
1  122 0 0 3.74853851404591
3  243 244CN 121 0 0 3.74853851404591
0

0101000
-1250 0 +1248 0 *
Ed
 1e-07 1 1 0
1  123 0 0 6.28318530717959
2  245 121 0 0 6.28318530717959
2  246 123 0 0 6.28318530717959
0

0101000
+1248 0 -1248 0 *
Wi

0101100
-1249 0 +1247 0 +1246 0 -1247 0 *
Fa
0  1e-07 121 0

0111000
+1245 0 *
Wi

0101100
+1249 0 *
Fa
0  1e-07 122 0

0111000
+1243 0 *
Wi

0101100
-1246 0 *
Fa
0  1e-07 123 0

0111000
-1241 0 *
Sh

0101100
+1244 0 +1242 0 -1240 0 *
So

0100000
+1239 0 *
Ve
1e-07
500.459000636784 905.872993784391 381.096536188379
0 0

0101101
*
Ed
 1e-07 1 1 0
1  124 0 0 6.28318530717959
2  247 124 0 0 6.28318530717959
2  248 125 0 0 6.28318530717959
0

0101000
+1237 0 -1237 0 *
Ve
1e-07
498.819504989971 906.027546252401 384.382909187536
0 0

0101101
*
Ed
 1e-07 1 1 0
1  125 0 0 3.67587811697702
3  249 250CN 124 0 0 3.67587811697702
0

0101000
-1237 0 +1235 0 *
Ed
 1e-07 1 1 0
1  126 0 0 6.28318530717959
2  251 124 0 0 6.28318530717959
2  252 126 0 0 6.28318530717959
0

0101000
+1235 0 -1235 0 *
Wi

0101100
-1236 0 +1234 0 +1233 0 -1234 0 *
Fa
0  1e-07 124 0

0111000
+1232 0 *
Wi

0101100
+1236 0 *
Fa
0  1e-07 125 0

0111000
+1230 0 *
Wi

0101100
-1233 0 *
Fa
0  1e-07 126 0

0111000
-1228 0 *
Sh

0101100
+1231 0 +1229 0 -1227 0 *
So

0100000
+1226 0 *
Ve
1e-07
501.874629178782 905.718441316381 377.950998446805
0 0

0101101
*
Ed
 1e-07 1 1 0
1  127 0 0 6.28318530717959
2  253 127 0 0 6.28318530717959
2  254 128 0 0 6.28318530717959
0

0101000
+1224 0 -1224 0 *
Ve
1e-07
500.392136434094 905.872993784391 381.237371445961
0 0

0101101
*
Ed
 1e-07 1 1 0
1  128 0 0 3.60858957114899
3  255 256CN 127 0 0 3.60858957114899
0

0101000
-1224 0 +1222 0 *
Ed
 1e-07 1 1 0
1  129 0 0 6.28318530717959
2  257 127 0 0 6.28318530717959
2  258 129 0 0 6.28318530717959
0

0101000
+1222 0 -1222 0 *
Wi

0101100
-1223 0 +1221 0 +1220 0 -1221 0 *
Fa
0  1e-07 127 0

0111000
+1219 0 *
Wi

0101100
+1223 0 *
Fa
0  1e-07 128 0

0111000
+1217 0 *
Wi

0101100
-1220 0 *
Fa
0  1e-07 129 0

0111000
-1215 0 *
Sh

0101100
+1218 0 +1216 0 -1214 0 *
So

0100000
+1213 0 *
Ve
1e-07
503.136665500873 905.563888848371 374.81322506198
0 0

0101101
*
Ed
 1e-07 1 1 0
1  130 0 0 6.28318530717959
2  259 130 0 0 6.28318530717959
2  260 131 0 0 6.28318530717959
0

0101000
+1211 0 -1211 0 *
Ve
1e-07
501.811175658309 905.718441316381 378.099598061136
0 0

0101101
*
Ed
 1e-07 1 1 0
1  131 0 0 3.54697861252243
3  261 262CN 130 0 0 3.54697861252243
0

0101000
-1211 0 +1209 0 *
Ed
 1e-07 1 1 0
1  132 0 0 6.28318530717959
2  263 130 0 0 6.28318530717959
2  264 132 0 0 6.28318530717959
0

0101000
+1209 0 -1209 0 *
Wi

0101100
-1210 0 +1208 0 +1207 0 -1208 0 *
Fa
0  1e-07 130 0

0111000
+1206 0 *
Wi

0101100
+1210 0 *
Fa
0  1e-07 131 0

0111000
+1204 0 *
Wi

0101100
-1207 0 *
Fa
0  1e-07 132 0

0111000
-1202 0 *
Sh

0101100
+1205 0 +1203 0 -1201 0 *
So

0100000
+1200 0 *
Ve
1e-07
504.245926214131 905.40933638036 371.683017559281
0 0

0101101
*
Ed
 1e-07 1 1 0
1  133 0 0 6.28318530717959
2  265 133 0 0 6.28318530717959
2  266 134 0 0 6.28318530717959
0

0101000
+1198 0 -1198 0 *
Ve
1e-07
503.077439273691 905.563888848371 374.969390558437
0 0

0101101
*
Ed
 1e-07 1 1 0
1  134 0 0 3.49134582717449
3  267 268CN 133 0 0 3.49134582717449
0

0101000
-1198 0 +1196 0 *
Ed
 1e-07 1 1 0
1  135 0 0 6.28318530717959
2  269 133 0 0 6.28318530717959
2  270 135 0 0 6.28318530717959
0

0101000
+1196 0 -1196 0 *
Wi

0101100
-1197 0 +1195 0 +1194 0 -1195 0 *
Fa
0  1e-07 133 0

0111000
+1193 0 *
Wi

0101100
+1197 0 *
Fa
0  1e-07 134 0

0111000
+1191 0 *
Wi

0101100
-1194 0 *
Fa
0  1e-07 135 0

0111000
-1189 0 *
Sh

0101100
+1192 0 +1190 0 -1188 0 *
So

0100000
+1187 0 *
Ve
1e-07
505.203249030521 905.25478391235 368.560027907713
0 0

0101101
*
Ed
 1e-07 1 1 0
1  136 0 0 6.28318530717959
2  271 136 0 0 6.28318530717959
2  272 137 0 0 6.28318530717959
0

0101000
+1185 0 -1185 0 *
Ve
1e-07
504.191764992206 905.40933638036 371.846400906869
0 0

0101101
*
Ed
 1e-07 1 1 0
1  137 0 0 3.44198110318994
3  273 274CN 136 0 0 3.44198110318994
0

0101000
-1185 0 +1183 0 *
Ed
 1e-07 1 1 0
1  138 0 0 6.28318530717959
2  275 136 0 0 6.28318530717959
2  276 138 0 0 6.28318530717959
0

0101000
+1183 0 -1183 0 *
Wi

0101100
-1184 0 +1182 0 +1181 0 -1182 0 *
Fa
0  1e-07 136 0

0111000
+1180 0 *
Wi

0101100
+1184 0 *
Fa
0  1e-07 137 0

0111000
+1178 0 *
Wi

0101100
-1181 0 *
Fa
0  1e-07 138 0

0111000
-1176 0 *
Sh

0101100
+1179 0 +1177 0 -1175 0 *
So

0100000
+1174 0 *
Ve
1e-07
506.009467500523 905.10023144434 365.443746911146
0 0

0101101
*
Ed
 1e-07 1 1 0
1  139 0 0 6.28318530717959
2  277 139 0 0 6.28318530717959
2  278 140 0 0 6.28318530717959
0

0101000
+1172 0 -1172 0 *
Ve
1e-07
505.154986364333 905.25478391235 368.730119910302
0 0

0101101
*
Ed
 1e-07 1 1 0
1  140 0 0 3.39915753784026
3  279 280CN 139 0 0 3.39915753784026
0

0101000
-1172 0 +1170 0 *
Ed
 1e-07 1 1 0
1  141 0 0 6.28318530717959
2  281 139 0 0 6.28318530717959
2  282 141 0 0 6.28318530717959
0

0101000
+1170 0 -1170 0 *
Wi

0101100
-1171 0 +1169 0 +1168 0 -1169 0 *
Fa
0  1e-07 139 0

0111000
+1167 0 *
Wi

0101100
+1171 0 *
Fa
0  1e-07 140 0

0111000
+1165 0 *
Wi

0101100
-1168 0 *
Fa
0  1e-07 141 0

0111000
-1163 0 *
Sh

0101100
+1166 0 +1164 0 -1162 0 *
So

0100000
+1161 0 *
Ve
1e-07
506.665381488811 904.945678976329 362.33349893632
0 0

0101101
*
Ed
 1e-07 1 1 0
1  142 0 0 6.28318530717959
2  283 142 0 0 6.28318530717959
2  284 143 0 0 6.28318530717959
0

0101000
+1159 0 -1159 0 *
Ve
1e-07
505.967903254745 905.10023144434 365.619871935476
0 0

0101101
*
Ed
 1e-07 1 1 0
1  143 0 0 3.36312501134689
3  285 286CN 142 0 0 3.36312501134689
0

0101000
-1159 0 +1157 0 *
Ed
 1e-07 1 1 0
1  144 0 0 6.28318530717959
2  287 142 0 0 6.28318530717959
2  288 144 0 0 6.28318530717959
0

0101000
+1157 0 -1157 0 *
Wi

0101100
-1158 0 +1156 0 +1155 0 -1156 0 *
Fa
0  1e-07 142 0

0111000
+1154 0 *
Wi

0101100
+1158 0 *
Fa
0  1e-07 143 0

0111000
+1152 0 *
Wi

0101100
-1155 0 *
Fa
0  1e-07 144 0

0111000
-1150 0 *
Sh

0101100
+1153 0 +1151 0 -1149 0 *
So

0100000
+1148 0 *
Ve
1e-07
507.171724888074 904.791126508319 359.228444649586
0 0

0101101
*
Ed
 1e-07 1 1 0
1  145 0 0 6.28318530717959
2  289 145 0 0 6.28318530717959
2  290 146 0 0 6.28318530717959
0

0101000
+1146 0 -1146 0 *
Ve
1e-07
506.631249556132 904.945678976329 362.514817648742
0 0

0101101
*
Ed
 1e-07 1 1 0
1  146 0 0 3.33410370855318
3  291 292CN 145 0 0 3.33410370855318
0

0101000
-1146 0 +1144 0 *
Ed
 1e-07 1 1 0
1  147 0 0 6.28318530717959
2  293 145 0 0 6.28318530717959
2  294 147 0 0 6.28318530717959
0

0101000
+1144 0 -1144 0 *
Wi

0101100
-1145 0 +1143 0 +1142 0 -1143 0 *
Fa
0  1e-07 145 0

0111000
+1141 0 *
Wi

0101100
+1145 0 *
Fa
0  1e-07 146 0

0111000
+1139 0 *
Wi

0101100
-1142 0 *
Fa
0  1e-07 147 0

0111000
-1137 0 *
Sh

0101100
+1140 0 +1138 0 -1136 0 *
So

0100000
+1135 0 *
Ve
1e-07
507.529132699309 904.636574040309 356.127592934354
0 0

0101101
*
Ed
 1e-07 1 1 0
1  148 0 0 6.28318530717959
2  295 148 0 0 6.28318530717959
2  296 149 0 0 6.28318530717959
0

0101000
+1133 0 -1133 0 *
Ve
1e-07
507.145660269492 904.791126508319 359.41396593351
0 0

0101101
*
Ed
 1e-07 1 1 0
1  149 0 0 3.31227792604734
3  297 298CN 148 0 0 3.31227792604734
0

0101000
-1133 0 +1131 0 *
Ed
 1e-07 1 1 0
1  150 0 0 6.28318530717959
2  299 148 0 0 6.28318530717959
2  300 150 0 0 6.28318530717959
0

0101000
+1131 0 -1131 0 *
Wi

0101100
-1132 0 +1130 0 +1129 0 -1130 0 *
Fa
0  1e-07 148 0

0111000
+1128 0 *
Wi

0101100
+1132 0 *
Fa
0  1e-07 149 0

0111000
+1126 0 *
Wi

0101100
-1129 0 *
Fa
0  1e-07 150 0

0111000
-1124 0 *
Sh

0101100
+1127 0 +1125 0 -1123 0 *
So

0100000
+1122 0 *
Ve
1e-07
507.738110070329 904.482021572299 353.029822379697
0 0

0101101
*
Ed
 1e-07 1 1 0
1  151 0 0 6.28318530717959
2  301 151 0 0 6.28318530717959
2  302 152 0 0 6.28318530717959
0

0101000
+1120 0 -1120 0 *
Ve
1e-07
507.511640542637 904.636574040309 356.316195378853
0 0

0101101
*
Ed
 1e-07 1 1 0
1  152 0 0 3.29779053336071
3  303 304CN 151 0 0 3.29779053336071
0

0101000
-1120 0 +1118 0 *
Ed
 1e-07 1 1 0
1  153 0 0 6.28318530717959
2  305 151 0 0 6.28318530717959
2  306 153 0 0 6.28318530717959
0

0101000
+1118 0 -1118 0 *
Wi

0101100
-1119 0 +1117 0 +1116 0 -1117 0 *
Fa
0  1e-07 151 0

0111000
+1115 0 *
Wi

0101100
+1119 0 *
Fa
0  1e-07 152 0

0111000
+1113 0 *
Wi

0101100
-1116 0 *
Fa
0  1e-07 153 0

0111000
-1111 0 *
Sh

0101100
+1114 0 +1112 0 -1110 0 *
So

0100000
+1109 0 *
Ve
1e-07
511.798112746638 900.33188509878 350.206349417827
0 0

0101101
*
Ed
 1e-07 1 1 0
1  154 0 0 6.28318530717959
2  307 154 0 0 6.28318530717959
2  308 155 0 0 6.28318530717959
0

0101000
+1107 0 -1107 0 *
Ve
1e-07
511.72864612107 900.486437566791 353.492722416983
0 0

0101101
*
Ed
 1e-07 1 1 0
1  155 0 0 3.29073845314671
3  309 310CN 154 0 0 3.29073845314671
0

0101000
-1107 0 +1105 0 *
Ed
 1e-07 1 1 0
1  156 0 0 6.28318530717959
2  311 154 0 0 6.28318530717959
2  312 156 0 0 6.28318530717959
0

0101000
+1105 0 -1105 0 *
Wi

0101100
-1106 0 +1104 0 +1103 0 -1104 0 *
Fa
0  1e-07 154 0

0111000
+1102 0 *
Wi

0101100
+1106 0 *
Fa
0  1e-07 155 0

0111000
+1100 0 *
Wi

0101100
-1103 0 *
Fa
0  1e-07 156 0

0111000
-1098 0 *
Sh

0101100
+1101 0 +1099 0 -1097 0 *
So

0100000
+1096 0 *
Ve
1e-07
511.710576470082 900.17733263077 346.919976418671
0 0

0101101
*
Ed
 1e-07 1 1 0
1  157 0 0 6.28318530717959
2  313 157 0 0 6.28318530717959
2  314 158 0 0 6.28318530717959
0

0101000
+1094 0 -1094 0 *
Ve
1e-07
511.798112746638 900.33188509878 350.206349417827
0 0

0101101
*
Ed
 1e-07 1 1 0
1  158 0 0 3.2911694813036
3  315 316CN 157 0 0 3.2911694813036
0

0101000
-1094 0 +1092 0 *
Ed
 1e-07 1 1 0
1  159 0 0 6.28318530717959
2  317 157 0 0 6.28318530717959
2  318 159 0 0 6.28318530717959
0

0101000
+1092 0 -1092 0 *
Wi

0101100
-1093 0 +1091 0 +1090 0 -1091 0 *
Fa
0  1e-07 157 0

0111000
+1089 0 *
Wi

0101100
+1093 0 *
Fa
0  1e-07 158 0

0111000
+1087 0 *
Wi

0101100
-1090 0 *
Fa
0  1e-07 159 0

0111000
-1085 0 *
Sh

0101100
+1088 0 +1086 0 -1084 0 *
So

0100000
+1083 0 *
Ve
1e-07
507.477065228439 904.018364168268 343.7425175881
0 0

0101101
*
Ed
 1e-07 1 1 0
1  160 0 0 6.28318530717959
2  319 160 0 0 6.28318530717959
2  320 161 0 0 6.28318530717959
0

0101000
+1081 0 -1081 0 *
Ve
1e-07
507.72160440712 904.172916636278 347.028890587256
0 0

0101101
*
Ed
 1e-07 1 1 0
1  161 0 0 3.29908068480606
3  321 322CN 160 0 0 3.29908068480606
0

0101000
-1081 0 +1079 0 *
Ed
 1e-07 1 1 0
1  162 0 0 6.28318530717959
2  323 160 0 0 6.28318530717959
2  324 162 0 0 6.28318530717959
0

0101000
+1079 0 -1079 0 *
Wi

0101100
-1080 0 +1078 0 +1077 0 -1078 0 *
Fa
0  1e-07 160 0

0111000
+1076 0 *
Wi

0101100
+1080 0 *
Fa
0  1e-07 161 0

0111000
+1074 0 *
Wi

0101100
-1077 0 *
Fa
0  1e-07 162 0

0111000
-1072 0 *
Sh

0101100
+1075 0 +1073 0 -1071 0 *
So

0100000
+1070 0 *
Ve
1e-07
507.094022849225 903.863811700257 340.644453031676
0 0

0101101
*
Ed
 1e-07 1 1 0
1  163 0 0 6.28318530717959
2  325 163 0 0 6.28318530717959
2  326 164 0 0 6.28318530717959
0

0101000
+1068 0 -1068 0 *
Ve
1e-07
507.49556493003 904.018364168268 343.930826030832
0 0

0101101
*
Ed
 1e-07 1 1 0
1  164 0 0 3.31441850067362
3  327 328CN 163 0 0 3.31441850067362
0

0101000
-1068 0 +1066 0 *
Ed
 1e-07 1 1 0
1  165 0 0 6.28318530717959
2  329 163 0 0 6.28318530717959
2  330 165 0 0 6.28318530717959
0

0101000
+1066 0 -1066 0 *
Wi

0101100
-1067 0 +1065 0 +1064 0 -1065 0 *
Fa
0  1e-07 163 0

0111000
+1063 0 *
Wi

0101100
+1067 0 *
Fa
0  1e-07 164 0

0111000
+1061 0 *
Wi

0101100
-1064 0 *
Fa
0  1e-07 165 0

0111000
-1059 0 *
Sh

0101100
+1062 0 +1060 0 -1058 0 *
So

0100000
+1057 0 *
Ve
1e-07
506.562499399755 903.709259232247 337.543172516468
0 0

0101101
*
Ed
 1e-07 1 1 0
1  166 0 0 6.28318530717959
2  331 166 0 0 6.28318530717959
2  332 167 0 0 6.28318530717959
0

0101000
+1055 0 -1055 0 *
Ve
1e-07
507.121044382684 903.863811700257 340.829545515624
0 0

0101101
*
Ed
 1e-07 1 1 0
1  167 0 0 3.33708052838204
3  333 334CN 166 0 0 3.33708052838204
0

0101000
-1055 0 +1053 0 *
Ed
 1e-07 1 1 0
1  168 0 0 6.28318530717959
2  335 166 0 0 6.28318530717959
2  336 168 0 0 6.28318530717959
0

0101000
+1053 0 -1053 0 *
Wi

0101100
-1054 0 +1052 0 +1051 0 -1052 0 *
Fa
0  1e-07 166 0

0111000
+1050 0 *
Wi

0101100
+1054 0 *
Fa
0  1e-07 167 0

0111000
+1048 0 *
Wi

0101100
-1051 0 *
Fa
0  1e-07 168 0

0111000
-1046 0 *
Sh

0101100
+1049 0 +1047 0 -1045 0 *
So

0100000
+1044 0 *
Ve
1e-07
505.881973337407 903.554706764237 334.437568235091
0 0

0101101
*
Ed
 1e-07 1 1 0
1  169 0 0 6.28318530717959
2  337 169 0 0 6.28318530717959
2  338 170 0 0 6.28318530717959
0

0101000
+1042 0 -1042 0 *
Ve
1e-07
506.597521222461 903.709259232247 337.723941234247
0 0

0101101
*
Ed
 1e-07 1 1 0
1  170 0 0 3.36691887795893
3  339 340CN 169 0 0 3.36691887795893
0

0101000
-1042 0 +1040 0 *
Ed
 1e-07 1 1 0
1  171 0 0 6.28318530717959
2  341 169 0 0 6.28318530717959
2  342 171 0 0 6.28318530717959
0

0101000
+1040 0 -1040 0 *
Wi

0101100
-1041 0 +1039 0 +1038 0 -1039 0 *
Fa
0  1e-07 169 0

0111000
+1037 0 *
Wi

0101100
+1041 0 *
Fa
0  1e-07 170 0

0111000
+1035 0 *
Wi

0101100
-1038 0 *
Fa
0  1e-07 171 0

0111000
-1033 0 *
Sh

0101100
+1036 0 +1034 0 -1032 0 *
So

0100000
+1031 0 *
Ve
1e-07
505.05179664127 903.400154296226 331.326665625394
0 0

0101101
*
Ed
 1e-07 1 1 0
1  172 0 0 6.28318530717959
2  343 172 0 0 6.28318530717959
2  344 173 0 0 6.28318530717959
0

0101000
+1029 0 -1029 0 *
Ve
1e-07
505.924347428449 903.554706764237 334.61303862455
0 0

0101101
*
Ed
 1e-07 1 1 0
1  173 0 0 3.40374482462432
3  345 346CN 172 0 0 3.40374482462432
0

0101000
-1029 0 +1027 0 *
Ed
 1e-07 1 1 0
1  174 0 0 6.28318530717959
2  347 172 0 0 6.28318530717959
2  348 174 0 0 6.28318530717959
0

0101000
+1027 0 -1027 0 *
Wi

0101100
-1028 0 +1026 0 +1025 0 -1026 0 *
Fa
0  1e-07 172 0

0111000
+1024 0 *
Wi

0101100
+1028 0 *
Fa
0  1e-07 173 0

0111000
+1022 0 *
Wi

0101100
-1025 0 *
Fa
0  1e-07 174 0

0111000
-1020 0 *
Sh

0101100
+1023 0 +1021 0 -1019 0 *
So

0100000
+1018 0 *
Ve
1e-07
504.071226139694 903.245601828216 328.209643767998
0 0

0101101
*
Ed
 1e-07 1 1 0
1  175 0 0 6.28318530717959
2  349 175 0 0 6.28318530717959
2  350 176 0 0 6.28318530717959
0

0101000
+1016 0 -1016 0 *
Ve
1e-07
505.100779828997 903.400154296226 331.496016767154
0 0

0101101
*
Ed
 1e-07 1 1 0
1  176 0 0 3.44733444187085
3  351 352CN 175 0 0 3.44733444187085
0

0101000
-1016 0 +1014 0 *
Ed
 1e-07 1 1 0
1  177 0 0 6.28318530717959
2  353 175 0 0 6.28318530717959
2  354 177 0 0 6.28318530717959
0

0101000
+1014 0 -1014 0 *
Wi

0101100
-1015 0 +1013 0 +1012 0 -1013 0 *
Fa
0  1e-07 175 0

0111000
+1011 0 *
Wi

0101100
+1015 0 *
Fa
0  1e-07 176 0

0111000
+1009 0 *
Wi

0101100
-1012 0 *
Fa
0  1e-07 177 0

0111000
-1007 0 *
Sh

0101100
+1010 0 +1008 0 -1006 0 *
So

0100000
+1005 0 *
Ve
1e-07
502.939456482439 903.091049360206 325.085846210198
0 0

0101101
*
Ed
 1e-07 1 1 0
1  178 0 0 6.28318530717959
2  355 178 0 0 6.28318530717959
2  356 179 0 0 6.28318530717959
0

0101000
+1003 0 -1003 0 *
Ve
1e-07
504.126013073867 903.245601828216 328.372219209355
0 0

0101101
*
Ed
 1e-07 1 1 0
1  179 0 0 3.4974348456563
3  357 358CN 178 0 0 3.4974348456563
0

0101000
-1003 0 +1001 0 *
Ed
 1e-07 1 1 0
1  180 0 0 6.28318530717959
2  359 178 0 0 6.28318530717959
2  360 180 0 0 6.28318530717959
0

0101000
+1001 0 -1001 0 *
Wi

0101100
-1002 0 +1000 0 +999 0 -1000 0 *
Fa
0  1e-07 178 0

0111000
+998 0 *
Wi

0101100
+1002 0 *
Fa
0  1e-07 179 0

0111000
+996 0 *
Wi

0101100
-999 0 *
Fa
0  1e-07 180 0

0111000
-994 0 *
Sh

0101100
+997 0 +995 0 -993 0 *
So

0100000
+992 0 *
Ve
1e-07
501.655652206453 902.936496892196 321.954782709169
0 0

0101101
*
Ed
 1e-07 1 1 0
1  181 0 0 6.28318530717959
2  361 181 0 0 6.28318530717959
2  362 182 0 0 6.28318530717959
0

0101000
+990 0 -990 0 *
Ve
1e-07
502.999211700005 903.091049360206 325.241155708325
0 0

0101101
*
Ed
 1e-07 1 1 0
1  182 0 0 3.55377068304429
3  363 364CN 181 0 0 3.55377068304429
0

0101000
-990 0 +988 0 *
Ed
 1e-07 1 1 0
1  183 0 0 6.28318530717959
2  365 181 0 0 6.28318530717959
2  366 183 0 0 6.28318530717959
0

0101000
+988 0 -988 0 *
Wi

0101100
-989 0 +987 0 +986 0 -987 0 *
Fa
0  1e-07 181 0

0111000
+985 0 *
Wi

0101100
+989 0 *
Fa
0  1e-07 182 0

0111000
+983 0 *
Wi

0101100
-986 0 *
Fa
0  1e-07 183 0

0111000
-981 0 *
Sh

0101100
+984 0 +982 0 -980 0 *
So

0100000
+979 0 *
Ve
1e-07
500.218976833338 902.781944424185 318.81612313905
0 0

0101101
*
Ed
 1e-07 1 1 0
1  184 0 0 6.28318530717959
2  367 184 0 0 6.28318530717959
2  368 185 0 0 6.28318530717959
0

0101000
+977 0 -977 0 *
Ve
1e-07
501.719539229015 902.936496892196 322.102496138206
0 0

0101101
*
Ed
 1e-07 1 1 0
1  185 0 0 3.61605053314661
3  369 370CN 184 0 0 3.61605053314661
0

0101000
-977 0 +975 0 *
Ed
 1e-07 1 1 0
1  186 0 0 6.28318530717959
2  371 184 0 0 6.28318530717959
2  372 186 0 0 6.28318530717959
0

0101000
+975 0 -975 0 *
Wi

0101100
-976 0 +974 0 +973 0 -974 0 *
Fa
0  1e-07 184 0

0111000
+972 0 *
Wi

0101100
+976 0 *
Fa
0  1e-07 185 0

0111000
+970 0 *
Wi

0101100
-973 0 *
Fa
0  1e-07 186 0

0111000
-968 0 *
Sh

0101100
+971 0 +969 0 -967 0 *
So

0100000
+966 0 *
Ve
1e-07
498.628617575452 902.627391956175 315.669685272342
0 0

0101101
*
Ed
 1e-07 1 1 0
1  187 0 0 6.28318530717959
2  373 187 0 0 6.28318530717959
2  374 188 0 0 6.28318530717959
0

0101000
+964 0 -964 0 *
Ve
1e-07
500.286182873253 902.781944424185 318.956058271498
0 0

0101101
*
Ed
 1e-07 1 1 0
1  188 0 0 3.68397294661969
3  375 376CN 187 0 0 3.68397294661969
0

0101000
-964 0 +962 0 *
Ed
 1e-07 1 1 0
1  189 0 0 6.28318530717959
2  377 187 0 0 6.28318530717959
2  378 189 0 0 6.28318530717959
0

0101000
+962 0 -962 0 *
Wi

0101100
-963 0 +961 0 +960 0 -961 0 *
Fa
0  1e-07 187 0

0111000
+959 0 *
Wi

0101100
+963 0 *
Fa
0  1e-07 188 0

0111000
+957 0 *
Wi

0101100
-960 0 *
Fa
0  1e-07 189 0

0111000
-955 0 *
Sh

0101100
+958 0 +956 0 -954 0 *
So

0100000
+953 0 *
Ve
1e-07
496.883804891975 902.472839488165 312.515418323036
0 0

0101101
*
Ed
 1e-07 1 1 0
1  190 0 0 6.28318530717959
2  379 190 0 0 6.28318530717959
2  380 191 0 0 6.28318530717959
0

0101000
+951 0 -951 0 *
Ve
1e-07
498.698373091901 902.627391956175 315.801791322193
0 0

0101101
*
Ed
 1e-07 1 1 0
1  191 0 0 3.75723192086048
3  381 382CN 190 0 0 3.75723192086048
0

0101000
-951 0 +949 0 *
Ed
 1e-07 1 1 0
1  192 0 0 6.28318530717959
2  383 190 0 0 6.28318530717959
2  384 192 0 0 6.28318530717959
0

0101000
+949 0 -949 0 *
Wi

0101100
-950 0 +948 0 +947 0 -948 0 *
Fa
0  1e-07 190 0

0111000
+946 0 *
Wi

0101100
+950 0 *
Fa
0  1e-07 191 0

0111000
+944 0 *
Wi

0101100
-947 0 *
Fa
0  1e-07 192 0

0111000
-942 0 *
Sh

0101100
+945 0 +943 0 -941 0 *
So

0100000
+940 0 *
Ve
1e-07
494.983826728892 902.318287020154 309.35338407337
0 0

0101101
*
Ed
 1e-07 1 1 0
1  193 0 0 6.28318530717959
2  385 193 0 0 6.28318530717959
2  386 194 0 0 6.28318530717959
0

0101000
+938 0 -938 0 *
Ve
1e-07
496.955397830943 902.472839488165 312.639757072526
0 0

0101101
*
Ed
 1e-07 1 1 0
1  194 0 0 3.83552168099597
3  387 388CN 193 0 0 3.83552168099597
0

0101000
-938 0 +936 0 *
Ed
 1e-07 1 1 0
1  195 0 0 6.28318530717959
2  389 193 0 0 6.28318530717959
2  390 195 0 0 6.28318530717959
0

0101000
+936 0 -936 0 *
Wi

0101100
-937 0 +935 0 +934 0 -935 0 *
Fa
0  1e-07 193 0

0111000
+933 0 *
Wi

0101100
+937 0 *
Fa
0  1e-07 194 0

0111000
+931 0 *
Wi

0101100
-934 0 *
Fa
0  1e-07 195 0

0111000
-929 0 *
Sh

0101100
+932 0 +930 0 -928 0 *
So

0100000
+927 0 *
Ve
1e-07
492.928037738597 902.163734552144 306.183737170467
0 0

0101101
*
Ed
 1e-07 1 1 0
1  196 0 0 6.28318530717959
2  391 196 0 0 6.28318530717959
2  392 197 0 0 6.28318530717959
0

0101000
+925 0 -925 0 *
Ve
1e-07
495.056611742771 902.318287020154 309.470110169623
0 0

0101101
*
Ed
 1e-07 1 1 0
1  197 0 0 3.91854070365479
3  393 394CN 196 0 0 3.91854070365479
0

0101000
-925 0 +923 0 *
Ed
 1e-07 1 1 0
1  198 0 0 6.28318530717959
2  395 196 0 0 6.28318530717959
2  396 198 0 0 6.28318530717959
0

0101000
+923 0 -923 0 *
Wi

0101100
-924 0 +922 0 +921 0 -922 0 *
Fa
0  1e-07 196 0

0111000
+920 0 *
Wi

0101100
+924 0 *
Fa
0  1e-07 197 0

0111000
+918 0 *
Wi

0101100
-921 0 *
Fa
0  1e-07 198 0

0111000
-916 0 *
Sh

0101100
+919 0 +917 0 -915 0 *
So

0100000
+914 0 *
Ve
1e-07
490.71586408453 902.009182084134 303.006705850722
0 0

0101101
*
Ed
 1e-07 1 1 0
1  199 0 0 6.28318530717959
2  397 199 0 0 6.28318530717959
2  398 200 0 0 6.28318530717959
0

0101000
+912 0 -912 0 *
Ve
1e-07
493.00144099083 902.163734552144 306.293078849878
0 0

0101101
*
Ed
 1e-07 1 1 0
1  200 0 0 4.00599497622744
3  399 400CN 199 0 0 4.00599497622744
0

0101000
-912 0 +910 0 *
Ed
 1e-07 1 1 0
1  201 0 0 6.28318530717959
2  401 199 0 0 6.28318530717959
2  402 201 0 0 6.28318530717959
0

0101000
+910 0 -910 0 *
Wi

0101100
-911 0 +909 0 +908 0 -909 0 *
Fa
0  1e-07 199 0

0111000
+907 0 *
Wi

0101100
+911 0 *
Fa
0  1e-07 200 0

0111000
+905 0 *
Wi

0101100
-908 0 *
Fa
0  1e-07 201 0

0111000
-903 0 *
Sh

0101100
+906 0 +904 0 -902 0 *
So

0100000
+901 0 *
Ve
1e-07
488.346804601908 901.854629616123 299.822573995283
0 0

0101101
*
Ed
 1e-07 1 1 0
1  202 0 0 6.28318530717959
2  403 202 0 0 6.28318530717959
2  404 203 0 0 6.28318530717959
0

0101000
+899 0 -899 0 *
Ve
1e-07
490.789384410332 902.009182084134 303.108946994439
0 0

0101101
*
Ed
 1e-07 1 1 0
1  203 0 0 4.09760052658508
3  405 406CN 202 0 0 4.09760052658508
0

0101000
-899 0 +897 0 *
Ed
 1e-07 1 1 0
1  204 0 0 6.28318530717959
2  407 202 0 0 6.28318530717959
2  408 204 0 0 6.28318530717959
0

0101000
+897 0 -897 0 *
Wi

0101100
-898 0 +896 0 +895 0 -896 0 *
Fa
0  1e-07 202 0

0111000
+894 0 *
Wi

0101100
+898 0 *
Fa
0  1e-07 203 0

0111000
+892 0 *
Wi

0101100
-895 0 *
Fa
0  1e-07 204 0

0111000
-890 0 *
Sh

0101100
+893 0 +891 0 -889 0 *
So

0100000
+888 0 *
Ve
1e-07
485.820429132999 901.700077148113 296.631665087798
0 0

0101101
*
Ed
 1e-07 1 1 0
1  205 0 0 6.28318530717959
2  409 205 0 0 6.28318530717959
2  410 206 0 0 6.28318530717959
0

0101000
+886 0 -886 0 *
Ve
1e-07
488.420011843547 901.854629616123 299.918038086954
0 0

0101101
*
Ed
 1e-07 1 1 0
1  206 0 0 4.19308528698529
3  411 412CN 205 0 0 4.19308528698529
0

0101000
-886 0 +884 0 *
Ed
 1e-07 1 1 0
1  207 0 0 6.28318530717959
2  413 205 0 0 6.28318530717959
2  414 207 0 0 6.28318530717959
0

0101000
+884 0 -884 0 *
Wi

0101100
-885 0 +883 0 +882 0 -883 0 *
Fa
0  1e-07 205 0

0111000
+881 0 *
Wi

0101100
+885 0 *
Fa
0  1e-07 206 0

0111000
+879 0 *
Wi

0101100
-882 0 *
Fa
0  1e-07 207 0

0111000
-877 0 *
Sh

0101100
+880 0 +878 0 -876 0 *
So

0100000
+875 0 *
Ve
1e-07
483.13637481762 901.545524680103 293.4343283645
0 0

0101101
*
Ed
 1e-07 1 1 0
1  208 0 0 6.28318530717959
2  415 208 0 0 6.28318530717959
2  416 209 0 0 6.28318530717959
0

0101000
+873 0 -873 0 *
Ve
1e-07
485.892960430293 901.700077148113 296.720701363656
0 0

0101101
*
Ed
 1e-07 1 1 0
1  209 0 0 4.29219037263556
3  417 418CN 208 0 0 4.29219037263556
0

0101000
-873 0 +871 0 *
Ed
 1e-07 1 1 0
1  210 0 0 6.28318530717959
2  419 208 0 0 6.28318530717959
2  420 210 0 0 6.28318530717959
0

0101000
+871 0 -871 0 *
Wi

0101100
-872 0 +870 0 +869 0 -870 0 *
Fa
0  1e-07 208 0

0111000
+868 0 *
Wi

0101100
+872 0 *
Fa
0  1e-07 209 0

0111000
+866 0 *
Wi

0101100
-869 0 *
Fa
0  1e-07 210 0

0111000
-864 0 *
Sh

0101100
+867 0 +865 0 -863 0 *
So

0100000
+862 0 *
Ve
1e-07
480.294341028769 901.390972212093 290.230927228768
0 0

0101101
*
Ed
 1e-07 1 1 0
1  211 0 0 6.28318530717959
2  421 211 0 0 6.28318530717959
2  422 212 0 0 6.28318530717959
0

0101000
+860 0 -860 0 *
Ve
1e-07
483.207929543566 901.545524680103 293.517300227924
0 0

0101101
*
Ed
 1e-07 1 1 0
1  212 0 0 4.39467086236379
3  423 424CN 211 0 0 4.39467086236379
0

0101000
-860 0 +858 0 *
Ed
 1e-07 1 1 0
1  213 0 0 6.28318530717959
2  425 211 0 0 6.28318530717959
2  426 213 0 0 6.28318530717959
0

0101000
+858 0 -858 0 *
Wi

0101100
-859 0 +857 0 +856 0 -857 0 *
Fa
0  1e-07 211 0

0111000
+855 0 *
Wi

0101100
+859 0 *
Fa
0  1e-07 212 0

0111000
+853 0 *
Wi

0101100
-856 0 *
Fa
0  1e-07 213 0

0111000
-851 0 *
Sh

0101100
+854 0 +852 0 -850 0 *
So

0100000
+849 0 *
Ve
1e-07
477.294083526756 901.236419744082 287.021829847547
0 0

0101101
*
Ed
 1e-07 1 1 0
1  214 0 0 6.28318530717959
2  427 214 0 0 6.28318530717959
2  428 215 0 0 6.28318530717959
0

0101000
+847 0 -847 0 *
Ve
1e-07
480.364674943677 901.390972212093 290.308202846703
0 0

0101101
*
Ed
 1e-07 1 1 0
1  215 0 0 4.50029616854546
3  429 430CN 214 0 0 4.50029616854546
0

0101000
-847 0 +845 0 *
Ed
 1e-07 1 1 0
1  216 0 0 6.28318530717959
2  431 214 0 0 6.28318530717959
2  432 216 0 0 6.28318530717959
0

0101000
+845 0 -845 0 *
Wi

0101100
-846 0 +844 0 +843 0 -844 0 *
Fa
0  1e-07 214 0

0111000
+842 0 *
Wi

0101100
+846 0 *
Fa
0  1e-07 215 0

0111000
+840 0 *
Wi

0101100
-843 0 *
Fa
0  1e-07 216 0

0111000
-838 0 *
Sh

0101100
+841 0 +839 0 -837 0 *
So

0100000
+836 0 *
Ve
1e-07
474.135408282899 901.081867276072 283.807401747967
0 0

0101101
*
Ed
 1e-07 1 1 0
1  217 0 0 6.28318530717959
2  433 217 0 0 6.28318530717959
2  434 218 0 0 6.28318530717959
0

0101000
+834 0 -834 0 *
Ve
1e-07
477.363002601945 901.236419744082 287.093774747123
0 0

0101101
*
Ed
 1e-07 1 1 0
1  218 0 0 4.6088500781964
3  435 436CN 217 0 0 4.6088500781964
0

0101000
-834 0 +832 0 *
Ed
 1e-07 1 1 0
1  219 0 0 6.28318530717959
2  437 217 0 0 6.28318530717959
2  438 219 0 0 6.28318530717959
0

0101000
+832 0 -832 0 *
Wi

0101100
-833 0 +831 0 +830 0 -831 0 *
Fa
0  1e-07 217 0

0111000
+829 0 *
Wi

0101100
+833 0 *
Fa
0  1e-07 218 0

0111000
+827 0 *
Wi

0101100
-830 0 *
Fa
0  1e-07 219 0

0111000
-825 0 *
Sh

0101100
+828 0 +826 0 -824 0 *
So

0100000
+823 0 *
Ve
1e-07
476.391123234368 900.927314808062 274.848475811362
0 0

0101101
*
Ed
 1e-07 1 1 0
1  220 0 0 6.28318530717959
2  439 220 0 0 6.28318530717959
2  440 221 0 0 6.28318530717959
0

0101000
+821 0 -821 0 *
Ve
1e-07
479.775720455538 901.081867276072 278.134848810518
0 0

0101101
*
Ed
 1e-07 1 1 0
1  221 0 0 4.72013053892665
3  441 442CN 220 0 0 4.72013053892665
0

0101000
-821 0 +819 0 *
Ed
 1e-07 1 1 0
1  222 0 0 6.28318530717959
2  443 220 0 0 6.28318530717959
2  444 222 0 0 6.28318530717959
0

0101000
+819 0 -819 0 *
Wi

0101100
-820 0 +818 0 +817 0 -818 0 *
Fa
0  1e-07 220 0

0111000
+816 0 *
Wi

0101100
+820 0 *
Fa
0  1e-07 221 0

0111000
+814 0 *
Wi

0101100
-817 0 *
Fa
0  1e-07 222 0

0111000
-812 0 *
Sh

0101100
+815 0 +813 0 -811 0 *
So

0100000
+810 0 *
Ve
1e-07
472.783845568827 900.772762340051 271.499760012957
0 0

0101101
*
Ed
 1e-07 1 1 0
1  223 0 0 6.28318530717959
2  445 223 0 0 6.28318530717959
2  446 224 0 0 6.28318530717959
0

0101000
+808 0 -808 0 *
Ve
1e-07
476.325445692122 900.927314808062 274.786133012113
0 0

0101101
*
Ed
 1e-07 1 1 0
1  224 0 0 4.83394925379615
3  447 448CN 223 0 0 4.83394925379615
0

0101000
-808 0 +806 0 *
Ed
 1e-07 1 1 0
1  225 0 0 6.28318530717959
2  449 223 0 0 6.28318530717959
2  450 225 0 0 6.28318530717959
0

0101000
+806 0 -806 0 *
Wi

0101100
-807 0 +805 0 +804 0 -805 0 *
Fa
0  1e-07 223 0

0111000
+803 0 *
Wi

0101100
+807 0 *
Fa
0  1e-07 224 0

0111000
+801 0 *
Wi

0101100
-804 0 *
Fa
0  1e-07 225 0

0111000
-799 0 *
Sh

0101100
+802 0 +800 0 -798 0 *
So

0100000
+797 0 *
Ve
1e-07
469.02132100581 900.618209872041 268.155343289968
0 0

0101101
*
Ed
 1e-07 1 1 0
1  226 0 0 6.28318530717959
2  451 226 0 0 6.28318530717959
2  452 227 0 0 6.28318530717959
0

0101000
+795 0 -795 0 *
Ve
1e-07
472.71992403123 900.772762340051 271.441716289124
0 0

0101101
*
Ed
 1e-07 1 1 0
1  227 0 0 4.95013113913111
3  453 454CN 226 0 0 4.95013113913111
0

0101000
-795 0 +793 0 *
Ed
 1e-07 1 1 0
1  228 0 0 6.28318530717959
2  455 226 0 0 6.28318530717959
2  456 228 0 0 6.28318530717959
0

0101000
+793 0 -793 0 *
Wi

0101100
-794 0 +792 0 +791 0 -792 0 *
Fa
0  1e-07 226 0

0111000
+790 0 *
Wi

0101100
+794 0 *
Fa
0  1e-07 227 0

0111000
+788 0 *
Wi

0101100
-791 0 *
Fa
0  1e-07 228 0

0111000
-786 0 *
Sh

0101100
+789 0 +787 0 -785 0 *
So

0100000
+784 0 *
Ve
1e-07
465.10360131842 900.463657404031 264.814913228023
0 0

0101101
*
Ed
 1e-07 1 1 0
1  229 0 0 6.28318530717959
2  457 229 0 0 6.28318530717959
2  458 230 0 0 6.28318530717959
0

0101000
+782 0 -782 0 *
Ve
1e-07
468.959207245964 900.618209872041 268.101286227179
0 0

0101101
*
Ed
 1e-07 1 1 0
1  230 0 0 5.0685136897779
3  459 460CN 229 0 0 5.0685136897779
0

0101000
-782 0 +780 0 *
Ed
 1e-07 1 1 0
1  231 0 0 6.28318530717959
2  461 229 0 0 6.28318530717959
2  462 231 0 0 6.28318530717959
0

0101000
+780 0 -780 0 *
Wi

0101100
-781 0 +779 0 +778 0 -779 0 *
Fa
0  1e-07 229 0

0111000
+777 0 *
Wi

0101100
+781 0 *
Fa
0  1e-07 230 0

0111000
+775 0 *
Wi

0101100
-778 0 *
Fa
0  1e-07 231 0

0111000
-773 0 *
Sh

0101100
+776 0 +774 0 -772 0 *
So

0100000
+771 0 *
Ve
1e-07
461.030715280185 900.309104936021 261.478175601244
0 0

0101101
*
Ed
 1e-07 1 1 0
1  232 0 0 6.28318530717959
2  463 232 0 0 6.28318530717959
2  464 233 0 0 6.28318530717959
0

0101000
+769 0 -769 0 *
Ve
1e-07
465.043324109853 900.463657404031 264.7645486004
0 0

0101101
*
Ed
 1e-07 1 1 0
1  233 0 0 5.18894628753151
3  465 466CN 232 0 0 5.18894628753151
0

0101000
-769 0 +767 0 *
Ed
 1e-07 1 1 0
1  234 0 0 6.28318530717959
2  467 232 0 0 6.28318530717959
2  468 234 0 0 6.28318530717959
0

0101000
+767 0 -767 0 *
Wi

0101100
-768 0 +766 0 +765 0 -766 0 *
Fa
0  1e-07 232 0

0111000
+764 0 *
Wi

0101100
+768 0 *
Fa
0  1e-07 233 0

0111000
+762 0 *
Wi

0101100
-765 0 *
Fa
0  1e-07 234 0

0111000
-760 0 *
Sh

0101100
+763 0 +761 0 -759 0 *
So

0100000
+758 0 *
Ve
1e-07
456.802672663124 900.15455246801 258.144854793574
0 0

0101101
*
Ed
 1e-07 1 1 0
1  235 0 0 6.28318530717959
2  469 235 0 0 6.28318530717959
2  470 236 0 0 6.28318530717959
0

0101000
+756 0 -756 0 *
Ve
1e-07
460.972284394918 900.309104936021 261.431227792731
0 0

0101101
*
Ed
 1e-07 1 1 0
1  236 0 0 5.31128948080028
3  471 472CN 235 0 0 5.31128948080028
0

0101000
-756 0 +754 0 *
Ed
 1e-07 1 1 0
1  237 0 0 6.28318530717959
2  473 235 0 0 6.28318530717959
2  474 237 0 0 6.28318530717959
0

0101000
+754 0 -754 0 *
Wi

0101100
-755 0 +753 0 +752 0 -753 0 *
Fa
0  1e-07 235 0

0111000
+751 0 *
Wi

0101100
+755 0 *
Fa
0  1e-07 236 0

0111000
+749 0 *
Wi

0101100
-752 0 *
Fa
0  1e-07 237 0

0111000
-747 0 *
Sh

0101100
+750 0 +748 0 -746 0 *
So

0100000
+745 0 *
Ve
1e-07
452.419467724971 900 254.81469374662
0 0

0101101
*
Ed
 1e-07 1 1 0
1  238 0 0 6.28318530717959
2  475 238 0 0 6.28318530717959
2  476 239 0 0 6.28318530717959
0

0101000
+743 0 -743 0 *
Ve
1e-07
456.746082358889 900.15455246801 258.101066745776
0 0

0101101
*
Ed
 1e-07 1 1 0
1  239 0 0 5.43541425701692
3  477 478CN 238 0 0 5.43541425701692
0

0101000
-743 0 +741 0 *
Ed
 1e-07 1 1 0
1  240 0 0 6.28318530717959
2  479 238 0 0 6.28318530717959
2  480 240 0 0 6.28318530717959
0

0101000
+741 0 -741 0 *
Wi

0101100
-742 0 +740 0 +739 0 -740 0 *
Fa
0  1e-07 238 0

0111000
+738 0 *
Wi

0101100
+742 0 *
Fa
0  1e-07 239 0

0111000
+736 0 *
Wi

0101100
-739 0 *
Fa
0  1e-07 240 0

0111000
-734 0 *
Sh

0101100
+737 0 +735 0 -733 0 *
So

0100000
+732 0 *
Ve
1e-07
300 912.364197440823 524.90983993249
0 0

0101101
*
Ed
 1e-07 1 1 1
2  481 241 0 0 6.28318530717959
0

0101000
+730 0 -730 0 *
Ve
1e-07
300 912.364197440823 516.90983993249
0 0

0101101
*
Ed
 1e-07 1 1 0
1  241 0 4.71238898038469 7.85398163397448
3  482 483CN 241 0 4.71238898038469 7.85398163397448
0

0101000
-730 0 +728 0 *
Ed
 1e-07 1 1 1
2  484 241 0 0 6.28318530717959
0

0101000
+728 0 -728 0 *
Wi

0101100
-729 0 +727 0 +726 0 -727 0 *
Fa
0  1e-07 241 0

0111000
+725 0 *
Sh

0101100
+724 0 *
So

0100000
+723 0 *
Ve
1e-07
308.076614633918 912.209644972813 521.623466933334
0 0

0101101
*
Ed
 1e-07 1 1 1
2  485 242 0 0 6.28318530717959
0

0101000
+721 0 -721 0 *
Ve
1e-07
308.076614633918 912.209644972813 513.623466933334
0 0

0101101
*
Ed
 1e-07 1 1 0
1  242 0 4.71238898038469 7.85398163397448
3  486 487CN 242 0 4.71238898038469 7.85398163397448
0

0101000
-721 0 +719 0 *
Ed
 1e-07 1 1 1
2  488 242 0 0 6.28318530717959
0

0101000
+719 0 -719 0 *
Wi

0101100
-720 0 +718 0 +717 0 -718 0 *
Fa
0  1e-07 242 0

0111000
+716 0 *
Sh

0101100
+715 0 *
So

0100000
+714 0 *
Ve
1e-07
315.996226365711 912.055092504803 518.337093934178
0 0

0101101
*
Ed
 1e-07 1 1 1
2  489 243 0 0 6.28318530717959
0

0101000
+712 0 -712 0 *
Ve
1e-07
315.996226365711 912.055092504803 510.337093934178
0 0

0101101
*
Ed
 1e-07 1 1 0
1  243 0 4.71238898038469 7.85398163397448
3  490 491CN 243 0 4.71238898038469 7.85398163397448
0

0101000
-712 0 +710 0 *
Ed
 1e-07 1 1 1
2  492 243 0 0 6.28318530717959
0

0101000
+710 0 -710 0 *
Wi

0101100
-711 0 +709 0 +708 0 -709 0 *
Fa
0  1e-07 243 0

0111000
+707 0 *
Sh

0101100
+706 0 *
So

0100000
+705 0 *
Ve
1e-07
323.75883519538 911.900540036793 515.050720935022
0 0

0101101
*
Ed
 1e-07 1 1 1
2  493 244 0 0 6.28318530717959
0

0101000
+703 0 -703 0 *
Ve
1e-07
323.75883519538 911.900540036793 507.050720935022
0 0

0101101
*
Ed
 1e-07 1 1 0
1  244 0 4.71238898038469 7.85398163397448
3  494 495CN 244 0 4.71238898038469 7.85398163397448
0

0101000
-703 0 +701 0 *
Ed
 1e-07 1 1 1
2  496 244 0 0 6.28318530717959
0

0101000
+701 0 -701 0 *
Wi

0101100
-702 0 +700 0 +699 0 -700 0 *
Fa
0  1e-07 244 0

0111000
+698 0 *
Sh

0101100
+697 0 *
So

0100000
+696 0 *
Ve
1e-07
331.364441122925 911.745987568782 511.764347935866
0 0

0101101
*
Ed
 1e-07 1 1 1
2  497 245 0 0 6.28318530717959
0

0101000
+694 0 -694 0 *
Ve
1e-07
331.364441122925 911.745987568782 503.764347935866
0 0

0101101
*
Ed
 1e-07 1 1 0
1  245 0 4.71238898038469 7.85398163397448
3  498 499CN 245 0 4.71238898038469 7.85398163397448
0

0101000
-694 0 +692 0 *
Ed
 1e-07 1 1 1
2  500 245 0 0 6.28318530717959
0

0101000
+692 0 -692 0 *
Wi

0101100
-693 0 +691 0 +690 0 -691 0 *
Fa
0  1e-07 245 0

0111000
+689 0 *
Sh

0101100
+688 0 *
So

0100000
+687 0 *
Ve
1e-07
338.813044148344 911.591435100772 508.47797493671
0 0

0101101
*
Ed
 1e-07 1 1 1
2  501 246 0 0 6.28318530717959
0

0101000
+685 0 -685 0 *
Ve
1e-07
338.813044148344 911.591435100772 500.47797493671
0 0

0101101
*
Ed
 1e-07 1 1 0
1  246 0 4.71238898038469 7.85398163397448
3  502 503CN 246 0 4.71238898038469 7.85398163397448
0

0101000
-685 0 +683 0 *
Ed
 1e-07 1 1 1
2  504 246 0 0 6.28318530717959
0

0101000
+683 0 -683 0 *
Wi

0101100
-684 0 +682 0 +681 0 -682 0 *
Fa
0  1e-07 246 0

0111000
+680 0 *
Sh

0101100
+679 0 *
So

0100000
+678 0 *
Ve
1e-07
346.10464427164 911.436882632762 505.191601937553
0 0

0101101
*
Ed
 1e-07 1 1 1
2  505 247 0 0 6.28318530717959
0

0101000
+676 0 -676 0 *
Ve
1e-07
346.10464427164 911.436882632762 497.191601937553
0 0

0101101
*
Ed
 1e-07 1 1 0
1  247 0 4.71238898038469 7.85398163397448
3  506 507CN 247 0 4.71238898038469 7.85398163397448
0

0101000
-676 0 +674 0 *
Ed
 1e-07 1 1 1
2  508 247 0 0 6.28318530717959
0

0101000
+674 0 -674 0 *
Wi

0101100
-675 0 +673 0 +672 0 -673 0 *
Fa
0  1e-07 247 0

0111000
+671 0 *
Sh

0101100
+670 0 *
So

0100000
+669 0 *
Ve
1e-07
353.239241492811 911.282330164751 501.905228938397
0 0

0101101
*
Ed
 1e-07 1 1 1
2  509 248 0 0 6.28318530717959
0

0101000
+667 0 -667 0 *
Ve
1e-07
353.239241492811 911.282330164751 493.905228938397
0 0

0101101
*
Ed
 1e-07 1 1 0
1  248 0 4.71238898038469 7.85398163397448
3  510 511CN 248 0 4.71238898038469 7.85398163397448
0

0101000
-667 0 +665 0 *
Ed
 1e-07 1 1 1
2  512 248 0 0 6.28318530717959
0

0101000
+665 0 -665 0 *
Wi

0101100
-666 0 +664 0 +663 0 -664 0 *
Fa
0  1e-07 248 0

0111000
+662 0 *
Sh

0101100
+661 0 *
So

0100000
+660 0 *
Ve
1e-07
360.216835811857 911.127777696741 498.618855939241
0 0

0101101
*
Ed
 1e-07 1 1 1
2  513 249 0 0 6.28318530717959
0

0101000
+658 0 -658 0 *
Ve
1e-07
360.216835811857 911.127777696741 490.618855939241
0 0

0101101
*
Ed
 1e-07 1 1 0
1  249 0 4.71238898038469 7.85398163397448
3  514 515CN 249 0 4.71238898038469 7.85398163397448
0

0101000
-658 0 +656 0 *
Ed
 1e-07 1 1 1
2  516 249 0 0 6.28318530717959
0

0101000
+656 0 -656 0 *
Wi

0101100
-657 0 +655 0 +654 0 -655 0 *
Fa
0  1e-07 249 0

0111000
+653 0 *
Sh

0101100
+652 0 *
So

0100000
+651 0 *
Ve
1e-07
367.037427228779 910.973225228731 495.332482940085
0 0

0101101
*
Ed
 1e-07 1 1 1
2  517 250 0 0 6.28318530717959
0

0101000
+649 0 -649 0 *
Ve
1e-07
367.037427228779 910.973225228731 487.332482940085
0 0

0101101
*
Ed
 1e-07 1 1 0
1  250 0 4.71238898038469 7.85398163397448
3  518 519CN 250 0 4.71238898038469 7.85398163397448
0

0101000
-649 0 +647 0 *
Ed
 1e-07 1 1 1
2  520 250 0 0 6.28318530717959
0

0101000
+647 0 -647 0 *
Wi

0101100
-648 0 +646 0 +645 0 -646 0 *
Fa
0  1e-07 250 0

0111000
+644 0 *
Sh

0101100
+643 0 *
So

0100000
+642 0 *
Ve
1e-07
373.701015743576 910.81867276072 492.046109940929
0 0

0101101
*
Ed
 1e-07 1 1 1
2  521 251 0 0 6.28318530717959
0

0101000
+640 0 -640 0 *
Ve
1e-07
373.701015743576 910.81867276072 484.046109940929
0 0

0101101
*
Ed
 1e-07 1 1 0
1  251 0 4.71238898038469 7.85398163397448
3  522 523CN 251 0 4.71238898038469 7.85398163397448
0

0101000
-640 0 +638 0 *
Ed
 1e-07 1 1 1
2  524 251 0 0 6.28318530717959
0

0101000
+638 0 -638 0 *
Wi

0101100
-639 0 +637 0 +636 0 -637 0 *
Fa
0  1e-07 251 0

0111000
+635 0 *
Sh

0101100
+634 0 *
So

0100000
+633 0 *
Ve
1e-07
380.207601356249 910.66412029271 488.759736941773
0 0

0101101
*
Ed
 1e-07 1 1 1
2  525 252 0 0 6.28318530717959
0

0101000
+631 0 -631 0 *
Ve
1e-07
380.207601356249 910.66412029271 480.759736941773
0 0

0101101
*
Ed
 1e-07 1 1 0
1  252 0 4.71238898038469 7.85398163397448
3  526 527CN 252 0 4.71238898038469 7.85398163397448
0

0101000
-631 0 +629 0 *
Ed
 1e-07 1 1 1
2  528 252 0 0 6.28318530717959
0

0101000
+629 0 -629 0 *
Wi

0101100
-630 0 +628 0 +627 0 -628 0 *
Fa
0  1e-07 252 0

0111000
+626 0 *
Sh

0101100
+625 0 *
So

0100000
+624 0 *
Ve
1e-07
386.557184066797 910.5095678247 485.473363942617
0 0

0101101
*
Ed
 1e-07 1 1 1
2  529 253 0 0 6.28318530717959
0

0101000
+622 0 -622 0 *
Ve
1e-07
386.557184066797 910.5095678247 477.473363942617
0 0

0101101
*
Ed
 1e-07 1 1 0
1  253 0 4.71238898038469 7.85398163397448
3  530 531CN 253 0 4.71238898038469 7.85398163397448
0

0101000
-622 0 +620 0 *
Ed
 1e-07 1 1 1
2  532 253 0 0 6.28318530717959
0

0101000
+620 0 -620 0 *
Wi

0101100
-621 0 +619 0 +618 0 -619 0 *
Fa
0  1e-07 253 0

0111000
+617 0 *
Sh

0101100
+616 0 *
So

0100000
+615 0 *
Ve
1e-07
392.749763875221 910.35501535669 482.186990943461
0 0

0101101
*
Ed
 1e-07 1 1 1
2  533 254 0 0 6.28318530717959
0

0101000
+613 0 -613 0 *
Ve
1e-07
392.749763875221 910.35501535669 474.186990943461
0 0

0101101
*
Ed
 1e-07 1 1 0
1  254 0 4.71238898038469 7.85398163397448
3  534 535CN 254 0 4.71238898038469 7.85398163397448
0

0101000
-613 0 +611 0 *
Ed
 1e-07 1 1 1
2  536 254 0 0 6.28318530717959
0

0101000
+611 0 -611 0 *
Wi

0101100
-612 0 +610 0 +609 0 -610 0 *
Fa
0  1e-07 254 0

0111000
+608 0 *
Sh

0101100
+607 0 *
So

0100000
+606 0 *
Ve
1e-07
398.785340781521 910.200462888679 478.900617944304
0 0

0101101
*
Ed
 1e-07 1 1 1
2  537 255 0 0 6.28318530717959
0

0101000
+604 0 -604 0 *
Ve
1e-07
398.785340781521 910.200462888679 470.900617944304
0 0

0101101
*
Ed
 1e-07 1 1 0
1  255 0 4.71238898038469 7.85398163397448
3  538 539CN 255 0 4.71238898038469 7.85398163397448
0

0101000
-604 0 +602 0 *
Ed
 1e-07 1 1 1
2  540 255 0 0 6.28318530717959
0

0101000
+602 0 -602 0 *
Wi

0101100
-603 0 +601 0 +600 0 -601 0 *
Fa
0  1e-07 255 0

0111000
+599 0 *
Sh

0101100
+598 0 *
So

0100000
+597 0 *
Ve
1e-07
404.663914785695 910.045910420669 475.614244945148
0 0

0101101
*
Ed
 1e-07 1 1 1
2  541 256 0 0 6.28318530717959
0

0101000
+595 0 -595 0 *
Ve
1e-07
404.663914785695 910.045910420669 467.614244945148
0 0

0101101
*
Ed
 1e-07 1 1 0
1  256 0 4.71238898038469 7.85398163397448
3  542 543CN 256 0 4.71238898038469 7.85398163397448
0

0101000
-595 0 +593 0 *
Ed
 1e-07 1 1 1
2  544 256 0 0 6.28318530717959
0

0101000
+593 0 -593 0 *
Wi

0101100
-594 0 +592 0 +591 0 -592 0 *
Fa
0  1e-07 256 0

0111000
+590 0 *
Sh

0101100
+589 0 *
So

0100000
+588 0 *
Ve
1e-07
410.385485887746 909.891357952659 472.327871945992
0 0

0101101
*
Ed
 1e-07 1 1 1
2  545 257 0 0 6.28318530717959
0

0101000
+586 0 -586 0 *
Ve
1e-07
410.385485887746 909.891357952659 464.327871945992
0 0

0101101
*
Ed
 1e-07 1 1 0
1  257 0 4.71238898038469 7.85398163397448
3  546 547CN 257 0 4.71238898038469 7.85398163397448
0

0101000
-586 0 +584 0 *
Ed
 1e-07 1 1 1
2  548 257 0 0 6.28318530717959
0

0101000
+584 0 -584 0 *
Wi

0101100
-585 0 +583 0 +582 0 -583 0 *
Fa
0  1e-07 257 0

0111000
+581 0 *
Sh

0101100
+580 0 *
So

0100000
+579 0 *
Ve
1e-07
415.950054087672 909.736805484648 469.041498946836
0 0

0101101
*
Ed
 1e-07 1 1 1
2  549 258 0 0 6.28318530717959
0

0101000
+577 0 -577 0 *
Ve
1e-07
415.950054087672 909.736805484648 461.041498946836
0 0

0101101
*
Ed
 1e-07 1 1 0
1  258 0 4.71238898038469 7.85398163397448
3  550 551CN 258 0 4.71238898038469 7.85398163397448
0

0101000
-577 0 +575 0 *
Ed
 1e-07 1 1 1
2  552 258 0 0 6.28318530717959
0

0101000
+575 0 -575 0 *
Wi

0101100
-576 0 +574 0 +573 0 -574 0 *
Fa
0  1e-07 258 0

0111000
+572 0 *
Sh

0101100
+571 0 *
So

0100000
+570 0 *
Ve
1e-07
421.357619385473 909.582253016638 465.75512594768
0 0

0101101
*
Ed
 1e-07 1 1 1
2  553 259 0 0 6.28318530717959
0

0101000
+568 0 -568 0 *
Ve
1e-07
421.357619385473 909.582253016638 457.75512594768
0 0

0101101
*
Ed
 1e-07 1 1 0
1  259 0 4.71238898038469 7.85398163397448
3  554 555CN 259 0 4.71238898038469 7.85398163397448
0

0101000
-568 0 +566 0 *
Ed
 1e-07 1 1 1
2  556 259 0 0 6.28318530717959
0

0101000
+566 0 -566 0 *
Wi

0101100
-567 0 +565 0 +564 0 -565 0 *
Fa
0  1e-07 259 0

0111000
+563 0 *
Sh

0101100
+562 0 *
So

0100000
+561 0 *
Ve
1e-07
426.60818178115 909.427700548628 462.468752948524
0 0

0101101
*
Ed
 1e-07 1 1 1
2  557 260 0 0 6.28318530717959
0

0101000
+559 0 -559 0 *
Ve
1e-07
426.60818178115 909.427700548628 454.468752948524
0 0

0101101
*
Ed
 1e-07 1 1 0
1  260 0 4.71238898038469 7.85398163397448
3  558 559CN 260 0 4.71238898038469 7.85398163397448
0

0101000
-559 0 +557 0 *
Ed
 1e-07 1 1 1
2  560 260 0 0 6.28318530717959
0

0101000
+557 0 -557 0 *
Wi

0101100
-558 0 +556 0 +555 0 -556 0 *
Fa
0  1e-07 260 0

0111000
+554 0 *
Sh

0101100
+553 0 *
So

0100000
+552 0 *
Ve
1e-07
431.701741274702 909.273148080618 459.182379949368
0 0

0101101
*
Ed
 1e-07 1 1 1
2  561 261 0 0 6.28318530717959
0

0101000
+550 0 -550 0 *
Ve
1e-07
431.701741274702 909.273148080618 451.182379949368
0 0

0101101
*
Ed
 1e-07 1 1 0
1  261 0 4.71238898038469 7.85398163397448
3  562 563CN 261 0 4.71238898038469 7.85398163397448
0

0101000
-550 0 +548 0 *
Ed
 1e-07 1 1 1
2  564 261 0 0 6.28318530717959
0

0101000
+548 0 -548 0 *
Wi

0101100
-549 0 +547 0 +546 0 -547 0 *
Fa
0  1e-07 261 0

0111000
+545 0 *
Sh

0101100
+544 0 *
So

0100000
+543 0 *
Ve
1e-07
436.63829786613 909.118595612607 455.896006950212
0 0

0101101
*
Ed
 1e-07 1 1 1
2  565 262 0 0 6.28318530717959
0

0101000
+541 0 -541 0 *
Ve
1e-07
436.63829786613 909.118595612607 447.896006950212
0 0

0101101
*
Ed
 1e-07 1 1 0
1  262 0 4.71238898038469 7.85398163397448
3  566 567CN 262 0 4.71238898038469 7.85398163397448
0

0101000
-541 0 +539 0 *
Ed
 1e-07 1 1 1
2  568 262 0 0 6.28318530717959
0

0101000
+539 0 -539 0 *
Wi

0101100
-540 0 +538 0 +537 0 -538 0 *
Fa
0  1e-07 262 0

0111000
+536 0 *
Sh

0101100
+535 0 *
So

0100000
+534 0 *
Ve
1e-07
441.417851555433 908.964043144597 452.609633951055
0 0

0101101
*
Ed
 1e-07 1 1 1
2  569 263 0 0 6.28318530717959
0

0101000
+532 0 -532 0 *
Ve
1e-07
441.417851555433 908.964043144597 444.609633951055
0 0

0101101
*
Ed
 1e-07 1 1 0
1  263 0 4.71238898038469 7.85398163397448
3  570 571CN 263 0 4.71238898038469 7.85398163397448
0

0101000
-532 0 +530 0 *
Ed
 1e-07 1 1 1
2  572 263 0 0 6.28318530717959
0

0101000
+530 0 -530 0 *
Wi

0101100
-531 0 +529 0 +528 0 -529 0 *
Fa
0  1e-07 263 0

0111000
+527 0 *
Sh

0101100
+526 0 *
So

0100000
+525 0 *
Ve
1e-07
446.040402342612 908.809490676587 449.323260951899
0 0

0101101
*
Ed
 1e-07 1 1 1
2  573 264 0 0 6.28318530717959
0

0101000
+523 0 -523 0 *
Ve
1e-07
446.040402342612 908.809490676587 441.323260951899
0 0

0101101
*
Ed
 1e-07 1 1 0
1  264 0 4.71238898038469 7.85398163397448
3  574 575CN 264 0 4.71238898038469 7.85398163397448
0

0101000
-523 0 +521 0 *
Ed
 1e-07 1 1 1
2  576 264 0 0 6.28318530717959
0

0101000
+521 0 -521 0 *
Wi

0101100
-522 0 +520 0 +519 0 -520 0 *
Fa
0  1e-07 264 0

0111000
+518 0 *
Sh

0101100
+517 0 *
So

0100000
+516 0 *
Ve
1e-07
450.505950227666 908.654938208576 446.036887952743
0 0

0101101
*
Ed
 1e-07 1 1 1
2  577 265 0 0 6.28318530717959
0

0101000
+514 0 -514 0 *
Ve
1e-07
450.505950227666 908.654938208576 438.036887952743
0 0

0101101
*
Ed
 1e-07 1 1 0
1  265 0 4.71238898038469 7.85398163397448
3  578 579CN 265 0 4.71238898038469 7.85398163397448
0

0101000
-514 0 +512 0 *
Ed
 1e-07 1 1 1
2  580 265 0 0 6.28318530717959
0

0101000
+512 0 -512 0 *
Wi

0101100
-513 0 +511 0 +510 0 -511 0 *
Fa
0  1e-07 265 0

0111000
+509 0 *
Sh

0101100
+508 0 *
So

0100000
+507 0 *
Ve
1e-07
454.814495210596 908.500385740566 442.750514953587
0 0

0101101
*
Ed
 1e-07 1 1 1
2  581 266 0 0 6.28318530717959
0

0101000
+505 0 -505 0 *
Ve
1e-07
454.814495210596 908.500385740566 434.750514953587
0 0

0101101
*
Ed
 1e-07 1 1 0
1  266 0 4.71238898038469 7.85398163397448
3  582 583CN 266 0 4.71238898038469 7.85398163397448
0

0101000
-505 0 +503 0 *
Ed
 1e-07 1 1 1
2  584 266 0 0 6.28318530717959
0

0101000
+503 0 -503 0 *
Wi

0101100
-504 0 +502 0 +501 0 -502 0 *
Fa
0  1e-07 266 0

0111000
+500 0 *
Sh

0101100
+499 0 *
So

0100000
+498 0 *
Ve
1e-07
458.966037291401 908.345833272556 439.464141954431
0 0

0101101
*
Ed
 1e-07 1 1 1
2  585 267 0 0 6.28318530717959
0

0101000
+496 0 -496 0 *
Ve
1e-07
458.966037291401 908.345833272556 431.464141954431
0 0

0101101
*
Ed
 1e-07 1 1 0
1  267 0 4.71238898038469 7.85398163397448
3  586 587CN 267 0 4.71238898038469 7.85398163397448
0

0101000
-496 0 +494 0 *
Ed
 1e-07 1 1 1
2  588 267 0 0 6.28318530717959
0

0101000
+494 0 -494 0 *
Wi

0101100
-495 0 +493 0 +492 0 -493 0 *
Fa
0  1e-07 267 0

0111000
+491 0 *
Sh

0101100
+490 0 *
So

0100000
+489 0 *
Ve
1e-07
462.960576470082 908.191280804545 436.177768955275
0 0

0101101
*
Ed
 1e-07 1 1 1
2  589 268 0 0 6.28318530717959
0

0101000
+487 0 -487 0 *
Ve
1e-07
462.960576470082 908.191280804545 428.177768955275
0 0

0101101
*
Ed
 1e-07 1 1 0
1  268 0 4.71238898038469 7.85398163397448
3  590 591CN 268 0 4.71238898038469 7.85398163397448
0

0101000
-487 0 +485 0 *
Ed
 1e-07 1 1 1
2  592 268 0 0 6.28318530717959
0

0101000
+485 0 -485 0 *
Wi

0101100
-486 0 +484 0 +483 0 -484 0 *
Fa
0  1e-07 268 0

0111000
+482 0 *
Sh

0101100
+481 0 *
So

0100000
+480 0 *
Ve
1e-07
466.798112746638 908.036728336535 432.891395956119
0 0

0101101
*
Ed
 1e-07 1 1 1
2  593 269 0 0 6.28318530717959
0

0101000
+478 0 -478 0 *
Ve
1e-07
466.798112746638 908.036728336535 424.891395956119
0 0

0101101
*
Ed
 1e-07 1 1 0
1  269 0 4.71238898038469 7.85398163397448
3  594 595CN 269 0 4.71238898038469 7.85398163397448
0

0101000
-478 0 +476 0 *
Ed
 1e-07 1 1 1
2  596 269 0 0 6.28318530717959
0

0101000
+476 0 -476 0 *
Wi

0101100
-477 0 +475 0 +474 0 -475 0 *
Fa
0  1e-07 269 0

0111000
+473 0 *
Sh

0101100
+472 0 *
So

0100000
+471 0 *
Ve
1e-07
470.47864612107 907.882175868525 429.605022956962
0 0

0101101
*
Ed
 1e-07 1 1 1
2  597 270 0 0 6.28318530717959
0

0101000
+469 0 -469 0 *
Ve
1e-07
470.47864612107 907.882175868525 421.605022956962
0 0

0101101
*
Ed
 1e-07 1 1 0
1  270 0 4.71238898038469 7.85398163397448
3  598 599CN 270 0 4.71238898038469 7.85398163397448
0

0101000
-469 0 +467 0 *
Ed
 1e-07 1 1 1
2  600 270 0 0 6.28318530717959
0

0101000
+467 0 -467 0 *
Wi

0101100
-468 0 +466 0 +465 0 -466 0 *
Fa
0  1e-07 270 0

0111000
+464 0 *
Sh

0101100
+463 0 *
So

0100000
+462 0 *
Ve
1e-07
474.002176593378 907.727623400515 426.318649957806
0 0

0101101
*
Ed
 1e-07 1 1 1
2  601 271 0 0 6.28318530717959
0

0101000
+460 0 -460 0 *
Ve
1e-07
474.002176593378 907.727623400515 418.318649957806
0 0

0101101
*
Ed
 1e-07 1 1 0
1  271 0 4.71238898038469 7.85398163397448
3  602 603CN 271 0 4.71238898038469 7.85398163397448
0

0101000
-460 0 +458 0 *
Ed
 1e-07 1 1 1
2  604 271 0 0 6.28318530717959
0

0101000
+458 0 -458 0 *
Wi

0101100
-459 0 +457 0 +456 0 -457 0 *
Fa
0  1e-07 271 0

0111000
+455 0 *
Sh

0101100
+454 0 *
So

0100000
+453 0 *
Ve
1e-07
477.36870416356 907.573070932504 423.03227695865
0 0

0101101
*
Ed
 1e-07 1 1 1
2  605 272 0 0 6.28318530717959
0

0101000
+451 0 -451 0 *
Ve
1e-07
477.36870416356 907.573070932504 415.03227695865
0 0

0101101
*
Ed
 1e-07 1 1 0
1  272 0 4.71238898038469 7.85398163397448
3  606 607CN 272 0 4.71238898038469 7.85398163397448
0

0101000
-451 0 +449 0 *
Ed
 1e-07 1 1 1
2  608 272 0 0 6.28318530717959
0

0101000
+449 0 -449 0 *
Wi

0101100
-450 0 +448 0 +447 0 -448 0 *
Fa
0  1e-07 272 0

0111000
+446 0 *
Sh

0101100
+445 0 *
So

0100000
+444 0 *
Ve
1e-07
480.578228831619 907.418518464494 419.745903959494
0 0

0101101
*
Ed
 1e-07 1 1 1
2  609 273 0 0 6.28318530717959
0

0101000
+442 0 -442 0 *
Ve
1e-07
480.578228831619 907.418518464494 411.745903959494
0 0

0101101
*
Ed
 1e-07 1 1 0
1  273 0 4.71238898038469 7.85398163397448
3  610 611CN 273 0 4.71238898038469 7.85398163397448
0

0101000
-442 0 +440 0 *
Ed
 1e-07 1 1 1
2  612 273 0 0 6.28318530717959
0

0101000
+440 0 -440 0 *
Wi

0101100
-441 0 +439 0 +438 0 -439 0 *
Fa
0  1e-07 273 0

0111000
+437 0 *
Sh

0101100
+436 0 *
So

0100000
+435 0 *
Ve
1e-07
483.630750597552 907.263965996484 416.459530960338
0 0

0101101
*
Ed
 1e-07 1 1 1
2  613 274 0 0 6.28318530717959
0

0101000
+433 0 -433 0 *
Ve
1e-07
483.630750597552 907.263965996484 408.459530960338
0 0

0101101
*
Ed
 1e-07 1 1 0
1  274 0 4.71238898038469 7.85398163397448
3  614 615CN 274 0 4.71238898038469 7.85398163397448
0

0101000
-433 0 +431 0 *
Ed
 1e-07 1 1 1
2  616 274 0 0 6.28318530717959
0

0101000
+431 0 -431 0 *
Wi

0101100
-432 0 +430 0 +429 0 -430 0 *
Fa
0  1e-07 274 0

0111000
+428 0 *
Sh

0101100
+427 0 *
So

0100000
+426 0 *
Ve
1e-07
486.526269461362 907.109413528473 413.173157961182
0 0

0101101
*
Ed
 1e-07 1 1 1
2  617 275 0 0 6.28318530717959
0

0101000
+424 0 -424 0 *
Ve
1e-07
486.526269461362 907.109413528473 405.173157961182
0 0

0101101
*
Ed
 1e-07 1 1 0
1  275 0 4.71238898038469 7.85398163397448
3  618 619CN 275 0 4.71238898038469 7.85398163397448
0

0101000
-424 0 +422 0 *
Ed
 1e-07 1 1 1
2  620 275 0 0 6.28318530717959
0

0101000
+422 0 -422 0 *
Wi

0101100
-423 0 +421 0 +420 0 -421 0 *
Fa
0  1e-07 275 0

0111000
+419 0 *
Sh

0101100
+418 0 *
So

0100000
+417 0 *
Ve
1e-07
489.264785423046 906.954861060463 409.886784962026
0 0

0101101
*
Ed
 1e-07 1 1 1
2  621 276 0 0 6.28318530717959
0

0101000
+415 0 -415 0 *
Ve
1e-07
489.264785423046 906.954861060463 401.886784962026
0 0

0101101
*
Ed
 1e-07 1 1 0
1  276 0 4.71238898038469 7.85398163397448
3  622 623CN 276 0 4.71238898038469 7.85398163397448
0

0101000
-415 0 +413 0 *
Ed
 1e-07 1 1 1
2  624 276 0 0 6.28318530717959
0

0101000
+413 0 -413 0 *
Wi

0101100
-414 0 +412 0 +411 0 -412 0 *
Fa
0  1e-07 276 0

0111000
+410 0 *
Sh

0101100
+409 0 *
So

0100000
+408 0 *
Ve
1e-07
491.846298482607 906.800308592453 406.60041196287
0 0

0101101
*
Ed
 1e-07 1 1 1
2  625 277 0 0 6.28318530717959
0

0101000
+406 0 -406 0 *
Ve
1e-07
491.846298482607 906.800308592453 398.60041196287
0 0

0101101
*
Ed
 1e-07 1 1 0
1  277 0 4.71238898038469 7.85398163397448
3  626 627CN 277 0 4.71238898038469 7.85398163397448
0

0101000
-406 0 +404 0 *
Ed
 1e-07 1 1 1
2  628 277 0 0 6.28318530717959
0

0101000
+404 0 -404 0 *
Wi

0101100
-405 0 +403 0 +402 0 -403 0 *
Fa
0  1e-07 277 0

0111000
+401 0 *
Sh

0101100
+400 0 *
So

0100000
+399 0 *
Ve
1e-07
494.270808640042 906.645756124443 403.314038963713
0 0

0101101
*
Ed
 1e-07 1 1 1
2  629 278 0 0 6.28318530717959
0

0101000
+397 0 -397 0 *
Ve
1e-07
494.270808640042 906.645756124443 395.314038963713
0 0

0101101
*
Ed
 1e-07 1 1 0
1  278 0 4.71238898038469 7.85398163397448
3  630 631CN 278 0 4.71238898038469 7.85398163397448
0

0101000
-397 0 +395 0 *
Ed
 1e-07 1 1 1
2  632 278 0 0 6.28318530717959
0

0101000
+395 0 -395 0 *
Wi

0101100
-396 0 +394 0 +393 0 -394 0 *
Fa
0  1e-07 278 0

0111000
+392 0 *
Sh

0101100
+391 0 *
So

0100000
+390 0 *
Ve
1e-07
496.538315895354 906.491203656432 400.027665964557
0 0

0101101
*
Ed
 1e-07 1 1 1
2  633 279 0 0 6.28318530717959
0

0101000
+388 0 -388 0 *
Ve
1e-07
496.538315895354 906.491203656432 392.027665964557
0 0

0101101
*
Ed
 1e-07 1 1 0
1  279 0 4.71238898038469 7.85398163397448
3  634 635CN 279 0 4.71238898038469 7.85398163397448
0

0101000
-388 0 +386 0 *
Ed
 1e-07 1 1 1
2  636 279 0 0 6.28318530717959
0

0101000
+386 0 -386 0 *
Wi

0101100
-387 0 +385 0 +384 0 -385 0 *
Fa
0  1e-07 279 0

0111000
+383 0 *
Sh

0101100
+382 0 *
So

0100000
+381 0 *
Ve
1e-07
498.64882024854 906.336651188422 396.741292965401
0 0

0101101
*
Ed
 1e-07 1 1 1
2  637 280 0 0 6.28318530717959
0

0101000
+379 0 -379 0 *
Ve
1e-07
498.64882024854 906.336651188422 388.741292965401
0 0

0101101
*
Ed
 1e-07 1 1 0
1  280 0 4.71238898038469 7.85398163397448
3  638 639CN 280 0 4.71238898038469 7.85398163397448
0

0101000
-379 0 +377 0 *
Ed
 1e-07 1 1 1
2  640 280 0 0 6.28318530717959
0

0101000
+377 0 -377 0 *
Wi

0101100
-378 0 +376 0 +375 0 -376 0 *
Fa
0  1e-07 280 0

0111000
+374 0 *
Sh

0101100
+373 0 *
So

0100000
+372 0 *
Ve
1e-07
500.602321699603 906.182098720412 393.454919966245
0 0

0101101
*
Ed
 1e-07 1 1 1
2  641 281 0 0 6.28318530717959
0

0101000
+370 0 -370 0 *
Ve
1e-07
500.602321699603 906.182098720412 385.454919966245
0 0

0101101
*
Ed
 1e-07 1 1 0
1  281 0 4.71238898038469 7.85398163397448
3  642 643CN 281 0 4.71238898038469 7.85398163397448
0

0101000
-370 0 +368 0 *
Ed
 1e-07 1 1 1
2  644 281 0 0 6.28318530717959
0

0101000
+368 0 -368 0 *
Wi

0101100
-369 0 +367 0 +366 0 -367 0 *
Fa
0  1e-07 281 0

0111000
+365 0 *
Sh

0101100
+364 0 *
So

0100000
+363 0 *
Ve
1e-07
502.39882024854 906.027546252401 390.168546967089
0 0

0101101
*
Ed
 1e-07 1 1 1
2  645 282 0 0 6.28318530717959
0

0101000
+361 0 -361 0 *
Ve
1e-07
502.39882024854 906.027546252401 382.168546967089
0 0

0101101
*
Ed
 1e-07 1 1 0
1  282 0 4.71238898038469 7.85398163397448
3  646 647CN 282 0 4.71238898038469 7.85398163397448
0

0101000
-361 0 +359 0 *
Ed
 1e-07 1 1 1
2  648 282 0 0 6.28318530717959
0

0101000
+359 0 -359 0 *
Wi

0101100
-360 0 +358 0 +357 0 -358 0 *
Fa
0  1e-07 282 0

0111000
+356 0 *
Sh

0101100
+355 0 *
So

0100000
+354 0 *
Ve
1e-07
504.038315895354 905.872993784391 386.882173967933
0 0

0101101
*
Ed
 1e-07 1 1 1
2  649 283 0 0 6.28318530717959
0

0101000
+352 0 -352 0 *
Ve
1e-07
504.038315895354 905.872993784391 378.882173967933
0 0

0101101
*
Ed
 1e-07 1 1 0
1  283 0 4.71238898038469 7.85398163397448
3  650 651CN 283 0 4.71238898038469 7.85398163397448
0

0101000
-352 0 +350 0 *
Ed
 1e-07 1 1 1
2  652 283 0 0 6.28318530717959
0

0101000
+350 0 -350 0 *
Wi

0101100
-351 0 +349 0 +348 0 -349 0 *
Fa
0  1e-07 283 0

0111000
+347 0 *
Sh

0101100
+346 0 *
So

0100000
+345 0 *
Ve
1e-07
505.520808640042 905.718441316381 383.595800968777
0 0

0101101
*
Ed
 1e-07 1 1 1
2  653 284 0 0 6.28318530717959
0

0101000
+343 0 -343 0 *
Ve
1e-07
505.520808640042 905.718441316381 375.595800968777
0 0

0101101
*
Ed
 1e-07 1 1 0
1  284 0 4.71238898038469 7.85398163397448
3  654 655CN 284 0 4.71238898038469 7.85398163397448
0

0101000
-343 0 +341 0 *
Ed
 1e-07 1 1 1
2  656 284 0 0 6.28318530717959
0

0101000
+341 0 -341 0 *
Wi

0101100
-342 0 +340 0 +339 0 -340 0 *
Fa
0  1e-07 284 0

0111000
+338 0 *
Sh

0101100
+337 0 *
So

0100000
+336 0 *
Ve
1e-07
506.846298482607 905.563888848371 380.309427969621
0 0

0101101
*
Ed
 1e-07 1 1 1
2  657 285 0 0 6.28318530717959
0

0101000
+334 0 -334 0 *
Ve
1e-07
506.846298482607 905.563888848371 372.309427969621
0 0

0101101
*
Ed
 1e-07 1 1 0
1  285 0 4.71238898038469 7.85398163397448
3  658 659CN 285 0 4.71238898038469 7.85398163397448
0

0101000
-334 0 +332 0 *
Ed
 1e-07 1 1 1
2  660 285 0 0 6.28318530717959
0

0101000
+332 0 -332 0 *
Wi

0101100
-333 0 +331 0 +330 0 -331 0 *
Fa
0  1e-07 285 0

0111000
+329 0 *
Sh

0101100
+328 0 *
So

0100000
+327 0 *
Ve
1e-07
508.014785423046 905.40933638036 377.023054970464
0 0

0101101
*
Ed
 1e-07 1 1 1
2  661 286 0 0 6.28318530717959
0

0101000
+325 0 -325 0 *
Ve
1e-07
508.014785423046 905.40933638036 369.023054970464
0 0

0101101
*
Ed
 1e-07 1 1 0
1  286 0 4.71238898038469 7.85398163397448
3  662 663CN 286 0 4.71238898038469 7.85398163397448
0

0101000
-325 0 +323 0 *
Ed
 1e-07 1 1 1
2  664 286 0 0 6.28318530717959
0

0101000
+323 0 -323 0 *
Wi

0101100
-324 0 +322 0 +321 0 -322 0 *
Fa
0  1e-07 286 0

0111000
+320 0 *
Sh

0101100
+319 0 *
So

0100000
+318 0 *
Ve
1e-07
509.026269461362 905.25478391235 373.736681971308
0 0

0101101
*
Ed
 1e-07 1 1 1
2  665 287 0 0 6.28318530717959
0

0101000
+316 0 -316 0 *
Ve
1e-07
509.026269461362 905.25478391235 365.736681971308
0 0

0101101
*
Ed
 1e-07 1 1 0
1  287 0 4.71238898038469 7.85398163397448
3  666 667CN 287 0 4.71238898038469 7.85398163397448
0

0101000
-316 0 +314 0 *
Ed
 1e-07 1 1 1
2  668 287 0 0 6.28318530717959
0

0101000
+314 0 -314 0 *
Wi

0101100
-315 0 +313 0 +312 0 -313 0 *
Fa
0  1e-07 287 0

0111000
+311 0 *
Sh

0101100
+310 0 *
So

0100000
+309 0 *
Ve
1e-07
509.880750597552 905.10023144434 370.450308972152
0 0

0101101
*
Ed
 1e-07 1 1 1
2  669 288 0 0 6.28318530717959
0

0101000
+307 0 -307 0 *
Ve
1e-07
509.880750597552 905.10023144434 362.450308972152
0 0

0101101
*
Ed
 1e-07 1 1 0
1  288 0 4.71238898038469 7.85398163397448
3  670 671CN 288 0 4.71238898038469 7.85398163397448
0

0101000
-307 0 +305 0 *
Ed
 1e-07 1 1 1
2  672 288 0 0 6.28318530717959
0

0101000
+305 0 -305 0 *
Wi

0101100
-306 0 +304 0 +303 0 -304 0 *
Fa
0  1e-07 288 0

0111000
+302 0 *
Sh

0101100
+301 0 *
So

0100000
+300 0 *
Ve
1e-07
510.578228831619 904.945678976329 367.163935972996
0 0

0101101
*
Ed
 1e-07 1 1 1
2  673 289 0 0 6.28318530717959
0

0101000
+298 0 -298 0 *
Ve
1e-07
510.578228831619 904.945678976329 359.163935972996
0 0

0101101
*
Ed
 1e-07 1 1 0
1  289 0 4.71238898038469 7.85398163397448
3  674 675CN 289 0 4.71238898038469 7.85398163397448
0

0101000
-298 0 +296 0 *
Ed
 1e-07 1 1 1
2  676 289 0 0 6.28318530717959
0

0101000
+296 0 -296 0 *
Wi

0101100
-297 0 +295 0 +294 0 -295 0 *
Fa
0  1e-07 289 0

0111000
+293 0 *
Sh

0101100
+292 0 *
So

0100000
+291 0 *
Ve
1e-07
511.11870416356 904.791126508319 363.87756297384
0 0

0101101
*
Ed
 1e-07 1 1 1
2  677 290 0 0 6.28318530717959
0

0101000
+289 0 -289 0 *
Ve
1e-07
511.11870416356 904.791126508319 355.87756297384
0 0

0101101
*
Ed
 1e-07 1 1 0
1  290 0 4.71238898038469 7.85398163397448
3  678 679CN 290 0 4.71238898038469 7.85398163397448
0

0101000
-289 0 +287 0 *
Ed
 1e-07 1 1 1
2  680 290 0 0 6.28318530717959
0

0101000
+287 0 -287 0 *
Wi

0101100
-288 0 +286 0 +285 0 -286 0 *
Fa
0  1e-07 290 0

0111000
+284 0 *
Sh

0101100
+283 0 *
So

0100000
+282 0 *
Ve
1e-07
511.502176593378 904.636574040309 360.591189974684
0 0

0101101
*
Ed
 1e-07 1 1 1
2  681 291 0 0 6.28318530717959
0

0101000
+280 0 -280 0 *
Ve
1e-07
511.502176593378 904.636574040309 352.591189974684
0 0

0101101
*
Ed
 1e-07 1 1 0
1  291 0 4.71238898038469 7.85398163397448
3  682 683CN 291 0 4.71238898038469 7.85398163397448
0

0101000
-280 0 +278 0 *
Ed
 1e-07 1 1 1
2  684 291 0 0 6.28318530717959
0

0101000
+278 0 -278 0 *
Wi

0101100
-279 0 +277 0 +276 0 -277 0 *
Fa
0  1e-07 291 0

0111000
+275 0 *
Sh

0101100
+274 0 *
So

0100000
+273 0 *
Ve
1e-07
511.72864612107 904.482021572299 357.304816975528
0 0

0101101
*
Ed
 1e-07 1 1 1
2  685 292 0 0 6.28318530717959
0

0101000
+271 0 -271 0 *
Ve
1e-07
511.72864612107 904.482021572299 349.304816975528
0 0

0101101
*
Ed
 1e-07 1 1 0
1  292 0 4.71238898038469 7.85398163397448
3  686 687CN 292 0 4.71238898038469 7.85398163397448
0

0101000
-271 0 +269 0 *
Ed
 1e-07 1 1 1
2  688 292 0 0 6.28318530717959
0

0101000
+269 0 -269 0 *
Wi

0101100
-270 0 +268 0 +267 0 -268 0 *
Fa
0  1e-07 292 0

0111000
+266 0 *
Sh

0101100
+265 0 *
So

0100000
+264 0 *
Ve
1e-07
511.798112746638 904.327469104288 354.018443976372
0 0

0101101
*
Ed
 1e-07 1 1 1
2  689 293 0 0 6.28318530717959
0

0101000
+262 0 -262 0 *
Ve
1e-07
511.798112746638 904.327469104288 346.018443976372
0 0

0101101
*
Ed
 1e-07 1 1 0
1  293 0 4.71238898038469 7.85398163397448
3  690 691CN 293 0 4.71238898038469 7.85398163397448
0

0101000
-262 0 +260 0 *
Ed
 1e-07 1 1 1
2  692 293 0 0 6.28318530717959
0

0101000
+260 0 -260 0 *
Wi

0101100
-261 0 +259 0 +258 0 -259 0 *
Fa
0  1e-07 293 0

0111000
+257 0 *
Sh

0101100
+256 0 *
So

0100000
+255 0 *
Ve
1e-07
511.710576470082 904.172916636278 350.732070977215
0 0

0101101
*
Ed
 1e-07 1 1 1
2  693 294 0 0 6.28318530717959
0

0101000
+253 0 -253 0 *
Ve
1e-07
511.710576470082 904.172916636278 342.732070977215
0 0

0101101
*
Ed
 1e-07 1 1 0
1  294 0 4.71238898038469 7.85398163397448
3  694 695CN 294 0 4.71238898038469 7.85398163397448
0

0101000
-253 0 +251 0 *
Ed
 1e-07 1 1 1
2  696 294 0 0 6.28318530717959
0

0101000
+251 0 -251 0 *
Wi

0101100
-252 0 +250 0 +249 0 -250 0 *
Fa
0  1e-07 294 0

0111000
+248 0 *
Sh

0101100
+247 0 *
So

0100000
+246 0 *
Ve
1e-07
511.466037291401 904.018364168268 347.445697978059
0 0

0101101
*
Ed
 1e-07 1 1 1
2  697 295 0 0 6.28318530717959
0

0101000
+244 0 -244 0 *
Ve
1e-07
511.466037291401 904.018364168268 339.445697978059
0 0

0101101
*
Ed
 1e-07 1 1 0
1  295 0 4.71238898038469 7.85398163397448
3  698 699CN 295 0 4.71238898038469 7.85398163397448
0

0101000
-244 0 +242 0 *
Ed
 1e-07 1 1 1
2  700 295 0 0 6.28318530717959
0

0101000
+242 0 -242 0 *
Wi

0101100
-243 0 +241 0 +240 0 -241 0 *
Fa
0  1e-07 295 0

0111000
+239 0 *
Sh

0101100
+238 0 *
So

0100000
+237 0 *
Ve
1e-07
511.064495210596 903.863811700257 344.159324978903
0 0

0101101
*
Ed
 1e-07 1 1 1
2  701 296 0 0 6.28318530717959
0

0101000
+235 0 -235 0 *
Ve
1e-07
511.064495210596 903.863811700257 336.159324978903
0 0

0101101
*
Ed
 1e-07 1 1 0
1  296 0 4.71238898038469 7.85398163397448
3  702 703CN 296 0 4.71238898038469 7.85398163397448
0

0101000
-235 0 +233 0 *
Ed
 1e-07 1 1 1
2  704 296 0 0 6.28318530717959
0

0101000
+233 0 -233 0 *
Wi

0101100
-234 0 +232 0 +231 0 -232 0 *
Fa
0  1e-07 296 0

0111000
+230 0 *
Sh

0101100
+229 0 *
So

0100000
+228 0 *
Ve
1e-07
510.505950227666 903.709259232247 340.872951979747
0 0

0101101
*
Ed
 1e-07 1 1 1
2  705 297 0 0 6.28318530717959
0

0101000
+226 0 -226 0 *
Ve
1e-07
510.505950227666 903.709259232247 332.872951979747
0 0

0101101
*
Ed
 1e-07 1 1 0
1  297 0 4.71238898038469 7.85398163397448
3  706 707CN 297 0 4.71238898038469 7.85398163397448
0

0101000
-226 0 +224 0 *
Ed
 1e-07 1 1 1
2  708 297 0 0 6.28318530717959
0

0101000
+224 0 -224 0 *
Wi

0101100
-225 0 +223 0 +222 0 -223 0 *
Fa
0  1e-07 297 0

0111000
+221 0 *
Sh

0101100
+220 0 *
So

0100000
+219 0 *
Ve
1e-07
509.790402342612 903.554706764237 337.586578980591
0 0

0101101
*
Ed
 1e-07 1 1 1
2  709 298 0 0 6.28318530717959
0

0101000
+217 0 -217 0 *
Ve
1e-07
509.790402342612 903.554706764237 329.586578980591
0 0

0101101
*
Ed
 1e-07 1 1 0
1  298 0 4.71238898038469 7.85398163397448
3  710 711CN 298 0 4.71238898038469 7.85398163397448
0

0101000
-217 0 +215 0 *
Ed
 1e-07 1 1 1
2  712 298 0 0 6.28318530717959
0

0101000
+215 0 -215 0 *
Wi

0101100
-216 0 +214 0 +213 0 -214 0 *
Fa
0  1e-07 298 0

0111000
+212 0 *
Sh

0101100
+211 0 *
So

0100000
+210 0 *
Ve
1e-07
508.917851555433 903.400154296226 334.300205981435
0 0

0101101
*
Ed
 1e-07 1 1 1
2  713 299 0 0 6.28318530717959
0

0101000
+208 0 -208 0 *
Ve
1e-07
508.917851555433 903.400154296226 326.300205981435
0 0

0101101
*
Ed
 1e-07 1 1 0
1  299 0 4.71238898038469 7.85398163397448
3  714 715CN 299 0 4.71238898038469 7.85398163397448
0

0101000
-208 0 +206 0 *
Ed
 1e-07 1 1 1
2  716 299 0 0 6.28318530717959
0

0101000
+206 0 -206 0 *
Wi

0101100
-207 0 +205 0 +204 0 -205 0 *
Fa
0  1e-07 299 0

0111000
+203 0 *
Sh

0101100
+202 0 *
So

0100000
+201 0 *
Ve
1e-07
507.88829786613 903.245601828216 331.013832982279
0 0

0101101
*
Ed
 1e-07 1 1 1
2  717 300 0 0 6.28318530717959
0

0101000
+199 0 -199 0 *
Ve
1e-07
507.88829786613 903.245601828216 323.013832982279
0 0

0101101
*
Ed
 1e-07 1 1 0
1  300 0 4.71238898038469 7.85398163397448
3  718 719CN 300 0 4.71238898038469 7.85398163397448
0

0101000
-199 0 +197 0 *
Ed
 1e-07 1 1 1
2  720 300 0 0 6.28318530717959
0

0101000
+197 0 -197 0 *
Wi

0101100
-198 0 +196 0 +195 0 -196 0 *
Fa
0  1e-07 300 0

0111000
+194 0 *
Sh

0101100
+193 0 *
So

0100000
+192 0 *
Ve
1e-07
506.701741274702 903.091049360206 327.727459983123
0 0

0101101
*
Ed
 1e-07 1 1 1
2  721 301 0 0 6.28318530717959
0

0101000
+190 0 -190 0 *
Ve
1e-07
506.701741274702 903.091049360206 319.727459983123
0 0

0101101
*
Ed
 1e-07 1 1 0
1  301 0 4.71238898038469 7.85398163397448
3  722 723CN 301 0 4.71238898038469 7.85398163397448
0

0101000
-190 0 +188 0 *
Ed
 1e-07 1 1 1
2  724 301 0 0 6.28318530717959
0

0101000
+188 0 -188 0 *
Wi

0101100
-189 0 +187 0 +186 0 -187 0 *
Fa
0  1e-07 301 0

0111000
+185 0 *
Sh

0101100
+184 0 *
So

0100000
+183 0 *
Ve
1e-07
505.35818178115 902.936496892196 324.441086983966
0 0

0101101
*
Ed
 1e-07 1 1 1
2  725 302 0 0 6.28318530717959
0

0101000
+181 0 -181 0 *
Ve
1e-07
505.35818178115 902.936496892196 316.441086983966
0 0

0101101
*
Ed
 1e-07 1 1 0
1  302 0 4.71238898038469 7.85398163397448
3  726 727CN 302 0 4.71238898038469 7.85398163397448
0

0101000
-181 0 +179 0 *
Ed
 1e-07 1 1 1
2  728 302 0 0 6.28318530717959
0

0101000
+179 0 -179 0 *
Wi

0101100
-180 0 +178 0 +177 0 -178 0 *
Fa
0  1e-07 302 0

0111000
+176 0 *
Sh

0101100
+175 0 *
So

0100000
+174 0 *
Ve
1e-07
503.857619385473 902.781944424185 321.15471398481
0 0

0101101
*
Ed
 1e-07 1 1 1
2  729 303 0 0 6.28318530717959
0

0101000
+172 0 -172 0 *
Ve
1e-07
503.857619385473 902.781944424185 313.15471398481
0 0

0101101
*
Ed
 1e-07 1 1 0
1  303 0 4.71238898038469 7.85398163397448
3  730 731CN 303 0 4.71238898038469 7.85398163397448
0

0101000
-172 0 +170 0 *
Ed
 1e-07 1 1 1
2  732 303 0 0 6.28318530717959
0

0101000
+170 0 -170 0 *
Wi

0101100
-171 0 +169 0 +168 0 -169 0 *
Fa
0  1e-07 303 0

0111000
+167 0 *
Sh

0101100
+166 0 *
So

0100000
+165 0 *
Ve
1e-07
502.200054087672 902.627391956175 317.868340985654
0 0

0101101
*
Ed
 1e-07 1 1 1
2  733 304 0 0 6.28318530717959
0

0101000
+163 0 -163 0 *
Ve
1e-07
502.200054087672 902.627391956175 309.868340985654
0 0

0101101
*
Ed
 1e-07 1 1 0
1  304 0 4.71238898038469 7.85398163397448
3  734 735CN 304 0 4.71238898038469 7.85398163397448
0

0101000
-163 0 +161 0 *
Ed
 1e-07 1 1 1
2  736 304 0 0 6.28318530717959
0

0101000
+161 0 -161 0 *
Wi

0101100
-162 0 +160 0 +159 0 -160 0 *
Fa
0  1e-07 304 0

0111000
+158 0 *
Sh

0101100
+157 0 *
So

0100000
+156 0 *
Ve
1e-07
500.385485887746 902.472839488165 314.581967986498
0 0

0101101
*
Ed
 1e-07 1 1 1
2  737 305 0 0 6.28318530717959
0

0101000
+154 0 -154 0 *
Ve
1e-07
500.385485887746 902.472839488165 306.581967986498
0 0

0101101
*
Ed
 1e-07 1 1 0
1  305 0 4.71238898038469 7.85398163397448
3  738 739CN 305 0 4.71238898038469 7.85398163397448
0

0101000
-154 0 +152 0 *
Ed
 1e-07 1 1 1
2  740 305 0 0 6.28318530717959
0

0101000
+152 0 -152 0 *
Wi

0101100
-153 0 +151 0 +150 0 -151 0 *
Fa
0  1e-07 305 0

0111000
+149 0 *
Sh

0101100
+148 0 *
So

0100000
+147 0 *
Ve
1e-07
498.413914785695 902.318287020154 311.295594987342
0 0

0101101
*
Ed
 1e-07 1 1 1
2  741 306 0 0 6.28318530717959
0

0101000
+145 0 -145 0 *
Ve
1e-07
498.413914785695 902.318287020154 303.295594987342
0 0

0101101
*
Ed
 1e-07 1 1 0
1  306 0 4.71238898038469 7.85398163397448
3  742 743CN 306 0 4.71238898038469 7.85398163397448
0

0101000
-145 0 +143 0 *
Ed
 1e-07 1 1 1
2  744 306 0 0 6.28318530717959
0

0101000
+143 0 -143 0 *
Wi

0101100
-144 0 +142 0 +141 0 -142 0 *
Fa
0  1e-07 306 0

0111000
+140 0 *
Sh

0101100
+139 0 *
So

0100000
+138 0 *
Ve
1e-07
496.285340781521 902.163734552144 308.009221988186
0 0

0101101
*
Ed
 1e-07 1 1 1
2  745 307 0 0 6.28318530717959
0

0101000
+136 0 -136 0 *
Ve
1e-07
496.285340781521 902.163734552144 300.009221988186
0 0

0101101
*
Ed
 1e-07 1 1 0
1  307 0 4.71238898038469 7.85398163397448
3  746 747CN 307 0 4.71238898038469 7.85398163397448
0

0101000
-136 0 +134 0 *
Ed
 1e-07 1 1 1
2  748 307 0 0 6.28318530717959
0

0101000
+134 0 -134 0 *
Wi

0101100
-135 0 +133 0 +132 0 -133 0 *
Fa
0  1e-07 307 0

0111000
+131 0 *
Sh

0101100
+130 0 *
So

0100000
+129 0 *
Ve
1e-07
493.999763875221 902.009182084134 304.72284898903
0 0

0101101
*
Ed
 1e-07 1 1 1
2  749 308 0 0 6.28318530717959
0

0101000
+127 0 -127 0 *
Ve
1e-07
493.999763875221 902.009182084134 296.72284898903
0 0

0101101
*
Ed
 1e-07 1 1 0
1  308 0 4.71238898038469 7.85398163397448
3  750 751CN 308 0 4.71238898038469 7.85398163397448
0

0101000
-127 0 +125 0 *
Ed
 1e-07 1 1 1
2  752 308 0 0 6.28318530717959
0

0101000
+125 0 -125 0 *
Wi

0101100
-126 0 +124 0 +123 0 -124 0 *
Fa
0  1e-07 308 0

0111000
+122 0 *
Sh

0101100
+121 0 *
So

0100000
+120 0 *
Ve
1e-07
491.557184066797 901.854629616123 301.436475989874
0 0

0101101
*
Ed
 1e-07 1 1 1
2  753 309 0 0 6.28318530717959
0

0101000
+118 0 -118 0 *
Ve
1e-07
491.557184066797 901.854629616123 293.436475989874
0 0

0101101
*
Ed
 1e-07 1 1 0
1  309 0 4.71238898038469 7.85398163397448
3  754 755CN 309 0 4.71238898038469 7.85398163397448
0

0101000
-118 0 +116 0 *
Ed
 1e-07 1 1 1
2  756 309 0 0 6.28318530717959
0

0101000
+116 0 -116 0 *
Wi

0101100
-117 0 +115 0 +114 0 -115 0 *
Fa
0  1e-07 309 0

0111000
+113 0 *
Sh

0101100
+112 0 *
So

0100000
+111 0 *
Ve
1e-07
488.957601356249 901.700077148113 298.150102990717
0 0

0101101
*
Ed
 1e-07 1 1 1
2  757 310 0 0 6.28318530717959
0

0101000
+109 0 -109 0 *
Ve
1e-07
488.957601356249 901.700077148113 290.150102990717
0 0

0101101
*
Ed
 1e-07 1 1 0
1  310 0 4.71238898038469 7.85398163397448
3  758 759CN 310 0 4.71238898038469 7.85398163397448
0

0101000
-109 0 +107 0 *
Ed
 1e-07 1 1 1
2  760 310 0 0 6.28318530717959
0

0101000
+107 0 -107 0 *
Wi

0101100
-108 0 +106 0 +105 0 -106 0 *
Fa
0  1e-07 310 0

0111000
+104 0 *
Sh

0101100
+103 0 *
So

0100000
+102 0 *
Ve
1e-07
486.201015743576 901.545524680103 294.863729991561
0 0

0101101
*
Ed
 1e-07 1 1 1
2  761 311 0 0 6.28318530717959
0

0101000
+100 0 -100 0 *
Ve
1e-07
486.201015743576 901.545524680103 286.863729991561
0 0

0101101
*
Ed
 1e-07 1 1 0
1  311 0 4.71238898038469 7.85398163397448
3  762 763CN 311 0 4.71238898038469 7.85398163397448
0

0101000
-100 0 +98 0 *
Ed
 1e-07 1 1 1
2  764 311 0 0 6.28318530717959
0

0101000
+98 0 -98 0 *
Wi

0101100
-99 0 +97 0 +96 0 -97 0 *
Fa
0  1e-07 311 0

0111000
+95 0 *
Sh

0101100
+94 0 *
So

0100000
+93 0 *
Ve
1e-07
483.287427228779 901.390972212093 291.577356992405
0 0

0101101
*
Ed
 1e-07 1 1 1
2  765 312 0 0 6.28318530717959
0

0101000
+91 0 -91 0 *
Ve
1e-07
483.287427228779 901.390972212093 283.577356992405
0 0

0101101
*
Ed
 1e-07 1 1 0
1  312 0 4.71238898038469 7.85398163397448
3  766 767CN 312 0 4.71238898038469 7.85398163397448
0

0101000
-91 0 +89 0 *
Ed
 1e-07 1 1 1
2  768 312 0 0 6.28318530717959
0

0101000
+89 0 -89 0 *
Wi

0101100
-90 0 +88 0 +87 0 -88 0 *
Fa
0  1e-07 312 0

0111000
+86 0 *
Sh

0101100
+85 0 *
So

0100000
+84 0 *
Ve
1e-07
480.216835811857 901.236419744082 288.290983993249
0 0

0101101
*
Ed
 1e-07 1 1 1
2  769 313 0 0 6.28318530717959
0

0101000
+82 0 -82 0 *
Ve
1e-07
480.216835811857 901.236419744082 280.290983993249
0 0

0101101
*
Ed
 1e-07 1 1 0
1  313 0 4.71238898038469 7.85398163397448
3  770 771CN 313 0 4.71238898038469 7.85398163397448
0

0101000
-82 0 +80 0 *
Ed
 1e-07 1 1 1
2  772 313 0 0 6.28318530717959
0

0101000
+80 0 -80 0 *
Wi

0101100
-81 0 +79 0 +78 0 -79 0 *
Fa
0  1e-07 313 0

0111000
+77 0 *
Sh

0101100
+76 0 *
So

0100000
+75 0 *
Ve
1e-07
476.989241492811 901.081867276072 285.004610994093
0 0

0101101
*
Ed
 1e-07 1 1 1
2  773 314 0 0 6.28318530717959
0

0101000
+73 0 -73 0 *
Ve
1e-07
476.989241492811 901.081867276072 277.004610994093
0 0

0101101
*
Ed
 1e-07 1 1 0
1  314 0 4.71238898038469 7.85398163397448
3  774 775CN 314 0 4.71238898038469 7.85398163397448
0

0101000
-73 0 +71 0 *
Ed
 1e-07 1 1 1
2  776 314 0 0 6.28318530717959
0

0101000
+71 0 -71 0 *
Wi

0101100
-72 0 +70 0 +69 0 -70 0 *
Fa
0  1e-07 314 0

0111000
+68 0 *
Sh

0101100
+67 0 *
So

0100000
+66 0 *
Ve
1e-07
473.60464427164 900.927314808062 281.718237994937
0 0

0101101
*
Ed
 1e-07 1 1 1
2  777 315 0 0 6.28318530717959
0

0101000
+64 0 -64 0 *
Ve
1e-07
473.60464427164 900.927314808062 273.718237994937
0 0

0101101
*
Ed
 1e-07 1 1 0
1  315 0 4.71238898038469 7.85398163397448
3  778 779CN 315 0 4.71238898038469 7.85398163397448
0

0101000
-64 0 +62 0 *
Ed
 1e-07 1 1 1
2  780 315 0 0 6.28318530717959
0

0101000
+62 0 -62 0 *
Wi

0101100
-63 0 +61 0 +60 0 -61 0 *
Fa
0  1e-07 315 0

0111000
+59 0 *
Sh

0101100
+58 0 *
So

0100000
+57 0 *
Ve
1e-07
470.063044148344 900.772762340051 278.431864995781
0 0

0101101
*
Ed
 1e-07 1 1 1
2  781 316 0 0 6.28318530717959
0

0101000
+55 0 -55 0 *
Ve
1e-07
470.063044148344 900.772762340051 270.431864995781
0 0

0101101
*
Ed
 1e-07 1 1 0
1  316 0 4.71238898038469 7.85398163397448
3  782 783CN 316 0 4.71238898038469 7.85398163397448
0

0101000
-55 0 +53 0 *
Ed
 1e-07 1 1 1
2  784 316 0 0 6.28318530717959
0

0101000
+53 0 -53 0 *
Wi

0101100
-54 0 +52 0 +51 0 -52 0 *
Fa
0  1e-07 316 0

0111000
+50 0 *
Sh

0101100
+49 0 *
So

0100000
+48 0 *
Ve
1e-07
466.364441122925 900.618209872041 275.145491996625
0 0

0101101
*
Ed
 1e-07 1 1 1
2  785 317 0 0 6.28318530717959
0

0101000
+46 0 -46 0 *
Ve
1e-07
466.364441122925 900.618209872041 267.145491996625
0 0

0101101
*
Ed
 1e-07 1 1 0
1  317 0 4.71238898038469 7.85398163397448
3  786 787CN 317 0 4.71238898038469 7.85398163397448
0

0101000
-46 0 +44 0 *
Ed
 1e-07 1 1 1
2  788 317 0 0 6.28318530717959
0

0101000
+44 0 -44 0 *
Wi

0101100
-45 0 +43 0 +42 0 -43 0 *
Fa
0  1e-07 317 0

0111000
+41 0 *
Sh

0101100
+40 0 *
So

0100000
+39 0 *
Ve
1e-07
462.50883519538 900.463657404031 271.859118997468
0 0

0101101
*
Ed
 1e-07 1 1 1
2  789 318 0 0 6.28318530717959
0

0101000
+37 0 -37 0 *
Ve
1e-07
462.50883519538 900.463657404031 263.859118997468
0 0

0101101
*
Ed
 1e-07 1 1 0
1  318 0 4.71238898038469 7.85398163397448
3  790 791CN 318 0 4.71238898038469 7.85398163397448
0

0101000
-37 0 +35 0 *
Ed
 1e-07 1 1 1
2  792 318 0 0 6.28318530717959
0

0101000
+35 0 -35 0 *
Wi

0101100
-36 0 +34 0 +33 0 -34 0 *
Fa
0  1e-07 318 0

0111000
+32 0 *
Sh

0101100
+31 0 *
So

0100000
+30 0 *
Ve
1e-07
458.496226365711 900.309104936021 268.572745998312
0 0

0101101
*
Ed
 1e-07 1 1 1
2  793 319 0 0 6.28318530717959
0

0101000
+28 0 -28 0 *
Ve
1e-07
458.496226365711 900.309104936021 260.572745998312
0 0

0101101
*
Ed
 1e-07 1 1 0
1  319 0 4.71238898038469 7.85398163397448
3  794 795CN 319 0 4.71238898038469 7.85398163397448
0

0101000
-28 0 +26 0 *
Ed
 1e-07 1 1 1
2  796 319 0 0 6.28318530717959
0

0101000
+26 0 -26 0 *
Wi

0101100
-27 0 +25 0 +24 0 -25 0 *
Fa
0  1e-07 319 0

0111000
+23 0 *
Sh

0101100
+22 0 *
So

0100000
+21 0 *
Ve
1e-07
454.326614633918 900.15455246801 265.286372999156
0 0

0101101
*
Ed
 1e-07 1 1 1
2  797 320 0 0 6.28318530717959
0

0101000
+19 0 -19 0 *
Ve
1e-07
454.326614633918 900.15455246801 257.286372999156
0 0

0101101
*
Ed
 1e-07 1 1 0
1  320 0 4.71238898038469 7.85398163397448
3  798 799CN 320 0 4.71238898038469 7.85398163397448
0

0101000
-19 0 +17 0 *
Ed
 1e-07 1 1 1
2  800 320 0 0 6.28318530717959
0

0101000
+17 0 -17 0 *
Wi

0101100
-18 0 +16 0 +15 0 -16 0 *
Fa
0  1e-07 320 0

0111000
+14 0 *
Sh

0101100
+13 0 *
So

0100000
+12 0 *
Ve
1e-07
450 900 262
0 0

0101101
*
Ed
 1e-07 1 1 1
2  801 321 0 0 6.28318530717959
0

0101000
+10 0 -10 0 *
Ve
1e-07
450 900 254
0 0

0101101
*
Ed
 1e-07 1 1 0
1  321 0 4.71238898038469 7.85398163397448
3  802 803CN 321 0 4.71238898038469 7.85398163397448
0

0101000
-10 0 +8 0 *
Ed
 1e-07 1 1 1
2  804 321 0 0 6.28318530717959
0

0101000
+8 0 -8 0 *
Wi

0101100
-9 0 +7 0 +6 0 -7 0 *
Fa
0  1e-07 321 0

0111000
+5 0 *
Sh

0101100
+4 0 *
So

0100000
+3 0 *
Co

0100000
+1758 0 +1745 0 +1732 0 +1719 0 +1706 0 +1693 0 +1680 0 +1667 0 +1654 0 +1641 0 
+1628 0 +1615 0 +1602 0 +1589 0 +1576 0 +1563 0 +1550 0 +1537 0 +1524 0 +1511 0 
+1498 0 +1485 0 +1472 0 +1459 0 +1446 0 +1433 0 +1420 0 +1407 0 +1394 0 +1381 0 
+1368 0 +1355 0 +1342 0 +1329 0 +1316 0 +1303 0 +1290 0 +1277 0 +1264 0 +1251 0 
+1238 0 +1225 0 +1212 0 +1199 0 +1186 0 +1173 0 +1160 0 +1147 0 +1134 0 +1121 0 
+1108 0 +1095 0 +1082 0 +1069 0 +1056 0 +1043 0 +1030 0 +1017 0 +1004 0 +991 0 
+978 0 +965 0 +952 0 +939 0 +926 0 +913 0 +900 0 +887 0 +874 0 +861 0 
+848 0 +835 0 +822 0 +809 0 +796 0 +783 0 +770 0 +757 0 +744 0 +731 0 
+722 0 +713 0 +704 0 +695 0 +686 0 +677 0 +668 0 +659 0 +650 0 +641 0 
+632 0 +623 0 +614 0 +605 0 +596 0 +587 0 +578 0 +569 0 +560 0 +551 0 
+542 0 +533 0 +524 0 +515 0 +506 0 +497 0 +488 0 +479 0 +470 0 +461 0 
+452 0 +443 0 +434 0 +425 0 +416 0 +407 0 +398 0 +389 0 +380 0 +371 0 
+362 0 +353 0 +344 0 +335 0 +326 0 +317 0 +308 0 +299 0 +290 0 +281 0 
+272 0 +263 0 +254 0 +245 0 +236 0 +227 0 +218 0 +209 0 +200 0 +191 0 
+182 0 +173 0 +164 0 +155 0 +146 0 +137 0 +128 0 +119 0 +110 0 +101 0 
+92 0 +83 0 +74 0 +65 0 +56 0 +47 0 +38 0 +29 0 +20 0 +11 0 
+2 0 *

+1 0 