"row_id","bom_layer","description_en","description_pt_BR","quantity","quantity_status","unit","material","nominal_dimensions","status","flatpack_classification","measurement_required","assembly_stage","source","notes","notes_pt_BR","price_BRL"
"P001","1","Cabinet side — SIDE_L","Lateral da caixa — SIDE_L","1","CURRENT_CAD_COMPONENT_COUNT","CAD component","plywood","{""world_bounds_mm"":[-3.88908730122752,-3.88908730122752,0,25.939277162768004,1311.9890873012264,596.9],""world_size_mm"":[29.828364463995523,1315.878174602454,596.9],""note"":""Installed AABB, NOT nesting or stock dimensions; inclined/stepped parts require local profile extraction.""}","DESIGN_GEOMETRY_ONLY","REQUIRED_FLATPACK_HARDWARE","true","01","[""exports/generated/backbox-lock-integration-v32/play.FCStd"",""SIDE_L""]","Load path or positive retention: premium class cannot be automatically downgraded.","Madeira estrutural não pode ser rebaixada automaticamente.",
"P002","1","Cabinet side — SIDE_R","Lateral da caixa — SIDE_R","1","CURRENT_CAD_COMPONENT_COUNT","CAD component","plywood","{""world_bounds_mm"":[574.0607228372319,-3.88908730122752,0,603.8890873012274,1311.9890873012264,596.9],""world_size_mm"":[29.828364463995513,1315.878174602454,596.9],""note"":""Installed AABB, NOT nesting or stock dimensions; inclined/stepped parts require local profile extraction.""}","DESIGN_GEOMETRY_ONLY","REQUIRED_FLATPACK_HARDWARE","true","01","[""exports/generated/backbox-lock-integration-v32/play.FCStd"",""SIDE_R""]","Load path or positive retention: premium class cannot be automatically downgraded.","Madeira estrutural não pode ser rebaixada automaticamente.",
"P003","1","Cabinet end structure — FRONT","Estrutura frontal/traseira — FRONT","1","CURRENT_CAD_COMPONENT_COUNT","CAD component","plywood","{""world_bounds_mm"":[14.110912703472618,0,0,585.8890872965293,22.05018986624017,400.05],""world_size_mm"":[571.7781745930566,22.05018986624017,400.05],""note"":""Installed AABB, NOT nesting or stock dimensions; inclined/stepped parts require local profile extraction.""}","DESIGN_GEOMETRY_ONLY","REQUIRED_FLATPACK_HARDWARE","true","01","[""exports/generated/backbox-lock-integration-v32/play.FCStd"",""FRONT""]","Load path or positive retention: premium class cannot be automatically downgraded.","Madeira estrutural não pode ser rebaixada automaticamente.",
"P004","1","Cabinet end structure — REAR","Estrutura frontal/traseira — REAR","1","CURRENT_CAD_COMPONENT_COUNT","CAD component","plywood","{""world_bounds_mm"":[14.110912703472106,1286.0498101337764,0,585.8890956835587,1308.1,596.9],""world_size_mm"":[571.7781829800866,22.05018986622349,596.9],""note"":""Installed AABB, NOT nesting or stock dimensions; inclined/stepped parts require local profile extraction.""}","DESIGN_GEOMETRY_ONLY","REQUIRED_FLATPACK_HARDWARE","true","01","[""exports/generated/backbox-lock-integration-v32/play.FCStd"",""REAR""]","Load path or positive retention: premium class cannot be automatically downgraded.","Madeira estrutural não pode ser rebaixada automaticamente.",
"P005","1","Structural floor — FLOOR","Fundo estrutural — FLOOR","1","CURRENT_CAD_COMPONENT_COUNT","CAD component","plywood","{""world_bounds_mm"":[18,18,18,582,1290.1,36],""world_size_mm"":[564,1272.1,18],""note"":""Installed AABB, NOT nesting or stock dimensions; inclined/stepped parts require local profile extraction.""}","DESIGN_GEOMETRY_ONLY","REQUIRED_FLATPACK_HARDWARE","true","01","[""exports/generated/backbox-lock-integration-v32/play.FCStd"",""FLOOR""]","Load path or positive retention: premium class cannot be automatically downgraded.","Madeira estrutural não pode ser rebaixada automaticamente.",
"P006","1","Floor cleat — FLOOR_CLEAT_18","Sarrafo do fundo — FLOOR_CLEAT_18","1","CURRENT_CAD_COMPONENT_COUNT","CAD component","plywood","{""world_bounds_mm"":[18,120,0,48,1272.1,18],""world_size_mm"":[30,1152.1,18],""note"":""Installed AABB, NOT nesting or stock dimensions; inclined/stepped parts require local profile extraction.""}","DESIGN_GEOMETRY_ONLY","REQUIRED_FLATPACK_HARDWARE","true","01","[""exports/generated/backbox-lock-integration-v32/play.FCStd"",""FLOOR_CLEAT_18""]","Load path or positive retention: premium class cannot be automatically downgraded.","Madeira estrutural não pode ser rebaixada automaticamente.",
"P007","1","Floor cleat — FLOOR_CLEAT_552","Sarrafo do fundo — FLOOR_CLEAT_552","1","CURRENT_CAD_COMPONENT_COUNT","CAD component","plywood","{""world_bounds_mm"":[552,120,0,582,1272.1,18],""world_size_mm"":[30,1152.1,18],""note"":""Installed AABB, NOT nesting or stock dimensions; inclined/stepped parts require local profile extraction.""}","DESIGN_GEOMETRY_ONLY","REQUIRED_FLATPACK_HARDWARE","true","01","[""exports/generated/backbox-lock-integration-v32/play.FCStd"",""FLOOR_CLEAT_552""]","Load path or positive retention: premium class cannot be automatically downgraded.","Madeira estrutural não pode ser rebaixada automaticamente.",
"P029","1","Laminated leg block — CandidateLegBlockFL","Bloco laminado do pé — CandidateLegBlockFL","7","LAMINATION_COUNT","lamination","plywood","{""world_bounds_mm"":[14.110912699983817,14.110912699983817,54,72,72,180],""world_size_mm"":[57.889087300016186,57.889087300016186,126],""note"":""Installed AABB, NOT nesting or stock dimensions; inclined/stepped parts require local profile extraction.""}","DESIGN_GEOMETRY_ONLY","REQUIRED_FLATPACK_HARDWARE","true","01","[""exports/generated/backbox-lock-integration-v32/play.FCStd"",""CandidateLegBlockFL""]","Seven18 mm laminations per block;45-degree bores change each layer; do not nest7 identical outlines blindly.","Madeira estrutural não pode ser rebaixada automaticamente.",
"P030","1","Laminated leg block — CandidateLegBlockFR","Bloco laminado do pé — CandidateLegBlockFR","7","LAMINATION_COUNT","lamination","plywood","{""world_bounds_mm"":[528,14.11091269998229,54,585.8890873000176,72,180],""world_size_mm"":[57.88908730001765,57.88908730001771,126],""note"":""Installed AABB, NOT nesting or stock dimensions; inclined/stepped parts require local profile extraction.""}","DESIGN_GEOMETRY_ONLY","REQUIRED_FLATPACK_HARDWARE","true","01","[""exports/generated/backbox-lock-integration-v32/play.FCStd"",""CandidateLegBlockFR""]","Seven18 mm laminations per block;45-degree bores change each layer; do not nest7 identical outlines blindly.","Madeira estrutural não pode ser rebaixada automaticamente.",
"P031","1","Laminated leg block — CandidateLegBlockRL","Bloco laminado do pé — CandidateLegBlockRL","7","LAMINATION_COUNT","lamination","plywood","{""world_bounds_mm"":[14.110912699982261,1236.1,36,72,1293.9890873000177,162],""world_size_mm"":[57.889087300017735,57.88908730001776,126],""note"":""Installed AABB, NOT nesting or stock dimensions; inclined/stepped parts require local profile extraction.""}","DESIGN_GEOMETRY_ONLY","REQUIRED_FLATPACK_HARDWARE","true","01","[""exports/generated/backbox-lock-integration-v32/play.FCStd"",""CandidateLegBlockRL""]","Seven18 mm laminations per block;45-degree bores change each layer; do not nest7 identical outlines blindly.","Madeira estrutural não pode ser rebaixada automaticamente.",
"P032","1","Laminated leg block — CandidateLegBlockRR","Bloco laminado do pé — CandidateLegBlockRR","7","LAMINATION_COUNT","lamination","plywood","{""world_bounds_mm"":[528,1236.1,36,585.8890873000154,1293.9890873000154,162],""world_size_mm"":[57.889087300015376,57.88908730001549,126],""note"":""Installed AABB, NOT nesting or stock dimensions; inclined/stepped parts require local profile extraction.""}","DESIGN_GEOMETRY_ONLY","REQUIRED_FLATPACK_HARDWARE","true","01","[""exports/generated/backbox-lock-integration-v32/play.FCStd"",""CandidateLegBlockRR""]","Seven18 mm laminations per block;45-degree bores change each layer; do not nest7 identical outlines blindly.","Madeira estrutural não pode ser rebaixada automaticamente.",
"P009","1","Removable equipment shelf — SHELF_1","Prateleira removível de equipamentos — SHELF_1","1","CURRENT_CAD_COMPONENT_COUNT","CAD component","plywood","{""world_bounds_mm"":[20,120,160,580,270,172],""world_size_mm"":[560,150,12],""note"":""Installed AABB, NOT nesting or stock dimensions; inclined/stepped parts require local profile extraction.""}","DESIGN_GEOMETRY_ONLY","REQUIRED_FLATPACK_HARDWARE","true","02","[""exports/generated/backbox-lock-integration-v32/play.FCStd"",""SHELF_1""]","Secondary substitution only after nesting trigger and quality/load/joint qualification.","Tentar primeiro compensado premium; alternativa secundária somente após análise de nesting e qualidade.",
"P010","1","Removable equipment shelf — SHELF_2","Prateleira removível de equipamentos — SHELF_2","1","CURRENT_CAD_COMPONENT_COUNT","CAD component","plywood","{""world_bounds_mm"":[20,565,180,580,715,192],""world_size_mm"":[560,150,12],""note"":""Installed AABB, NOT nesting or stock dimensions; inclined/stepped parts require local profile extraction.""}","DESIGN_GEOMETRY_ONLY","REQUIRED_FLATPACK_HARDWARE","true","02","[""exports/generated/backbox-lock-integration-v32/play.FCStd"",""SHELF_2""]","Secondary substitution only after nesting trigger and quality/load/joint qualification.","Tentar primeiro compensado premium; alternativa secundária somente após análise de nesting e qualidade.",
"P011","1","Removable equipment shelf — SHELF_3","Prateleira removível de equipamentos — SHELF_3","1","CURRENT_CAD_COMPONENT_COUNT","CAD component","plywood","{""world_bounds_mm"":[20,865,240,580,1015,252],""world_size_mm"":[560,150,12],""note"":""Installed AABB, NOT nesting or stock dimensions; inclined/stepped parts require local profile extraction.""}","DESIGN_GEOMETRY_ONLY","REQUIRED_FLATPACK_HARDWARE","true","02","[""exports/generated/backbox-lock-integration-v32/play.FCStd"",""SHELF_3""]","Secondary substitution only after nesting trigger and quality/load/joint qualification.","Tentar primeiro compensado premium; alternativa secundária somente após análise de nesting e qualidade.",
"P012","1","Fixed shelf support — SHELF_SUPPORT_1L","Apoio fixo da prateleira — SHELF_SUPPORT_1L","1","CURRENT_CAD_COMPONENT_COUNT","CAD component","plywood","{""world_bounds_mm"":[18,120,142,60,270,160],""world_size_mm"":[42,150,18],""note"":""Installed AABB, NOT nesting or stock dimensions; inclined/stepped parts require local profile extraction.""}","DESIGN_GEOMETRY_ONLY","REQUIRED_FLATPACK_HARDWARE","true","02","[""exports/generated/backbox-lock-integration-v32/play.FCStd"",""SHELF_SUPPORT_1L""]","Load path or positive retention: premium class cannot be automatically downgraded.","Madeira estrutural não pode ser rebaixada automaticamente.",
"P013","1","Fixed shelf support — SHELF_SUPPORT_1R","Apoio fixo da prateleira — SHELF_SUPPORT_1R","1","CURRENT_CAD_COMPONENT_COUNT","CAD component","plywood","{""world_bounds_mm"":[540,120,142,582,270,160],""world_size_mm"":[42,150,18],""note"":""Installed AABB, NOT nesting or stock dimensions; inclined/stepped parts require local profile extraction.""}","DESIGN_GEOMETRY_ONLY","REQUIRED_FLATPACK_HARDWARE","true","02","[""exports/generated/backbox-lock-integration-v32/play.FCStd"",""SHELF_SUPPORT_1R""]","Load path or positive retention: premium class cannot be automatically downgraded.","Madeira estrutural não pode ser rebaixada automaticamente.",
"P014","1","Fixed shelf support — SHELF_SUPPORT_2L","Apoio fixo da prateleira — SHELF_SUPPORT_2L","1","CURRENT_CAD_COMPONENT_COUNT","CAD component","plywood","{""world_bounds_mm"":[18,565,162,60,715,180],""world_size_mm"":[42,150,18],""note"":""Installed AABB, NOT nesting or stock dimensions; inclined/stepped parts require local profile extraction.""}","DESIGN_GEOMETRY_ONLY","REQUIRED_FLATPACK_HARDWARE","true","02","[""exports/generated/backbox-lock-integration-v32/play.FCStd"",""SHELF_SUPPORT_2L""]","Load path or positive retention: premium class cannot be automatically downgraded.","Madeira estrutural não pode ser rebaixada automaticamente.",
"P015","1","Fixed shelf support — SHELF_SUPPORT_2R","Apoio fixo da prateleira — SHELF_SUPPORT_2R","1","CURRENT_CAD_COMPONENT_COUNT","CAD component","plywood","{""world_bounds_mm"":[540,565,162,582,715,180],""world_size_mm"":[42,150,18],""note"":""Installed AABB, NOT nesting or stock dimensions; inclined/stepped parts require local profile extraction.""}","DESIGN_GEOMETRY_ONLY","REQUIRED_FLATPACK_HARDWARE","true","02","[""exports/generated/backbox-lock-integration-v32/play.FCStd"",""SHELF_SUPPORT_2R""]","Load path or positive retention: premium class cannot be automatically downgraded.","Madeira estrutural não pode ser rebaixada automaticamente.",
"P016","1","Fixed shelf support — SHELF_SUPPORT_3L","Apoio fixo da prateleira — SHELF_SUPPORT_3L","1","CURRENT_CAD_COMPONENT_COUNT","CAD component","plywood","{""world_bounds_mm"":[18,865,222,60,1015,240],""world_size_mm"":[42,150,18],""note"":""Installed AABB, NOT nesting or stock dimensions; inclined/stepped parts require local profile extraction.""}","DESIGN_GEOMETRY_ONLY","REQUIRED_FLATPACK_HARDWARE","true","02","[""exports/generated/backbox-lock-integration-v32/play.FCStd"",""SHELF_SUPPORT_3L""]","Load path or positive retention: premium class cannot be automatically downgraded.","Madeira estrutural não pode ser rebaixada automaticamente.",
"P017","1","Fixed shelf support — SHELF_SUPPORT_3R","Apoio fixo da prateleira — SHELF_SUPPORT_3R","1","CURRENT_CAD_COMPONENT_COUNT","CAD component","plywood","{""world_bounds_mm"":[540,865,222,582,1015,240],""world_size_mm"":[42,150,18],""note"":""Installed AABB, NOT nesting or stock dimensions; inclined/stepped parts require local profile extraction.""}","DESIGN_GEOMETRY_ONLY","REQUIRED_FLATPACK_HARDWARE","true","02","[""exports/generated/backbox-lock-integration-v32/play.FCStd"",""SHELF_SUPPORT_3R""]","Load path or positive retention: premium class cannot be automatically downgraded.","Madeira estrutural não pode ser rebaixada automaticamente.",
"P018","1","Removable crossmember — CROSS_1","Travessa removível — CROSS_1","1","CURRENT_CAD_COMPONENT_COUNT","CAD component","plywood","{""world_bounds_mm"":[30.2,371,283.691375367901,569.8000000000001,389,365.2632063538165],""world_size_mm"":[539.6,18,81.57183098591548],""note"":""Installed AABB, NOT nesting or stock dimensions; inclined/stepped parts require local profile extraction.""}","DESIGN_GEOMETRY_ONLY","REQUIRED_FLATPACK_HARDWARE","true","02","[""exports/generated/backbox-lock-integration-v32/play.FCStd"",""CROSS_1""]","Load path or positive retention: premium class cannot be automatically downgraded.","Madeira estrutural não pode ser rebaixada automaticamente.",
"P019","1","Removable crossmember — CROSS_2","Travessa removível — CROSS_2","1","CURRENT_CAD_COMPONENT_COUNT","CAD component","plywood","{""world_bounds_mm"":[30.2,691,339.578699311563,569.8000000000001,709,421.1505302974785],""world_size_mm"":[539.6,18,81.57183098591548],""note"":""Installed AABB, NOT nesting or stock dimensions; inclined/stepped parts require local profile extraction.""}","DESIGN_GEOMETRY_ONLY","REQUIRED_FLATPACK_HARDWARE","true","02","[""exports/generated/backbox-lock-integration-v32/play.FCStd"",""CROSS_2""]","Load path or positive retention: premium class cannot be automatically downgraded.","Madeira estrutural não pode ser rebaixada automaticamente.",
"P020","1","Removable crossmember — CROSS_3","Travessa removível — CROSS_3","1","CURRENT_CAD_COMPONENT_COUNT","CAD component","plywood","{""world_bounds_mm"":[30.2,971,388.4801077622672,569.8000000000001,989,470.0519387481827],""world_size_mm"":[539.6,18,81.57183098591548],""note"":""Installed AABB, NOT nesting or stock dimensions; inclined/stepped parts require local profile extraction.""}","DESIGN_GEOMETRY_ONLY","REQUIRED_FLATPACK_HARDWARE","true","02","[""exports/generated/backbox-lock-integration-v32/play.FCStd"",""CROSS_3""]","Load path or positive retention: premium class cannot be automatically downgraded.","Madeira estrutural não pode ser rebaixada automaticamente.",
"P021","1","Crossmember guide — CROSS_GUIDE_1L","Guia da travessa — CROSS_GUIDE_1L","1","CURRENT_CAD_COMPONENT_COUNT","CAD component","plywood","{""world_bounds_mm"":[18,350,238.691375367901,36,410,383.691375367901],""world_size_mm"":[18,60,145],""note"":""Installed AABB, NOT nesting or stock dimensions; inclined/stepped parts require local profile extraction.""}","DESIGN_GEOMETRY_ONLY","REQUIRED_FLATPACK_HARDWARE","true","02","[""exports/generated/backbox-lock-integration-v32/play.FCStd"",""CROSS_GUIDE_1L""]","Load path or positive retention: premium class cannot be automatically downgraded.","Madeira estrutural não pode ser rebaixada automaticamente.",
"P022","1","Crossmember guide — CROSS_GUIDE_1R","Guia da travessa — CROSS_GUIDE_1R","1","CURRENT_CAD_COMPONENT_COUNT","CAD component","plywood","{""world_bounds_mm"":[564,350,238.691375367901,582,410,383.691375367901],""world_size_mm"":[18,60,145],""note"":""Installed AABB, NOT nesting or stock dimensions; inclined/stepped parts require local profile extraction.""}","DESIGN_GEOMETRY_ONLY","REQUIRED_FLATPACK_HARDWARE","true","02","[""exports/generated/backbox-lock-integration-v32/play.FCStd"",""CROSS_GUIDE_1R""]","Load path or positive retention: premium class cannot be automatically downgraded.","Madeira estrutural não pode ser rebaixada automaticamente.",
"P023","1","Crossmember guide — CROSS_GUIDE_2L","Guia da travessa — CROSS_GUIDE_2L","1","CURRENT_CAD_COMPONENT_COUNT","CAD component","plywood","{""world_bounds_mm"":[18,670,294.578699311563,36,730,439.578699311563],""world_size_mm"":[18,60,145],""note"":""Installed AABB, NOT nesting or stock dimensions; inclined/stepped parts require local profile extraction.""}","DESIGN_GEOMETRY_ONLY","REQUIRED_FLATPACK_HARDWARE","true","02","[""exports/generated/backbox-lock-integration-v32/play.FCStd"",""CROSS_GUIDE_2L""]","Load path or positive retention: premium class cannot be automatically downgraded.","Madeira estrutural não pode ser rebaixada automaticamente.",
"P024","1","Crossmember guide — CROSS_GUIDE_2R","Guia da travessa — CROSS_GUIDE_2R","1","CURRENT_CAD_COMPONENT_COUNT","CAD component","plywood","{""world_bounds_mm"":[564,670,294.578699311563,582,730,439.578699311563],""world_size_mm"":[18,60,145],""note"":""Installed AABB, NOT nesting or stock dimensions; inclined/stepped parts require local profile extraction.""}","DESIGN_GEOMETRY_ONLY","REQUIRED_FLATPACK_HARDWARE","true","02","[""exports/generated/backbox-lock-integration-v32/play.FCStd"",""CROSS_GUIDE_2R""]","Load path or positive retention: premium class cannot be automatically downgraded.","Madeira estrutural não pode ser rebaixada automaticamente.",
"P025","1","Crossmember guide — CROSS_GUIDE_3L","Guia da travessa — CROSS_GUIDE_3L","1","CURRENT_CAD_COMPONENT_COUNT","CAD component","plywood","{""world_bounds_mm"":[18,950,343.4801077622672,36,1010,488.4801077622672],""world_size_mm"":[18,60,145],""note"":""Installed AABB, NOT nesting or stock dimensions; inclined/stepped parts require local profile extraction.""}","DESIGN_GEOMETRY_ONLY","REQUIRED_FLATPACK_HARDWARE","true","02","[""exports/generated/backbox-lock-integration-v32/play.FCStd"",""CROSS_GUIDE_3L""]","Load path or positive retention: premium class cannot be automatically downgraded.","Madeira estrutural não pode ser rebaixada automaticamente.",
"P026","1","Crossmember guide — CROSS_GUIDE_3R","Guia da travessa — CROSS_GUIDE_3R","1","CURRENT_CAD_COMPONENT_COUNT","CAD component","plywood","{""world_bounds_mm"":[564,950,343.4801077622672,582,1010,488.4801077622672],""world_size_mm"":[18,60,145],""note"":""Installed AABB, NOT nesting or stock dimensions; inclined/stepped parts require local profile extraction.""}","DESIGN_GEOMETRY_ONLY","REQUIRED_FLATPACK_HARDWARE","true","02","[""exports/generated/backbox-lock-integration-v32/play.FCStd"",""CROSS_GUIDE_3R""]","Load path or positive retention: premium class cannot be automatically downgraded.","Madeira estrutural não pode ser rebaixada automaticamente.",
"P027","1","Floor-supported PCBase — PC_BASE","PCBase apoiada no fundo — PC_BASE","1","CURRENT_CAD_COMPONENT_COUNT","CAD component","plywood","{""world_bounds_mm"":[157.5,830,36,442.5,1290,54],""world_size_mm"":[285,460,18],""note"":""Installed AABB, NOT nesting or stock dimensions; inclined/stepped parts require local profile extraction.""}","DESIGN_GEOMETRY_ONLY","REQUIRED_FLATPACK_HARDWARE","true","02","[""exports/generated/backbox-lock-integration-v32/play.FCStd"",""PC_BASE""]","Secondary substitution only after nesting trigger and quality/load/joint qualification.","Tentar primeiro compensado premium; alternativa secundária somente após análise de nesting e qualidade.",
"P034","1","Playfield load-carrying base — PF_BasePlywood","Base estrutural do playfield — PF_BasePlywood","1","CURRENT_CAD_COMPONENT_COUNT","CAD component","plywood","{""world_bounds_mm"":[49.999999999999986,64.01361107210916,331.3788680816646,550,1071.9014918612513,524.5951171988511],""world_size_mm"":[500,1007.8878807891422,193.21624911718646],""note"":""Installed AABB, NOT nesting or stock dimensions; inclined/stepped parts require local profile extraction.""}","DESIGN_GEOMETRY_ONLY","REQUIRED_FLATPACK_HARDWARE","true","03","[""exports/generated/backbox-lock-integration-v32/play.FCStd"",""PF_BasePlywood""]","Load path or positive retention: premium class cannot be automatically downgraded.","Madeira estrutural não pode ser rebaixada automaticamente.",
"P035","1","Floor-bearing open cradle — PF_OpenCradleL","Apoio aberto apoiado no fundo — PF_OpenCradleL","1","CURRENT_CAD_COMPONENT_COUNT","CAD component","plywood","{""world_bounds_mm"":[17.999999999999993,995.2506198471799,36,36,1075.25061984718,514.2203301149066],""world_size_mm"":[18.000000000000007,80,478.2203301149066],""note"":""Installed AABB, NOT nesting or stock dimensions; inclined/stepped parts require local profile extraction.""}","DESIGN_GEOMETRY_ONLY","REQUIRED_FLATPACK_HARDWARE","true","03","[""exports/generated/backbox-lock-integration-v32/play.FCStd"",""PF_OpenCradleL""]","Load path or positive retention: premium class cannot be automatically downgraded.","Madeira estrutural não pode ser rebaixada automaticamente.",
"P036","1","Floor-bearing open cradle — PF_OpenCradleR","Apoio aberto apoiado no fundo — PF_OpenCradleR","1","CURRENT_CAD_COMPONENT_COUNT","CAD component","plywood","{""world_bounds_mm"":[564,995.2506198471799,36,582,1075.25061984718,514.2203301149066],""world_size_mm"":[18,80,478.2203301149066],""note"":""Installed AABB, NOT nesting or stock dimensions; inclined/stepped parts require local profile extraction.""}","DESIGN_GEOMETRY_ONLY","REQUIRED_FLATPACK_HARDWARE","true","03","[""exports/generated/backbox-lock-integration-v32/play.FCStd"",""PF_OpenCradleR""]","Load path or positive retention: premium class cannot be automatically downgraded.","Madeira estrutural não pode ser rebaixada automaticamente.",
"P008","1","Main rear door — REAR_DOOR","Porta traseira principal — REAR_DOOR","1","CURRENT_CAD_COMPONENT_COUNT","CAD component","plywood","{""world_bounds_mm"":[102,1296.1,54,498,1308.1,383],""world_size_mm"":[396,12,329],""note"":""Installed AABB, NOT nesting or stock dimensions; inclined/stepped parts require local profile extraction.""}","DESIGN_GEOMETRY_ONLY","REQUIRED_FLATPACK_HARDWARE","true","04","[""exports/generated/backbox-lock-integration-v32/play.FCStd"",""REAR_DOOR""]","Secondary substitution only after nesting trigger and quality/load/joint qualification.","Tentar primeiro compensado premium; alternativa secundária somente após análise de nesting e qualidade.",
"P037","1","Floor filter holder — RemovableIntakeFilterL","Suporte do filtro do fundo — RemovableIntakeFilterL","1","CURRENT_CAD_COMPONENT_COUNT","CAD component","plywood","{""world_bounds_mm"":[65,625,10,235,795,18],""world_size_mm"":[170,170,8],""note"":""Installed AABB, NOT nesting or stock dimensions; inclined/stepped parts require local profile extraction.""}","DESIGN_GEOMETRY_ONLY","REQUIRED_FLATPACK_HARDWARE","true","05","[""exports/generated/backbox-lock-integration-v32/play.FCStd"",""RemovableIntakeFilterL""]","Secondary substitution only after nesting trigger and quality/load/joint qualification.","Tentar primeiro compensado premium; alternativa secundária somente após análise de nesting e qualidade.",
"P038","1","Floor filter holder — RemovableIntakeFilterR","Suporte do filtro do fundo — RemovableIntakeFilterR","1","CURRENT_CAD_COMPONENT_COUNT","CAD component","plywood","{""world_bounds_mm"":[365,625,10,535,795,18],""world_size_mm"":[170,170,8],""note"":""Installed AABB, NOT nesting or stock dimensions; inclined/stepped parts require local profile extraction.""}","DESIGN_GEOMETRY_ONLY","REQUIRED_FLATPACK_HARDWARE","true","05","[""exports/generated/backbox-lock-integration-v32/play.FCStd"",""RemovableIntakeFilterR""]","Secondary substitution only after nesting trigger and quality/load/joint qualification.","Tentar primeiro compensado premium; alternativa secundária somente após análise de nesting e qualidade.",
"P028","1","Rear bearing shelf — BACKBOX_BASE","Prateleira traseira de apoio — BACKBOX_BASE","1","CURRENT_CAD_COMPONENT_COUNT","CAD component","plywood","{""world_bounds_mm"":[18,1127.125,578.9,582,1290.1,596.9],""world_size_mm"":[564,162.9749999999999,18],""note"":""Installed AABB, NOT nesting or stock dimensions; inclined/stepped parts require local profile extraction.""}","DESIGN_GEOMETRY_ONLY","REQUIRED_FLATPACK_HARDWARE","true","06","[""exports/generated/backbox-lock-integration-v32/play.FCStd"",""BACKBOX_BASE""]","Load path or positive retention: premium class cannot be automatically downgraded.","Madeira estrutural não pode ser rebaixada automaticamente.",
"P042","1","Backbox shell/frame — BB_SideL","Estrutura da caixa superior — BB_SideL","1","CURRENT_CAD_COMPONENT_COUNT","CAD component","plywood","{""world_bounds_mm"":[-90,1054.1,596.9,-71.99999999999997,1302.1,1320.8],""world_size_mm"":[18.00000000000003,248,723.9],""note"":""Installed AABB, NOT nesting or stock dimensions; inclined/stepped parts require local profile extraction.""}","DESIGN_GEOMETRY_ONLY","REQUIRED_FLATPACK_HARDWARE","true","06","[""exports/generated/backbox-lock-integration-v32/play.FCStd"",""BB_SideL""]","Load path or positive retention: premium class cannot be automatically downgraded.","Madeira estrutural não pode ser rebaixada automaticamente.",
"P043","1","Backbox shell/frame — BB_SideR","Estrutura da caixa superior — BB_SideR","1","CURRENT_CAD_COMPONENT_COUNT","CAD component","plywood","{""world_bounds_mm"":[672,1054.1,596.9,690,1302.1,1320.8],""world_size_mm"":[18,248,723.9],""note"":""Installed AABB, NOT nesting or stock dimensions; inclined/stepped parts require local profile extraction.""}","DESIGN_GEOMETRY_ONLY","REQUIRED_FLATPACK_HARDWARE","true","06","[""exports/generated/backbox-lock-integration-v32/play.FCStd"",""BB_SideR""]","Load path or positive retention: premium class cannot be automatically downgraded.","Madeira estrutural não pode ser rebaixada automaticamente.",
"P044","1","Backbox shell/frame — BB_Floor","Estrutura da caixa superior — BB_Floor","1","CURRENT_CAD_COMPONENT_COUNT","CAD component","plywood","{""world_bounds_mm"":[-78,1146,596.9,678,1302.1,614.9],""world_size_mm"":[756,156.0999999999999,18],""note"":""Installed AABB, NOT nesting or stock dimensions; inclined/stepped parts require local profile extraction.""}","DESIGN_GEOMETRY_ONLY","REQUIRED_FLATPACK_HARDWARE","true","06","[""exports/generated/backbox-lock-integration-v32/play.FCStd"",""BB_Floor""]","Load path or positive retention: premium class cannot be automatically downgraded.","Madeira estrutural não pode ser rebaixada automaticamente.",
"P045","1","Backbox shell/frame — BB_Top","Estrutura da caixa superior — BB_Top","1","CURRENT_CAD_COMPONENT_COUNT","CAD component","plywood","{""world_bounds_mm"":[-78,1120,1302.8,678,1302.1,1320.8],""world_size_mm"":[756,182.0999999999999,18],""note"":""Installed AABB, NOT nesting or stock dimensions; inclined/stepped parts require local profile extraction.""}","DESIGN_GEOMETRY_ONLY","REQUIRED_FLATPACK_HARDWARE","true","06","[""exports/generated/backbox-lock-integration-v32/play.FCStd"",""BB_Top""]","Load path or positive retention: premium class cannot be automatically downgraded.","Madeira estrutural não pode ser rebaixada automaticamente.",
"P046","1","Backbox shell/frame — BB_RearFrame","Estrutura da caixa superior — BB_RearFrame","1","CURRENT_CAD_COMPONENT_COUNT","CAD component","plywood","{""world_bounds_mm"":[-90,1290.1,596.9,690,1308.1,1320.8],""world_size_mm"":[780,18,723.9],""note"":""Installed AABB, NOT nesting or stock dimensions; inclined/stepped parts require local profile extraction.""}","DESIGN_GEOMETRY_ONLY","REQUIRED_FLATPACK_HARDWARE","true","06","[""exports/generated/backbox-lock-integration-v32/play.FCStd"",""BB_RearFrame""]","Load path or positive retention: premium class cannot be automatically downgraded.","Madeira estrutural não pode ser rebaixada automaticamente.",
"P047","1","Backbox shell/frame — BB_TopFrontRail","Estrutura da caixa superior — BB_TopFrontRail","1","CURRENT_CAD_COMPONENT_COUNT","CAD component","plywood","{""world_bounds_mm"":[-78,1055.1940737670948,1302.8,678,1112,1320.8],""world_size_mm"":[756,56.80592623290522,18],""note"":""Installed AABB, NOT nesting or stock dimensions; inclined/stepped parts require local profile extraction.""}","DESIGN_GEOMETRY_ONLY","REQUIRED_FLATPACK_HARDWARE","true","06","[""exports/generated/backbox-lock-integration-v32/play.FCStd"",""BB_TopFrontRail""]","Load path or positive retention: premium class cannot be automatically downgraded.","Madeira estrutural não pode ser rebaixada automaticamente.",
"P088","1","Lock parking lamination — BB_UprightLockLParkingPad0","Lâmina do bloco de estacionamento — BB_UprightLockLParkingPad0","1","CURRENT_CAD_COMPONENT_COUNT","CAD component","plywood","{""world_bounds_mm"":[160,1252,614.9,210,1284,632.9],""world_size_mm"":[50,32,18],""note"":""Installed AABB, NOT nesting or stock dimensions; inclined/stepped parts require local profile extraction.""}","DESIGN_GEOMETRY_ONLY","REQUIRED_FLATPACK_HARDWARE","true","07","[""exports/generated/backbox-lock-integration-v32/play.FCStd"",""BB_UprightLockLParkingPad0""]","Load path or positive retention: premium class cannot be automatically downgraded.","Madeira estrutural não pode ser rebaixada automaticamente.",
"P089","1","Lock parking lamination — BB_UprightLockLParkingPad1","Lâmina do bloco de estacionamento — BB_UprightLockLParkingPad1","1","CURRENT_CAD_COMPONENT_COUNT","CAD component","plywood","{""world_bounds_mm"":[160,1252,632.9,210,1284,650.9],""world_size_mm"":[50,32,18],""note"":""Installed AABB, NOT nesting or stock dimensions; inclined/stepped parts require local profile extraction.""}","DESIGN_GEOMETRY_ONLY","REQUIRED_FLATPACK_HARDWARE","true","07","[""exports/generated/backbox-lock-integration-v32/play.FCStd"",""BB_UprightLockLParkingPad1""]","Load path or positive retention: premium class cannot be automatically downgraded.","Madeira estrutural não pode ser rebaixada automaticamente.",
"P090","1","Lock parking lamination — BB_UprightLockRParkingPad0","Lâmina do bloco de estacionamento — BB_UprightLockRParkingPad0","1","CURRENT_CAD_COMPONENT_COUNT","CAD component","plywood","{""world_bounds_mm"":[390,1252,614.9,440,1284,632.9],""world_size_mm"":[50,32,18],""note"":""Installed AABB, NOT nesting or stock dimensions; inclined/stepped parts require local profile extraction.""}","DESIGN_GEOMETRY_ONLY","REQUIRED_FLATPACK_HARDWARE","true","07","[""exports/generated/backbox-lock-integration-v32/play.FCStd"",""BB_UprightLockRParkingPad0""]","Load path or positive retention: premium class cannot be automatically downgraded.","Madeira estrutural não pode ser rebaixada automaticamente.",
"P091","1","Lock parking lamination — BB_UprightLockRParkingPad1","Lâmina do bloco de estacionamento — BB_UprightLockRParkingPad1","1","CURRENT_CAD_COMPONENT_COUNT","CAD component","plywood","{""world_bounds_mm"":[390,1252,632.9,440,1284,650.9],""world_size_mm"":[50,32,18],""note"":""Installed AABB, NOT nesting or stock dimensions; inclined/stepped parts require local profile extraction.""}","DESIGN_GEOMETRY_ONLY","REQUIRED_FLATPACK_HARDWARE","true","07","[""exports/generated/backbox-lock-integration-v32/play.FCStd"",""BB_UprightLockRParkingPad1""]","Load path or positive retention: premium class cannot be automatically downgraded.","Madeira estrutural não pode ser rebaixada automaticamente.",
"P079","1","Backbox rear door — BB_DoorL","Porta traseira superior — BB_DoorL","1","CURRENT_CAD_COMPONENT_COUNT","CAD component","plywood","{""world_bounds_mm"":[-52,1310.1,644,299,1322.1,1272],""world_size_mm"":[351,12,628],""note"":""Installed AABB, NOT nesting or stock dimensions; inclined/stepped parts require local profile extraction.""}","DESIGN_GEOMETRY_ONLY","REQUIRED_FLATPACK_HARDWARE","true","08","[""exports/generated/backbox-lock-integration-v32/play.FCStd"",""BB_DoorL""]","Secondary substitution only after nesting trigger and quality/load/joint qualification.","Tentar primeiro compensado premium; alternativa secundária somente após análise de nesting e qualidade.",
"P080","1","Backbox rear door — BB_DoorR","Porta traseira superior — BB_DoorR","1","CURRENT_CAD_COMPONENT_COUNT","CAD component","plywood","{""world_bounds_mm"":[301,1310.1,644,652,1322.1,1272],""world_size_mm"":[351,12,628],""note"":""Installed AABB, NOT nesting or stock dimensions; inclined/stepped parts require local profile extraction.""}","DESIGN_GEOMETRY_ONLY","REQUIRED_FLATPACK_HARDWARE","true","08","[""exports/generated/backbox-lock-integration-v32/play.FCStd"",""BB_DoorR""]","Secondary substitution only after nesting trigger and quality/load/joint qualification.","Tentar primeiro compensado premium; alternativa secundária somente após análise de nesting e qualidade.",
"P085","1","Continuous-hinge fixed cleat — BB_HingeCleatL","Apoio fixo da dobradiça contínua — BB_HingeCleatL","1","CURRENT_CAD_COMPONENT_COUNT","CAD component","plywood","{""world_bounds_mm"":[-78,1308.1,644,-55,1322.1,1272],""world_size_mm"":[23,14,628],""note"":""Installed AABB, NOT nesting or stock dimensions; inclined/stepped parts require local profile extraction.""}","CNC_COMPONENT_BREAKDOWN_HOLD","REQUIRED_FLATPACK_HARDWARE","true","08","[""exports/generated/backbox-lock-integration-v32/play.FCStd"",""BB_HingeCleatL""]","Fused/stepped assembly needs explicit flatpack decomposition or CNC thickness plan; no new wood designed.","Madeira estrutural não pode ser rebaixada automaticamente. Objeto fundido/em degraus: decomposição em peças CNC ou plano de espessura ainda pendente.",
"P086","1","Continuous-hinge fixed cleat — BB_HingeCleatR","Apoio fixo da dobradiça contínua — BB_HingeCleatR","1","CURRENT_CAD_COMPONENT_COUNT","CAD component","plywood","{""world_bounds_mm"":[655,1308.1,644,678,1322.1,1272],""world_size_mm"":[23,14,628],""note"":""Installed AABB, NOT nesting or stock dimensions; inclined/stepped parts require local profile extraction.""}","CNC_COMPONENT_BREAKDOWN_HOLD","REQUIRED_FLATPACK_HARDWARE","true","08","[""exports/generated/backbox-lock-integration-v32/play.FCStd"",""BB_HingeCleatR""]","Fused/stepped assembly needs explicit flatpack decomposition or CNC thickness plan; no new wood designed.","Madeira estrutural não pode ser rebaixada automaticamente. Objeto fundido/em degraus: decomposição em peças CNC ou plano de espessura ainda pendente.",
"P087","1","Center overlap strip — BB_CenterAstragal","Régua de sobreposição central — BB_CenterAstragal","1","CURRENT_CAD_COMPONENT_COUNT","CAD component","plywood","{""world_bounds_mm"":[282,1296.1,656,318,1308.1,1260],""world_size_mm"":[36,12,604],""note"":""Installed AABB, NOT nesting or stock dimensions; inclined/stepped parts require local profile extraction.""}","DESIGN_GEOMETRY_ONLY","REQUIRED_FLATPACK_HARDWARE","true","08","[""exports/generated/backbox-lock-integration-v32/play.FCStd"",""BB_CenterAstragal""]","Secondary substitution only after nesting trigger and quality/load/joint qualification.","Tentar primeiro compensado premium; alternativa secundária somente após análise de nesting e qualidade.",
"P081","1","Backbox intake filter frame — BB_IntakeFilterFrameL","Quadro do filtro superior — BB_IntakeFilterFrameL","1","CURRENT_CAD_COMPONENT_COUNT","CAD component","plywood","{""world_bounds_mm"":[5,1322.1,688,245,1328.1,788],""world_size_mm"":[240,6,100],""note"":""Installed AABB, NOT nesting or stock dimensions; inclined/stepped parts require local profile extraction.""}","DESIGN_GEOMETRY_ONLY","REQUIRED_FLATPACK_HARDWARE","true","09","[""exports/generated/backbox-lock-integration-v32/play.FCStd"",""BB_IntakeFilterFrameL""]","Secondary substitution only after nesting trigger and quality/load/joint qualification.","Tentar primeiro compensado premium; alternativa secundária somente após análise de nesting e qualidade.",
"P082","1","Backbox intake filter frame — BB_IntakeFilterFrameR","Quadro do filtro superior — BB_IntakeFilterFrameR","1","CURRENT_CAD_COMPONENT_COUNT","CAD component","plywood","{""world_bounds_mm"":[355,1322.1,688,595,1328.1,788],""world_size_mm"":[240,6,100],""note"":""Installed AABB, NOT nesting or stock dimensions; inclined/stepped parts require local profile extraction.""}","DESIGN_GEOMETRY_ONLY","REQUIRED_FLATPACK_HARDWARE","true","09","[""exports/generated/backbox-lock-integration-v32/play.FCStd"",""BB_IntakeFilterFrameR""]","Secondary substitution only after nesting trigger and quality/load/joint qualification.","Tentar primeiro compensado premium; alternativa secundária somente após análise de nesting e qualidade.",
"P083","1","Downward intake baffle assembly — BB_IntakeDownBaffleL","Conjunto defletor inferior de ar — BB_IntakeDownBaffleL","1","CURRENT_CAD_COMPONENT_COUNT","CAD component","plywood","{""world_bounds_mm"":[9,1268.1,686,241,1310.1,790],""world_size_mm"":[232,42,104],""note"":""Installed AABB, NOT nesting or stock dimensions; inclined/stepped parts require local profile extraction.""}","CNC_COMPONENT_BREAKDOWN_HOLD","REQUIRED_FLATPACK_HARDWARE","true","09","[""exports/generated/backbox-lock-integration-v32/play.FCStd"",""BB_IntakeDownBaffleL""]","Fused/stepped assembly needs explicit flatpack decomposition or CNC thickness plan; no new wood designed.","Tentar primeiro compensado premium; alternativa secundária somente após análise de nesting e qualidade. Objeto fundido/em degraus: decomposição em peças CNC ou plano de espessura ainda pendente.",
"P084","1","Downward intake baffle assembly — BB_IntakeDownBaffleR","Conjunto defletor inferior de ar — BB_IntakeDownBaffleR","1","CURRENT_CAD_COMPONENT_COUNT","CAD component","plywood","{""world_bounds_mm"":[359,1268.1,686,591,1310.1,790],""world_size_mm"":[232,42,104],""note"":""Installed AABB, NOT nesting or stock dimensions; inclined/stepped parts require local profile extraction.""}","CNC_COMPONENT_BREAKDOWN_HOLD","REQUIRED_FLATPACK_HARDWARE","true","09","[""exports/generated/backbox-lock-integration-v32/play.FCStd"",""BB_IntakeDownBaffleR""]","Fused/stepped assembly needs explicit flatpack decomposition or CNC thickness plan; no new wood designed.","Tentar primeiro compensado premium; alternativa secundária somente após análise de nesting e qualidade. Objeto fundido/em degraus: decomposição em peças CNC ou plano de espessura ainda pendente.",
"P092","1","Interchangeable fan blank — BB_FanBlankL","Tampa cega intercambiável da ventoinha — BB_FanBlankL","1","CURRENT_CAD_COMPONENT_COUNT","CAD component","plywood","{""world_bounds_mm"":[91,1322.1,1096,219,1328.1,1224],""world_size_mm"":[128,6,128],""note"":""Installed AABB, NOT nesting or stock dimensions; inclined/stepped parts require local profile extraction.""}","DESIGN_GEOMETRY_ONLY","REQUIRED_FLATPACK_HARDWARE","true","09","[""exports/generated/backbox-lock-integration-v32/blank-fans.FCStd"",""BB_FanBlankL""]","Secondary substitution only after nesting trigger and quality/load/joint qualification.","Tentar primeiro compensado premium; alternativa secundária somente após análise de nesting e qualidade.",
"P093","1","Interchangeable fan blank — BB_FanBlankR","Tampa cega intercambiável da ventoinha — BB_FanBlankR","1","CURRENT_CAD_COMPONENT_COUNT","CAD component","plywood","{""world_bounds_mm"":[381,1322.1,1096,509,1328.1,1224],""world_size_mm"":[128,6,128],""note"":""Installed AABB, NOT nesting or stock dimensions; inclined/stepped parts require local profile extraction.""}","DESIGN_GEOMETRY_ONLY","REQUIRED_FLATPACK_HARDWARE","true","09","[""exports/generated/backbox-lock-integration-v32/blank-fans.FCStd"",""BB_FanBlankR""]","Secondary substitution only after nesting trigger and quality/load/joint qualification.","Tentar primeiro compensado premium; alternativa secundária somente após análise de nesting e qualidade.",
"P048","1","Padded lower glass rail — BB_GlassLowerRail","Apoio inferior do vidro — BB_GlassLowerRail","1","CURRENT_CAD_COMPONENT_COUNT","CAD component","plywood","{""world_bounds_mm"":[-72,1108,822,672,1126,840],""world_size_mm"":[744,18,18],""note"":""Installed AABB, NOT nesting or stock dimensions; inclined/stepped parts require local profile extraction.""}","DESIGN_GEOMETRY_ONLY","REQUIRED_FLATPACK_HARDWARE","true","10","[""exports/generated/backbox-lock-integration-v32/play.FCStd"",""BB_GlassLowerRail""]","Load path or positive retention: premium class cannot be automatically downgraded.","Madeira estrutural não pode ser rebaixada automaticamente.",
"P049","1","Positive glass top retainer — BB_GlassTopRetainer","Retentor superior positivo do vidro — BB_GlassTopRetainer","1","CURRENT_CAD_COMPONENT_COUNT","CAD component","plywood","{""world_bounds_mm"":[-78,1104,1307,678,1141,1332.8],""world_size_mm"":[756,37,25.799999999999955],""note"":""Installed AABB, NOT nesting or stock dimensions; inclined/stepped parts require local profile extraction.""}","CNC_COMPONENT_BREAKDOWN_HOLD","REQUIRED_FLATPACK_HARDWARE","true","10","[""exports/generated/backbox-lock-integration-v32/play.FCStd"",""BB_GlassTopRetainer""]","Fused/stepped assembly needs explicit flatpack decomposition or CNC thickness plan; no new wood designed.","Madeira estrutural não pode ser rebaixada automaticamente. Objeto fundido/em degraus: decomposição em peças CNC ou plano de espessura ainda pendente.",
"P050","1","Monitor structural carrier member — BB_MonitorRail0","Elemento estrutural do suporte de monitor — BB_MonitorRail0","1","CURRENT_CAD_COMPONENT_COUNT","CAD component","plywood","{""world_bounds_mm"":[-72,1268,816,672,1286,858],""world_size_mm"":[744,18,42],""note"":""Installed AABB, NOT nesting or stock dimensions; inclined/stepped parts require local profile extraction.""}","DESIGN_GEOMETRY_ONLY","REQUIRED_FLATPACK_HARDWARE","true","10","[""exports/generated/backbox-lock-integration-v32/play.FCStd"",""BB_MonitorRail0""]","Load path or positive retention: premium class cannot be automatically downgraded.","Madeira estrutural não pode ser rebaixada automaticamente.",
"P051","1","Monitor structural carrier member — BB_MonitorRailCleatL0","Elemento estrutural do suporte de monitor — BB_MonitorRailCleatL0","1","CURRENT_CAD_COMPONENT_COUNT","CAD component","plywood","{""world_bounds_mm"":[-72,1248,786,-54,1286,816],""world_size_mm"":[18,38,30],""note"":""Installed AABB, NOT nesting or stock dimensions; inclined/stepped parts require local profile extraction.""}","DESIGN_GEOMETRY_ONLY","REQUIRED_FLATPACK_HARDWARE","true","10","[""exports/generated/backbox-lock-integration-v32/play.FCStd"",""BB_MonitorRailCleatL0""]","Load path or positive retention: premium class cannot be automatically downgraded.","Madeira estrutural não pode ser rebaixada automaticamente.",
"P052","1","Monitor structural carrier member — BB_MonitorRailCleatR0","Elemento estrutural do suporte de monitor — BB_MonitorRailCleatR0","1","CURRENT_CAD_COMPONENT_COUNT","CAD component","plywood","{""world_bounds_mm"":[654,1248,786,672,1286,816],""world_size_mm"":[18,38,30],""note"":""Installed AABB, NOT nesting or stock dimensions; inclined/stepped parts require local profile extraction.""}","DESIGN_GEOMETRY_ONLY","REQUIRED_FLATPACK_HARDWARE","true","10","[""exports/generated/backbox-lock-integration-v32/play.FCStd"",""BB_MonitorRailCleatR0""]","Load path or positive retention: premium class cannot be automatically downgraded.","Madeira estrutural não pode ser rebaixada automaticamente.",
"P053","1","Monitor structural carrier member — BB_MonitorRail1","Elemento estrutural do suporte de monitor — BB_MonitorRail1","1","CURRENT_CAD_COMPONENT_COUNT","CAD component","plywood","{""world_bounds_mm"":[-72,1268,1248,672,1286,1290],""world_size_mm"":[744,18,42],""note"":""Installed AABB, NOT nesting or stock dimensions; inclined/stepped parts require local profile extraction.""}","DESIGN_GEOMETRY_ONLY","REQUIRED_FLATPACK_HARDWARE","true","10","[""exports/generated/backbox-lock-integration-v32/play.FCStd"",""BB_MonitorRail1""]","Load path or positive retention: premium class cannot be automatically downgraded.","Madeira estrutural não pode ser rebaixada automaticamente.",
"P054","1","Monitor structural carrier member — BB_MonitorRailCleatL1","Elemento estrutural do suporte de monitor — BB_MonitorRailCleatL1","1","CURRENT_CAD_COMPONENT_COUNT","CAD component","plywood","{""world_bounds_mm"":[-72,1248,1218,-54,1286,1248],""world_size_mm"":[18,38,30],""note"":""Installed AABB, NOT nesting or stock dimensions; inclined/stepped parts require local profile extraction.""}","DESIGN_GEOMETRY_ONLY","REQUIRED_FLATPACK_HARDWARE","true","10","[""exports/generated/backbox-lock-integration-v32/play.FCStd"",""BB_MonitorRailCleatL1""]","Load path or positive retention: premium class cannot be automatically downgraded.","Madeira estrutural não pode ser rebaixada automaticamente.",
"P055","1","Monitor structural carrier member — BB_MonitorRailCleatR1","Elemento estrutural do suporte de monitor — BB_MonitorRailCleatR1","1","CURRENT_CAD_COMPONENT_COUNT","CAD component","plywood","{""world_bounds_mm"":[654,1248,1218,672,1286,1248],""world_size_mm"":[18,38,30],""note"":""Installed AABB, NOT nesting or stock dimensions; inclined/stepped parts require local profile extraction.""}","DESIGN_GEOMETRY_ONLY","REQUIRED_FLATPACK_HARDWARE","true","10","[""exports/generated/backbox-lock-integration-v32/play.FCStd"",""BB_MonitorRailCleatR1""]","Load path or positive retention: premium class cannot be automatically downgraded.","Madeira estrutural não pode ser rebaixada automaticamente.",
"P056","1","Monitor structural carrier member — BB_MonitorCarrier0","Elemento estrutural do suporte de monitor — BB_MonitorCarrier0","1","CURRENT_CAD_COMPONENT_COUNT","CAD component","plywood","{""world_bounds_mm"":[135,1240,870,185,1258,1236],""world_size_mm"":[50,18,366],""note"":""Installed AABB, NOT nesting or stock dimensions; inclined/stepped parts require local profile extraction.""}","DESIGN_GEOMETRY_ONLY","REQUIRED_FLATPACK_HARDWARE","true","10","[""exports/generated/backbox-lock-integration-v32/play.FCStd"",""BB_MonitorCarrier0""]","Load path or positive retention: premium class cannot be automatically downgraded.","Madeira estrutural não pode ser rebaixada automaticamente.",
"P057","1","Monitor structural carrier member — BB_MonitorDepthShoe00","Elemento estrutural do suporte de monitor — BB_MonitorDepthShoe00","1","CURRENT_CAD_COMPONENT_COUNT","CAD component","plywood","{""world_bounds_mm"":[135,1240,858,185,1290,876],""world_size_mm"":[50,50,18],""note"":""Installed AABB, NOT nesting or stock dimensions; inclined/stepped parts require local profile extraction.""}","DESIGN_GEOMETRY_ONLY","REQUIRED_FLATPACK_HARDWARE","true","10","[""exports/generated/backbox-lock-integration-v32/play.FCStd"",""BB_MonitorDepthShoe00""]","Load path or positive retention: premium class cannot be automatically downgraded.","Madeira estrutural não pode ser rebaixada automaticamente.",
"P058","1","Monitor structural carrier member — BB_MonitorDepthShoe01","Elemento estrutural do suporte de monitor — BB_MonitorDepthShoe01","1","CURRENT_CAD_COMPONENT_COUNT","CAD component","plywood","{""world_bounds_mm"":[135,1240,1230,185,1290,1248],""world_size_mm"":[50,50,18],""note"":""Installed AABB, NOT nesting or stock dimensions; inclined/stepped parts require local profile extraction.""}","DESIGN_GEOMETRY_ONLY","REQUIRED_FLATPACK_HARDWARE","true","10","[""exports/generated/backbox-lock-integration-v32/play.FCStd"",""BB_MonitorDepthShoe01""]","Load path or positive retention: premium class cannot be automatically downgraded.","Madeira estrutural não pode ser rebaixada automaticamente.",
"P059","1","Monitor structural carrier member — BB_MonitorCarrier1","Elemento estrutural do suporte de monitor — BB_MonitorCarrier1","1","CURRENT_CAD_COMPONENT_COUNT","CAD component","plywood","{""world_bounds_mm"":[415,1240,870,465,1258,1236],""world_size_mm"":[50,18,366],""note"":""Installed AABB, NOT nesting or stock dimensions; inclined/stepped parts require local profile extraction.""}","DESIGN_GEOMETRY_ONLY","REQUIRED_FLATPACK_HARDWARE","true","10","[""exports/generated/backbox-lock-integration-v32/play.FCStd"",""BB_MonitorCarrier1""]","Load path or positive retention: premium class cannot be automatically downgraded.","Madeira estrutural não pode ser rebaixada automaticamente.",
"P060","1","Monitor structural carrier member — BB_MonitorDepthShoe10","Elemento estrutural do suporte de monitor — BB_MonitorDepthShoe10","1","CURRENT_CAD_COMPONENT_COUNT","CAD component","plywood","{""world_bounds_mm"":[415,1240,858,465,1290,876],""world_size_mm"":[50,50,18],""note"":""Installed AABB, NOT nesting or stock dimensions; inclined/stepped parts require local profile extraction.""}","DESIGN_GEOMETRY_ONLY","REQUIRED_FLATPACK_HARDWARE","true","10","[""exports/generated/backbox-lock-integration-v32/play.FCStd"",""BB_MonitorDepthShoe10""]","Load path or positive retention: premium class cannot be automatically downgraded.","Madeira estrutural não pode ser rebaixada automaticamente.",
"P061","1","Monitor structural carrier member — BB_MonitorDepthShoe11","Elemento estrutural do suporte de monitor — BB_MonitorDepthShoe11","1","CURRENT_CAD_COMPONENT_COUNT","CAD component","plywood","{""world_bounds_mm"":[415,1240,1230,465,1290,1248],""world_size_mm"":[50,50,18],""note"":""Installed AABB, NOT nesting or stock dimensions; inclined/stepped parts require local profile extraction.""}","DESIGN_GEOMETRY_ONLY","REQUIRED_FLATPACK_HARDWARE","true","10","[""exports/generated/backbox-lock-integration-v32/play.FCStd"",""BB_MonitorDepthShoe11""]","Load path or positive retention: premium class cannot be automatically downgraded.","Madeira estrutural não pode ser rebaixada automaticamente.",
"P062","1","Replaceable load-carrying VESA plate — BB_ReplaceableVESAPlate","Placa VESA substituível estrutural — BB_ReplaceableVESAPlate","1","CURRENT_CAD_COMPONENT_COUNT","CAD component","plywood","{""world_bounds_mm"":[120,1228,949,480,1240,1179],""world_size_mm"":[360,12,230],""note"":""Installed AABB, NOT nesting or stock dimensions; inclined/stepped parts require local profile extraction.""}","DESIGN_GEOMETRY_ONLY","REQUIRED_FLATPACK_HARDWARE","true","10","[""exports/generated/backbox-lock-integration-v32/play.FCStd"",""BB_ReplaceableVESAPlate""]","Load path or positive retention: premium class cannot be automatically downgraded.","Madeira estrutural não pode ser rebaixada automaticamente.",
"P063","1","Replaceable display bezel — BB_DisplayReplaceableBezel","Moldura substituível do monitor — BB_DisplayReplaceableBezel","1","CURRENT_CAD_COMPONENT_COUNT","CAD component","plywood","{""world_bounds_mm"":[-70,1120,842,670,1126,1299],""world_size_mm"":[740,6,457],""note"":""Installed AABB, NOT nesting or stock dimensions; inclined/stepped parts require local profile extraction.""}","DESIGN_GEOMETRY_ONLY","REQUIRED_FLATPACK_HARDWARE","true","10","[""exports/generated/backbox-lock-integration-v32/play.FCStd"",""BB_DisplayReplaceableBezel""]","Secondary substitution only after nesting trigger and quality/load/joint qualification.","Tentar primeiro compensado premium; alternativa secundária somente após análise de nesting e qualidade.",
"P064","1","Monitor stop block — BB_MonitorStopBlock0","Bloco de batente do monitor — BB_MonitorStopBlock0","1","CURRENT_CAD_COMPONENT_COUNT","CAD component","plywood","{""world_bounds_mm"":[185,1230,899,223,1258,929],""world_size_mm"":[38,28,30],""note"":""Installed AABB, NOT nesting or stock dimensions; inclined/stepped parts require local profile extraction.""}","CNC_COMPONENT_BREAKDOWN_HOLD","REQUIRED_FLATPACK_HARDWARE","true","10","[""exports/generated/backbox-lock-integration-v32/play.FCStd"",""BB_MonitorStopBlock0""]","Fused/stepped assembly needs explicit flatpack decomposition or CNC thickness plan; no new wood designed.","Madeira estrutural não pode ser rebaixada automaticamente. Objeto fundido/em degraus: decomposição em peças CNC ou plano de espessura ainda pendente.",
"P065","1","Monitor stop block — BB_MonitorStopBlock1","Bloco de batente do monitor — BB_MonitorStopBlock1","1","CURRENT_CAD_COMPONENT_COUNT","CAD component","plywood","{""world_bounds_mm"":[377,1230,899,415,1258,929],""world_size_mm"":[38,28,30],""note"":""Installed AABB, NOT nesting or stock dimensions; inclined/stepped parts require local profile extraction.""}","CNC_COMPONENT_BREAKDOWN_HOLD","REQUIRED_FLATPACK_HARDWARE","true","10","[""exports/generated/backbox-lock-integration-v32/play.FCStd"",""BB_MonitorStopBlock1""]","Fused/stepped assembly needs explicit flatpack decomposition or CNC thickness plan; no new wood designed.","Madeira estrutural não pode ser rebaixada automaticamente. Objeto fundido/em degraus: decomposição em peças CNC ou plano de espessura ainda pendente.",
"P066","1","Monitor stop contact pad — BB_MonitorStopContact0","Calço de contato do batente — BB_MonitorStopContact0","1","CURRENT_CAD_COMPONENT_COUNT","CAD component","plywood","{""world_bounds_mm"":[205,1228,945,223,1240,949],""world_size_mm"":[18,12,4],""note"":""Installed AABB, NOT nesting or stock dimensions; inclined/stepped parts require local profile extraction.""}","DESIGN_GEOMETRY_ONLY","REQUIRED_FLATPACK_HARDWARE","true","10","[""exports/generated/backbox-lock-integration-v32/play.FCStd"",""BB_MonitorStopContact0""]","Load path or positive retention: premium class cannot be automatically downgraded.","Madeira estrutural não pode ser rebaixada automaticamente.",
"P067","1","Monitor stop contact pad — BB_MonitorStopContact1","Calço de contato do batente — BB_MonitorStopContact1","1","CURRENT_CAD_COMPONENT_COUNT","CAD component","plywood","{""world_bounds_mm"":[377,1228,945,395,1240,949],""world_size_mm"":[18,12,4],""note"":""Installed AABB, NOT nesting or stock dimensions; inclined/stepped parts require local profile extraction.""}","DESIGN_GEOMETRY_ONLY","REQUIRED_FLATPACK_HARDWARE","true","10","[""exports/generated/backbox-lock-integration-v32/play.FCStd"",""BB_MonitorStopContact1""]","Load path or positive retention: premium class cannot be automatically downgraded.","Madeira estrutural não pode ser rebaixada automaticamente.",
"P068","1","Lower cassette frame — BB_LowerCassetteFrame","Quadro do cassete inferior — BB_LowerCassetteFrame","1","CURRENT_CAD_COMPONENT_COUNT","CAD component","plywood","{""world_bounds_mm"":[-70,1156,620,670,1174,820],""world_size_mm"":[740,18,200],""note"":""Installed AABB, NOT nesting or stock dimensions; inclined/stepped parts require local profile extraction.""}","DESIGN_GEOMETRY_ONLY","REQUIRED_FLATPACK_HARDWARE","true","11","[""exports/generated/backbox-lock-integration-v32/play.FCStd"",""BB_LowerCassetteFrame""]","Load path or positive retention: premium class cannot be automatically downgraded.","Madeira estrutural não pode ser rebaixada automaticamente.",
"P069","1","Replaceable speaker baffle — BB_SpeakerBaffleL","Defletor substituível do alto-falante — BB_SpeakerBaffleL","1","CURRENT_CAD_COMPONENT_COUNT","CAD component","plywood","{""world_bounds_mm"":[-70,1144,620,90,1156,820],""world_size_mm"":[160,12,200],""note"":""Installed AABB, NOT nesting or stock dimensions; inclined/stepped parts require local profile extraction.""}","DESIGN_GEOMETRY_ONLY","REQUIRED_FLATPACK_HARDWARE","true","11","[""exports/generated/backbox-lock-integration-v32/play.FCStd"",""BB_SpeakerBaffleL""]","Secondary substitution only after nesting trigger and quality/load/joint qualification.","Tentar primeiro compensado premium; alternativa secundária somente após análise de nesting e qualidade.",
"P070","1","Replaceable speaker baffle — BB_SpeakerBaffleR","Defletor substituível do alto-falante — BB_SpeakerBaffleR","1","CURRENT_CAD_COMPONENT_COUNT","CAD component","plywood","{""world_bounds_mm"":[510,1144,620,670,1156,820],""world_size_mm"":[160,12,200],""note"":""Installed AABB, NOT nesting or stock dimensions; inclined/stepped parts require local profile extraction.""}","DESIGN_GEOMETRY_ONLY","REQUIRED_FLATPACK_HARDWARE","true","11","[""exports/generated/backbox-lock-integration-v32/play.FCStd"",""BB_SpeakerBaffleR""]","Secondary substitution only after nesting trigger and quality/load/joint qualification.","Tentar primeiro compensado premium; alternativa secundária somente após análise de nesting e qualidade.",
"P071","1","Replaceable DMD bezel — BB_DMDReplaceableBezel","Moldura substituível do DMD — BB_DMDReplaceableBezel","1","CURRENT_CAD_COMPONENT_COUNT","CAD component","plywood","{""world_bounds_mm"":[90,1144,626,510,1156,806],""world_size_mm"":[420,12,180],""note"":""Installed AABB, NOT nesting or stock dimensions; inclined/stepped parts require local profile extraction.""}","DESIGN_GEOMETRY_ONLY","REQUIRED_FLATPACK_HARDWARE","true","11","[""exports/generated/backbox-lock-integration-v32/play.FCStd"",""BB_DMDReplaceableBezel""]","Secondary substitution only after nesting trigger and quality/load/joint qualification.","Tentar primeiro compensado premium; alternativa secundária somente após análise de nesting e qualidade.",
"P072","1","Load-carrying DMD rear adapter — BB_DMDRearAdapter","Adaptador traseiro estrutural do DMD — BB_DMDRearAdapter","1","CURRENT_CAD_COMPONENT_COUNT","CAD component","plywood","{""world_bounds_mm"":[80,1219,704,520,1231,800],""world_size_mm"":[440,12,96],""note"":""Installed AABB, NOT nesting or stock dimensions; inclined/stepped parts require local profile extraction.""}","DESIGN_GEOMETRY_ONLY","REQUIRED_FLATPACK_HARDWARE","true","11","[""exports/generated/backbox-lock-integration-v32/play.FCStd"",""BB_DMDRearAdapter""]","Load path or positive retention: premium class cannot be automatically downgraded.","Madeira estrutural não pode ser rebaixada automaticamente.",
"P073","1","DMD depth tie — BB_DMDDepthTie0","Travessa de profundidade do DMD — BB_DMDDepthTie0","1","CURRENT_CAD_COMPONENT_COUNT","CAD component","plywood","{""world_bounds_mm"":[80,1174,710,98,1219,780],""world_size_mm"":[18,45,70],""note"":""Installed AABB, NOT nesting or stock dimensions; inclined/stepped parts require local profile extraction.""}","DESIGN_GEOMETRY_ONLY","REQUIRED_FLATPACK_HARDWARE","true","11","[""exports/generated/backbox-lock-integration-v32/play.FCStd"",""BB_DMDDepthTie0""]","Load path or positive retention: premium class cannot be automatically downgraded.","Madeira estrutural não pode ser rebaixada automaticamente.",
"P074","1","DMD depth tie — BB_DMDDepthTie1","Travessa de profundidade do DMD — BB_DMDDepthTie1","1","CURRENT_CAD_COMPONENT_COUNT","CAD component","plywood","{""world_bounds_mm"":[502,1174,710,520,1219,780],""world_size_mm"":[18,45,70],""note"":""Installed AABB, NOT nesting or stock dimensions; inclined/stepped parts require local profile extraction.""}","DESIGN_GEOMETRY_ONLY","REQUIRED_FLATPACK_HARDWARE","true","11","[""exports/generated/backbox-lock-integration-v32/play.FCStd"",""BB_DMDDepthTie1""]","Load path or positive retention: premium class cannot be automatically downgraded.","Madeira estrutural não pode ser rebaixada automaticamente.",
"P075","1","Cassette fixed cleat — BB_CassetteFixedCleatL0","Apoio fixo do cassete — BB_CassetteFixedCleatL0","1","CURRENT_CAD_COMPONENT_COUNT","CAD component","plywood","{""world_bounds_mm"":[-72,1174,629,-50,1206,653],""world_size_mm"":[22,32,24],""note"":""Installed AABB, NOT nesting or stock dimensions; inclined/stepped parts require local profile extraction.""}","CNC_COMPONENT_BREAKDOWN_HOLD","REQUIRED_FLATPACK_HARDWARE","true","11","[""exports/generated/backbox-lock-integration-v32/play.FCStd"",""BB_CassetteFixedCleatL0""]","Fused/stepped assembly needs explicit flatpack decomposition or CNC thickness plan; no new wood designed.","Madeira estrutural não pode ser rebaixada automaticamente. Objeto fundido/em degraus: decomposição em peças CNC ou plano de espessura ainda pendente.",
"P076","1","Cassette fixed cleat — BB_CassetteFixedCleatL1","Apoio fixo do cassete — BB_CassetteFixedCleatL1","1","CURRENT_CAD_COMPONENT_COUNT","CAD component","plywood","{""world_bounds_mm"":[-72,1174,789,-50,1206,813],""world_size_mm"":[22,32,24],""note"":""Installed AABB, NOT nesting or stock dimensions; inclined/stepped parts require local profile extraction.""}","CNC_COMPONENT_BREAKDOWN_HOLD","REQUIRED_FLATPACK_HARDWARE","true","11","[""exports/generated/backbox-lock-integration-v32/play.FCStd"",""BB_CassetteFixedCleatL1""]","Fused/stepped assembly needs explicit flatpack decomposition or CNC thickness plan; no new wood designed.","Madeira estrutural não pode ser rebaixada automaticamente. Objeto fundido/em degraus: decomposição em peças CNC ou plano de espessura ainda pendente.",
"P077","1","Cassette fixed cleat — BB_CassetteFixedCleatR0","Apoio fixo do cassete — BB_CassetteFixedCleatR0","1","CURRENT_CAD_COMPONENT_COUNT","CAD component","plywood","{""world_bounds_mm"":[650,1174,629,672,1206,653],""world_size_mm"":[22,32,24],""note"":""Installed AABB, NOT nesting or stock dimensions; inclined/stepped parts require local profile extraction.""}","CNC_COMPONENT_BREAKDOWN_HOLD","REQUIRED_FLATPACK_HARDWARE","true","11","[""exports/generated/backbox-lock-integration-v32/play.FCStd"",""BB_CassetteFixedCleatR0""]","Fused/stepped assembly needs explicit flatpack decomposition or CNC thickness plan; no new wood designed.","Madeira estrutural não pode ser rebaixada automaticamente. Objeto fundido/em degraus: decomposição em peças CNC ou plano de espessura ainda pendente.",
"P078","1","Cassette fixed cleat — BB_CassetteFixedCleatR1","Apoio fixo do cassete — BB_CassetteFixedCleatR1","1","CURRENT_CAD_COMPONENT_COUNT","CAD component","plywood","{""world_bounds_mm"":[650,1174,789,672,1206,813],""world_size_mm"":[22,32,24],""note"":""Installed AABB, NOT nesting or stock dimensions; inclined/stepped parts require local profile extraction.""}","CNC_COMPONENT_BREAKDOWN_HOLD","REQUIRED_FLATPACK_HARDWARE","true","11","[""exports/generated/backbox-lock-integration-v32/play.FCStd"",""BB_CassetteFixedCleatR1""]","Fused/stepped assembly needs explicit flatpack decomposition or CNC thickness plan; no new wood designed.","Madeira estrutural não pode ser rebaixada automaticamente. Objeto fundido/em degraus: decomposição em peças CNC ou plano de espessura ainda pendente.",
"P039","1","Matrix seat — MX_WoodSeatL","Apoio da matriz — MX_WoodSeatL","1","CURRENT_CAD_COMPONENT_COUNT","CAD component","plywood","{""world_bounds_mm"":[35.99999999999999,1075,540,54.00000000000001,1190,578.9],""world_size_mm"":[18.000000000000014,115,38.89999999999998],""note"":""Installed AABB, NOT nesting or stock dimensions; inclined/stepped parts require local profile extraction.""}","DESIGN_GEOMETRY_ONLY","REQUIRED_FLATPACK_HARDWARE","true","12","[""exports/generated/backbox-lock-integration-v32/play.FCStd"",""MX_WoodSeatL""]","Load path or positive retention: premium class cannot be automatically downgraded.","Madeira estrutural não pode ser rebaixada automaticamente.",
"P040","1","Matrix seat — MX_WoodSeatR","Apoio da matriz — MX_WoodSeatR","1","CURRENT_CAD_COMPONENT_COUNT","CAD component","plywood","{""world_bounds_mm"":[545.9999999999999,1075,540,564.0000000000001,1190,578.9],""world_size_mm"":[18.000000000000227,115,38.89999999999998],""note"":""Installed AABB, NOT nesting or stock dimensions; inclined/stepped parts require local profile extraction.""}","DESIGN_GEOMETRY_ONLY","REQUIRED_FLATPACK_HARDWARE","true","12","[""exports/generated/backbox-lock-integration-v32/play.FCStd"",""MX_WoodSeatR""]","Load path or positive retention: premium class cannot be automatically downgraded.","Madeira estrutural não pode ser rebaixada automaticamente.",
"P041","1","Removable matrix carrier — MatrixCarrier","Suporte removível da matriz — MatrixCarrier","1","CURRENT_CAD_COMPONENT_COUNT","CAD component","plywood","{""world_bounds_mm"":[29.999999999999996,1033.6144756704912,535.4516895886093,570,1125.125,586.6345997465683],""world_size_mm"":[540,91.51052432950883,51.182910157958986],""note"":""Installed AABB, NOT nesting or stock dimensions; inclined/stepped parts require local profile extraction.""}","DESIGN_GEOMETRY_ONLY","REQUIRED_FLATPACK_HARDWARE","true","12","[""exports/generated/backbox-lock-integration-v32/play.FCStd"",""MatrixCarrier""]","Secondary substitution only after nesting trigger and quality/load/joint qualification.","Tentar primeiro compensado premium; alternativa secundária somente após análise de nesting e qualidade.",
"P033","1","Replaceable shaker carrier — SSF_BST_Carrier","Base substituível do transdutor — SSF_BST_Carrier","1","CURRENT_CAD_COMPONENT_COUNT","CAD component","plywood","{""world_bounds_mm"":[210,170,36,390,350,48],""world_size_mm"":[180,180,12],""note"":""Installed AABB, NOT nesting or stock dimensions; inclined/stepped parts require local profile extraction.""}","DESIGN_GEOMETRY_ONLY","USER_ADAPTER_HARDWARE","true","13","[""exports/generated/backbox-lock-integration-v32/play.FCStd"",""SSF_BST_Carrier""]","Load path or positive retention: premium class cannot be automatically downgraded.","Madeira estrutural não pode ser rebaixada automaticamente.",
"B13","2","Metal threaded leg backing plate","Placa roscada metálica interna do pé","4","CURRENT_OBJECT_COUNT","piece","steel; finish/grade TBD","{}","PURCHASE_BEFORE_CNC","REQUIRED_FLATPACK_HARDWARE","true","01","[""CURRENT V32 B-reps / owner V33 inventory instruction""]","4 existing envelopes; measured matched bolts mandatory.58 mm candidate differs from57.15 mm WPC reference; HOLD.","Padrão atual58 mm difere da referência WPC57,15 mm; medir pés e chapas, sem corrigir furos nesta tarefa.",
"F06","2","Cabinet shell/floor/cleat joint fasteners","Fixadores das juntas da caixa, fundo e sarrafos",,"UNRESOLVED_NOT_ZERO","piece","steel; finish/grade TBD","{}","PURCHASE_BEFORE_CNC","REQUIRED_FLATPACK_HARDWARE","true","01","[""CURRENT SIDE/FRONT/REAR/FLOOR/FLOOR_CLEAT interfaces""]","Captured joinery exists; permanent mechanical reinforcement schedule is not specified. Quantity and family HOLD; not replaced by guessed dense screws.","Dimensões e ferragens provisórias; confirmar peça física e montagem antes da liberação. Quantidade não definida; não interpretar como zero.",
"F37","2","Matched pinball leg bolts","Parafusos compatíveis com os pés de pinball","8","ARCHITECTURE_COUNT","piece","steel; finish/grade TBD","{}","PURCHASE_BEFORE_CNC","REQUIRED_FLATPACK_HARDWARE","true","01","[""CURRENT V32 B-reps / owner V33 inventory instruction""]","Thread, shoulder, length and head unselected. No M10 substitution into imperial backing thread.","Dimensões e ferragens provisórias; confirmar peça física e montagem antes da liberação.",
"F38","2","Leg backing plate retention screws","Parafusos de retenção das placas dos pés",,"UNRESOLVED_NOT_ZERO","piece","steel; finish/grade TBD","{}","PURCHASE_BEFORE_CNC","REQUIRED_FLATPACK_HARDWARE","true","01","[""CURRENT V32 B-reps / owner V33 inventory instruction""]","Quantity/pitch supplied by purchased backing; not primary leg bolts.","Dimensões e ferragens provisórias; confirmar peça física e montagem antes da liberação. Quantidade não definida; não interpretar como zero.",
"G01","2","Plywood joint adhesive","Adesivo para juntas de compensado",,"UNRESOLVED_NOT_ZERO","ml; coverage unresolved","wood adhesive; specification/coverage TBD","{}","PURCHASE_BEFORE_ASSEMBLY","REQUIRED_FLATPACK_HARDWARE","true","01","[""CURRENT V32 B-reps / owner V33 inventory instruction""]","At least lock parking laminations require glue; volume depends on final joint schedule. Not a structural screw substitute.","Dimensões e ferragens provisórias; confirmar peça física e montagem antes da liberação. Quantidade não definida; não interpretar como zero.",
"H18","2","Real pinball leg","Pé de pinball real","4","ARCHITECTURE_COUNT","piece","steel; finish/grade TBD","{}","PURCHASE_BEFORE_CNC","REQUIRED_FLATPACK_HARDWARE","true","01","[""config/panel_closure_v32.json#legs""]","Reference A-19514,28.5 in; actual revision required. Not modeled as fabricated wood/steel substitute.","Dimensões e ferragens provisórias; confirmar peça física e montagem antes da liberação.",
"H19","2","Leg leveler and jam-nut assembly","Nivelador do pé com contraporca","4","ARCHITECTURE_COUNT","piece","steel; finish/grade TBD","{}","PURCHASE_BEFORE_CNC","REQUIRED_FLATPACK_HARDWARE","true","01","[""CURRENT V32 B-reps / owner V33 inventory instruction""]","Purchased matched thread; height/foot load unqualified.","Dimensões e ferragens provisórias; confirmar peça física e montagem antes da liberação.",
"B02","2","Commodity support angle, 40 ×40 ×50 ×3 reserve","Cantoneira comercial de apoio, reserva 40 ×40 ×50 ×3","6","CURRENT_OBJECT_COUNT","piece","steel; finish/grade TBD","{}","PURCHASE_BEFORE_CNC","REQUIRED_FLATPACK_HARDWARE","true","02","[""exports/generated/cabinet-v32/build_v32.py""]","6 fittings. Rated commodity part and attachment pattern unselected; do not fabricate custom brackets from envelope.","Dimensões e ferragens provisórias; confirmar peça física e montagem antes da liberação.",
"F03","2","Shelf top-release M5 screw","Parafuso M5 de liberação superior da prateleira","12","CURRENT_OBJECT_COUNT","piece","steel; finish/grade TBD","{""diameter_mm"":5,""length_mm"":25,""head_diameter_mm"":9,""head_height_mm"":4,""head"":""pan""}","PURCHASE_BEFORE_CNC","REQUIRED_FLATPACK_HARDWARE","true","02","[""config/simple_shelves_v32.json""]","","Dimensões e ferragens provisórias; confirmar peça física e montagem antes da liberação.",
"F04","2","Fixed shelf-support wood screw","Parafuso de madeira do apoio fixo de prateleira","12","CURRENT_OBJECT_COUNT","piece","steel; finish/grade TBD","{""diameter_mm"":4,""length_mm"":55,""head_diameter_mm"":8,""head_height_mm"":3,""head"":""pan""}","PURCHASE_BEFORE_CNC","REQUIRED_FLATPACK_HARDWARE","true","02","[""config/support_leg_machining_v32.json#anchor""]","","Dimensões e ferragens provisórias; confirmar peça física e montagem antes da liberação.",
"F05","2","Crossmember guide attachment screws","Parafusos das guias das travessas","24","ARCHITECTURE_COUNT","piece","steel; finish/grade TBD","{}","PURCHASE_BEFORE_CNC","REQUIRED_FLATPACK_HARDWARE","true","02","[""exports/generated/cabinet-v32/build_v32.py: guide anchoring loop""]","4 existing anchor holes per guide ×6; shank/head/length and wall thread retention unresolved.","24 posições:4 por guia,6 guias. Comprimento e retenção na lateral pendentes.",
"F07","2","PCBase flush M5 floor anchors","Fixadores M5 escareados da PCBase ao fundo","4","ARCHITECTURE_COUNT","piece","steel; finish/grade TBD","{""diameter_mm"":5,""length_mm"":null,""head"":""countersunk"",""clearance_mm"":5.5}","PURCHASE_BEFORE_CNC","REQUIRED_FLATPACK_HARDWARE","true","02","[""config/consolidated_audio_v32.json#pc_base""]","4 holes exist; bolt length/nut/washer stack not modeled. 36 mm combined boards. Future chassis mounting is separate.","Dimensões e ferragens provisórias; confirmar peça física e montagem antes da liberação.",
"F52","2","M5-family crossmember support-angle bolts","Parafusos M5 das cantoneiras das travessas","12","ARCHITECTURE_COUNT","piece","steel; finish/grade TBD","{""diameter_mm"":5,""length_mm"":null}","PURCHASE_BEFORE_CNC","REQUIRED_FLATPACK_HARDWARE","true","02","[""exports/generated/cabinet-v32/build_v32.py: support-angle loop""]","2 installed bolts per angle ×6; three height choices are NOT6 bolts per angle.","12 posições:2 por cantoneira; as três alturas não multiplicam a quantidade.",
"I01","2","M5 shelf captive insert","Inserto roscado M5 da prateleira","12","CURRENT_OBJECT_COUNT","piece","steel; finish/grade TBD","{""thread"":""M5"",""outer_diameter_mm"":8,""length_mm"":10}","PURCHASE_BEFORE_CNC","REQUIRED_FLATPACK_HARDWARE","true","02","[""config/simple_shelves_v32.json""]","Bore Ø8.5 is an existing design candidate, not a generic M5-insert standard.","Dimensões e ferragens provisórias; confirmar peça física e montagem antes da liberação.",
"I02","2","PCBase M5 retaining nuts","Porcas M5 dos fixadores da PCBase","4","ARCHITECTURE_COUNT","piece","steel; finish/grade TBD","{""thread"":""M5""}","PURCHASE_BEFORE_ASSEMBLY","REQUIRED_FLATPACK_HARDWARE","true","02","[""CURRENT V32 B-reps / owner V33 inventory instruction""]","Captive or locking form and length stack pending; no chosen torque.","Dimensões e ferragens provisórias; confirmar peça física e montagem antes da liberação.",
"I14","2","Crossmember angle captive-thread/retention set","Conjunto de rosca cativa das cantoneiras","12","ARCHITECTURE_COUNT","piece","steel; finish/grade TBD","{""thread"":""M5""}","PURCHASE_BEFORE_CNC","REQUIRED_FLATPACK_HARDWARE","true","02","[""CURRENT V32 B-reps / owner V33 inventory instruction""]","Guide12 mm remaining web; purchased thread/washer strategy unselected.","Dimensões e ferragens provisórias; confirmar peça física e montagem antes da liberação.",
"W01","2","M5 load-spreading washer, current Ø12 ×1","Arruela M5, reserva atual Ø12 ×1","12","CURRENT_OBJECT_COUNT","piece","steel; finish/grade TBD","{""inner_diameter_mm"":5.5,""outer_diameter_mm"":12,""thickness_mm"":1}","PURCHASE_BEFORE_ASSEMBLY","REQUIRED_FLATPACK_HARDWARE","true","02","[""CURRENT V32 B-reps / owner V33 inventory instruction""]","","Dimensões e ferragens provisórias; confirmar peça física e montagem antes da liberação.",
"W02","2","Ø4 clearance washer, Ø9 ×1","Arruela para folga Ø4, Ø9 ×1","12","CURRENT_OBJECT_COUNT","piece","steel; finish/grade TBD","{""inner_diameter_mm"":4.5,""outer_diameter_mm"":9,""thickness_mm"":1}","PURCHASE_BEFORE_ASSEMBLY","REQUIRED_FLATPACK_HARDWARE","true","02","[""CURRENT V32 B-reps / owner V33 inventory instruction""]","Same nominal family as rear M4 fan washers; additional optional quantities listed separately.","Uma família Ø9×1 com folga4,5; separar quantidades obrigatórias e opcionais.",
"W03","2","PCBase M5 underside backing washers","Arruelas inferiores M5 da PCBase","4","ARCHITECTURE_COUNT","piece","steel; finish/grade TBD","{""thread"":""M5"",""outer_diameter_mm"":null}","PURCHASE_BEFORE_ASSEMBLY","REQUIRED_FLATPACK_HARDWARE","true","02","[""CURRENT V32 B-reps / owner V33 inventory instruction""]","","Dimensões e ferragens provisórias; confirmar peça física e montagem antes da liberação.",
"B01","2","Commercial saddle strap for Ø32 wooden dowel","Abraçadeira comercial para eixo de madeira Ø32","4","CURRENT_OBJECT_COUNT","piece","steel; finish/grade TBD","{}","PURCHASE_BEFORE_CNC","REQUIRED_FLATPACK_HARDWARE","true","03","[""tools/wood_dowel_pivot_v32_entry.py""]","4 straps, 2 screws each. No bearing, metal shaft, custom journal or custom plate.","4 abraçadeiras comerciais,2 parafusos por peça; medir ferragem real.",
"F01","2","Cradle support wood screw","Parafuso de madeira do apoio do pivô","6","CURRENT_OBJECT_COUNT","piece","steel; finish/grade TBD","{""diameter_mm"":4.5,""length_mm"":30,""head_diameter_mm"":9,""head"":""countersunk""}","PURCHASE_BEFORE_CNC","REQUIRED_FLATPACK_HARDWARE","true","03","[""config/wood_dowel_pivot_v32.json#fixing""]","6 unchanged coordinates. Torx candidate; exact bit/hardness and pilots await purchase.","6 parafusos4,5×30; posições atuais preservadas; Torx é candidato, não bit selecionado.",
"F02","2","Saddle-strap wood screw","Parafuso da abraçadeira do eixo de madeira","8","CURRENT_OBJECT_COUNT","piece","steel; finish/grade TBD","{""diameter_mm"":3.4,""length_mm"":12,""head_diameter_mm"":6.4,""head_height_mm"":2,""head"":""pan""}","PURCHASE_BEFORE_CNC","REQUIRED_FLATPACK_HARDWARE","true","03","[""tools/wood_dowel_pivot_v32_entry.py: saddle strap loop""]","CURRENT cylinder is Ø3.4 ×12, not a selected standard screw. Candidate Ø3.5 ×12 requires strap/pilot/engagement check; NO substitution made.","8 parafusos; cilindro CAD Ø3,4×12. Ø3,5×12 comercial é apenas oportunidade, sem substituição.",
"H01","2","Wooden pivot dowel","Cavilha/eixo de madeira do playfield","1","CURRENT_OBJECT_COUNT","piece","straight sound hardwood; species/moisture TBD","{""diameter_mm"":32,""length_mm"":560}","PURCHASE_BEFORE_CNC","REQUIRED_FLATPACK_HARDWARE","true","03","[""config/wood_dowel_pivot_v32.json""]","","1 eixo de madeira Ø32×560; nenhuma barra metálica ou rolamento.",
"B03","2","Main rear lock keeper","Contra-fecho da porta traseira principal","1","CURRENT_OBJECT_COUNT","piece","steel; finish/grade TBD","{}","PURCHASE_BEFORE_CNC","REQUIRED_FLATPACK_HARDWARE","true","04","[""CURRENT V32 B-reps / owner V33 inventory instruction""]","Ordinary flat strike; selection and fixing require measurement.","Dimensões e ferragens provisórias; confirmar peça física e montagem antes da liberação.",
"F08","2","M4 ×20 handle screw","Parafuso M4 ×20 do puxador","2","CURRENT_OBJECT_COUNT","piece","steel; finish/grade TBD","{""diameter_mm"":4,""length_mm"":20,""head"":""pan"",""head_diameter_mm"":8,""head_height_mm"":3}","PURCHASE_BEFORE_CNC","REQUIRED_FLATPACK_HARDWARE","true","04","[""CURRENT V32 B-reps / owner V33 inventory instruction""]","","Dimensões e ferragens provisórias; confirmar peça física e montagem antes da liberação.",
"F09","2","Main rear hinge fixing screws","Parafusos das dobradiças traseiras principais","8","ARCHITECTURE_COUNT","piece","steel; finish/grade TBD","{}","PURCHASE_BEFORE_CNC","REQUIRED_FLATPACK_HARDWARE","true","04","[""tools/rear_door_v32_entry.py: hinge leaf loop""]","2 holes per leaf ×2 leaves ×2 hinges; length/diameter and12 mm door engagement unselected.","8 posições nas folhas das2 dobradiças principais; engajamento na porta de12 mm pendente.",
"F53","2","Main rear keeper fixing screws","Parafusos do contra-fecho traseiro principal",,"UNRESOLVED_NOT_ZERO","piece","steel; finish/grade TBD","{}","PURCHASE_BEFORE_CNC","REQUIRED_FLATPACK_HARDWARE","true","04","[""CURRENT V32 B-reps / owner V33 inventory instruction""]","Keeper attachment count and stack unresolved.","Dimensões e ferragens provisórias; confirmar peça física e montagem antes da liberação. Quantidade não definida; não interpretar como zero.",
"H02","2","Main rear door hinge assembly","Dobradiça da porta traseira principal","2","CURRENT_OBJECT_COUNT","piece","steel; finish/grade TBD","{}","PURCHASE_BEFORE_CNC","REQUIRED_FLATPACK_HARDWARE","true","04","[""config/rear_door_v32.json""]","Two short hinges, not the backbox piano-hinge family. Each consists of two leaves and one pin.","Dimensões e ferragens provisórias; confirmar peça física e montagem antes da liberação.",
"H03","2","Main rear keyed cam-lock assembly","Fechadura de lingueta com chave da porta principal","1","CURRENT_OBJECT_COUNT","piece","steel; finish/grade TBD","{}","PURCHASE_BEFORE_CNC","REQUIRED_FLATPACK_HARDWARE","true","04","[""config/rear_door_v32.json""]","","Dimensões e ferragens provisórias; confirmar peça física e montagem antes da liberação.",
"H04","2","Main rear door handle","Puxador da porta traseira principal","1","CURRENT_OBJECT_COUNT","piece","steel; finish/grade TBD","{}","PURCHASE_BEFORE_CNC","REQUIRED_FLATPACK_HARDWARE","true","04","[""config/rear_hardware_v32.json#handle""]","","Dimensões e ferragens provisórias; confirmar peça física e montagem antes da liberação.",
"W02-use4","2","Ø4 clearance washer, Ø9 ×1","Arruela para folga Ø4, Ø9 ×1","2","ADDITIONAL_USAGE_PLANNING","piece","steel; finish/grade TBD","{""inner_diameter_mm"":4.5,""outer_diameter_mm"":9,""thickness_mm"":1}","PURCHASE_BEFORE_ASSEMBLY","REQUIRED_FLATPACK_HARDWARE","true","04","[""CURRENT V32 B-reps / owner V33 inventory instruction""]","Main rear handle washers have exact same CURRENT B-rep radii4.5/2.25 and1 mm thickness as W02.","Uma família Ø9×1 com folga4,5; separar quantidades obrigatórias e opcionais.",
"B05","2","Floor intake lower guard","Grade inferior da entrada de ar do fundo","2","CURRENT_OBJECT_COUNT","piece","steel; finish/grade TBD","{}","PURCHASE_BEFORE_CNC","REQUIRED_FLATPACK_HARDWARE","true","05","[""CURRENT V32 B-reps / owner V33 inventory instruction""]","Retained for passive intake protection even without fan. Current lower guard is a rotated packaging box, not a solid air-blocking plate.","Dimensões e ferragens provisórias; confirmar peça física e montagem antes da liberação.",
"F12","2","M4 ×16 floor-filter screw","Parafuso M4 ×16 do filtro do fundo","8","CURRENT_OBJECT_COUNT","piece","steel; finish/grade TBD","{""diameter_mm"":4,""length_mm"":16,""head"":""pan"",""head_diameter_mm"":8,""head_height_mm"":3}","PURCHASE_BEFORE_CNC","REQUIRED_FLATPACK_HARDWARE","true","05","[""CURRENT V32 B-reps / owner V33 inventory instruction""]","","Dimensões e ferragens provisórias; confirmar peça física e montagem antes da liberação.",
"F13","2","Short floor lower-guard attachment screws","Parafusos curtos da grade inferior do filtro","8","ARCHITECTURE_COUNT","piece","steel; finish/grade TBD","{}","PURCHASE_BEFORE_CNC","REQUIRED_FLATPACK_HARDWARE","true","05","[""config/notch_floor_fans_v32.json#fans.lower_guard_fixing""]","4 per guard on rotated105 mm pitch; diameter/head/length unselected; 8 mm frame prevents using long screws blindly.","Dimensões e ferragens provisórias; confirmar peça física e montagem antes da liberação.",
"G03","2","Floor intake replaceable filter media","Mídia filtrante substituível do fundo","2","CURRENT_OBJECT_COUNT","piece","serviceable mesh/filter; permeability TBD","{}","PURCHASE_BEFORE_ASSEMBLY","REQUIRED_FLATPACK_HARDWARE","true","05","[""CURRENT V32 B-reps / owner V33 inventory instruction""]","","Dimensões e ferragens provisórias; confirmar peça física e montagem antes da liberação.",
"I04","2","M4 blind floor-filter insert","Inserto cego M4 do filtro do fundo","8","CURRENT_OBJECT_COUNT","piece","steel; finish/grade TBD","{""thread"":""M4"",""outer_diameter_mm"":6,""length_mm"":8}","PURCHASE_BEFORE_CNC","REQUIRED_FLATPACK_HARDWARE","true","05","[""config/notch_floor_fans_v32.json""]","10 mm remaining floor skin in nominal 18 mm stock; purchased insert must fit existing reserve.","Dimensões e ferragens provisórias; confirmar peça física e montagem antes da liberação.",
"B16","2","WPC floor backing plate","Chapa de apoio dos fixadores WPC no piso","2","ARCHITECTURE_COUNT","piece","steel; finish/grade TBD","{}","PURCHASE_BEFORE_CNC","REQUIRED_FLATPACK_HARDWARE","true","06","[""studies/wpc-fold-v32/README.md""]","Documented backing relationship; purchased plate dimensions/holes/material unmeasured, not a custom fabricated design.","Dimensões e ferragens provisórias; confirmar peça física e montagem antes da liberação.",
"F14","2","WPC 4322-01139-12B pivot bolt","WPC 4322-01139-12B parafuso do pivô","2","ARCHITECTURE_COUNT","piece","steel; finish/grade TBD","{}","PURCHASE_BEFORE_CNC","REQUIRED_FLATPACK_HARDWARE","true","06","[""config/wpc_kinematics_v32.json; studies/wpc-fold-v32/README.md""]","PHYSICAL MEASUREMENT HOLD. No metric substitution of a mating imperial thread. No CNC drilling released.","MEDIÇÃO FÍSICA OBRIGATÓRIA. Não substituir roscas WPC imperiais por métricas; nenhum furo CNC liberado.",
"F15","2","WPC floor attachment fasteners","Fixadores WPC no piso da caixa superior","6","ARCHITECTURE_COUNT","piece","steel; finish/grade TBD","{}","PURCHASE_BEFORE_CNC","REQUIRED_FLATPACK_HARDWARE","true","06","[""CURRENT V32 B-reps / owner V33 inventory instruction""]","3 per arm; measured hole/thread/head/length and access needed. Rare cassette removal allowed for hinge maintenance only.","Dimensões e ferragens provisórias; confirmar peça física e montagem antes da liberação.",
"F16","2","Backbox shell/frame/rail joint screws","Parafusos das juntas da caixa superior",,"UNRESOLVED_NOT_ZERO","piece","steel; finish/grade TBD","{}","PURCHASE_BEFORE_CNC","REQUIRED_FLATPACK_HARDWARE","true","06","[""CURRENT V32 B-reps / owner V33 inventory instruction""]","Shell, rear frame, hinge cleats, monitor rail cleats and cassette cleats require joint schedule. Counts/pilots not implied by envelopes.","Dimensões e ferragens provisórias; confirmar peça física e montagem antes da liberação. Quantidade não definida; não interpretar como zero.",
"F54","2","Backbox side-to-floor joint screws","Parafusos da junta lateral/piso superior","6","ARCHITECTURE_COUNT","piece","steel; finish/grade TBD","{""diameter_mm_max_planning"":4,""floor_thread_reach_mm"":20}","PURCHASE_BEFORE_CNC","REQUIRED_FLATPACK_HARDWARE","true","06","[""config/backbox_structure_review_v32.json#joint_planning""]","3 per side provisional planning; glued captured joint. Separate from remaining shell joints F16.","6 parafusos planejados,3 por lado, com junta capturada e colada.",
"H08","2","WPC 01-9011-L left","WPC 01-9011-L esquerda","1","ARCHITECTURE_COUNT","piece","steel; finish/grade TBD","{}","PURCHASE_BEFORE_CNC","REQUIRED_FLATPACK_HARDWARE","true","06","[""config/wpc_kinematics_v32.json; studies/wpc-fold-v32/README.md""]","PHYSICAL MEASUREMENT HOLD. No metric substitution of a mating imperial thread. No CNC drilling released.","MEDIÇÃO FÍSICA OBRIGATÓRIA. Não substituir roscas WPC imperiais por métricas; nenhum furo CNC liberado.",
"H09","2","WPC 01-9011-R right","WPC 01-9011-R direita","1","ARCHITECTURE_COUNT","piece","steel; finish/grade TBD","{}","PURCHASE_BEFORE_CNC","REQUIRED_FLATPACK_HARDWARE","true","06","[""config/wpc_kinematics_v32.json; studies/wpc-fold-v32/README.md""]","PHYSICAL MEASUREMENT HOLD. No metric substitution of a mating imperial thread. No CNC drilling released.","MEDIÇÃO FÍSICA OBRIGATÓRIA. Não substituir roscas WPC imperiais por métricas; nenhum furo CNC liberado.",
"H10","2","WPC 02-4352 bushing","WPC 02-4352 bucha","2","ARCHITECTURE_COUNT","piece","steel; finish/grade TBD","{}","PURCHASE_BEFORE_CNC","REQUIRED_FLATPACK_HARDWARE","true","06","[""config/wpc_kinematics_v32.json; studies/wpc-fold-v32/README.md""]","PHYSICAL MEASUREMENT HOLD. No metric substitution of a mating imperial thread. No CNC drilling released.","MEDIÇÃO FÍSICA OBRIGATÓRIA. Não substituir roscas WPC imperiais por métricas; nenhum furo CNC liberado.",
"W06","2","WPC pivot/floor washer and nut stack","Conjunto de arruelas e porcas WPC",,"UNRESOLVED_NOT_ZERO","piece","steel; finish/grade TBD","{}","PURCHASE_BEFORE_CNC","REQUIRED_FLATPACK_HARDWARE","true","06","[""CURRENT V32 B-reps / owner V33 inventory instruction""]","Unresolved content and count; do not add metric nuts to unknown WPC threads.","Dimensões e ferragens provisórias; confirmar peça física e montagem antes da liberação. Quantidade não definida; não interpretar como zero.",
"B07","2","Positive tether slack keeper","Presilha positiva da sobra do cabo de retenção","2","ARCHITECTURE_COUNT","piece","steel; finish/grade TBD","{}","PURCHASE_BEFORE_ASSEMBLY","REQUIRED_FLATPACK_HARDWARE","true","07","[""CURRENT V32 B-reps / owner V33 inventory instruction""]","Reusable mechanical cord keeper. Fold requires slack secured around knob.","Dimensões e ferragens provisórias; confirmar peça física e montagem antes da liberação.",
"B08","2","Parking-block tether anchor","Ancoragem do cabo no bloco de estacionamento","2","ARCHITECTURE_COUNT","piece","steel; finish/grade TBD","{}","PURCHASE_BEFORE_CNC","REQUIRED_FLATPACK_HARDWARE","true","07","[""CURRENT V32 B-reps / owner V33 inventory instruction""]","Ordinary eye/clamp with positive mounting; selected stack and screws unresolved.","Dimensões e ferragens provisórias; confirmar peça física e montagem antes da liberação.",
"F17","2","Parking-pad countersunk wood screw","Parafuso escareado dos blocos de estacionamento","4","CURRENT_OBJECT_COUNT","piece","steel; finish/grade TBD","{""diameter_mm"":4,""length_mm"":48,""head_diameter_mm"":9,""head"":""countersunk""}","PURCHASE_BEFORE_CNC","REQUIRED_FLATPACK_HARDWARE","true","07","[""CURRENT V32 B-reps / owner V33 inventory instruction""]","48 mm modeled envelope, not a chosen stock SKU; two screws per laminated block.","48 mm é reserva CAD; não trocar automaticamente por parafuso50 mm.",
"H11","2","M8 ×40 captive upright-lock hand knob","Manípulo cativo M8 ×40 da trava vertical","2","CURRENT_OBJECT_COUNT","piece","steel; finish/grade TBD","{""diameter_mm"":8,""length_mm"":40,""head_diameter_mm"":40,""head_height_mm"":26}","PURCHASE_BEFORE_CNC","REQUIRED_FLATPACK_HARDWARE","true","07","[""config/backbox_lock_integration_v32.json""]","L130/R470,Y1260. Architecture family only; rotating loss-protection ring purchased with compatible shaft.","2 manípulos M8×40 em X130/X470,Y1260. Soltar pelas portas e rosquear nos alojamentos antes de dobrar.",
"H12","2","Mechanical knob tether, 200 mm","Cabo mecânico de retenção do manípulo, 200 mm","2","CURRENT_OBJECT_COUNT","piece","flexible loss-protection tether","{""length_mm"":200}","PURCHASE_BEFORE_ASSEMBLY","REQUIRED_FLATPACK_HARDWARE","true","07","[""CURRENT V32 B-reps / owner V33 inventory instruction""]","Not electrical wiring. Installed shape includes stored corridor, not exact strand geometry.","2 cabos mecânicos200 mm; manter sobra presa. Não são cabos elétricos.",
"H13","2","Rotating loss-protection ring","Anel giratório de proteção contra perda","2","ARCHITECTURE_COUNT","piece","steel; finish/grade TBD","{}","PURCHASE_BEFORE_ASSEMBLY","REQUIRED_FLATPACK_HARDWARE","true","07","[""CURRENT V32 B-reps / owner V33 inventory instruction""]","May be supplied with H11; included flag must suppress duplicate purchase.","Pode acompanhar H11; confirmar conteúdo do conjunto para evitar compra duplicada.",
"I05","2","M8 metal-backed shelf captive receiver","Receptor roscado metálico M8 da prateleira traseira","2","CURRENT_OBJECT_COUNT","piece","steel; finish/grade TBD","{""thread"":""M8"",""outer_diameter_mm"":12,""length_mm"":12,""backing_diameter_mm"":32,""backing_thickness_mm"":3}","PURCHASE_BEFORE_CNC","REQUIRED_FLATPACK_HARDWARE","true","07","[""CURRENT V32 B-reps / owner V33 inventory instruction""]","Backing is included in receiver assembly; do not buy separate duplicate backing. Anti-rotation/retention unresolved.","2 receptores M8 com apoio metálico; incluir a chapa, sem compra duplicada. Antirrotação pendente.",
"I06","2","M8 metal parking insert","Inserto metálico M8 para guardar o manípulo","2","CURRENT_OBJECT_COUNT","piece","steel; finish/grade TBD","{""thread"":""M8"",""outer_diameter_mm"":12,""length_mm"":12}","PURCHASE_BEFORE_CNC","REQUIRED_FLATPACK_HARDWARE","true","07","[""CURRENT V32 B-reps / owner V33 inventory instruction""]","X185/X415,Y1268; parking only, not structural backbox clamping.","2 insertos M8 em X185/X415,Y1268; guardam manípulos, não suportam a caixa.",
"W07","2","Captive upright-lock load washer","Arruela cativa de carga da trava vertical","2","CURRENT_OBJECT_COUNT","piece","steel; finish/grade TBD","{""inner_diameter_mm"":9,""outer_diameter_mm"":32,""thickness_mm"":3}","PURCHASE_BEFORE_CNC","REQUIRED_FLATPACK_HARDWARE","true","07","[""config/backbox_lock_integration_v32.json""]","","Dimensões e ferragens provisórias; confirmar peça física e montagem antes da liberação.",
"W08","2","Captive washer retention ring","Anel de retenção da arruela cativa","2","ARCHITECTURE_COUNT","piece","steel; finish/grade TBD","{}","PURCHASE_BEFORE_ASSEMBLY","REQUIRED_FLATPACK_HARDWARE","true","07","[""CURRENT V32 B-reps / owner V33 inventory instruction""]","Compatible ordinary retaining hardware required; groove/stack not frozen. Loose washers not allowed.","Dimensões e ferragens provisórias; confirmar peça física e montagem antes da liberação.",
"F18","2","Backbox piano-hinge fixing screws","Parafusos das dobradiças contínuas superiores",,"UNRESOLVED_NOT_ZERO","piece","steel; finish/grade TBD","{}","PURCHASE_BEFORE_CNC","REQUIRED_FLATPACK_HARDWARE","true","08","[""CURRENT V32 B-reps / owner V33 inventory instruction""]","Quantity from purchased hole pitch on both leaves of both hinges; maximum engagement limited by12 mm door.","Dimensões e ferragens provisórias; confirmar peça física e montagem antes da liberação. Quantidade não definida; não interpretar como zero.",
"F19","2","Backbox latch/astragal fasteners","Fixadores dos ferrolhos e sobreposição central",,"UNRESOLVED_NOT_ZERO","piece","steel; finish/grade TBD","{}","PURCHASE_BEFORE_CNC","REQUIRED_FLATPACK_HARDWARE","true","08","[""CURRENT V32 B-reps / owner V33 inventory instruction""]","Count/length pending hardware and joint schedule; no permanent center mullion.","Dimensões e ferragens provisórias; confirmar peça física e montagem antes da liberação. Quantidade não definida; não interpretar como zero.",
"G04","2","Backbox perimeter door gasket","Vedação perimetral das portas superiores","2","CURRENT_OBJECT_COUNT","cut set","replaceable closed-cell foam / EPDM","{}","PURCHASE_BEFORE_ASSEMBLY","REQUIRED_FLATPACK_HARDWARE","true","08","[""CURRENT V32 B-reps / owner V33 inventory instruction""]","2 cut sets; supply length includes waste only after supplier selection. 2 mm compressed reserve.","Dimensões e ferragens provisórias; confirmar peça física e montagem antes da liberação.",
"G05","2","Backbox center meeting-line gasket","Vedação central das portas superiores","1","CURRENT_OBJECT_COUNT","piece","replaceable closed-cell foam / EPDM","{}","PURCHASE_BEFORE_ASSEMBLY","REQUIRED_FLATPACK_HARDWARE","true","08","[""CURRENT V32 B-reps / owner V33 inventory instruction""]","","Dimensões e ferragens provisórias; confirmar peça física e montagem antes da liberação.",
"H14","2","628 mm continuous backbox door hinge","Dobradiça contínua de 628 mm da caixa superior","2","CURRENT_OBJECT_COUNT","piece","steel; finish/grade TBD","{}","PURCHASE_BEFORE_CNC","REQUIRED_FLATPACK_HARDWARE","true","08","[""config/backbox_service_v32.json#rear""]","628 mm envelope; leaf widths23/20,1.5 thick,knuckleØ5 provisional. Final hole pitch not frozen.","2 dobradiças contínuas628 mm; passo dos furos não liberado. Não equivalem às dobradiças principais.",
"H15","2","Backbox active-door keyed cam lock","Fechadura de lingueta da porta ativa superior","1","CURRENT_OBJECT_COUNT","piece","steel; finish/grade TBD","{}","PURCHASE_BEFORE_CNC","REQUIRED_FLATPACK_HARDWARE","true","08","[""CURRENT V32 B-reps / owner V33 inventory instruction""]","One purchased mechanism incl tongue; does not substitute main rear door lock without fit review.","Dimensões e ferragens provisórias; confirmar peça física e montagem antes da liberação.",
"H16","2","Backbox passive-leaf retaining bolt","Ferrolho da folha passiva superior","2","CURRENT_OBJECT_COUNT","piece","steel; finish/grade TBD","{}","PURCHASE_BEFORE_CNC","REQUIRED_FLATPACK_HARDWARE","true","08","[""CURRENT V32 B-reps / owner V33 inventory instruction""]","Upper and lower bolt. Purchased strike/attachment stack included but unmeasured.","2 ferrolhos na folha passiva, superior e inferior; não há montante central fixo.",
"F21","2","M4 backbox blank-station fixing","Fixador M4 da tampa cega superior","8","ARCHITECTURE_COUNT","piece","steel; finish/grade TBD","{""diameter_mm"":4,""length_mm"":null,""head"":""pan""}","PURCHASE_BEFORE_CNC","REQUIRED_FLATPACK_HARDWARE","true","09","[""CURRENT V32 B-reps / owner V33 inventory instruction""]","4 per existing blank; same105 mm pitch as fan. Basic kit includes blanks; fan bolts replace these, not additive at same station.","8 fixadores das tampas básicas,4 por estação. Na montagem com ventoinha, substituem-se os parafusos.",
"F22","2","Backbox intake frame/baffle/filter fixings","Fixadores do quadro, defletor e filtro superior",,"UNRESOLVED_NOT_ZERO","piece","steel; finish/grade TBD","{}","PURCHASE_BEFORE_CNC","REQUIRED_FLATPACK_HARDWARE","true","09","[""CURRENT V32 B-reps / owner V33 inventory instruction""]","2 serviceable intakes; count/length and mesh clamping not defined by current assembly.","Dimensões e ferragens provisórias; confirmar peça física e montagem antes da liberação. Quantidade não definida; não interpretar como zero.",
"G07","2","Backbox low-intake filter/mesh","Filtro/tela da entrada inferior superior","2","CURRENT_OBJECT_COUNT","piece","serviceable insect mesh/filter","{}","PURCHASE_BEFORE_ASSEMBLY","REQUIRED_FLATPACK_HARDWARE","true","09","[""CURRENT V32 B-reps / owner V33 inventory instruction""]","","Dimensões e ferragens provisórias; confirmar peça física e montagem antes da liberação.",
"I07","2","M4 station captive nut/insert","Porca/inserto cativo M4 da estação superior","8","ARCHITECTURE_COUNT","piece","steel; finish/grade TBD","{""thread"":""M4""}","PURCHASE_BEFORE_CNC","REQUIRED_FLATPACK_HARDWARE","true","09","[""CURRENT V32 B-reps / owner V33 inventory instruction""]","Captive form must preserve interchangeable fan/blank and12 mm leaf. No insert bore invented.","Dimensões e ferragens provisórias; confirmar peça física e montagem antes da liberação.",
"W02-use3","2","Ø4 clearance washer, Ø9 ×1","Arruela para folga Ø4, Ø9 ×1","16","ADDITIONAL_USAGE_PLANNING","piece","steel; finish/grade TBD","{""inner_diameter_mm"":4.5,""outer_diameter_mm"":9,""thickness_mm"":1}","PURCHASE_BEFORE_ASSEMBLY","REQUIRED_FLATPACK_HARDWARE","true","09","[""CURRENT V32 B-reps / owner V33 inventory instruction""]","Planning2 per backbox station for fan OR blank, counted once; bought with basic blank station. Washer stack HOLD.","Uma família Ø9×1 com folga4,5; separar quantidades obrigatórias e opcionais.",
"F24","2","Backglass top-retainer M6-family fastener","Fixador M6 da barra superior do vidro","2","CURRENT_OBJECT_COUNT","piece","steel; finish/grade TBD","{""diameter_mm"":6,""length_mm"":30,""head"":""unselected""}","PURCHASE_BEFORE_CNC","REQUIRED_FLATPACK_HARDWARE","true","10","[""CURRENT V32 B-reps / owner V33 inventory instruction""]","Ø6×30 reserve only, head/captive thread not selected. No unretained glass during fold.","Reserva Ø6×30; cabeça e rosca cativa ainda não selecionadas. Vidro retido durante a dobra.",
"F25","2","Monitor depth-position M6 through bolt","Parafuso passante M6 de profundidade do monitor","4","CURRENT_OBJECT_COUNT","piece","steel; finish/grade TBD","{""diameter_mm"":6,""length_mm"":72,""head"":""unselected""}","PURCHASE_BEFORE_CNC","REQUIRED_FLATPACK_HARDWARE","true","10","[""CURRENT V32 B-reps / owner V33 inventory instruction""]","72 mm is corridor/shank envelope, not stock SKU length. Rail/shoe retention independent of display.","72 mm é reserva do parafuso/corredor, não comprimento comercial congelado.",
"F26","2","Monitor alignment M6 clamp bolt","Parafuso M6 de alinhamento do monitor","4","CURRENT_OBJECT_COUNT","piece","steel; finish/grade TBD","{""diameter_mm"":6,""length_mm"":null,""head"":""unselected""}","PURCHASE_BEFORE_CNC","REQUIRED_FLATPACK_HARDWARE","true","10","[""CURRENT V32 B-reps / owner V33 inventory instruction""]","4 clamps; existing Ø18×36 objects are washer/tool stack reserves, NOT Ø18 bolts.","4 grampos M6; cilindros Ø18×36 representam conjunto/arruela, não parafusos Ø18.",
"F27","2","Monitor M6 adjustable lower stop","Parafuso M6 do batente inferior regulável","2","CURRENT_OBJECT_COUNT","piece","steel; finish/grade TBD","{""diameter_mm"":6,""length_mm"":46,""head"":""unselected""}","PURCHASE_BEFORE_CNC","REQUIRED_FLATPACK_HARDWARE","true","10","[""CURRENT V32 B-reps / owner V33 inventory instruction""]","46 mm reference cylinder, not final screw length; positive stop with locknut.","Dimensões e ferragens provisórias; confirmar peça física e montagem antes da liberação.",
"F28","2","Monitor ladder/stop/cleat wood joints","Fixadores de madeira da estrutura do monitor",,"UNRESOLVED_NOT_ZERO","piece","steel; finish/grade TBD","{}","PURCHASE_BEFORE_CNC","REQUIRED_FLATPACK_HARDWARE","true","10","[""CURRENT V32 B-reps / owner V33 inventory instruction""]","Carrier shoes, stop blocks, contact pads and fixed rail cleats need attachment schedule; quantity unresolved.","Dimensões e ferragens provisórias; confirmar peça física e montagem antes da liberação. Quantidade não definida; não interpretar como zero.",
"G08","2","Backglass side U-liners","Perfis U de revestimento lateral do vidro superior","2","CURRENT_OBJECT_COUNT","cut set","felt/EPDM/U liner","{}","PURCHASE_BEFORE_CNC","REQUIRED_FLATPACK_HARDWARE","true","10","[""CURRENT V32 B-reps / owner V33 inventory instruction""]"," Selected component must qualify the existing station/channel before CNC; optional classification does not waive the hold if fitted.","Dimensões e ferragens provisórias; confirmar peça física e montagem antes da liberação.",
"G09","2","Backglass lower and top pads","Apoios macios inferior e superior do vidro","2","CURRENT_OBJECT_COUNT","cut set","felt/EPDM","{}","PURCHASE_BEFORE_CNC","REQUIRED_FLATPACK_HARDWARE","true","10","[""CURRENT V32 B-reps / owner V33 inventory instruction""]"," Selected component must qualify the existing station/channel before CNC; optional classification does not waive the hold if fitted.","Dimensões e ferragens provisórias; confirmar peça física e montagem antes da liberação.",
"I08","2","Top-retainer captive metal thread","Rosca metálica cativa da barra superior","2","ARCHITECTURE_COUNT","piece","steel; finish/grade TBD","{""thread"":""M6""}","PURCHASE_BEFORE_CNC","REQUIRED_FLATPACK_HARDWARE","true","10","[""CURRENT V32 B-reps / owner V33 inventory instruction""]","Repeated removal; purchased retention/stock engagement unresolved.","Dimensões e ferragens provisórias; confirmar peça física e montagem antes da liberação.",
"I09","2","Monitor M6 positive-retention nuts","Porcas M6 de retenção do monitor","8","ARCHITECTURE_COUNT","piece","steel; finish/grade TBD","{""thread"":""M6""}","PURCHASE_BEFORE_ASSEMBLY","REQUIRED_FLATPACK_HARDWARE","true","10","[""CURRENT V32 B-reps / owner V33 inventory instruction""]","","Dimensões e ferragens provisórias; confirmar peça física e montagem antes da liberação.",
"I10","2","M6 stop captive thread","Rosca cativa M6 do batente","2","ARCHITECTURE_COUNT","piece","steel; finish/grade TBD","{""thread"":""M6""}","PURCHASE_BEFORE_CNC","REQUIRED_FLATPACK_HARDWARE","true","10","[""CURRENT V32 B-reps / owner V33 inventory instruction""]","","Dimensões e ferragens provisórias; confirmar peça física e montagem antes da liberação.",
"I11","2","M6 stop locknut","Contraporca M6 do batente","2","ARCHITECTURE_COUNT","piece","steel; finish/grade TBD","{""thread"":""M6""}","PURCHASE_BEFORE_ASSEMBLY","REQUIRED_FLATPACK_HARDWARE","true","10","[""CURRENT V32 B-reps / owner V33 inventory instruction""]","","Dimensões e ferragens provisórias; confirmar peça física e montagem antes da liberação.",
"W09","2","Monitor M6 large clamping washer","Arruela larga M6 do suporte de monitor","16","ARCHITECTURE_COUNT","piece","steel; finish/grade TBD","{""thread"":""M6"",""outer_diameter_mm"":18,""thickness_mm"":null}","PURCHASE_BEFORE_ASSEMBLY","REQUIRED_FLATPACK_HARDWARE","true","10","[""CURRENT V32 B-reps / owner V33 inventory instruction""]","Planning2 per8 through clamps/depth bolts; final bolt head may integrate washer. Not a selected DIN dimension.","16 arruelas planejadas para8 fixadores; confirmar eventual arruela integrada à cabeça.",
"F30","2","Lower cassette M4 positive attachment","Fixador positivo M4 do cassete inferior","4","CURRENT_OBJECT_COUNT","piece","steel; finish/grade TBD","{""diameter_mm"":4,""length_mm"":65,""head"":""unselected""}","PURCHASE_BEFORE_CNC","REQUIRED_FLATPACK_HARDWARE","true","11","[""CURRENT V32 B-reps / owner V33 inventory instruction""]","4 attachments,65 mm reference envelope; selected bolt/washer/thread stack must fit. No cassette geometry change.","4 fixadores positivos do cassete;65 mm é reserva. Sem alteração do cassete.",
"F31","2","Replaceable baffle/bezel and DMD-adapter fixings","Fixadores dos defletores, molduras e adaptador DMD",,"UNRESOLVED_NOT_ZERO","piece","steel; finish/grade TBD","{}","PURCHASE_BEFORE_CNC","REQUIRED_FLATPACK_HARDWARE","true","11","[""CURRENT V32 B-reps / owner V33 inventory instruction""]","Retention of blank modules required even without electronics. Counts/lengths unresolved; cannot assume four cassette bolts also secure inserts.","Dimensões e ferragens provisórias; confirmar peça física e montagem antes da liberação. Quantidade não definida; não interpretar como zero.",
"I12","2","Cassette M4 captive receiver","Receptor cativo M4 do cassete","4","ARCHITECTURE_COUNT","piece","steel; finish/grade TBD","{""thread"":""M4""}","PURCHASE_BEFORE_CNC","REQUIRED_FLATPACK_HARDWARE","true","11","[""CURRENT V32 B-reps / owner V33 inventory instruction""]","","Dimensões e ferragens provisórias; confirmar peça física e montagem antes da liberação.",
"W10","2","Cassette M4 load washer","Arruela M4 do cassete","4","ARCHITECTURE_COUNT","piece","steel; finish/grade TBD","{""thread"":""M4""}","PURCHASE_BEFORE_ASSEMBLY","REQUIRED_FLATPACK_HARDWARE","true","11","[""CURRENT V32 B-reps / owner V33 inventory instruction""]","","Dimensões e ferragens provisórias; confirmar peça física e montagem antes da liberação.",
"B12","2","Playfield glass side channel","Canaleta lateral do vidro do playfield","2","CURRENT_OBJECT_COUNT","piece","replaceable channel; material/SKU TBD","{}","PURCHASE_BEFORE_CNC","REQUIRED_FLATPACK_HARDWARE","true","12","[""CURRENT V32 B-reps / owner V33 inventory instruction""]","Separate from backglass liners; do not infer stock channel from envelope.","Dimensões e ferragens provisórias; confirmar peça física e montagem antes da liberação.",
"F34","2","M4 ×20 matrix thumb screw","Parafuso manual M4 ×20 da matriz","2","CURRENT_OBJECT_COUNT","piece","steel; finish/grade TBD","{""diameter_mm"":4,""length_mm"":20,""head_diameter_mm"":12,""head_height_mm"":4}","PURCHASE_BEFORE_CNC","REQUIRED_FLATPACK_HARDWARE","true","12","[""config/matrix_cassette_v32.json""]","","Dimensões e ferragens provisórias; confirmar peça física e montagem antes da liberação.",
"F35","2","4 ×50 countersunk matrix-support screw","Parafuso escareado4 ×50 do suporte da matriz","4","CURRENT_OBJECT_COUNT","piece","steel; finish/grade TBD","{""diameter_mm"":4,""length_mm"":50,""head"":""countersunk"",""head_diameter_mm"":8}","PURCHASE_BEFORE_CNC","REQUIRED_FLATPACK_HARDWARE","true","12","[""config/matrix_cassette_v32.json""]","","Dimensões e ferragens provisórias; confirmar peça física e montagem antes da liberação.",
"F36","2","Playfield channel/lockdown fixing hardware","Fixadores da canaleta e receiver da lockdown",,"UNRESOLVED_NOT_ZERO","piece","steel; finish/grade TBD","{}","PURCHASE_BEFORE_CNC","REQUIRED_FLATPACK_HARDWARE","true","12","[""CURRENT V32 B-reps / owner V33 inventory instruction""]","Permanent holes depend on channel and actual receiver; count unresolved.","Dimensões e ferragens provisórias; confirmar peça física e montagem antes da liberação. Quantidade não definida; não interpretar como zero.",
"F39","2","Front-door frame fixing set","Conjunto de fixação da moldura frontal",,"UNRESOLVED_NOT_ZERO","piece","steel; finish/grade TBD","{}","PURCHASE_BEFORE_CNC","REQUIRED_FLATPACK_HARDWARE","true","12","[""CURRENT V32 B-reps / owner V33 inventory instruction""]","Count/thread from selected front door; no historical mounting count assumed.","Dimensões e ferragens provisórias; confirmar peça física e montagem antes da liberação. Quantidade não definida; não interpretar como zero.",
"G12","2","Playfield glass channel liner/seal","Revestimento/vedação da canaleta do playfield","2","ARCHITECTURE_COUNT","cut set","replaceable soft liner","{}","PURCHASE_BEFORE_ASSEMBLY","REQUIRED_FLATPACK_HARDWARE","true","12","[""CURRENT V32 B-reps / owner V33 inventory instruction""]","2 side runs; lengths and front/rear pads from selected channel/bar.","Dimensões e ferragens provisórias; confirmar peça física e montagem antes da liberação.",
"H20","2","600 mm body lockdown bar","Barra lockdown para caixa de600 mm","1","ARCHITECTURE_COUNT","piece","steel; finish/grade TBD","{}","PURCHASE_BEFORE_CNC","REQUIRED_FLATPACK_HARDWARE","true","12","[""config/panel_closure_v32.json#lockdown""]","Existing accepted custom-width outsourced bar strategy. V33 adds no custom metal; no fabrication drawing generated.","Barra sob medida para caixa600 mm já aceita; V33 não cria nova fabricação metálica.",
"H21","2","WPC-compatible lockdown receiver","Receiver compatível WPC da lockdown","1","ARCHITECTURE_COUNT","piece","steel; finish/grade TBD","{}","PURCHASE_BEFORE_CNC","REQUIRED_FLATPACK_HARDWARE","true","12","[""config/panel_closure_v32.json#lockdown""]","A-16673-1 / A-9174-4 references, not two purchases. Pattern/lever service/width to measure.","Dimensões e ferragens provisórias; confirmar peça física e montagem antes da liberação.",
"H22","2","Front coin-door/frame/keyed access assembly","Conjunto de porta frontal, moldura e fechadura","1","CURRENT_OBJECT_COUNT","piece","steel; finish/grade TBD","{}","PURCHASE_BEFORE_CNC","REQUIRED_FLATPACK_HARDWARE","true","12","[""CURRENT V32 B-reps / owner V33 inventory instruction""]","Closure/interface required; coin mechanisms/electrics optional. Front reserve is a study, not selected purchased door.","Dimensões e ferragens provisórias; confirmar peça física e montagem antes da liberação.",
"I13","2","M4 matrix support insert","Inserto M4 do suporte da matriz","2","CURRENT_OBJECT_COUNT","piece","steel; finish/grade TBD","{}","PURCHASE_BEFORE_CNC","REQUIRED_FLATPACK_HARDWARE","true","12","[""tools/matrix_cassette_v32_entry.py""]","","Dimensões e ferragens provisórias; confirmar peça física e montagem antes da liberação.",
"H26","3","Optional mobility skate set","Conjunto opcional de patins externos de transporte","1","ARCHITECTURE_COUNT","set","steel; finish/grade TBD","{}","OPTIONAL","OPTIONAL_FLATPACK_HARDWARE","true","01","[""CURRENT V32 B-reps / owner V33 inventory instruction""]","External removable PinSkates-style only; no integrated wheels.","Dimensões e ferragens provisórias; confirmar peça física e montagem antes da liberação.",
"G02","3","Main rear door contact felt","Feltro de contato da porta traseira",,"UNRESOLVED_NOT_ZERO","piece","adhesive furniture felt","{}","OPTIONAL","OPTIONAL_FLATPACK_HARDWARE","true","04","[""CURRENT V32 B-reps / owner V33 inventory instruction""]","Owner adds at actual contact; not a restraint. Quantity/size determined at assembly.","Dimensões e ferragens provisórias; confirmar peça física e montagem antes da liberação. Quantidade não definida; não interpretar como zero.",
"H05","3","Optional main rear door limiter set","Conjunto limitador opcional da porta principal","1","ARCHITECTURE_COUNT","set","steel; finish/grade TBD","{}","OPTIONAL","OPTIONAL_FLATPACK_HARDWARE","true","04","[""CURRENT V32 B-reps / owner V33 inventory instruction""]","Accessory only; no new mechanism designed.","Dimensões e ferragens provisórias; confirmar peça física e montagem antes da liberação.",
"H06","3","Optional main rear slide bolt","Ferrolho opcional da porta principal","1","ARCHITECTURE_COUNT","piece","steel; finish/grade TBD","{}","OPTIONAL","OPTIONAL_FLATPACK_HARDWARE","true","04","[""CURRENT V32 B-reps / owner V33 inventory instruction""]","","Dimensões e ferragens provisórias; confirmar peça física e montagem antes da liberação.",
"B04","3","120 mm main rear fan finger guard","Grade de proteção 120 mm da ventoinha traseira","4","CURRENT_OBJECT_COUNT","piece","steel; finish/grade TBD","{}","OPTIONAL","OPTIONAL_FLATPACK_HARDWARE","true","05","[""CURRENT V32 B-reps / owner V33 inventory instruction""]","4 guards; purchased finger protection/free area not certified.","Dimensões e ferragens provisórias; confirmar peça física e montagem antes da liberação.",
"B06","3","Floor fan upper finger guard","Grade superior da ventoinha do fundo","2","CURRENT_OBJECT_COUNT","piece","steel; finish/grade TBD","{}","OPTIONAL","OPTIONAL_FLATPACK_HARDWARE","true","05","[""CURRENT V32 B-reps / owner V33 inventory instruction""]","","Dimensões e ferragens provisórias; confirmar peça física e montagem antes da liberação.",
"F10","3","M4 ×55 main rear fan bolt","Parafuso M4 ×55 da ventoinha traseira principal","8","CURRENT_OBJECT_COUNT","piece","steel; finish/grade TBD","{""diameter_mm"":4,""length_mm"":55,""head"":""pan"",""head_diameter_mm"":8,""head_height_mm"":3}","PURCHASE_BEFORE_CNC","OPTIONAL_FLATPACK_HARDWARE","true","05","[""config/fixed_rear_services_v32.json""]"," Selected component must qualify the existing station/channel before CNC; optional classification does not waive the hold if fitted.","Dimensões e ferragens provisórias; confirmar peça física e montagem antes da liberação.",
"F11","3","M4 ×50 floor fan bolt","Parafuso M4 ×50 da ventoinha do fundo","8","CURRENT_OBJECT_COUNT","piece","steel; finish/grade TBD","{""diameter_mm"":4,""length_mm"":50,""head"":""pan"",""head_diameter_mm"":8,""head_height_mm"":3}","PURCHASE_BEFORE_CNC","OPTIONAL_FLATPACK_HARDWARE","true","05","[""config/notch_floor_fans_v32.json""]"," Selected component must qualify the existing station/channel before CNC; optional classification does not waive the hold if fitted.","Dimensões e ferragens provisórias; confirmar peça física e montagem antes da liberação.",
"H07","3","120 mm main/floor optional fan","Ventoinha opcional 120 mm da caixa/fundo","4","CURRENT_OBJECT_COUNT","piece","fan assembly; no electrical interface selected","{""width_mm"":120,""height_mm"":120,""depth_mm"":25,""pitch_mm"":105}","PURCHASE_BEFORE_CNC","OPTIONAL_FLATPACK_HARDWARE","true","05","[""CURRENT V32 B-reps / owner V33 inventory instruction""]","4 optional fans. Passive floor filtration remains possible; thermal qualification is separate. Selected component must qualify the existing station/channel before CNC; optional classification does not waive the hold if fitted.","Dimensões e ferragens provisórias; confirmar peça física e montagem antes da liberação.",
"I03","3","M4 fan nut","Porca M4 da ventoinha","16","CURRENT_OBJECT_COUNT","piece","steel; finish/grade TBD","{""thread"":""M4"",""outer_diameter_mm"":8,""length_mm"":3.2}","OPTIONAL","OPTIONAL_FLATPACK_HARDWARE","true","05","[""CURRENT V32 B-reps / owner V33 inventory instruction""]","","Dimensões e ferragens provisórias; confirmar peça física e montagem antes da liberação.",
"W02-use1","3","Ø4 clearance washer, Ø9 ×1","Arruela para folga Ø4, Ø9 ×1","16","ADDITIONAL_USAGE_PLANNING","piece","steel; finish/grade TBD","{""inner_diameter_mm"":4.5,""outer_diameter_mm"":9,""thickness_mm"":1}","PURCHASE_BEFORE_ASSEMBLY","OPTIONAL_FLATPACK_HARDWARE","true","05","[""CURRENT V32 B-reps / owner V33 inventory instruction""]","Rear fan stack only; not mandatory when fans omitted.","Uma família Ø9×1 com folga4,5; separar quantidades obrigatórias e opcionais.",
"W02-use2","3","Ø4 clearance washer, Ø9 ×1","Arruela para folga Ø4, Ø9 ×1","16","ADDITIONAL_USAGE_PLANNING","piece","steel; finish/grade TBD","{""inner_diameter_mm"":4.5,""outer_diameter_mm"":9,""thickness_mm"":1}","PURCHASE_BEFORE_ASSEMBLY","OPTIONAL_FLATPACK_HARDWARE","true","05","[""CURRENT V32 B-reps / owner V33 inventory instruction""]","Floor fan washer requirement in config, omitted from current CAD;2 per bolt. Stack fit HOLD.","Uma família Ø9×1 com folga4,5; separar quantidades obrigatórias e opcionais.",
"B09","3","Backbox fan finger guard","Grade da ventoinha superior","2","CURRENT_OBJECT_COUNT","piece","steel; finish/grade TBD","{}","OPTIONAL","OPTIONAL_FLATPACK_HARDWARE","true","09","[""CURRENT V32 B-reps / owner V33 inventory instruction""]","","Dimensões e ferragens provisórias; confirmar peça física e montagem antes da liberação.",
"B10","3","Flexible fan-cable clamp/strain relief","Abraçadeira/alívio de tração do cabo flexível","4","CURRENT_OBJECT_COUNT","piece","steel; finish/grade TBD","{}","PURCHASE_BEFORE_CNC","OPTIONAL_FLATPACK_HARDWARE","true","09","[""CURRENT V32 B-reps / owner V33 inventory instruction""]","Two fixed and two door attachment points; only two door reserves modeled. Connector choice remains builder-defined.","Dimensões e ferragens provisórias; confirmar peça física e montagem antes da liberação.",
"B11","3","Optional downward fan dust hood","Capa opcional de ventilação voltada para baixo","2","ARCHITECTURE_COUNT","piece","steel; finish/grade TBD","{""width_mm"":140,""depth_mm"":19,""height_mm"":140}","OPTIONAL","OPTIONAL_FLATPACK_HARDWARE","true","09","[""CURRENT V32 B-reps / owner V33 inventory instruction""]","Owner-accepted accessory reserve in service source; not installed CURRENT geometry.","Dimensões e ferragens provisórias; confirmar peça física e montagem antes da liberação.",
"F20","3","M4 backbox fan-station bolt, length pending","Parafuso M4 da ventoinha superior, comprimento pendente","8","ARCHITECTURE_COUNT","piece","steel; finish/grade TBD","{""diameter_mm"":4,""length_mm"":null,""head"":""pan""}","PURCHASE_BEFORE_CNC","OPTIONAL_FLATPACK_HARDWARE","true","09","[""CURRENT V32 B-reps / owner V33 inventory instruction""]","12 mm door +25 mm fan +accessories; do not copy main55 mm bolt automatically. Selected component must qualify the existing station/channel before CNC; optional classification does not waive the hold if fitted.","8 parafusos M4 opcionais; comprimento depende da porta12 mm, ventoinha25 mm e acessórios.",
"F23","3","Fan-loop clamp screws","Parafusos das abraçadeiras dos cabos",,"UNRESOLVED_NOT_ZERO","piece","steel; finish/grade TBD","{}","PURCHASE_BEFORE_CNC","OPTIONAL_FLATPACK_HARDWARE","true","09","[""CURRENT V32 B-reps / owner V33 inventory instruction""]","Clamp SKU controls number and screw length; electrical connectors excluded.","Dimensões e ferragens provisórias; confirmar peça física e montagem antes da liberação. Quantidade não definida; não interpretar como zero.",
"F55","3","Optional dust-hood service screws","Parafusos de serviço da capa antipoeira","4","ARCHITECTURE_COUNT","piece","steel; finish/grade TBD","{}","OPTIONAL","OPTIONAL_FLATPACK_HARDWARE","true","09","[""CURRENT V32 B-reps / owner V33 inventory instruction""]","Two per optional hood in service concept; hole and screw geometry remain unselected.","Dimensões e ferragens provisórias; confirmar peça física e montagem antes da liberação.",
"G06","3","Backbox fan dust mesh/filter","Tela/filtro da ventoinha superior","2","CURRENT_OBJECT_COUNT","piece","mesh/filter","{}","OPTIONAL","OPTIONAL_FLATPACK_HARDWARE","true","09","[""CURRENT V32 B-reps / owner V33 inventory instruction""]","Exhaust pressure loss unresolved; no zero-restriction assumption.","Dimensões e ferragens provisórias; confirmar peça física e montagem antes da liberação.",
"H17","3","Optional 120 mm backbox door fan","Ventoinha opcional 120 mm da porta superior","2","CURRENT_OBJECT_COUNT","piece","fan assembly","{""width_mm"":120,""height_mm"":120,""depth_mm"":25,""pitch_mm"":105}","PURCHASE_BEFORE_CNC","OPTIONAL_FLATPACK_HARDWARE","true","09","[""CURRENT V32 B-reps / owner V33 inventory instruction""]","Fan state replaces blank; no manufacturer/connector required. Selected component must qualify the existing station/channel before CNC; optional classification does not waive the hold if fitted.","Dimensões e ferragens provisórias; confirmar peça física e montagem antes da liberação.",
"F40","3","Button bracket mounting fasteners","Fixadores dos suportes de botões",,"UNRESOLVED_NOT_ZERO","piece","steel; finish/grade TBD","{}","PURCHASE_BEFORE_CNC","OPTIONAL_FLATPACK_HARDWARE","true","12","[""CURRENT V32 B-reps / owner V33 inventory instruction""]","4 side brackets, exact number of screws unselected.","Dimensões e ferragens provisórias; confirmar peça física e montagem antes da liberação. Quantidade não definida; não interpretar como zero.",
"H23","3","Coin mechanism/tray mounting set","Conjunto de mecanismos e bandeja de moedas","1","CURRENT_OBJECT_COUNT","set","steel; finish/grade TBD","{}","OPTIONAL","OPTIONAL_FLATPACK_HARDWARE","true","12","[""CURRENT V32 B-reps / owner V33 inventory instruction""]","Optional1 set of2 mechanisms/tray/supports; no duplicate part purchase for CAD components.","Dimensões e ferragens provisórias; confirmar peça física e montagem antes da liberação.",
"H24","3","Optional pinball button mechanical set","Conjunto mecânico opcional de botões de pinball","8","CURRENT_OBJECT_COUNT","piece","steel; finish/grade TBD","{}","PURCHASE_BEFORE_CNC","OPTIONAL_FLATPACK_HARDWARE","true","12","[""CURRENT V32 B-reps / owner V33 inventory instruction""]","4 side +4 front bodies, side nuts/brackets included. Hole shapes remain existing references; builder may choose later buttons.","Dimensões e ferragens provisórias; confirmar peça física e montagem antes da liberação.",
"H25","3","Optional removable toy shelf","Prateleira removível opcional de brinquedos","1","ARCHITECTURE_COUNT","piece","plywood accessory; not in current installed CAD","{}","OPTIONAL","OPTIONAL_FLATPACK_HARDWARE","true","13","[""CURRENT V32 B-reps / owner V33 inventory instruction""]","Study only; no mandatory toy shelf. No unvalidated production cut part generated.","Prateleira de brinquedos apenas acessória; não obrigatória nem instalada.",
"B14","4","Protected mains inlet enclosure reference","Reserva de invólucro protegido da entrada de rede","1","CURRENT_OBJECT_COUNT","piece","insulating/protective enclosure","{}","PURCHASE_BEFORE_CNC","FUTURE_ELECTRONICS_HARDWARE","true","13","[""CURRENT V32 B-reps / owner V33 inventory instruction""]","Safety-critical electrical interface, not general low-voltage hardware. No exposed terminals; no wiring design in V33.","Eletrônica futura, excluída do flatpack obrigatório; o volume CAD não seleciona um produto.",
"E01","4","Playfield display","Monitor do playfield","1","CURRENT_OBJECT_COUNT","piece","electronic reference; model selected later","{}","PURCHASE_BEFORE_ASSEMBLY","FUTURE_ELECTRONICS_HARDWARE","true","13","[""CURRENT V32 B-reps / owner V33 inventory instruction""]","Not in mandatory flatpack; dimensions from CURRENT occupied envelope only.","Eletrônica futura, excluída do flatpack obrigatório; o volume CAD não seleciona um produto.",
"E02","4","Backglass display","Monitor superior","1","CURRENT_OBJECT_COUNT","piece","electronic reference; model selected later","{}","PURCHASE_BEFORE_ASSEMBLY","FUTURE_ELECTRONICS_HARDWARE","true","13","[""CURRENT V32 B-reps / owner V33 inventory instruction""]","Not in mandatory flatpack; dimensions from CURRENT occupied envelope only.","Eletrônica futura, excluída do flatpack obrigatório; o volume CAD não seleciona um produto.",
"E03","4","DMD display","Tela DMD","1","CURRENT_OBJECT_COUNT","piece","electronic reference; model selected later","{}","PURCHASE_BEFORE_ASSEMBLY","FUTURE_ELECTRONICS_HARDWARE","true","13","[""CURRENT V32 B-reps / owner V33 inventory instruction""]","Not in mandatory flatpack; dimensions from CURRENT occupied envelope only.","Eletrônica futura, excluída do flatpack obrigatório; o volume CAD não seleciona um produto.",
"E04","4","Backbox speakers","Alto-falantes superiores","2","CURRENT_OBJECT_COUNT","piece","electronic reference; model selected later","{}","PURCHASE_BEFORE_ASSEMBLY","FUTURE_ELECTRONICS_HARDWARE","true","13","[""CURRENT V32 B-reps / owner V33 inventory instruction""]","Not in mandatory flatpack; dimensions from CURRENT occupied envelope only.","Eletrônica futura, excluída do flatpack obrigatório; o volume CAD não seleciona um produto.",
"E05","4","PC open chassis and computer","Gabinete aberto e computador","1","CURRENT_OBJECT_COUNT","piece","electronic reference; model selected later","{}","PURCHASE_BEFORE_ASSEMBLY","FUTURE_ELECTRONICS_HARDWARE","true","13","[""CURRENT V32 B-reps / owner V33 inventory instruction""]","Not in mandatory flatpack; dimensions from CURRENT occupied envelope only.","Eletrônica futura, excluída do flatpack obrigatório; o volume CAD não seleciona um produto.",
"E06","4","SSF exciter","Excitador SSF","4","CURRENT_OBJECT_COUNT","piece","electronic reference; model selected later","{}","PURCHASE_BEFORE_ASSEMBLY","FUTURE_ELECTRONICS_HARDWARE","true","13","[""CURRENT V32 B-reps / owner V33 inventory instruction""]","Not in mandatory flatpack; dimensions from CURRENT occupied envelope only.","Eletrônica futura, excluída do flatpack obrigatório; o volume CAD não seleciona um produto.",
"E07","4","Bass shaker","Transdutor de graves","1","CURRENT_OBJECT_COUNT","piece","electronic reference; model selected later","{}","PURCHASE_BEFORE_ASSEMBLY","FUTURE_ELECTRONICS_HARDWARE","true","13","[""CURRENT V32 B-reps / owner V33 inventory instruction""]","Not in mandatory flatpack; dimensions from CURRENT occupied envelope only.","Eletrônica futura, excluída do flatpack obrigatório; o volume CAD não seleciona um produto.",
"E08","4","Subwoofer","Subwoofer","1","CURRENT_OBJECT_COUNT","piece","electronic reference; model selected later","{}","PURCHASE_BEFORE_ASSEMBLY","FUTURE_ELECTRONICS_HARDWARE","true","13","[""CURRENT V32 B-reps / owner V33 inventory instruction""]","Not in mandatory flatpack; dimensions from CURRENT occupied envelope only.","Eletrônica futura, excluída do flatpack obrigatório; o volume CAD não seleciona um produto.",
"E09","4","Amplifier","Amplificador","1","CURRENT_OBJECT_COUNT","piece","electronic reference; model selected later","{}","PURCHASE_BEFORE_ASSEMBLY","FUTURE_ELECTRONICS_HARDWARE","true","13","[""CURRENT V32 B-reps / owner V33 inventory instruction""]","Not in mandatory flatpack; dimensions from CURRENT occupied envelope only.","Eletrônica futura, excluída do flatpack obrigatório; o volume CAD não seleciona um produto.",
"E10","4","Protected power supply","Fonte protegida","1","CURRENT_OBJECT_COUNT","piece","electronic reference; model selected later","{}","PURCHASE_BEFORE_ASSEMBLY","FUTURE_ELECTRONICS_HARDWARE","true","13","[""CURRENT V32 B-reps / owner V33 inventory instruction""]","Not in mandatory flatpack; dimensions from CURRENT occupied envelope only.","Eletrônica futura, excluída do flatpack obrigatório; o volume CAD não seleciona um produto.",
"E11","4","USB sound interface","Interface de áudio USB","1","CURRENT_OBJECT_COUNT","piece","electronic reference; model selected later","{}","PURCHASE_BEFORE_ASSEMBLY","FUTURE_ELECTRONICS_HARDWARE","true","13","[""CURRENT V32 B-reps / owner V33 inventory instruction""]","Not in mandatory flatpack; dimensions from CURRENT occupied envelope only.","Eletrônica futura, excluída do flatpack obrigatório; o volume CAD não seleciona um produto.",
"E12","4","Matrix LED panel","Painel LED da matriz","6","CURRENT_OBJECT_COUNT","piece","electronic reference; model selected later","{}","PURCHASE_BEFORE_ASSEMBLY","FUTURE_ELECTRONICS_HARDWARE","true","13","[""CURRENT V32 B-reps / owner V33 inventory instruction""]","Not in mandatory flatpack; dimensions from CURRENT occupied envelope only.","Eletrônica futura, excluída do flatpack obrigatório; o volume CAD não seleciona um produto.",
"E13","4","Button switches/contacts","Contatos/interruptores dos botões","6","CURRENT_OBJECT_COUNT","piece","electronic reference; model selected later","{}","PURCHASE_BEFORE_ASSEMBLY","FUTURE_ELECTRONICS_HARDWARE","true","13","[""CURRENT V32 B-reps / owner V33 inventory instruction""]","Not in mandatory flatpack; dimensions from CURRENT occupied envelope only.","Eletrônica futura, excluída do flatpack obrigatório; o volume CAD não seleciona um produto.",
"E14","4","Optional toys/controllers/LED/relays","Brinquedos, controladores, LEDs e relés opcionais",,"UNRESOLVED_NOT_ZERO","piece","electronic reference; model selected later","{}","PURCHASE_BEFORE_ASSEMBLY","FUTURE_ELECTRONICS_HARDWARE","true","13","[""CURRENT V32 B-reps / owner V33 inventory instruction""]","Not in mandatory flatpack; dimensions from CURRENT occupied envelope only.","Eletrônica futura, excluída do flatpack obrigatório; o volume CAD não seleciona um produto.",
"R01","4","Cable / connector routing reserves","Reservas de passagem de cabos/conectores","0","NOT_PHYSICAL","piece","nonphysical clearance","{}","PURCHASE_BEFORE_ASSEMBLY","REFERENCE_ONLY_NOT_FROZEN","true","13","[""CURRENT V32 B-reps / owner V33 inventory instruction""]","NOT A PURCHASE. CAD solids are clearance envelopes; retain in exploded metadata as hidden guides.","Reserva de espaço não física; não comprar nem fabricar.",
"R02","4","Button service approach reserves","Reservas de acesso de serviço dos botões","0","NOT_PHYSICAL","piece","nonphysical clearance","{}","PURCHASE_BEFORE_ASSEMBLY","REFERENCE_ONLY_NOT_FROZEN","true","13","[""CURRENT V32 B-reps / owner V33 inventory instruction""]","NOT A PURCHASE. CAD solids are clearance envelopes; retain in exploded metadata as hidden guides.","Reserva de espaço não física; não comprar nem fabricar.",
"R03","4","Future toy mounting volumes","Volumes livres para brinquedos","0","NOT_PHYSICAL","piece","nonphysical clearance","{}","PURCHASE_BEFORE_ASSEMBLY","REFERENCE_ONLY_NOT_FROZEN","true","13","[""CURRENT V32 B-reps / owner V33 inventory instruction""]","NOT A PURCHASE. CAD solids are clearance envelopes; retain in exploded metadata as hidden guides.","Reserva de espaço não física; não comprar nem fabricar.",
"R04","4","Unpopulated equipment/payload/plunger reserves","Reservas de equipamentos, carga e plunger","0","NOT_PHYSICAL","piece","nonphysical clearance","{}","PURCHASE_BEFORE_ASSEMBLY","REFERENCE_ONLY_NOT_FROZEN","true","13","[""CURRENT V32 B-reps / owner V33 inventory instruction""]","NOT A PURCHASE. CAD solids are clearance envelopes; retain in exploded metadata as hidden guides.","Reserva de espaço não física; não comprar nem fabricar.",
"G10","5","User-supplied backbox tempered glass","Vidro temperado superior fornecido pelo usuário","1","CURRENT_OBJECT_COUNT","piece","tempered glass","{}","PURCHASE_BEFORE_CNC","USER_ADAPTER_HARDWARE","true","10","[""CURRENT V32 B-reps / owner V33 inventory instruction""]","752×465×4 current reserve; supplier confirms3–4 mm, edges and channel/liner fit before order.","Dimensões e ferragens provisórias; confirmar peça física e montagem antes da liberação. Definido pelo adaptador/equipamento do usuário; não integra o kit básico.",
"G11","5","User-supplied playfield glass","Vidro do playfield fornecido pelo usuário","1","CURRENT_OBJECT_COUNT","piece","tempered glass","{}","PURCHASE_BEFORE_CNC","USER_ADAPTER_HARDWARE","true","12","[""config/panel_closure_v32.json#glass_study""]","575×1100×5 study, not glass order; front/rear capture remains lockdown-dependent.","Dimensões e ferragens provisórias; confirmar peça física e montagem antes da liberação. Definido pelo adaptador/equipamento do usuário; não integra o kit básico.",
"B15","5","Playfield replaceable VESA attachment","Fixação VESA substituível do playfield","1","CURRENT_OBJECT_COUNT","piece","adapter interface; exact construction TBD","{}","PURCHASE_BEFORE_CNC","USER_ADAPTER_HARDWARE","true","13","[""CURRENT V32 B-reps / owner V33 inventory instruction""]","CURRENT envelope is not a CNC wood part or selected bracket; no metal pivot introduced.","Dimensões e ferragens provisórias; confirmar peça física e montagem antes da liberação. Definido pelo adaptador/equipamento do usuário; não integra o kit básico.",
"F29","5","Display VESA mounting screws and spacers","Parafusos e espaçadores VESA do monitor",,"UNRESOLVED_NOT_ZERO","piece","steel; finish/grade TBD","{}","PURCHASE_BEFORE_ASSEMBLY","USER_ADAPTER_HARDWARE","true","13","[""CURRENT V32 B-reps / owner V33 inventory instruction""]","Exact display thread, insertion depth and count from selected monitor; not automatically M6.","Dimensões e ferragens provisórias; confirmar peça física e montagem antes da liberação. Quantidade não definida; não interpretar como zero. Definido pelo adaptador/equipamento do usuário; não integra o kit básico.",
"F32","5","Selected speaker mounting screws","Parafusos dos alto-falantes escolhidos",,"UNRESOLVED_NOT_ZERO","piece","steel; finish/grade TBD","{}","PURCHASE_BEFORE_ASSEMBLY","USER_ADAPTER_HARDWARE","true","13","[""CURRENT V32 B-reps / owner V33 inventory instruction""]","Speaker-specific holes only in replaceable baffles.","Dimensões e ferragens provisórias; confirmar peça física e montagem antes da liberação. Quantidade não definida; não interpretar como zero. Definido pelo adaptador/equipamento do usuário; não integra o kit básico.",
"F33","5","Selected DMD mounting hardware","Fixadores do DMD escolhido",,"UNRESOLVED_NOT_ZERO","piece","steel; finish/grade TBD","{}","PURCHASE_BEFORE_ASSEMBLY","USER_ADAPTER_HARDWARE","true","13","[""CURRENT V32 B-reps / owner V33 inventory instruction""]","VESA/non-VESA adapters; no permanent model-specific pattern.","Dimensões e ferragens provisórias; confirmar peça física e montagem antes da liberação. Quantidade não definida; não interpretar como zero. Definido pelo adaptador/equipamento do usuário; não integra o kit básico.",
"F42","5","Subwoofer floor mounting bolts","Parafusos do subwoofer ao fundo","8","ARCHITECTURE_COUNT","piece","steel; finish/grade TBD","{}","PURCHASE_BEFORE_CNC","USER_ADAPTER_HARDWARE","true","13","[""CURRENT V32 B-reps / owner V33 inventory instruction""]","Selected equipment controls thread/length/retention. Existing holes/reserves remain provisional; not included in basic flatpack.","Dimensões e ferragens provisórias; confirmar peça física e montagem antes da liberação. Definido pelo adaptador/equipamento do usuário; não integra o kit básico.",
"F43","5","Bass-shaker carrier floor anchors","Fixadores da base do transdutor ao fundo","4","ARCHITECTURE_COUNT","piece","steel; finish/grade TBD","{}","PURCHASE_BEFORE_CNC","USER_ADAPTER_HARDWARE","true","13","[""CURRENT V32 B-reps / owner V33 inventory instruction""]","Selected equipment controls thread/length/retention. Existing holes/reserves remain provisional; not included in basic flatpack.","Dimensões e ferragens provisórias; confirmar peça física e montagem antes da liberação. Definido pelo adaptador/equipamento do usuário; não integra o kit básico.",
"F44","5","Bass-shaker to carrier fasteners","Fixadores do transdutor à base",,"UNRESOLVED_NOT_ZERO","piece","steel; finish/grade TBD","{}","PURCHASE_BEFORE_ASSEMBLY","USER_ADAPTER_HARDWARE","true","13","[""CURRENT V32 B-reps / owner V33 inventory instruction""]","Selected equipment controls thread/length/retention. Existing holes/reserves remain provisional; not included in basic flatpack.","Dimensões e ferragens provisórias; confirmar peça física e montagem antes da liberação. Quantidade não definida; não interpretar como zero. Definido pelo adaptador/equipamento do usuário; não integra o kit básico.",
"F45","5","Exciter IMS mounting fasteners","Fixadores IMS dos excitadores",,"UNRESOLVED_NOT_ZERO","piece","steel; finish/grade TBD","{}","PURCHASE_BEFORE_CNC","USER_ADAPTER_HARDWARE","true","13","[""CURRENT V32 B-reps / owner V33 inventory instruction""]","Selected equipment controls thread/length/retention. Existing holes/reserves remain provisional; not included in basic flatpack.","Dimensões e ferragens provisórias; confirmar peça física e montagem antes da liberação. Quantidade não definida; não interpretar como zero. Definido pelo adaptador/equipamento do usuário; não integra o kit básico.",
"F46","5","PC chassis/base and component restraints","Fixadores do PC e retenção dos componentes",,"UNRESOLVED_NOT_ZERO","piece","steel; finish/grade TBD","{}","PURCHASE_BEFORE_ASSEMBLY","USER_ADAPTER_HARDWARE","true","13","[""CURRENT V32 B-reps / owner V33 inventory instruction""]","Selected equipment controls thread/length/retention. Existing holes/reserves remain provisional; not included in basic flatpack.","Dimensões e ferragens provisórias; confirmar peça física e montagem antes da liberação. Quantidade não definida; não interpretar como zero. Definido pelo adaptador/equipamento do usuário; não integra o kit básico.",
"F47","5","Electronics board shelf standoffs and screws","Espaçadores e parafusos de placas eletrônicas",,"UNRESOLVED_NOT_ZERO","piece","steel; finish/grade TBD","{}","PURCHASE_BEFORE_ASSEMBLY","USER_ADAPTER_HARDWARE","true","13","[""CURRENT V32 B-reps / owner V33 inventory instruction""]","Selected equipment controls thread/length/retention. Existing holes/reserves remain provisional; not included in basic flatpack.","Dimensões e ferragens provisórias; confirmar peça física e montagem antes da liberação. Quantidade não definida; não interpretar como zero. Definido pelo adaptador/equipamento do usuário; não integra o kit básico.",
"F48","5","Matrix panel mounting fasteners","Fixadores dos painéis da matriz",,"UNRESOLVED_NOT_ZERO","piece","steel; finish/grade TBD","{}","PURCHASE_BEFORE_ASSEMBLY","USER_ADAPTER_HARDWARE","true","13","[""CURRENT V32 B-reps / owner V33 inventory instruction""]","Selected equipment controls thread/length/retention. Existing holes/reserves remain provisional; not included in basic flatpack.","Dimensões e ferragens provisórias; confirmar peça física e montagem antes da liberação. Quantidade não definida; não interpretar como zero. Definido pelo adaptador/equipamento do usuário; não integra o kit básico.",
"F49","5","Toy mounting board fasteners","Fixadores de placas de brinquedos",,"UNRESOLVED_NOT_ZERO","piece","steel; finish/grade TBD","{}","PURCHASE_BEFORE_ASSEMBLY","USER_ADAPTER_HARDWARE","true","13","[""CURRENT V32 B-reps / owner V33 inventory instruction""]","Selected equipment controls thread/length/retention. Existing holes/reserves remain provisional; not included in basic flatpack.","Dimensões e ferragens provisórias; confirmar peça física e montagem antes da liberação. Quantidade não definida; não interpretar como zero. Definido pelo adaptador/equipamento do usuário; não integra o kit básico.",
"F50","5","Mains/network flange and enclosure fasteners","Fixadores das flanges e invólucros de rede/energia",,"UNRESOLVED_NOT_ZERO","piece","steel; finish/grade TBD","{}","PURCHASE_BEFORE_CNC","USER_ADAPTER_HARDWARE","true","13","[""CURRENT V32 B-reps / owner V33 inventory instruction""]","Selected equipment controls thread/length/retention. Existing holes/reserves remain provisional; not included in basic flatpack.","Dimensões e ferragens provisórias; confirmar peça física e montagem antes da liberação. Quantidade não definida; não interpretar como zero. Definido pelo adaptador/equipamento do usuário; não integra o kit básico.",
"F51","5","Playfield display-to-adapter fasteners","Fixadores do monitor ao adaptador do playfield",,"UNRESOLVED_NOT_ZERO","piece","steel; finish/grade TBD","{}","PURCHASE_BEFORE_ASSEMBLY","USER_ADAPTER_HARDWARE","true","13","[""CURRENT V32 B-reps / owner V33 inventory instruction""]","Supplier-defined VESA screw depth/count; independent of eight saddle screws.","Dimensões e ferragens provisórias; confirmar peça física e montagem antes da liberação. Quantidade não definida; não interpretar como zero. Definido pelo adaptador/equipamento do usuário; não integra o kit básico.",
