ISO-10303-21;
HEADER;
FILE_DESCRIPTION(('FreeCAD Model'),'2;1');
FILE_NAME('Open CASCADE Shape Model','2026-09-27T09:50:48',('FreeCAD'),(
    'FreeCAD'),'Open CASCADE STEP processor 7.8','FreeCAD','Unknown');
FILE_SCHEMA(('AUTOMOTIVE_DESIGN { 1 0 10303 214 1 1 1 1 }'));
ENDSEC;
DATA;
#1 = APPLICATION_PROTOCOL_DEFINITION('international standard',
  'automotive_design',2000,#2);
#2 = APPLICATION_CONTEXT(
  'core data for automotive mechanical design processes');
#3 = SHAPE_DEFINITION_REPRESENTATION(#4,#10);
#4 = PRODUCT_DEFINITION_SHAPE('','',#5);
#5 = PRODUCT_DEFINITION('design','',#6,#9);
#6 = PRODUCT_DEFINITION_FORMATION('','',#7);
#7 = PRODUCT('Open CASCADE STEP translator 7.8 1',
  'Open CASCADE STEP translator 7.8 1','',(#8));
#8 = PRODUCT_CONTEXT('',#2,'mechanical');
#9 = PRODUCT_DEFINITION_CONTEXT('part definition',#2,'design');
#10 = SHAPE_REPRESENTATION('',(#11,#15,#495,#975,#1585,#1871,#2060,#2249
    ,#2789,#3270,#3420,#3570,#3720,#3870,#4020,#4170,#4320,#4470,#4620,
    #4770,#4920,#5070,#5742,#6036,#6708,#7002,#7152,#7824,#8118,#8790,
    #9084,#9234,#9906,#10200,#10872,#11166,#11316,#11466,#11616,#11766),
  #11916);
#11 = AXIS2_PLACEMENT_3D('',#12,#13,#14);
#12 = CARTESIAN_POINT('',(0.,0.,0.));
#13 = DIRECTION('',(0.,0.,1.));
#14 = DIRECTION('',(1.,0.,-0.));
#15 = MANIFOLD_SOLID_BREP('',#16);
#16 = CLOSED_SHELL('',(#17,#57,#88,#119,#177,#235,#252,#264,#281,#306,
    #331,#356,#381,#401,#421,#441,#461,#478));
#17 = ADVANCED_FACE('',(#18),#52,.F.);
#18 = FACE_BOUND('',#19,.F.);
#19 = EDGE_LOOP('',(#20,#30,#38,#46));
#20 = ORIENTED_EDGE('',*,*,#21,.T.);
#21 = EDGE_CURVE('',#22,#24,#26,.T.);
#22 = VERTEX_POINT('',#23);
#23 = CARTESIAN_POINT('',(0.,0.,0.));
#24 = VERTEX_POINT('',#25);
#25 = CARTESIAN_POINT('',(18.,0.,0.));
#26 = LINE('',#27,#28);
#27 = CARTESIAN_POINT('',(0.,0.,0.));
#28 = VECTOR('',#29,1.);
#29 = DIRECTION('',(1.,0.,0.));
#30 = ORIENTED_EDGE('',*,*,#31,.T.);
#31 = EDGE_CURVE('',#24,#32,#34,.T.);
#32 = VERTEX_POINT('',#33);
#33 = CARTESIAN_POINT('',(18.,1.3081E+03,0.));
#34 = LINE('',#35,#36);
#35 = CARTESIAN_POINT('',(18.,0.,0.));
#36 = VECTOR('',#37,1.);
#37 = DIRECTION('',(0.,1.,0.));
#38 = ORIENTED_EDGE('',*,*,#39,.F.);
#39 = EDGE_CURVE('',#40,#32,#42,.T.);
#40 = VERTEX_POINT('',#41);
#41 = CARTESIAN_POINT('',(0.,1.3081E+03,0.));
#42 = LINE('',#43,#44);
#43 = CARTESIAN_POINT('',(0.,1.3081E+03,0.));
#44 = VECTOR('',#45,1.);
#45 = DIRECTION('',(1.,0.,0.));
#46 = ORIENTED_EDGE('',*,*,#47,.F.);
#47 = EDGE_CURVE('',#22,#40,#48,.T.);
#48 = LINE('',#49,#50);
#49 = CARTESIAN_POINT('',(0.,0.,0.));
#50 = VECTOR('',#51,1.);
#51 = DIRECTION('',(0.,1.,0.));
#52 = PLANE('',#53);
#53 = AXIS2_PLACEMENT_3D('',#54,#55,#56);
#54 = CARTESIAN_POINT('',(0.,0.,0.));
#55 = DIRECTION('',(0.,0.,1.));
#56 = DIRECTION('',(0.,1.,0.));
#57 = ADVANCED_FACE('',(#58),#83,.F.);
#58 = FACE_BOUND('',#59,.F.);
#59 = EDGE_LOOP('',(#60,#70,#76,#77));
#60 = ORIENTED_EDGE('',*,*,#61,.T.);
#61 = EDGE_CURVE('',#62,#64,#66,.T.);
#62 = VERTEX_POINT('',#63);
#63 = CARTESIAN_POINT('',(0.,0.,400.05));
#64 = VERTEX_POINT('',#65);
#65 = CARTESIAN_POINT('',(18.,0.,400.05));
#66 = LINE('',#67,#68);
#67 = CARTESIAN_POINT('',(0.,0.,400.05));
#68 = VECTOR('',#69,1.);
#69 = DIRECTION('',(1.,0.,0.));
#70 = ORIENTED_EDGE('',*,*,#71,.T.);
#71 = EDGE_CURVE('',#64,#24,#72,.T.);
#72 = LINE('',#73,#74);
#73 = CARTESIAN_POINT('',(18.,0.,400.05));
#74 = VECTOR('',#75,1.);
#75 = DIRECTION('',(0.,0.,-1.));
#76 = ORIENTED_EDGE('',*,*,#21,.F.);
#77 = ORIENTED_EDGE('',*,*,#78,.F.);
#78 = EDGE_CURVE('',#62,#22,#79,.T.);
#79 = LINE('',#80,#81);
#80 = CARTESIAN_POINT('',(0.,0.,400.05));
#81 = VECTOR('',#82,1.);
#82 = DIRECTION('',(0.,0.,-1.));
#83 = PLANE('',#84);
#84 = AXIS2_PLACEMENT_3D('',#85,#86,#87);
#85 = CARTESIAN_POINT('',(0.,0.,400.05));
#86 = DIRECTION('',(0.,1.,0.));
#87 = DIRECTION('',(0.,0.,-1.));
#88 = ADVANCED_FACE('',(#89),#114,.F.);
#89 = FACE_BOUND('',#90,.F.);
#90 = EDGE_LOOP('',(#91,#92,#100,#108));
#91 = ORIENTED_EDGE('',*,*,#39,.T.);
#92 = ORIENTED_EDGE('',*,*,#93,.T.);
#93 = EDGE_CURVE('',#32,#94,#96,.T.);
#94 = VERTEX_POINT('',#95);
#95 = CARTESIAN_POINT('',(18.,1.3081E+03,596.9));
#96 = LINE('',#97,#98);
#97 = CARTESIAN_POINT('',(18.,1.3081E+03,0.));
#98 = VECTOR('',#99,1.);
#99 = DIRECTION('',(0.,0.,1.));
#100 = ORIENTED_EDGE('',*,*,#101,.F.);
#101 = EDGE_CURVE('',#102,#94,#104,.T.);
#102 = VERTEX_POINT('',#103);
#103 = CARTESIAN_POINT('',(0.,1.3081E+03,596.9));
#104 = LINE('',#105,#106);
#105 = CARTESIAN_POINT('',(0.,1.3081E+03,596.9));
#106 = VECTOR('',#107,1.);
#107 = DIRECTION('',(1.,0.,0.));
#108 = ORIENTED_EDGE('',*,*,#109,.F.);
#109 = EDGE_CURVE('',#40,#102,#110,.T.);
#110 = LINE('',#111,#112);
#111 = CARTESIAN_POINT('',(0.,1.3081E+03,0.));
#112 = VECTOR('',#113,1.);
#113 = DIRECTION('',(0.,0.,1.));
#114 = PLANE('',#115);
#115 = AXIS2_PLACEMENT_3D('',#116,#117,#118);
#116 = CARTESIAN_POINT('',(0.,1.3081E+03,0.));
#117 = DIRECTION('',(0.,-1.,0.));
#118 = DIRECTION('',(0.,0.,1.));
#119 = ADVANCED_FACE('',(#120,#139,#150,#161),#172,.F.);
#120 = FACE_BOUND('',#121,.F.);
#121 = EDGE_LOOP('',(#122,#123,#124,#132,#138));
#122 = ORIENTED_EDGE('',*,*,#47,.T.);
#123 = ORIENTED_EDGE('',*,*,#109,.T.);
#124 = ORIENTED_EDGE('',*,*,#125,.T.);
#125 = EDGE_CURVE('',#102,#126,#128,.T.);
#126 = VERTEX_POINT('',#127);
#127 = CARTESIAN_POINT('',(0.,1.127125E+03,596.9));
#128 = LINE('',#129,#130);
#129 = CARTESIAN_POINT('',(0.,1.3081E+03,596.9));
#130 = VECTOR('',#131,1.);
#131 = DIRECTION('',(0.,-1.,0.));
#132 = ORIENTED_EDGE('',*,*,#133,.T.);
#133 = EDGE_CURVE('',#126,#62,#134,.T.);
#134 = LINE('',#135,#136);
#135 = CARTESIAN_POINT('',(0.,1.127125E+03,596.9));
#136 = VECTOR('',#137,1.);
#137 = DIRECTION('',(0.,-0.985089306859,-0.172043766268));
#138 = ORIENTED_EDGE('',*,*,#78,.T.);
#139 = FACE_BOUND('',#140,.F.);
#140 = EDGE_LOOP('',(#141));
#141 = ORIENTED_EDGE('',*,*,#142,.F.);
#142 = EDGE_CURVE('',#143,#143,#145,.T.);
#143 = VERTEX_POINT('',#144);
#144 = CARTESIAN_POINT('',(0.,1.27E+03,514.35));
#145 = CIRCLE('',#146,6.35);
#146 = AXIS2_PLACEMENT_3D('',#147,#148,#149);
#147 = CARTESIAN_POINT('',(0.,1.27E+03,508.));
#148 = DIRECTION('',(1.,0.,-0.));
#149 = DIRECTION('',(0.,0.,1.));
#150 = FACE_BOUND('',#151,.F.);
#151 = EDGE_LOOP('',(#152));
#152 = ORIENTED_EDGE('',*,*,#153,.F.);
#153 = EDGE_CURVE('',#154,#154,#156,.T.);
#154 = VERTEX_POINT('',#155);
#155 = CARTESIAN_POINT('',(0.,310.,284.2875));
#156 = CIRCLE('',#157,14.2875);
#157 = AXIS2_PLACEMENT_3D('',#158,#159,#160);
#158 = CARTESIAN_POINT('',(0.,310.,270.));
#159 = DIRECTION('',(1.,0.,-0.));
#160 = DIRECTION('',(0.,0.,1.));
#161 = FACE_BOUND('',#162,.F.);
#162 = EDGE_LOOP('',(#163));
#163 = ORIENTED_EDGE('',*,*,#164,.F.);
#164 = EDGE_CURVE('',#165,#165,#167,.T.);
#165 = VERTEX_POINT('',#166);
#166 = CARTESIAN_POINT('',(0.,255.,284.2875));
#167 = CIRCLE('',#168,14.2875);
#168 = AXIS2_PLACEMENT_3D('',#169,#170,#171);
#169 = CARTESIAN_POINT('',(0.,255.,270.));
#170 = DIRECTION('',(1.,0.,-0.));
#171 = DIRECTION('',(0.,0.,1.));
#172 = PLANE('',#173);
#173 = AXIS2_PLACEMENT_3D('',#174,#175,#176);
#174 = CARTESIAN_POINT('',(0.,689.09093437701,257.98412378671));
#175 = DIRECTION('',(1.,0.,0.));
#176 = DIRECTION('',(0.,0.,1.));
#177 = ADVANCED_FACE('',(#178,#197,#208,#219),#230,.T.);
#178 = FACE_BOUND('',#179,.T.);
#179 = EDGE_LOOP('',(#180,#181,#182,#190,#196));
#180 = ORIENTED_EDGE('',*,*,#31,.T.);
#181 = ORIENTED_EDGE('',*,*,#93,.T.);
#182 = ORIENTED_EDGE('',*,*,#183,.T.);
#183 = EDGE_CURVE('',#94,#184,#186,.T.);
#184 = VERTEX_POINT('',#185);
#185 = CARTESIAN_POINT('',(18.,1.127125E+03,596.9));
#186 = LINE('',#187,#188);
#187 = CARTESIAN_POINT('',(18.,1.3081E+03,596.9));
#188 = VECTOR('',#189,1.);
#189 = DIRECTION('',(0.,-1.,0.));
#190 = ORIENTED_EDGE('',*,*,#191,.T.);
#191 = EDGE_CURVE('',#184,#64,#192,.T.);
#192 = LINE('',#193,#194);
#193 = CARTESIAN_POINT('',(18.,1.127125E+03,596.9));
#194 = VECTOR('',#195,1.);
#195 = DIRECTION('',(0.,-0.985089306859,-0.172043766268));
#196 = ORIENTED_EDGE('',*,*,#71,.T.);
#197 = FACE_BOUND('',#198,.T.);
#198 = EDGE_LOOP('',(#199));
#199 = ORIENTED_EDGE('',*,*,#200,.F.);
#200 = EDGE_CURVE('',#201,#201,#203,.T.);
#201 = VERTEX_POINT('',#202);
#202 = CARTESIAN_POINT('',(18.,1.27E+03,514.35));
#203 = CIRCLE('',#204,6.35);
#204 = AXIS2_PLACEMENT_3D('',#205,#206,#207);
#205 = CARTESIAN_POINT('',(18.,1.27E+03,508.));
#206 = DIRECTION('',(1.,0.,-0.));
#207 = DIRECTION('',(0.,0.,1.));
#208 = FACE_BOUND('',#209,.T.);
#209 = EDGE_LOOP('',(#210));
#210 = ORIENTED_EDGE('',*,*,#211,.F.);
#211 = EDGE_CURVE('',#212,#212,#214,.T.);
#212 = VERTEX_POINT('',#213);
#213 = CARTESIAN_POINT('',(18.,310.,284.2875));
#214 = CIRCLE('',#215,14.2875);
#215 = AXIS2_PLACEMENT_3D('',#216,#217,#218);
#216 = CARTESIAN_POINT('',(18.,310.,270.));
#217 = DIRECTION('',(1.,0.,-0.));
#218 = DIRECTION('',(0.,0.,1.));
#219 = FACE_BOUND('',#220,.T.);
#220 = EDGE_LOOP('',(#221));
#221 = ORIENTED_EDGE('',*,*,#222,.F.);
#222 = EDGE_CURVE('',#223,#223,#225,.T.);
#223 = VERTEX_POINT('',#224);
#224 = CARTESIAN_POINT('',(18.,255.,284.2875));
#225 = CIRCLE('',#226,14.2875);
#226 = AXIS2_PLACEMENT_3D('',#227,#228,#229);
#227 = CARTESIAN_POINT('',(18.,255.,270.));
#228 = DIRECTION('',(1.,0.,-0.));
#229 = DIRECTION('',(0.,0.,1.));
#230 = PLANE('',#231);
#231 = AXIS2_PLACEMENT_3D('',#232,#233,#234);
#232 = CARTESIAN_POINT('',(18.,689.09093437701,257.98412378671));
#233 = DIRECTION('',(1.,0.,0.));
#234 = DIRECTION('',(0.,0.,1.));
#235 = ADVANCED_FACE('',(#236),#247,.F.);
#236 = FACE_BOUND('',#237,.F.);
#237 = EDGE_LOOP('',(#238,#244,#245,#246));
#238 = ORIENTED_EDGE('',*,*,#239,.T.);
#239 = EDGE_CURVE('',#126,#184,#240,.T.);
#240 = LINE('',#241,#242);
#241 = CARTESIAN_POINT('',(0.,1.127125E+03,596.9));
#242 = VECTOR('',#243,1.);
#243 = DIRECTION('',(1.,0.,0.));
#244 = ORIENTED_EDGE('',*,*,#191,.T.);
#245 = ORIENTED_EDGE('',*,*,#61,.F.);
#246 = ORIENTED_EDGE('',*,*,#133,.F.);
#247 = PLANE('',#248);
#248 = AXIS2_PLACEMENT_3D('',#249,#250,#251);
#249 = CARTESIAN_POINT('',(0.,1.127125E+03,596.9));
#250 = DIRECTION('',(0.,0.172043766268,-0.985089306859));
#251 = DIRECTION('',(0.,-0.985089306859,-0.172043766268));
#252 = ADVANCED_FACE('',(#253),#259,.F.);
#253 = FACE_BOUND('',#254,.F.);
#254 = EDGE_LOOP('',(#255,#256,#257,#258));
#255 = ORIENTED_EDGE('',*,*,#101,.T.);
#256 = ORIENTED_EDGE('',*,*,#183,.T.);
#257 = ORIENTED_EDGE('',*,*,#239,.F.);
#258 = ORIENTED_EDGE('',*,*,#125,.F.);
#259 = PLANE('',#260);
#260 = AXIS2_PLACEMENT_3D('',#261,#262,#263);
#261 = CARTESIAN_POINT('',(0.,1.3081E+03,596.9));
#262 = DIRECTION('',(0.,0.,-1.));
#263 = DIRECTION('',(0.,-1.,0.));
#264 = ADVANCED_FACE('',(#265),#276,.F.);
#265 = FACE_BOUND('',#266,.F.);
#266 = EDGE_LOOP('',(#267,#268,#274,#275));
#267 = ORIENTED_EDGE('',*,*,#200,.F.);
#268 = ORIENTED_EDGE('',*,*,#269,.F.);
#269 = EDGE_CURVE('',#143,#201,#270,.T.);
#270 = LINE('',#271,#272);
#271 = CARTESIAN_POINT('',(-1.,1.27E+03,514.35));
#272 = VECTOR('',#273,1.);
#273 = DIRECTION('',(1.,0.,0.));
#274 = ORIENTED_EDGE('',*,*,#142,.T.);
#275 = ORIENTED_EDGE('',*,*,#269,.T.);
#276 = CYLINDRICAL_SURFACE('',#277,6.35);
#277 = AXIS2_PLACEMENT_3D('',#278,#279,#280);
#278 = CARTESIAN_POINT('',(-1.,1.27E+03,508.));
#279 = DIRECTION('',(1.,0.,0.));
#280 = DIRECTION('',(0.,0.,1.));
#281 = ADVANCED_FACE('',(#282),#301,.F.);
#282 = FACE_BOUND('',#283,.F.);
#283 = EDGE_LOOP('',(#284,#293,#299,#300));
#284 = ORIENTED_EDGE('',*,*,#285,.F.);
#285 = EDGE_CURVE('',#286,#286,#288,.T.);
#286 = VERTEX_POINT('',#287);
#287 = CARTESIAN_POINT('',(7.9375,310.,284.2875));
#288 = CIRCLE('',#289,14.2875);
#289 = AXIS2_PLACEMENT_3D('',#290,#291,#292);
#290 = CARTESIAN_POINT('',(7.9375,310.,270.));
#291 = DIRECTION('',(1.,0.,-0.));
#292 = DIRECTION('',(0.,0.,1.));
#293 = ORIENTED_EDGE('',*,*,#294,.F.);
#294 = EDGE_CURVE('',#154,#286,#295,.T.);
#295 = LINE('',#296,#297);
#296 = CARTESIAN_POINT('',(0.,310.,284.2875));
#297 = VECTOR('',#298,1.);
#298 = DIRECTION('',(1.,0.,0.));
#299 = ORIENTED_EDGE('',*,*,#153,.T.);
#300 = ORIENTED_EDGE('',*,*,#294,.T.);
#301 = CYLINDRICAL_SURFACE('',#302,14.2875);
#302 = AXIS2_PLACEMENT_3D('',#303,#304,#305);
#303 = CARTESIAN_POINT('',(0.,310.,270.));
#304 = DIRECTION('',(1.,0.,0.));
#305 = DIRECTION('',(0.,0.,1.));
#306 = ADVANCED_FACE('',(#307),#326,.F.);
#307 = FACE_BOUND('',#308,.F.);
#308 = EDGE_LOOP('',(#309,#318,#324,#325));
#309 = ORIENTED_EDGE('',*,*,#310,.F.);
#310 = EDGE_CURVE('',#311,#311,#313,.T.);
#311 = VERTEX_POINT('',#312);
#312 = CARTESIAN_POINT('',(7.9375,255.,284.2875));
#313 = CIRCLE('',#314,14.2875);
#314 = AXIS2_PLACEMENT_3D('',#315,#316,#317);
#315 = CARTESIAN_POINT('',(7.9375,255.,270.));
#316 = DIRECTION('',(1.,0.,-0.));
#317 = DIRECTION('',(0.,0.,1.));
#318 = ORIENTED_EDGE('',*,*,#319,.F.);
#319 = EDGE_CURVE('',#165,#311,#320,.T.);
#320 = LINE('',#321,#322);
#321 = CARTESIAN_POINT('',(0.,255.,284.2875));
#322 = VECTOR('',#323,1.);
#323 = DIRECTION('',(1.,0.,0.));
#324 = ORIENTED_EDGE('',*,*,#164,.T.);
#325 = ORIENTED_EDGE('',*,*,#319,.T.);
#326 = CYLINDRICAL_SURFACE('',#327,14.2875);
#327 = AXIS2_PLACEMENT_3D('',#328,#329,#330);
#328 = CARTESIAN_POINT('',(0.,255.,270.));
#329 = DIRECTION('',(1.,0.,0.));
#330 = DIRECTION('',(0.,0.,1.));
#331 = ADVANCED_FACE('',(#332),#351,.F.);
#332 = FACE_BOUND('',#333,.F.);
#333 = EDGE_LOOP('',(#334,#335,#343,#350));
#334 = ORIENTED_EDGE('',*,*,#211,.F.);
#335 = ORIENTED_EDGE('',*,*,#336,.F.);
#336 = EDGE_CURVE('',#337,#212,#339,.T.);
#337 = VERTEX_POINT('',#338);
#338 = CARTESIAN_POINT('',(13.2375,310.,284.2875));
#339 = LINE('',#340,#341);
#340 = CARTESIAN_POINT('',(13.2375,310.,284.2875));
#341 = VECTOR('',#342,1.);
#342 = DIRECTION('',(1.,0.,0.));
#343 = ORIENTED_EDGE('',*,*,#344,.T.);
#344 = EDGE_CURVE('',#337,#337,#345,.T.);
#345 = CIRCLE('',#346,14.2875);
#346 = AXIS2_PLACEMENT_3D('',#347,#348,#349);
#347 = CARTESIAN_POINT('',(13.2375,310.,270.));
#348 = DIRECTION('',(1.,0.,-0.));
#349 = DIRECTION('',(0.,0.,1.));
#350 = ORIENTED_EDGE('',*,*,#336,.T.);
#351 = CYLINDRICAL_SURFACE('',#352,14.2875);
#352 = AXIS2_PLACEMENT_3D('',#353,#354,#355);
#353 = CARTESIAN_POINT('',(13.2375,310.,270.));
#354 = DIRECTION('',(1.,0.,0.));
#355 = DIRECTION('',(0.,0.,1.));
#356 = ADVANCED_FACE('',(#357),#376,.F.);
#357 = FACE_BOUND('',#358,.F.);
#358 = EDGE_LOOP('',(#359,#360,#368,#375));
#359 = ORIENTED_EDGE('',*,*,#222,.F.);
#360 = ORIENTED_EDGE('',*,*,#361,.F.);
#361 = EDGE_CURVE('',#362,#223,#364,.T.);
#362 = VERTEX_POINT('',#363);
#363 = CARTESIAN_POINT('',(13.2375,255.,284.2875));
#364 = LINE('',#365,#366);
#365 = CARTESIAN_POINT('',(13.2375,255.,284.2875));
#366 = VECTOR('',#367,1.);
#367 = DIRECTION('',(1.,0.,0.));
#368 = ORIENTED_EDGE('',*,*,#369,.T.);
#369 = EDGE_CURVE('',#362,#362,#370,.T.);
#370 = CIRCLE('',#371,14.2875);
#371 = AXIS2_PLACEMENT_3D('',#372,#373,#374);
#372 = CARTESIAN_POINT('',(13.2375,255.,270.));
#373 = DIRECTION('',(1.,0.,-0.));
#374 = DIRECTION('',(0.,0.,1.));
#375 = ORIENTED_EDGE('',*,*,#361,.T.);
#376 = CYLINDRICAL_SURFACE('',#377,14.2875);
#377 = AXIS2_PLACEMENT_3D('',#378,#379,#380);
#378 = CARTESIAN_POINT('',(13.2375,255.,270.));
#379 = DIRECTION('',(1.,0.,0.));
#380 = DIRECTION('',(0.,0.,1.));
#381 = ADVANCED_FACE('',(#382,#385),#396,.F.);
#382 = FACE_BOUND('',#383,.F.);
#383 = EDGE_LOOP('',(#384));
#384 = ORIENTED_EDGE('',*,*,#285,.T.);
#385 = FACE_BOUND('',#386,.F.);
#386 = EDGE_LOOP('',(#387));
#387 = ORIENTED_EDGE('',*,*,#388,.F.);
#388 = EDGE_CURVE('',#389,#389,#391,.T.);
#389 = VERTEX_POINT('',#390);
#390 = CARTESIAN_POINT('',(7.9375,310.,277.9375));
#391 = CIRCLE('',#392,7.9375);
#392 = AXIS2_PLACEMENT_3D('',#393,#394,#395);
#393 = CARTESIAN_POINT('',(7.9375,310.,270.));
#394 = DIRECTION('',(1.,0.,-0.));
#395 = DIRECTION('',(0.,0.,1.));
#396 = PLANE('',#397);
#397 = AXIS2_PLACEMENT_3D('',#398,#399,#400);
#398 = CARTESIAN_POINT('',(7.9375,310.,270.));
#399 = DIRECTION('',(1.,0.,0.));
#400 = DIRECTION('',(0.,0.,1.));
#401 = ADVANCED_FACE('',(#402,#405),#416,.F.);
#402 = FACE_BOUND('',#403,.F.);
#403 = EDGE_LOOP('',(#404));
#404 = ORIENTED_EDGE('',*,*,#310,.T.);
#405 = FACE_BOUND('',#406,.F.);
#406 = EDGE_LOOP('',(#407));
#407 = ORIENTED_EDGE('',*,*,#408,.F.);
#408 = EDGE_CURVE('',#409,#409,#411,.T.);
#409 = VERTEX_POINT('',#410);
#410 = CARTESIAN_POINT('',(7.9375,255.,277.9375));
#411 = CIRCLE('',#412,7.9375);
#412 = AXIS2_PLACEMENT_3D('',#413,#414,#415);
#413 = CARTESIAN_POINT('',(7.9375,255.,270.));
#414 = DIRECTION('',(1.,0.,-0.));
#415 = DIRECTION('',(0.,0.,1.));
#416 = PLANE('',#417);
#417 = AXIS2_PLACEMENT_3D('',#418,#419,#420);
#418 = CARTESIAN_POINT('',(7.9375,255.,270.));
#419 = DIRECTION('',(1.,0.,0.));
#420 = DIRECTION('',(0.,0.,1.));
#421 = ADVANCED_FACE('',(#422,#425),#436,.T.);
#422 = FACE_BOUND('',#423,.T.);
#423 = EDGE_LOOP('',(#424));
#424 = ORIENTED_EDGE('',*,*,#344,.T.);
#425 = FACE_BOUND('',#426,.T.);
#426 = EDGE_LOOP('',(#427));
#427 = ORIENTED_EDGE('',*,*,#428,.F.);
#428 = EDGE_CURVE('',#429,#429,#431,.T.);
#429 = VERTEX_POINT('',#430);
#430 = CARTESIAN_POINT('',(13.2375,310.,277.9375));
#431 = CIRCLE('',#432,7.9375);
#432 = AXIS2_PLACEMENT_3D('',#433,#434,#435);
#433 = CARTESIAN_POINT('',(13.2375,310.,270.));
#434 = DIRECTION('',(1.,0.,-0.));
#435 = DIRECTION('',(0.,0.,1.));
#436 = PLANE('',#437);
#437 = AXIS2_PLACEMENT_3D('',#438,#439,#440);
#438 = CARTESIAN_POINT('',(13.2375,310.,270.));
#439 = DIRECTION('',(1.,0.,0.));
#440 = DIRECTION('',(0.,0.,1.));
#441 = ADVANCED_FACE('',(#442,#445),#456,.T.);
#442 = FACE_BOUND('',#443,.T.);
#443 = EDGE_LOOP('',(#444));
#444 = ORIENTED_EDGE('',*,*,#369,.T.);
#445 = FACE_BOUND('',#446,.T.);
#446 = EDGE_LOOP('',(#447));
#447 = ORIENTED_EDGE('',*,*,#448,.F.);
#448 = EDGE_CURVE('',#449,#449,#451,.T.);
#449 = VERTEX_POINT('',#450);
#450 = CARTESIAN_POINT('',(13.2375,255.,277.9375));
#451 = CIRCLE('',#452,7.9375);
#452 = AXIS2_PLACEMENT_3D('',#453,#454,#455);
#453 = CARTESIAN_POINT('',(13.2375,255.,270.));
#454 = DIRECTION('',(1.,0.,-0.));
#455 = DIRECTION('',(0.,0.,1.));
#456 = PLANE('',#457);
#457 = AXIS2_PLACEMENT_3D('',#458,#459,#460);
#458 = CARTESIAN_POINT('',(13.2375,255.,270.));
#459 = DIRECTION('',(1.,0.,0.));
#460 = DIRECTION('',(0.,0.,1.));
#461 = ADVANCED_FACE('',(#462),#473,.F.);
#462 = FACE_BOUND('',#463,.F.);
#463 = EDGE_LOOP('',(#464,#465,#471,#472));
#464 = ORIENTED_EDGE('',*,*,#388,.T.);
#465 = ORIENTED_EDGE('',*,*,#466,.T.);
#466 = EDGE_CURVE('',#389,#429,#467,.T.);
#467 = LINE('',#468,#469);
#468 = CARTESIAN_POINT('',(-1.,310.,277.9375));
#469 = VECTOR('',#470,1.);
#470 = DIRECTION('',(1.,0.,0.));
#471 = ORIENTED_EDGE('',*,*,#428,.F.);
#472 = ORIENTED_EDGE('',*,*,#466,.F.);
#473 = CYLINDRICAL_SURFACE('',#474,7.9375);
#474 = AXIS2_PLACEMENT_3D('',#475,#476,#477);
#475 = CARTESIAN_POINT('',(-1.,310.,270.));
#476 = DIRECTION('',(1.,0.,0.));
#477 = DIRECTION('',(0.,0.,1.));
#478 = ADVANCED_FACE('',(#479),#490,.F.);
#479 = FACE_BOUND('',#480,.F.);
#480 = EDGE_LOOP('',(#481,#482,#488,#489));
#481 = ORIENTED_EDGE('',*,*,#408,.T.);
#482 = ORIENTED_EDGE('',*,*,#483,.T.);
#483 = EDGE_CURVE('',#409,#449,#484,.T.);
#484 = LINE('',#485,#486);
#485 = CARTESIAN_POINT('',(-1.,255.,277.9375));
#486 = VECTOR('',#487,1.);
#487 = DIRECTION('',(1.,0.,0.));
#488 = ORIENTED_EDGE('',*,*,#448,.F.);
#489 = ORIENTED_EDGE('',*,*,#483,.F.);
#490 = CYLINDRICAL_SURFACE('',#491,7.9375);
#491 = AXIS2_PLACEMENT_3D('',#492,#493,#494);
#492 = CARTESIAN_POINT('',(-1.,255.,270.));
#493 = DIRECTION('',(1.,0.,0.));
#494 = DIRECTION('',(0.,0.,1.));
#495 = MANIFOLD_SOLID_BREP('',#496);
#496 = CLOSED_SHELL('',(#497,#537,#568,#599,#657,#715,#732,#744,#761,
    #786,#811,#836,#861,#881,#901,#921,#941,#958));
#497 = ADVANCED_FACE('',(#498),#532,.F.);
#498 = FACE_BOUND('',#499,.F.);
#499 = EDGE_LOOP('',(#500,#510,#518,#526));
#500 = ORIENTED_EDGE('',*,*,#501,.T.);
#501 = EDGE_CURVE('',#502,#504,#506,.T.);
#502 = VERTEX_POINT('',#503);
#503 = CARTESIAN_POINT('',(582.,0.,0.));
#504 = VERTEX_POINT('',#505);
#505 = CARTESIAN_POINT('',(600.,0.,0.));
#506 = LINE('',#507,#508);
#507 = CARTESIAN_POINT('',(582.,0.,0.));
#508 = VECTOR('',#509,1.);
#509 = DIRECTION('',(1.,0.,0.));
#510 = ORIENTED_EDGE('',*,*,#511,.T.);
#511 = EDGE_CURVE('',#504,#512,#514,.T.);
#512 = VERTEX_POINT('',#513);
#513 = CARTESIAN_POINT('',(600.,1.3081E+03,0.));
#514 = LINE('',#515,#516);
#515 = CARTESIAN_POINT('',(600.,0.,0.));
#516 = VECTOR('',#517,1.);
#517 = DIRECTION('',(0.,1.,0.));
#518 = ORIENTED_EDGE('',*,*,#519,.F.);
#519 = EDGE_CURVE('',#520,#512,#522,.T.);
#520 = VERTEX_POINT('',#521);
#521 = CARTESIAN_POINT('',(582.,1.3081E+03,0.));
#522 = LINE('',#523,#524);
#523 = CARTESIAN_POINT('',(582.,1.3081E+03,0.));
#524 = VECTOR('',#525,1.);
#525 = DIRECTION('',(1.,0.,0.));
#526 = ORIENTED_EDGE('',*,*,#527,.F.);
#527 = EDGE_CURVE('',#502,#520,#528,.T.);
#528 = LINE('',#529,#530);
#529 = CARTESIAN_POINT('',(582.,0.,0.));
#530 = VECTOR('',#531,1.);
#531 = DIRECTION('',(0.,1.,0.));
#532 = PLANE('',#533);
#533 = AXIS2_PLACEMENT_3D('',#534,#535,#536);
#534 = CARTESIAN_POINT('',(582.,0.,0.));
#535 = DIRECTION('',(0.,0.,1.));
#536 = DIRECTION('',(0.,1.,0.));
#537 = ADVANCED_FACE('',(#538),#563,.F.);
#538 = FACE_BOUND('',#539,.F.);
#539 = EDGE_LOOP('',(#540,#550,#556,#557));
#540 = ORIENTED_EDGE('',*,*,#541,.T.);
#541 = EDGE_CURVE('',#542,#544,#546,.T.);
#542 = VERTEX_POINT('',#543);
#543 = CARTESIAN_POINT('',(582.,0.,400.05));
#544 = VERTEX_POINT('',#545);
#545 = CARTESIAN_POINT('',(600.,0.,400.05));
#546 = LINE('',#547,#548);
#547 = CARTESIAN_POINT('',(582.,0.,400.05));
#548 = VECTOR('',#549,1.);
#549 = DIRECTION('',(1.,0.,0.));
#550 = ORIENTED_EDGE('',*,*,#551,.T.);
#551 = EDGE_CURVE('',#544,#504,#552,.T.);
#552 = LINE('',#553,#554);
#553 = CARTESIAN_POINT('',(600.,0.,400.05));
#554 = VECTOR('',#555,1.);
#555 = DIRECTION('',(0.,0.,-1.));
#556 = ORIENTED_EDGE('',*,*,#501,.F.);
#557 = ORIENTED_EDGE('',*,*,#558,.F.);
#558 = EDGE_CURVE('',#542,#502,#559,.T.);
#559 = LINE('',#560,#561);
#560 = CARTESIAN_POINT('',(582.,0.,400.05));
#561 = VECTOR('',#562,1.);
#562 = DIRECTION('',(0.,0.,-1.));
#563 = PLANE('',#564);
#564 = AXIS2_PLACEMENT_3D('',#565,#566,#567);
#565 = CARTESIAN_POINT('',(582.,0.,400.05));
#566 = DIRECTION('',(0.,1.,0.));
#567 = DIRECTION('',(0.,0.,-1.));
#568 = ADVANCED_FACE('',(#569),#594,.F.);
#569 = FACE_BOUND('',#570,.F.);
#570 = EDGE_LOOP('',(#571,#572,#580,#588));
#571 = ORIENTED_EDGE('',*,*,#519,.T.);
#572 = ORIENTED_EDGE('',*,*,#573,.T.);
#573 = EDGE_CURVE('',#512,#574,#576,.T.);
#574 = VERTEX_POINT('',#575);
#575 = CARTESIAN_POINT('',(600.,1.3081E+03,596.9));
#576 = LINE('',#577,#578);
#577 = CARTESIAN_POINT('',(600.,1.3081E+03,0.));
#578 = VECTOR('',#579,1.);
#579 = DIRECTION('',(0.,0.,1.));
#580 = ORIENTED_EDGE('',*,*,#581,.F.);
#581 = EDGE_CURVE('',#582,#574,#584,.T.);
#582 = VERTEX_POINT('',#583);
#583 = CARTESIAN_POINT('',(582.,1.3081E+03,596.9));
#584 = LINE('',#585,#586);
#585 = CARTESIAN_POINT('',(582.,1.3081E+03,596.9));
#586 = VECTOR('',#587,1.);
#587 = DIRECTION('',(1.,0.,0.));
#588 = ORIENTED_EDGE('',*,*,#589,.F.);
#589 = EDGE_CURVE('',#520,#582,#590,.T.);
#590 = LINE('',#591,#592);
#591 = CARTESIAN_POINT('',(582.,1.3081E+03,0.));
#592 = VECTOR('',#593,1.);
#593 = DIRECTION('',(0.,0.,1.));
#594 = PLANE('',#595);
#595 = AXIS2_PLACEMENT_3D('',#596,#597,#598);
#596 = CARTESIAN_POINT('',(582.,1.3081E+03,0.));
#597 = DIRECTION('',(0.,-1.,0.));
#598 = DIRECTION('',(0.,0.,1.));
#599 = ADVANCED_FACE('',(#600,#619,#630,#641),#652,.F.);
#600 = FACE_BOUND('',#601,.F.);
#601 = EDGE_LOOP('',(#602,#603,#604,#612,#618));
#602 = ORIENTED_EDGE('',*,*,#527,.T.);
#603 = ORIENTED_EDGE('',*,*,#589,.T.);
#604 = ORIENTED_EDGE('',*,*,#605,.T.);
#605 = EDGE_CURVE('',#582,#606,#608,.T.);
#606 = VERTEX_POINT('',#607);
#607 = CARTESIAN_POINT('',(582.,1.127125E+03,596.9));
#608 = LINE('',#609,#610);
#609 = CARTESIAN_POINT('',(582.,1.3081E+03,596.9));
#610 = VECTOR('',#611,1.);
#611 = DIRECTION('',(0.,-1.,0.));
#612 = ORIENTED_EDGE('',*,*,#613,.T.);
#613 = EDGE_CURVE('',#606,#542,#614,.T.);
#614 = LINE('',#615,#616);
#615 = CARTESIAN_POINT('',(582.,1.127125E+03,596.9));
#616 = VECTOR('',#617,1.);
#617 = DIRECTION('',(0.,-0.985089306859,-0.172043766268));
#618 = ORIENTED_EDGE('',*,*,#558,.T.);
#619 = FACE_BOUND('',#620,.F.);
#620 = EDGE_LOOP('',(#621));
#621 = ORIENTED_EDGE('',*,*,#622,.F.);
#622 = EDGE_CURVE('',#623,#623,#625,.T.);
#623 = VERTEX_POINT('',#624);
#624 = CARTESIAN_POINT('',(582.,1.27E+03,514.35));
#625 = CIRCLE('',#626,6.35);
#626 = AXIS2_PLACEMENT_3D('',#627,#628,#629);
#627 = CARTESIAN_POINT('',(582.,1.27E+03,508.));
#628 = DIRECTION('',(1.,0.,-0.));
#629 = DIRECTION('',(0.,0.,1.));
#630 = FACE_BOUND('',#631,.F.);
#631 = EDGE_LOOP('',(#632));
#632 = ORIENTED_EDGE('',*,*,#633,.F.);
#633 = EDGE_CURVE('',#634,#634,#636,.T.);
#634 = VERTEX_POINT('',#635);
#635 = CARTESIAN_POINT('',(582.,310.,284.2875));
#636 = CIRCLE('',#637,14.2875);
#637 = AXIS2_PLACEMENT_3D('',#638,#639,#640);
#638 = CARTESIAN_POINT('',(582.,310.,270.));
#639 = DIRECTION('',(1.,0.,-0.));
#640 = DIRECTION('',(0.,0.,1.));
#641 = FACE_BOUND('',#642,.F.);
#642 = EDGE_LOOP('',(#643));
#643 = ORIENTED_EDGE('',*,*,#644,.F.);
#644 = EDGE_CURVE('',#645,#645,#647,.T.);
#645 = VERTEX_POINT('',#646);
#646 = CARTESIAN_POINT('',(582.,255.,284.2875));
#647 = CIRCLE('',#648,14.2875);
#648 = AXIS2_PLACEMENT_3D('',#649,#650,#651);
#649 = CARTESIAN_POINT('',(582.,255.,270.));
#650 = DIRECTION('',(1.,0.,-0.));
#651 = DIRECTION('',(0.,0.,1.));
#652 = PLANE('',#653);
#653 = AXIS2_PLACEMENT_3D('',#654,#655,#656);
#654 = CARTESIAN_POINT('',(582.,689.09093437701,257.98412378671));
#655 = DIRECTION('',(1.,0.,0.));
#656 = DIRECTION('',(0.,0.,1.));
#657 = ADVANCED_FACE('',(#658,#677,#688,#699),#710,.T.);
#658 = FACE_BOUND('',#659,.T.);
#659 = EDGE_LOOP('',(#660,#661,#662,#670,#676));
#660 = ORIENTED_EDGE('',*,*,#511,.T.);
#661 = ORIENTED_EDGE('',*,*,#573,.T.);
#662 = ORIENTED_EDGE('',*,*,#663,.T.);
#663 = EDGE_CURVE('',#574,#664,#666,.T.);
#664 = VERTEX_POINT('',#665);
#665 = CARTESIAN_POINT('',(600.,1.127125E+03,596.9));
#666 = LINE('',#667,#668);
#667 = CARTESIAN_POINT('',(600.,1.3081E+03,596.9));
#668 = VECTOR('',#669,1.);
#669 = DIRECTION('',(0.,-1.,0.));
#670 = ORIENTED_EDGE('',*,*,#671,.T.);
#671 = EDGE_CURVE('',#664,#544,#672,.T.);
#672 = LINE('',#673,#674);
#673 = CARTESIAN_POINT('',(600.,1.127125E+03,596.9));
#674 = VECTOR('',#675,1.);
#675 = DIRECTION('',(0.,-0.985089306859,-0.172043766268));
#676 = ORIENTED_EDGE('',*,*,#551,.T.);
#677 = FACE_BOUND('',#678,.T.);
#678 = EDGE_LOOP('',(#679));
#679 = ORIENTED_EDGE('',*,*,#680,.F.);
#680 = EDGE_CURVE('',#681,#681,#683,.T.);
#681 = VERTEX_POINT('',#682);
#682 = CARTESIAN_POINT('',(600.,1.27E+03,514.35));
#683 = CIRCLE('',#684,6.35);
#684 = AXIS2_PLACEMENT_3D('',#685,#686,#687);
#685 = CARTESIAN_POINT('',(600.,1.27E+03,508.));
#686 = DIRECTION('',(1.,0.,-0.));
#687 = DIRECTION('',(0.,0.,1.));
#688 = FACE_BOUND('',#689,.T.);
#689 = EDGE_LOOP('',(#690));
#690 = ORIENTED_EDGE('',*,*,#691,.F.);
#691 = EDGE_CURVE('',#692,#692,#694,.T.);
#692 = VERTEX_POINT('',#693);
#693 = CARTESIAN_POINT('',(600.,310.,284.2875));
#694 = CIRCLE('',#695,14.2875);
#695 = AXIS2_PLACEMENT_3D('',#696,#697,#698);
#696 = CARTESIAN_POINT('',(600.,310.,270.));
#697 = DIRECTION('',(1.,0.,-0.));
#698 = DIRECTION('',(0.,0.,1.));
#699 = FACE_BOUND('',#700,.T.);
#700 = EDGE_LOOP('',(#701));
#701 = ORIENTED_EDGE('',*,*,#702,.F.);
#702 = EDGE_CURVE('',#703,#703,#705,.T.);
#703 = VERTEX_POINT('',#704);
#704 = CARTESIAN_POINT('',(600.,255.,284.2875));
#705 = CIRCLE('',#706,14.2875);
#706 = AXIS2_PLACEMENT_3D('',#707,#708,#709);
#707 = CARTESIAN_POINT('',(600.,255.,270.));
#708 = DIRECTION('',(1.,0.,-0.));
#709 = DIRECTION('',(0.,0.,1.));
#710 = PLANE('',#711);
#711 = AXIS2_PLACEMENT_3D('',#712,#713,#714);
#712 = CARTESIAN_POINT('',(600.,689.09093437701,257.98412378671));
#713 = DIRECTION('',(1.,0.,0.));
#714 = DIRECTION('',(0.,0.,1.));
#715 = ADVANCED_FACE('',(#716),#727,.F.);
#716 = FACE_BOUND('',#717,.F.);
#717 = EDGE_LOOP('',(#718,#724,#725,#726));
#718 = ORIENTED_EDGE('',*,*,#719,.T.);
#719 = EDGE_CURVE('',#606,#664,#720,.T.);
#720 = LINE('',#721,#722);
#721 = CARTESIAN_POINT('',(582.,1.127125E+03,596.9));
#722 = VECTOR('',#723,1.);
#723 = DIRECTION('',(1.,0.,0.));
#724 = ORIENTED_EDGE('',*,*,#671,.T.);
#725 = ORIENTED_EDGE('',*,*,#541,.F.);
#726 = ORIENTED_EDGE('',*,*,#613,.F.);
#727 = PLANE('',#728);
#728 = AXIS2_PLACEMENT_3D('',#729,#730,#731);
#729 = CARTESIAN_POINT('',(582.,1.127125E+03,596.9));
#730 = DIRECTION('',(0.,0.172043766268,-0.985089306859));
#731 = DIRECTION('',(0.,-0.985089306859,-0.172043766268));
#732 = ADVANCED_FACE('',(#733),#739,.F.);
#733 = FACE_BOUND('',#734,.F.);
#734 = EDGE_LOOP('',(#735,#736,#737,#738));
#735 = ORIENTED_EDGE('',*,*,#581,.T.);
#736 = ORIENTED_EDGE('',*,*,#663,.T.);
#737 = ORIENTED_EDGE('',*,*,#719,.F.);
#738 = ORIENTED_EDGE('',*,*,#605,.F.);
#739 = PLANE('',#740);
#740 = AXIS2_PLACEMENT_3D('',#741,#742,#743);
#741 = CARTESIAN_POINT('',(582.,1.3081E+03,596.9));
#742 = DIRECTION('',(0.,0.,-1.));
#743 = DIRECTION('',(0.,-1.,0.));
#744 = ADVANCED_FACE('',(#745),#756,.F.);
#745 = FACE_BOUND('',#746,.F.);
#746 = EDGE_LOOP('',(#747,#748,#754,#755));
#747 = ORIENTED_EDGE('',*,*,#680,.F.);
#748 = ORIENTED_EDGE('',*,*,#749,.F.);
#749 = EDGE_CURVE('',#623,#681,#750,.T.);
#750 = LINE('',#751,#752);
#751 = CARTESIAN_POINT('',(581.,1.27E+03,514.35));
#752 = VECTOR('',#753,1.);
#753 = DIRECTION('',(1.,0.,0.));
#754 = ORIENTED_EDGE('',*,*,#622,.T.);
#755 = ORIENTED_EDGE('',*,*,#749,.T.);
#756 = CYLINDRICAL_SURFACE('',#757,6.35);
#757 = AXIS2_PLACEMENT_3D('',#758,#759,#760);
#758 = CARTESIAN_POINT('',(581.,1.27E+03,508.));
#759 = DIRECTION('',(1.,0.,0.));
#760 = DIRECTION('',(0.,0.,1.));
#761 = ADVANCED_FACE('',(#762),#781,.F.);
#762 = FACE_BOUND('',#763,.F.);
#763 = EDGE_LOOP('',(#764,#773,#779,#780));
#764 = ORIENTED_EDGE('',*,*,#765,.F.);
#765 = EDGE_CURVE('',#766,#766,#768,.T.);
#766 = VERTEX_POINT('',#767);
#767 = CARTESIAN_POINT('',(586.7625,310.,284.2875));
#768 = CIRCLE('',#769,14.2875);
#769 = AXIS2_PLACEMENT_3D('',#770,#771,#772);
#770 = CARTESIAN_POINT('',(586.7625,310.,270.));
#771 = DIRECTION('',(1.,0.,-0.));
#772 = DIRECTION('',(0.,0.,1.));
#773 = ORIENTED_EDGE('',*,*,#774,.F.);
#774 = EDGE_CURVE('',#634,#766,#775,.T.);
#775 = LINE('',#776,#777);
#776 = CARTESIAN_POINT('',(582.,310.,284.2875));
#777 = VECTOR('',#778,1.);
#778 = DIRECTION('',(1.,0.,0.));
#779 = ORIENTED_EDGE('',*,*,#633,.T.);
#780 = ORIENTED_EDGE('',*,*,#774,.T.);
#781 = CYLINDRICAL_SURFACE('',#782,14.2875);
#782 = AXIS2_PLACEMENT_3D('',#783,#784,#785);
#783 = CARTESIAN_POINT('',(582.,310.,270.));
#784 = DIRECTION('',(1.,0.,0.));
#785 = DIRECTION('',(0.,0.,1.));
#786 = ADVANCED_FACE('',(#787),#806,.F.);
#787 = FACE_BOUND('',#788,.F.);
#788 = EDGE_LOOP('',(#789,#798,#804,#805));
#789 = ORIENTED_EDGE('',*,*,#790,.F.);
#790 = EDGE_CURVE('',#791,#791,#793,.T.);
#791 = VERTEX_POINT('',#792);
#792 = CARTESIAN_POINT('',(586.7625,255.,284.2875));
#793 = CIRCLE('',#794,14.2875);
#794 = AXIS2_PLACEMENT_3D('',#795,#796,#797);
#795 = CARTESIAN_POINT('',(586.7625,255.,270.));
#796 = DIRECTION('',(1.,0.,-0.));
#797 = DIRECTION('',(0.,0.,1.));
#798 = ORIENTED_EDGE('',*,*,#799,.F.);
#799 = EDGE_CURVE('',#645,#791,#800,.T.);
#800 = LINE('',#801,#802);
#801 = CARTESIAN_POINT('',(582.,255.,284.2875));
#802 = VECTOR('',#803,1.);
#803 = DIRECTION('',(1.,0.,0.));
#804 = ORIENTED_EDGE('',*,*,#644,.T.);
#805 = ORIENTED_EDGE('',*,*,#799,.T.);
#806 = CYLINDRICAL_SURFACE('',#807,14.2875);
#807 = AXIS2_PLACEMENT_3D('',#808,#809,#810);
#808 = CARTESIAN_POINT('',(582.,255.,270.));
#809 = DIRECTION('',(1.,0.,0.));
#810 = DIRECTION('',(0.,0.,1.));
#811 = ADVANCED_FACE('',(#812),#831,.F.);
#812 = FACE_BOUND('',#813,.F.);
#813 = EDGE_LOOP('',(#814,#815,#823,#830));
#814 = ORIENTED_EDGE('',*,*,#691,.F.);
#815 = ORIENTED_EDGE('',*,*,#816,.F.);
#816 = EDGE_CURVE('',#817,#692,#819,.T.);
#817 = VERTEX_POINT('',#818);
#818 = CARTESIAN_POINT('',(592.0625,310.,284.2875));
#819 = LINE('',#820,#821);
#820 = CARTESIAN_POINT('',(592.0625,310.,284.2875));
#821 = VECTOR('',#822,1.);
#822 = DIRECTION('',(1.,0.,0.));
#823 = ORIENTED_EDGE('',*,*,#824,.T.);
#824 = EDGE_CURVE('',#817,#817,#825,.T.);
#825 = CIRCLE('',#826,14.2875);
#826 = AXIS2_PLACEMENT_3D('',#827,#828,#829);
#827 = CARTESIAN_POINT('',(592.0625,310.,270.));
#828 = DIRECTION('',(1.,0.,-0.));
#829 = DIRECTION('',(0.,0.,1.));
#830 = ORIENTED_EDGE('',*,*,#816,.T.);
#831 = CYLINDRICAL_SURFACE('',#832,14.2875);
#832 = AXIS2_PLACEMENT_3D('',#833,#834,#835);
#833 = CARTESIAN_POINT('',(592.0625,310.,270.));
#834 = DIRECTION('',(1.,0.,0.));
#835 = DIRECTION('',(0.,0.,1.));
#836 = ADVANCED_FACE('',(#837),#856,.F.);
#837 = FACE_BOUND('',#838,.F.);
#838 = EDGE_LOOP('',(#839,#840,#848,#855));
#839 = ORIENTED_EDGE('',*,*,#702,.F.);
#840 = ORIENTED_EDGE('',*,*,#841,.F.);
#841 = EDGE_CURVE('',#842,#703,#844,.T.);
#842 = VERTEX_POINT('',#843);
#843 = CARTESIAN_POINT('',(592.0625,255.,284.2875));
#844 = LINE('',#845,#846);
#845 = CARTESIAN_POINT('',(592.0625,255.,284.2875));
#846 = VECTOR('',#847,1.);
#847 = DIRECTION('',(1.,0.,0.));
#848 = ORIENTED_EDGE('',*,*,#849,.T.);
#849 = EDGE_CURVE('',#842,#842,#850,.T.);
#850 = CIRCLE('',#851,14.2875);
#851 = AXIS2_PLACEMENT_3D('',#852,#853,#854);
#852 = CARTESIAN_POINT('',(592.0625,255.,270.));
#853 = DIRECTION('',(1.,0.,-0.));
#854 = DIRECTION('',(0.,0.,1.));
#855 = ORIENTED_EDGE('',*,*,#841,.T.);
#856 = CYLINDRICAL_SURFACE('',#857,14.2875);
#857 = AXIS2_PLACEMENT_3D('',#858,#859,#860);
#858 = CARTESIAN_POINT('',(592.0625,255.,270.));
#859 = DIRECTION('',(1.,0.,0.));
#860 = DIRECTION('',(0.,0.,1.));
#861 = ADVANCED_FACE('',(#862,#865),#876,.F.);
#862 = FACE_BOUND('',#863,.F.);
#863 = EDGE_LOOP('',(#864));
#864 = ORIENTED_EDGE('',*,*,#765,.T.);
#865 = FACE_BOUND('',#866,.F.);
#866 = EDGE_LOOP('',(#867));
#867 = ORIENTED_EDGE('',*,*,#868,.F.);
#868 = EDGE_CURVE('',#869,#869,#871,.T.);
#869 = VERTEX_POINT('',#870);
#870 = CARTESIAN_POINT('',(586.7625,310.,277.9375));
#871 = CIRCLE('',#872,7.9375);
#872 = AXIS2_PLACEMENT_3D('',#873,#874,#875);
#873 = CARTESIAN_POINT('',(586.7625,310.,270.));
#874 = DIRECTION('',(1.,0.,-0.));
#875 = DIRECTION('',(0.,0.,1.));
#876 = PLANE('',#877);
#877 = AXIS2_PLACEMENT_3D('',#878,#879,#880);
#878 = CARTESIAN_POINT('',(586.7625,310.,270.));
#879 = DIRECTION('',(1.,0.,0.));
#880 = DIRECTION('',(0.,0.,1.));
#881 = ADVANCED_FACE('',(#882,#885),#896,.F.);
#882 = FACE_BOUND('',#883,.F.);
#883 = EDGE_LOOP('',(#884));
#884 = ORIENTED_EDGE('',*,*,#790,.T.);
#885 = FACE_BOUND('',#886,.F.);
#886 = EDGE_LOOP('',(#887));
#887 = ORIENTED_EDGE('',*,*,#888,.F.);
#888 = EDGE_CURVE('',#889,#889,#891,.T.);
#889 = VERTEX_POINT('',#890);
#890 = CARTESIAN_POINT('',(586.7625,255.,277.9375));
#891 = CIRCLE('',#892,7.9375);
#892 = AXIS2_PLACEMENT_3D('',#893,#894,#895);
#893 = CARTESIAN_POINT('',(586.7625,255.,270.));
#894 = DIRECTION('',(1.,0.,-0.));
#895 = DIRECTION('',(0.,0.,1.));
#896 = PLANE('',#897);
#897 = AXIS2_PLACEMENT_3D('',#898,#899,#900);
#898 = CARTESIAN_POINT('',(586.7625,255.,270.));
#899 = DIRECTION('',(1.,0.,0.));
#900 = DIRECTION('',(0.,0.,1.));
#901 = ADVANCED_FACE('',(#902,#905),#916,.T.);
#902 = FACE_BOUND('',#903,.T.);
#903 = EDGE_LOOP('',(#904));
#904 = ORIENTED_EDGE('',*,*,#824,.T.);
#905 = FACE_BOUND('',#906,.T.);
#906 = EDGE_LOOP('',(#907));
#907 = ORIENTED_EDGE('',*,*,#908,.F.);
#908 = EDGE_CURVE('',#909,#909,#911,.T.);
#909 = VERTEX_POINT('',#910);
#910 = CARTESIAN_POINT('',(592.0625,310.,277.9375));
#911 = CIRCLE('',#912,7.9375);
#912 = AXIS2_PLACEMENT_3D('',#913,#914,#915);
#913 = CARTESIAN_POINT('',(592.0625,310.,270.));
#914 = DIRECTION('',(1.,0.,-0.));
#915 = DIRECTION('',(0.,0.,1.));
#916 = PLANE('',#917);
#917 = AXIS2_PLACEMENT_3D('',#918,#919,#920);
#918 = CARTESIAN_POINT('',(592.0625,310.,270.));
#919 = DIRECTION('',(1.,0.,0.));
#920 = DIRECTION('',(0.,0.,1.));
#921 = ADVANCED_FACE('',(#922,#925),#936,.T.);
#922 = FACE_BOUND('',#923,.T.);
#923 = EDGE_LOOP('',(#924));
#924 = ORIENTED_EDGE('',*,*,#849,.T.);
#925 = FACE_BOUND('',#926,.T.);
#926 = EDGE_LOOP('',(#927));
#927 = ORIENTED_EDGE('',*,*,#928,.F.);
#928 = EDGE_CURVE('',#929,#929,#931,.T.);
#929 = VERTEX_POINT('',#930);
#930 = CARTESIAN_POINT('',(592.0625,255.,277.9375));
#931 = CIRCLE('',#932,7.9375);
#932 = AXIS2_PLACEMENT_3D('',#933,#934,#935);
#933 = CARTESIAN_POINT('',(592.0625,255.,270.));
#934 = DIRECTION('',(1.,0.,-0.));
#935 = DIRECTION('',(0.,0.,1.));
#936 = PLANE('',#937);
#937 = AXIS2_PLACEMENT_3D('',#938,#939,#940);
#938 = CARTESIAN_POINT('',(592.0625,255.,270.));
#939 = DIRECTION('',(1.,0.,0.));
#940 = DIRECTION('',(0.,0.,1.));
#941 = ADVANCED_FACE('',(#942),#953,.F.);
#942 = FACE_BOUND('',#943,.F.);
#943 = EDGE_LOOP('',(#944,#950,#951,#952));
#944 = ORIENTED_EDGE('',*,*,#945,.T.);
#945 = EDGE_CURVE('',#869,#909,#946,.T.);
#946 = LINE('',#947,#948);
#947 = CARTESIAN_POINT('',(581.,310.,277.9375));
#948 = VECTOR('',#949,1.);
#949 = DIRECTION('',(1.,0.,0.));
#950 = ORIENTED_EDGE('',*,*,#908,.F.);
#951 = ORIENTED_EDGE('',*,*,#945,.F.);
#952 = ORIENTED_EDGE('',*,*,#868,.T.);
#953 = CYLINDRICAL_SURFACE('',#954,7.9375);
#954 = AXIS2_PLACEMENT_3D('',#955,#956,#957);
#955 = CARTESIAN_POINT('',(581.,310.,270.));
#956 = DIRECTION('',(1.,0.,0.));
#957 = DIRECTION('',(0.,0.,1.));
#958 = ADVANCED_FACE('',(#959),#970,.F.);
#959 = FACE_BOUND('',#960,.F.);
#960 = EDGE_LOOP('',(#961,#967,#968,#969));
#961 = ORIENTED_EDGE('',*,*,#962,.T.);
#962 = EDGE_CURVE('',#889,#929,#963,.T.);
#963 = LINE('',#964,#965);
#964 = CARTESIAN_POINT('',(581.,255.,277.9375));
#965 = VECTOR('',#966,1.);
#966 = DIRECTION('',(1.,0.,0.));
#967 = ORIENTED_EDGE('',*,*,#928,.F.);
#968 = ORIENTED_EDGE('',*,*,#962,.F.);
#969 = ORIENTED_EDGE('',*,*,#888,.T.);
#970 = CYLINDRICAL_SURFACE('',#971,7.9375);
#971 = AXIS2_PLACEMENT_3D('',#972,#973,#974);
#972 = CARTESIAN_POINT('',(581.,255.,270.));
#973 = DIRECTION('',(1.,0.,0.));
#974 = DIRECTION('',(0.,0.,1.));
#975 = MANIFOLD_SOLID_BREP('',#976);
#976 = CLOSED_SHELL('',(#977,#1017,#1148,#1172,#1296,#1313,#1325,#1350,
    #1375,#1392,#1409,#1431,#1448,#1465,#1477,#1494,#1511,#1536,#1561,
    #1573));
#977 = ADVANCED_FACE('',(#978),#1012,.F.);
#978 = FACE_BOUND('',#979,.F.);
#979 = EDGE_LOOP('',(#980,#990,#998,#1006));
#980 = ORIENTED_EDGE('',*,*,#981,.F.);
#981 = EDGE_CURVE('',#982,#984,#986,.T.);
#982 = VERTEX_POINT('',#983);
#983 = CARTESIAN_POINT('',(18.,0.,0.));
#984 = VERTEX_POINT('',#985);
#985 = CARTESIAN_POINT('',(18.,0.,400.05));
#986 = LINE('',#987,#988);
#987 = CARTESIAN_POINT('',(18.,0.,0.));
#988 = VECTOR('',#989,1.);
#989 = DIRECTION('',(0.,0.,1.));
#990 = ORIENTED_EDGE('',*,*,#991,.T.);
#991 = EDGE_CURVE('',#982,#992,#994,.T.);
#992 = VERTEX_POINT('',#993);
#993 = CARTESIAN_POINT('',(18.,18.,0.));
#994 = LINE('',#995,#996);
#995 = CARTESIAN_POINT('',(18.,0.,0.));
#996 = VECTOR('',#997,1.);
#997 = DIRECTION('',(0.,1.,0.));
#998 = ORIENTED_EDGE('',*,*,#999,.T.);
#999 = EDGE_CURVE('',#992,#1000,#1002,.T.);
#1000 = VERTEX_POINT('',#1001);
#1001 = CARTESIAN_POINT('',(18.,18.,400.05));
#1002 = LINE('',#1003,#1004);
#1003 = CARTESIAN_POINT('',(18.,18.,0.));
#1004 = VECTOR('',#1005,1.);
#1005 = DIRECTION('',(0.,0.,1.));
#1006 = ORIENTED_EDGE('',*,*,#1007,.F.);
#1007 = EDGE_CURVE('',#984,#1000,#1008,.T.);
#1008 = LINE('',#1009,#1010);
#1009 = CARTESIAN_POINT('',(18.,0.,400.05));
#1010 = VECTOR('',#1011,1.);
#1011 = DIRECTION('',(0.,1.,0.));
#1012 = PLANE('',#1013);
#1013 = AXIS2_PLACEMENT_3D('',#1014,#1015,#1016);
#1014 = CARTESIAN_POINT('',(18.,0.,0.));
#1015 = DIRECTION('',(1.,0.,0.));
#1016 = DIRECTION('',(0.,0.,1.));
#1017 = ADVANCED_FACE('',(#1018,#1043,#1054,#1065,#1076,#1087,#1121,
    #1132),#1143,.F.);
#1018 = FACE_BOUND('',#1019,.F.);
#1019 = EDGE_LOOP('',(#1020,#1028,#1029,#1037));
#1020 = ORIENTED_EDGE('',*,*,#1021,.F.);
#1021 = EDGE_CURVE('',#982,#1022,#1024,.T.);
#1022 = VERTEX_POINT('',#1023);
#1023 = CARTESIAN_POINT('',(582.,0.,0.));
#1024 = LINE('',#1025,#1026);
#1025 = CARTESIAN_POINT('',(18.,0.,0.));
#1026 = VECTOR('',#1027,1.);
#1027 = DIRECTION('',(1.,0.,0.));
#1028 = ORIENTED_EDGE('',*,*,#981,.T.);
#1029 = ORIENTED_EDGE('',*,*,#1030,.T.);
#1030 = EDGE_CURVE('',#984,#1031,#1033,.T.);
#1031 = VERTEX_POINT('',#1032);
#1032 = CARTESIAN_POINT('',(582.,0.,400.05));
#1033 = LINE('',#1034,#1035);
#1034 = CARTESIAN_POINT('',(18.,0.,400.05));
#1035 = VECTOR('',#1036,1.);
#1036 = DIRECTION('',(1.,0.,0.));
#1037 = ORIENTED_EDGE('',*,*,#1038,.F.);
#1038 = EDGE_CURVE('',#1022,#1031,#1039,.T.);
#1039 = LINE('',#1040,#1041);
#1040 = CARTESIAN_POINT('',(582.,0.,0.));
#1041 = VECTOR('',#1042,1.);
#1042 = DIRECTION('',(0.,0.,1.));
#1043 = FACE_BOUND('',#1044,.F.);
#1044 = EDGE_LOOP('',(#1045));
#1045 = ORIENTED_EDGE('',*,*,#1046,.F.);
#1046 = EDGE_CURVE('',#1047,#1047,#1049,.T.);
#1047 = VERTEX_POINT('',#1048);
#1048 = CARTESIAN_POINT('',(90.,0.,247.4625));
#1049 = CIRCLE('',#1050,17.4625);
#1050 = AXIS2_PLACEMENT_3D('',#1051,#1052,#1053);
#1051 = CARTESIAN_POINT('',(90.,0.,230.));
#1052 = DIRECTION('',(0.,1.,0.));
#1053 = DIRECTION('',(0.,0.,1.));
#1054 = FACE_BOUND('',#1055,.F.);
#1055 = EDGE_LOOP('',(#1056));
#1056 = ORIENTED_EDGE('',*,*,#1057,.F.);
#1057 = EDGE_CURVE('',#1058,#1058,#1060,.T.);
#1058 = VERTEX_POINT('',#1059);
#1059 = CARTESIAN_POINT('',(90.,0.,297.4625));
#1060 = CIRCLE('',#1061,17.4625);
#1061 = AXIS2_PLACEMENT_3D('',#1062,#1063,#1064);
#1062 = CARTESIAN_POINT('',(90.,0.,280.));
#1063 = DIRECTION('',(0.,1.,0.));
#1064 = DIRECTION('',(0.,0.,1.));
#1065 = FACE_BOUND('',#1066,.F.);
#1066 = EDGE_LOOP('',(#1067));
#1067 = ORIENTED_EDGE('',*,*,#1068,.F.);
#1068 = EDGE_CURVE('',#1069,#1069,#1071,.T.);
#1069 = VERTEX_POINT('',#1070);
#1070 = CARTESIAN_POINT('',(136.4875,0.,228.571875));
#1071 = CIRCLE('',#1072,3.571875);
#1072 = AXIS2_PLACEMENT_3D('',#1073,#1074,#1075);
#1073 = CARTESIAN_POINT('',(136.4875,0.,225.));
#1074 = DIRECTION('',(0.,1.,0.));
#1075 = DIRECTION('',(0.,0.,1.));
#1076 = FACE_BOUND('',#1077,.F.);
#1077 = EDGE_LOOP('',(#1078));
#1078 = ORIENTED_EDGE('',*,*,#1079,.F.);
#1079 = EDGE_CURVE('',#1080,#1080,#1082,.T.);
#1080 = VERTEX_POINT('',#1081);
#1081 = CARTESIAN_POINT('',(300.,0.,88.475));
#1082 = CIRCLE('',#1083,3.571875);
#1083 = AXIS2_PLACEMENT_3D('',#1084,#1085,#1086);
#1084 = CARTESIAN_POINT('',(300.,0.,84.903125));
#1085 = DIRECTION('',(0.,1.,0.));
#1086 = DIRECTION('',(0.,0.,1.));
#1087 = FACE_BOUND('',#1088,.F.);
#1088 = EDGE_LOOP('',(#1089,#1099,#1107,#1115));
#1089 = ORIENTED_EDGE('',*,*,#1090,.F.);
#1090 = EDGE_CURVE('',#1091,#1093,#1095,.T.);
#1091 = VERTEX_POINT('',#1092);
#1092 = CARTESIAN_POINT('',(144.425,0.,357.159375));
#1093 = VERTEX_POINT('',#1094);
#1094 = CARTESIAN_POINT('',(455.575,0.,357.159375));
#1095 = LINE('',#1096,#1097);
#1096 = CARTESIAN_POINT('',(81.2125,0.,357.159375));
#1097 = VECTOR('',#1098,1.);
#1098 = DIRECTION('',(1.,0.,0.));
#1099 = ORIENTED_EDGE('',*,*,#1100,.T.);
#1100 = EDGE_CURVE('',#1091,#1101,#1103,.T.);
#1101 = VERTEX_POINT('',#1102);
#1102 = CARTESIAN_POINT('',(144.425,0.,92.840625));
#1103 = LINE('',#1104,#1105);
#1104 = CARTESIAN_POINT('',(144.425,0.,46.4203125));
#1105 = VECTOR('',#1106,1.);
#1106 = DIRECTION('',(0.,0.,-1.));
#1107 = ORIENTED_EDGE('',*,*,#1108,.T.);
#1108 = EDGE_CURVE('',#1101,#1109,#1111,.T.);
#1109 = VERTEX_POINT('',#1110);
#1110 = CARTESIAN_POINT('',(455.575,0.,92.840625));
#1111 = LINE('',#1112,#1113);
#1112 = CARTESIAN_POINT('',(81.2125,0.,92.840625));
#1113 = VECTOR('',#1114,1.);
#1114 = DIRECTION('',(1.,0.,0.));
#1115 = ORIENTED_EDGE('',*,*,#1116,.F.);
#1116 = EDGE_CURVE('',#1093,#1109,#1117,.T.);
#1117 = LINE('',#1118,#1119);
#1118 = CARTESIAN_POINT('',(455.575,0.,46.4203125));
#1119 = VECTOR('',#1120,1.);
#1120 = DIRECTION('',(0.,0.,-1.));
#1121 = FACE_BOUND('',#1122,.F.);
#1122 = EDGE_LOOP('',(#1123));
#1123 = ORIENTED_EDGE('',*,*,#1124,.F.);
#1124 = EDGE_CURVE('',#1125,#1125,#1127,.T.);
#1125 = VERTEX_POINT('',#1126);
#1126 = CARTESIAN_POINT('',(300.,0.,368.66875));
#1127 = CIRCLE('',#1128,3.571875);
#1128 = AXIS2_PLACEMENT_3D('',#1129,#1130,#1131);
#1129 = CARTESIAN_POINT('',(300.,0.,365.096875));
#1130 = DIRECTION('',(0.,1.,0.));
#1131 = DIRECTION('',(0.,0.,1.));
#1132 = FACE_BOUND('',#1133,.F.);
#1133 = EDGE_LOOP('',(#1134));
#1134 = ORIENTED_EDGE('',*,*,#1135,.F.);
#1135 = EDGE_CURVE('',#1136,#1136,#1138,.T.);
#1136 = VERTEX_POINT('',#1137);
#1137 = CARTESIAN_POINT('',(463.5125,0.,228.571875));
#1138 = CIRCLE('',#1139,3.571875);
#1139 = AXIS2_PLACEMENT_3D('',#1140,#1141,#1142);
#1140 = CARTESIAN_POINT('',(463.5125,0.,225.));
#1141 = DIRECTION('',(0.,1.,0.));
#1142 = DIRECTION('',(0.,0.,1.));
#1143 = PLANE('',#1144);
#1144 = AXIS2_PLACEMENT_3D('',#1145,#1146,#1147);
#1145 = CARTESIAN_POINT('',(18.,0.,0.));
#1146 = DIRECTION('',(0.,1.,0.));
#1147 = DIRECTION('',(0.,0.,1.));
#1148 = ADVANCED_FACE('',(#1149),#1167,.T.);
#1149 = FACE_BOUND('',#1150,.T.);
#1150 = EDGE_LOOP('',(#1151,#1152,#1153,#1161));
#1151 = ORIENTED_EDGE('',*,*,#1007,.F.);
#1152 = ORIENTED_EDGE('',*,*,#1030,.T.);
#1153 = ORIENTED_EDGE('',*,*,#1154,.T.);
#1154 = EDGE_CURVE('',#1031,#1155,#1157,.T.);
#1155 = VERTEX_POINT('',#1156);
#1156 = CARTESIAN_POINT('',(582.,18.,400.05));
#1157 = LINE('',#1158,#1159);
#1158 = CARTESIAN_POINT('',(582.,0.,400.05));
#1159 = VECTOR('',#1160,1.);
#1160 = DIRECTION('',(0.,1.,0.));
#1161 = ORIENTED_EDGE('',*,*,#1162,.F.);
#1162 = EDGE_CURVE('',#1000,#1155,#1163,.T.);
#1163 = LINE('',#1164,#1165);
#1164 = CARTESIAN_POINT('',(18.,18.,400.05));
#1165 = VECTOR('',#1166,1.);
#1166 = DIRECTION('',(1.,0.,0.));
#1167 = PLANE('',#1168);
#1168 = AXIS2_PLACEMENT_3D('',#1169,#1170,#1171);
#1169 = CARTESIAN_POINT('',(18.,0.,400.05));
#1170 = DIRECTION('',(0.,0.,1.));
#1171 = DIRECTION('',(1.,0.,0.));
#1172 = ADVANCED_FACE('',(#1173,#1191,#1202,#1213,#1224,#1235,#1269,
    #1280),#1291,.T.);
#1173 = FACE_BOUND('',#1174,.T.);
#1174 = EDGE_LOOP('',(#1175,#1183,#1184,#1185));
#1175 = ORIENTED_EDGE('',*,*,#1176,.F.);
#1176 = EDGE_CURVE('',#992,#1177,#1179,.T.);
#1177 = VERTEX_POINT('',#1178);
#1178 = CARTESIAN_POINT('',(582.,18.,0.));
#1179 = LINE('',#1180,#1181);
#1180 = CARTESIAN_POINT('',(18.,18.,0.));
#1181 = VECTOR('',#1182,1.);
#1182 = DIRECTION('',(1.,0.,0.));
#1183 = ORIENTED_EDGE('',*,*,#999,.T.);
#1184 = ORIENTED_EDGE('',*,*,#1162,.T.);
#1185 = ORIENTED_EDGE('',*,*,#1186,.F.);
#1186 = EDGE_CURVE('',#1177,#1155,#1187,.T.);
#1187 = LINE('',#1188,#1189);
#1188 = CARTESIAN_POINT('',(582.,18.,0.));
#1189 = VECTOR('',#1190,1.);
#1190 = DIRECTION('',(0.,0.,1.));
#1191 = FACE_BOUND('',#1192,.T.);
#1192 = EDGE_LOOP('',(#1193));
#1193 = ORIENTED_EDGE('',*,*,#1194,.F.);
#1194 = EDGE_CURVE('',#1195,#1195,#1197,.T.);
#1195 = VERTEX_POINT('',#1196);
#1196 = CARTESIAN_POINT('',(90.,18.,242.7));
#1197 = CIRCLE('',#1198,12.7);
#1198 = AXIS2_PLACEMENT_3D('',#1199,#1200,#1201);
#1199 = CARTESIAN_POINT('',(90.,18.,230.));
#1200 = DIRECTION('',(0.,1.,0.));
#1201 = DIRECTION('',(0.,0.,1.));
#1202 = FACE_BOUND('',#1203,.T.);
#1203 = EDGE_LOOP('',(#1204));
#1204 = ORIENTED_EDGE('',*,*,#1205,.F.);
#1205 = EDGE_CURVE('',#1206,#1206,#1208,.T.);
#1206 = VERTEX_POINT('',#1207);
#1207 = CARTESIAN_POINT('',(90.,18.,292.7));
#1208 = CIRCLE('',#1209,12.7);
#1209 = AXIS2_PLACEMENT_3D('',#1210,#1211,#1212);
#1210 = CARTESIAN_POINT('',(90.,18.,280.));
#1211 = DIRECTION('',(0.,1.,0.));
#1212 = DIRECTION('',(0.,0.,1.));
#1213 = FACE_BOUND('',#1214,.T.);
#1214 = EDGE_LOOP('',(#1215));
#1215 = ORIENTED_EDGE('',*,*,#1216,.F.);
#1216 = EDGE_CURVE('',#1217,#1217,#1219,.T.);
#1217 = VERTEX_POINT('',#1218);
#1218 = CARTESIAN_POINT('',(136.4875,18.,228.571875));
#1219 = CIRCLE('',#1220,3.571875);
#1220 = AXIS2_PLACEMENT_3D('',#1221,#1222,#1223);
#1221 = CARTESIAN_POINT('',(136.4875,18.,225.));
#1222 = DIRECTION('',(0.,1.,0.));
#1223 = DIRECTION('',(0.,0.,1.));
#1224 = FACE_BOUND('',#1225,.T.);
#1225 = EDGE_LOOP('',(#1226));
#1226 = ORIENTED_EDGE('',*,*,#1227,.F.);
#1227 = EDGE_CURVE('',#1228,#1228,#1230,.T.);
#1228 = VERTEX_POINT('',#1229);
#1229 = CARTESIAN_POINT('',(300.,18.,88.475));
#1230 = CIRCLE('',#1231,3.571875);
#1231 = AXIS2_PLACEMENT_3D('',#1232,#1233,#1234);
#1232 = CARTESIAN_POINT('',(300.,18.,84.903125));
#1233 = DIRECTION('',(0.,1.,0.));
#1234 = DIRECTION('',(0.,0.,1.));
#1235 = FACE_BOUND('',#1236,.T.);
#1236 = EDGE_LOOP('',(#1237,#1247,#1255,#1263));
#1237 = ORIENTED_EDGE('',*,*,#1238,.F.);
#1238 = EDGE_CURVE('',#1239,#1241,#1243,.T.);
#1239 = VERTEX_POINT('',#1240);
#1240 = CARTESIAN_POINT('',(144.425,18.,357.159375));
#1241 = VERTEX_POINT('',#1242);
#1242 = CARTESIAN_POINT('',(455.575,18.,357.159375));
#1243 = LINE('',#1244,#1245);
#1244 = CARTESIAN_POINT('',(81.2125,18.,357.159375));
#1245 = VECTOR('',#1246,1.);
#1246 = DIRECTION('',(1.,0.,0.));
#1247 = ORIENTED_EDGE('',*,*,#1248,.T.);
#1248 = EDGE_CURVE('',#1239,#1249,#1251,.T.);
#1249 = VERTEX_POINT('',#1250);
#1250 = CARTESIAN_POINT('',(144.425,18.,92.840625));
#1251 = LINE('',#1252,#1253);
#1252 = CARTESIAN_POINT('',(144.425,18.,46.4203125));
#1253 = VECTOR('',#1254,1.);
#1254 = DIRECTION('',(0.,0.,-1.));
#1255 = ORIENTED_EDGE('',*,*,#1256,.T.);
#1256 = EDGE_CURVE('',#1249,#1257,#1259,.T.);
#1257 = VERTEX_POINT('',#1258);
#1258 = CARTESIAN_POINT('',(455.575,18.,92.840625));
#1259 = LINE('',#1260,#1261);
#1260 = CARTESIAN_POINT('',(81.2125,18.,92.840625));
#1261 = VECTOR('',#1262,1.);
#1262 = DIRECTION('',(1.,0.,0.));
#1263 = ORIENTED_EDGE('',*,*,#1264,.F.);
#1264 = EDGE_CURVE('',#1241,#1257,#1265,.T.);
#1265 = LINE('',#1266,#1267);
#1266 = CARTESIAN_POINT('',(455.575,18.,46.4203125));
#1267 = VECTOR('',#1268,1.);
#1268 = DIRECTION('',(0.,0.,-1.));
#1269 = FACE_BOUND('',#1270,.T.);
#1270 = EDGE_LOOP('',(#1271));
#1271 = ORIENTED_EDGE('',*,*,#1272,.F.);
#1272 = EDGE_CURVE('',#1273,#1273,#1275,.T.);
#1273 = VERTEX_POINT('',#1274);
#1274 = CARTESIAN_POINT('',(300.,18.,368.66875));
#1275 = CIRCLE('',#1276,3.571875);
#1276 = AXIS2_PLACEMENT_3D('',#1277,#1278,#1279);
#1277 = CARTESIAN_POINT('',(300.,18.,365.096875));
#1278 = DIRECTION('',(0.,1.,0.));
#1279 = DIRECTION('',(0.,0.,1.));
#1280 = FACE_BOUND('',#1281,.T.);
#1281 = EDGE_LOOP('',(#1282));
#1282 = ORIENTED_EDGE('',*,*,#1283,.F.);
#1283 = EDGE_CURVE('',#1284,#1284,#1286,.T.);
#1284 = VERTEX_POINT('',#1285);
#1285 = CARTESIAN_POINT('',(463.5125,18.,228.571875));
#1286 = CIRCLE('',#1287,3.571875);
#1287 = AXIS2_PLACEMENT_3D('',#1288,#1289,#1290);
#1288 = CARTESIAN_POINT('',(463.5125,18.,225.));
#1289 = DIRECTION('',(0.,1.,0.));
#1290 = DIRECTION('',(0.,0.,1.));
#1291 = PLANE('',#1292);
#1292 = AXIS2_PLACEMENT_3D('',#1293,#1294,#1295);
#1293 = CARTESIAN_POINT('',(18.,18.,0.));
#1294 = DIRECTION('',(0.,1.,0.));
#1295 = DIRECTION('',(0.,0.,1.));
#1296 = ADVANCED_FACE('',(#1297),#1308,.F.);
#1297 = FACE_BOUND('',#1298,.F.);
#1298 = EDGE_LOOP('',(#1299,#1300,#1301,#1307));
#1299 = ORIENTED_EDGE('',*,*,#991,.F.);
#1300 = ORIENTED_EDGE('',*,*,#1021,.T.);
#1301 = ORIENTED_EDGE('',*,*,#1302,.T.);
#1302 = EDGE_CURVE('',#1022,#1177,#1303,.T.);
#1303 = LINE('',#1304,#1305);
#1304 = CARTESIAN_POINT('',(582.,0.,0.));
#1305 = VECTOR('',#1306,1.);
#1306 = DIRECTION('',(0.,1.,0.));
#1307 = ORIENTED_EDGE('',*,*,#1176,.F.);
#1308 = PLANE('',#1309);
#1309 = AXIS2_PLACEMENT_3D('',#1310,#1311,#1312);
#1310 = CARTESIAN_POINT('',(18.,0.,0.));
#1311 = DIRECTION('',(0.,0.,1.));
#1312 = DIRECTION('',(1.,0.,0.));
#1313 = ADVANCED_FACE('',(#1314),#1320,.T.);
#1314 = FACE_BOUND('',#1315,.T.);
#1315 = EDGE_LOOP('',(#1316,#1317,#1318,#1319));
#1316 = ORIENTED_EDGE('',*,*,#1038,.F.);
#1317 = ORIENTED_EDGE('',*,*,#1302,.T.);
#1318 = ORIENTED_EDGE('',*,*,#1186,.T.);
#1319 = ORIENTED_EDGE('',*,*,#1154,.F.);
#1320 = PLANE('',#1321);
#1321 = AXIS2_PLACEMENT_3D('',#1322,#1323,#1324);
#1322 = CARTESIAN_POINT('',(582.,0.,0.));
#1323 = DIRECTION('',(1.,0.,0.));
#1324 = DIRECTION('',(0.,0.,1.));
#1325 = ADVANCED_FACE('',(#1326),#1345,.F.);
#1326 = FACE_BOUND('',#1327,.F.);
#1327 = EDGE_LOOP('',(#1328,#1337,#1343,#1344));
#1328 = ORIENTED_EDGE('',*,*,#1329,.F.);
#1329 = EDGE_CURVE('',#1330,#1330,#1332,.T.);
#1330 = VERTEX_POINT('',#1331);
#1331 = CARTESIAN_POINT('',(90.,12.7,247.4625));
#1332 = CIRCLE('',#1333,17.4625);
#1333 = AXIS2_PLACEMENT_3D('',#1334,#1335,#1336);
#1334 = CARTESIAN_POINT('',(90.,12.7,230.));
#1335 = DIRECTION('',(0.,1.,0.));
#1336 = DIRECTION('',(0.,0.,1.));
#1337 = ORIENTED_EDGE('',*,*,#1338,.F.);
#1338 = EDGE_CURVE('',#1047,#1330,#1339,.T.);
#1339 = LINE('',#1340,#1341);
#1340 = CARTESIAN_POINT('',(90.,0.,247.4625));
#1341 = VECTOR('',#1342,1.);
#1342 = DIRECTION('',(0.,1.,0.));
#1343 = ORIENTED_EDGE('',*,*,#1046,.T.);
#1344 = ORIENTED_EDGE('',*,*,#1338,.T.);
#1345 = CYLINDRICAL_SURFACE('',#1346,17.4625);
#1346 = AXIS2_PLACEMENT_3D('',#1347,#1348,#1349);
#1347 = CARTESIAN_POINT('',(90.,0.,230.));
#1348 = DIRECTION('',(0.,1.,0.));
#1349 = DIRECTION('',(0.,0.,1.));
#1350 = ADVANCED_FACE('',(#1351),#1370,.F.);
#1351 = FACE_BOUND('',#1352,.F.);
#1352 = EDGE_LOOP('',(#1353,#1362,#1368,#1369));
#1353 = ORIENTED_EDGE('',*,*,#1354,.F.);
#1354 = EDGE_CURVE('',#1355,#1355,#1357,.T.);
#1355 = VERTEX_POINT('',#1356);
#1356 = CARTESIAN_POINT('',(90.,12.7,297.4625));
#1357 = CIRCLE('',#1358,17.4625);
#1358 = AXIS2_PLACEMENT_3D('',#1359,#1360,#1361);
#1359 = CARTESIAN_POINT('',(90.,12.7,280.));
#1360 = DIRECTION('',(0.,1.,0.));
#1361 = DIRECTION('',(0.,0.,1.));
#1362 = ORIENTED_EDGE('',*,*,#1363,.F.);
#1363 = EDGE_CURVE('',#1058,#1355,#1364,.T.);
#1364 = LINE('',#1365,#1366);
#1365 = CARTESIAN_POINT('',(90.,0.,297.4625));
#1366 = VECTOR('',#1367,1.);
#1367 = DIRECTION('',(0.,1.,0.));
#1368 = ORIENTED_EDGE('',*,*,#1057,.T.);
#1369 = ORIENTED_EDGE('',*,*,#1363,.T.);
#1370 = CYLINDRICAL_SURFACE('',#1371,17.4625);
#1371 = AXIS2_PLACEMENT_3D('',#1372,#1373,#1374);
#1372 = CARTESIAN_POINT('',(90.,0.,280.));
#1373 = DIRECTION('',(0.,1.,0.));
#1374 = DIRECTION('',(0.,0.,1.));
#1375 = ADVANCED_FACE('',(#1376),#1387,.F.);
#1376 = FACE_BOUND('',#1377,.F.);
#1377 = EDGE_LOOP('',(#1378,#1379,#1385,#1386));
#1378 = ORIENTED_EDGE('',*,*,#1216,.F.);
#1379 = ORIENTED_EDGE('',*,*,#1380,.F.);
#1380 = EDGE_CURVE('',#1069,#1217,#1381,.T.);
#1381 = LINE('',#1382,#1383);
#1382 = CARTESIAN_POINT('',(136.4875,-1.,228.571875));
#1383 = VECTOR('',#1384,1.);
#1384 = DIRECTION('',(0.,1.,0.));
#1385 = ORIENTED_EDGE('',*,*,#1068,.T.);
#1386 = ORIENTED_EDGE('',*,*,#1380,.T.);
#1387 = CYLINDRICAL_SURFACE('',#1388,3.571875);
#1388 = AXIS2_PLACEMENT_3D('',#1389,#1390,#1391);
#1389 = CARTESIAN_POINT('',(136.4875,-1.,225.));
#1390 = DIRECTION('',(0.,1.,0.));
#1391 = DIRECTION('',(0.,0.,1.));
#1392 = ADVANCED_FACE('',(#1393),#1404,.F.);
#1393 = FACE_BOUND('',#1394,.F.);
#1394 = EDGE_LOOP('',(#1395,#1396,#1402,#1403));
#1395 = ORIENTED_EDGE('',*,*,#1227,.F.);
#1396 = ORIENTED_EDGE('',*,*,#1397,.F.);
#1397 = EDGE_CURVE('',#1080,#1228,#1398,.T.);
#1398 = LINE('',#1399,#1400);
#1399 = CARTESIAN_POINT('',(300.,-1.,88.475));
#1400 = VECTOR('',#1401,1.);
#1401 = DIRECTION('',(0.,1.,0.));
#1402 = ORIENTED_EDGE('',*,*,#1079,.T.);
#1403 = ORIENTED_EDGE('',*,*,#1397,.T.);
#1404 = CYLINDRICAL_SURFACE('',#1405,3.571875);
#1405 = AXIS2_PLACEMENT_3D('',#1406,#1407,#1408);
#1406 = CARTESIAN_POINT('',(300.,-1.,84.903125));
#1407 = DIRECTION('',(0.,1.,0.));
#1408 = DIRECTION('',(0.,0.,1.));
#1409 = ADVANCED_FACE('',(#1410),#1426,.F.);
#1410 = FACE_BOUND('',#1411,.F.);
#1411 = EDGE_LOOP('',(#1412,#1418,#1419,#1425));
#1412 = ORIENTED_EDGE('',*,*,#1413,.F.);
#1413 = EDGE_CURVE('',#1091,#1239,#1414,.T.);
#1414 = LINE('',#1415,#1416);
#1415 = CARTESIAN_POINT('',(144.425,-1.,357.159375));
#1416 = VECTOR('',#1417,1.);
#1417 = DIRECTION('',(0.,1.,0.));
#1418 = ORIENTED_EDGE('',*,*,#1090,.T.);
#1419 = ORIENTED_EDGE('',*,*,#1420,.T.);
#1420 = EDGE_CURVE('',#1093,#1241,#1421,.T.);
#1421 = LINE('',#1422,#1423);
#1422 = CARTESIAN_POINT('',(455.575,-1.,357.159375));
#1423 = VECTOR('',#1424,1.);
#1424 = DIRECTION('',(0.,1.,0.));
#1425 = ORIENTED_EDGE('',*,*,#1238,.F.);
#1426 = PLANE('',#1427);
#1427 = AXIS2_PLACEMENT_3D('',#1428,#1429,#1430);
#1428 = CARTESIAN_POINT('',(144.425,-1.,357.159375));
#1429 = DIRECTION('',(0.,0.,1.));
#1430 = DIRECTION('',(1.,0.,0.));
#1431 = ADVANCED_FACE('',(#1432),#1443,.T.);
#1432 = FACE_BOUND('',#1433,.T.);
#1433 = EDGE_LOOP('',(#1434,#1435,#1436,#1442));
#1434 = ORIENTED_EDGE('',*,*,#1413,.F.);
#1435 = ORIENTED_EDGE('',*,*,#1100,.T.);
#1436 = ORIENTED_EDGE('',*,*,#1437,.T.);
#1437 = EDGE_CURVE('',#1101,#1249,#1438,.T.);
#1438 = LINE('',#1439,#1440);
#1439 = CARTESIAN_POINT('',(144.425,-1.,92.840625));
#1440 = VECTOR('',#1441,1.);
#1441 = DIRECTION('',(0.,1.,0.));
#1442 = ORIENTED_EDGE('',*,*,#1248,.F.);
#1443 = PLANE('',#1444);
#1444 = AXIS2_PLACEMENT_3D('',#1445,#1446,#1447);
#1445 = CARTESIAN_POINT('',(144.425,-1.,92.840625));
#1446 = DIRECTION('',(1.,0.,0.));
#1447 = DIRECTION('',(0.,0.,1.));
#1448 = ADVANCED_FACE('',(#1449),#1460,.F.);
#1449 = FACE_BOUND('',#1450,.F.);
#1450 = EDGE_LOOP('',(#1451,#1452,#1453,#1459));
#1451 = ORIENTED_EDGE('',*,*,#1420,.F.);
#1452 = ORIENTED_EDGE('',*,*,#1116,.T.);
#1453 = ORIENTED_EDGE('',*,*,#1454,.T.);
#1454 = EDGE_CURVE('',#1109,#1257,#1455,.T.);
#1455 = LINE('',#1456,#1457);
#1456 = CARTESIAN_POINT('',(455.575,-1.,92.840625));
#1457 = VECTOR('',#1458,1.);
#1458 = DIRECTION('',(0.,1.,0.));
#1459 = ORIENTED_EDGE('',*,*,#1264,.F.);
#1460 = PLANE('',#1461);
#1461 = AXIS2_PLACEMENT_3D('',#1462,#1463,#1464);
#1462 = CARTESIAN_POINT('',(455.575,-1.,92.840625));
#1463 = DIRECTION('',(1.,0.,0.));
#1464 = DIRECTION('',(0.,0.,1.));
#1465 = ADVANCED_FACE('',(#1466),#1472,.T.);
#1466 = FACE_BOUND('',#1467,.T.);
#1467 = EDGE_LOOP('',(#1468,#1469,#1470,#1471));
#1468 = ORIENTED_EDGE('',*,*,#1437,.F.);
#1469 = ORIENTED_EDGE('',*,*,#1108,.T.);
#1470 = ORIENTED_EDGE('',*,*,#1454,.T.);
#1471 = ORIENTED_EDGE('',*,*,#1256,.F.);
#1472 = PLANE('',#1473);
#1473 = AXIS2_PLACEMENT_3D('',#1474,#1475,#1476);
#1474 = CARTESIAN_POINT('',(144.425,-1.,92.840625));
#1475 = DIRECTION('',(0.,0.,1.));
#1476 = DIRECTION('',(1.,0.,0.));
#1477 = ADVANCED_FACE('',(#1478),#1489,.F.);
#1478 = FACE_BOUND('',#1479,.F.);
#1479 = EDGE_LOOP('',(#1480,#1481,#1487,#1488));
#1480 = ORIENTED_EDGE('',*,*,#1272,.F.);
#1481 = ORIENTED_EDGE('',*,*,#1482,.F.);
#1482 = EDGE_CURVE('',#1125,#1273,#1483,.T.);
#1483 = LINE('',#1484,#1485);
#1484 = CARTESIAN_POINT('',(300.,-1.,368.66875));
#1485 = VECTOR('',#1486,1.);
#1486 = DIRECTION('',(0.,1.,0.));
#1487 = ORIENTED_EDGE('',*,*,#1124,.T.);
#1488 = ORIENTED_EDGE('',*,*,#1482,.T.);
#1489 = CYLINDRICAL_SURFACE('',#1490,3.571875);
#1490 = AXIS2_PLACEMENT_3D('',#1491,#1492,#1493);
#1491 = CARTESIAN_POINT('',(300.,-1.,365.096875));
#1492 = DIRECTION('',(0.,1.,0.));
#1493 = DIRECTION('',(0.,0.,1.));
#1494 = ADVANCED_FACE('',(#1495),#1506,.F.);
#1495 = FACE_BOUND('',#1496,.F.);
#1496 = EDGE_LOOP('',(#1497,#1498,#1504,#1505));
#1497 = ORIENTED_EDGE('',*,*,#1283,.F.);
#1498 = ORIENTED_EDGE('',*,*,#1499,.F.);
#1499 = EDGE_CURVE('',#1136,#1284,#1500,.T.);
#1500 = LINE('',#1501,#1502);
#1501 = CARTESIAN_POINT('',(463.5125,-1.,228.571875));
#1502 = VECTOR('',#1503,1.);
#1503 = DIRECTION('',(0.,1.,0.));
#1504 = ORIENTED_EDGE('',*,*,#1135,.T.);
#1505 = ORIENTED_EDGE('',*,*,#1499,.T.);
#1506 = CYLINDRICAL_SURFACE('',#1507,3.571875);
#1507 = AXIS2_PLACEMENT_3D('',#1508,#1509,#1510);
#1508 = CARTESIAN_POINT('',(463.5125,-1.,225.));
#1509 = DIRECTION('',(0.,1.,0.));
#1510 = DIRECTION('',(0.,0.,1.));
#1511 = ADVANCED_FACE('',(#1512),#1531,.F.);
#1512 = FACE_BOUND('',#1513,.F.);
#1513 = EDGE_LOOP('',(#1514,#1522,#1523,#1524));
#1514 = ORIENTED_EDGE('',*,*,#1515,.T.);
#1515 = EDGE_CURVE('',#1516,#1195,#1518,.T.);
#1516 = VERTEX_POINT('',#1517);
#1517 = CARTESIAN_POINT('',(90.,12.7,242.7));
#1518 = LINE('',#1519,#1520);
#1519 = CARTESIAN_POINT('',(90.,-1.,242.7));
#1520 = VECTOR('',#1521,1.);
#1521 = DIRECTION('',(0.,1.,0.));
#1522 = ORIENTED_EDGE('',*,*,#1194,.F.);
#1523 = ORIENTED_EDGE('',*,*,#1515,.F.);
#1524 = ORIENTED_EDGE('',*,*,#1525,.T.);
#1525 = EDGE_CURVE('',#1516,#1516,#1526,.T.);
#1526 = CIRCLE('',#1527,12.7);
#1527 = AXIS2_PLACEMENT_3D('',#1528,#1529,#1530);
#1528 = CARTESIAN_POINT('',(90.,12.7,230.));
#1529 = DIRECTION('',(0.,1.,0.));
#1530 = DIRECTION('',(0.,0.,1.));
#1531 = CYLINDRICAL_SURFACE('',#1532,12.7);
#1532 = AXIS2_PLACEMENT_3D('',#1533,#1534,#1535);
#1533 = CARTESIAN_POINT('',(90.,-1.,230.));
#1534 = DIRECTION('',(0.,1.,0.));
#1535 = DIRECTION('',(0.,0.,1.));
#1536 = ADVANCED_FACE('',(#1537),#1556,.F.);
#1537 = FACE_BOUND('',#1538,.F.);
#1538 = EDGE_LOOP('',(#1539,#1547,#1548,#1549));
#1539 = ORIENTED_EDGE('',*,*,#1540,.T.);
#1540 = EDGE_CURVE('',#1541,#1206,#1543,.T.);
#1541 = VERTEX_POINT('',#1542);
#1542 = CARTESIAN_POINT('',(90.,12.7,292.7));
#1543 = LINE('',#1544,#1545);
#1544 = CARTESIAN_POINT('',(90.,-1.,292.7));
#1545 = VECTOR('',#1546,1.);
#1546 = DIRECTION('',(0.,1.,0.));
#1547 = ORIENTED_EDGE('',*,*,#1205,.F.);
#1548 = ORIENTED_EDGE('',*,*,#1540,.F.);
#1549 = ORIENTED_EDGE('',*,*,#1550,.T.);
#1550 = EDGE_CURVE('',#1541,#1541,#1551,.T.);
#1551 = CIRCLE('',#1552,12.7);
#1552 = AXIS2_PLACEMENT_3D('',#1553,#1554,#1555);
#1553 = CARTESIAN_POINT('',(90.,12.7,280.));
#1554 = DIRECTION('',(0.,1.,0.));
#1555 = DIRECTION('',(0.,0.,1.));
#1556 = CYLINDRICAL_SURFACE('',#1557,12.7);
#1557 = AXIS2_PLACEMENT_3D('',#1558,#1559,#1560);
#1558 = CARTESIAN_POINT('',(90.,-1.,280.));
#1559 = DIRECTION('',(0.,1.,0.));
#1560 = DIRECTION('',(0.,0.,1.));
#1561 = ADVANCED_FACE('',(#1562,#1565),#1568,.F.);
#1562 = FACE_BOUND('',#1563,.F.);
#1563 = EDGE_LOOP('',(#1564));
#1564 = ORIENTED_EDGE('',*,*,#1329,.T.);
#1565 = FACE_BOUND('',#1566,.F.);
#1566 = EDGE_LOOP('',(#1567));
#1567 = ORIENTED_EDGE('',*,*,#1525,.F.);
#1568 = PLANE('',#1569);
#1569 = AXIS2_PLACEMENT_3D('',#1570,#1571,#1572);
#1570 = CARTESIAN_POINT('',(90.,12.7,230.));
#1571 = DIRECTION('',(0.,1.,0.));
#1572 = DIRECTION('',(0.,0.,1.));
#1573 = ADVANCED_FACE('',(#1574,#1577),#1580,.F.);
#1574 = FACE_BOUND('',#1575,.F.);
#1575 = EDGE_LOOP('',(#1576));
#1576 = ORIENTED_EDGE('',*,*,#1354,.T.);
#1577 = FACE_BOUND('',#1578,.F.);
#1578 = EDGE_LOOP('',(#1579));
#1579 = ORIENTED_EDGE('',*,*,#1550,.F.);
#1580 = PLANE('',#1581);
#1581 = AXIS2_PLACEMENT_3D('',#1582,#1583,#1584);
#1582 = CARTESIAN_POINT('',(90.,12.7,280.));
#1583 = DIRECTION('',(0.,1.,0.));
#1584 = DIRECTION('',(0.,0.,1.));
#1585 = MANIFOLD_SOLID_BREP('',#1586);
#1586 = CLOSED_SHELL('',(#1587,#1627,#1692,#1716,#1774,#1791,#1803,#1825
    ,#1842,#1859));
#1587 = ADVANCED_FACE('',(#1588),#1622,.F.);
#1588 = FACE_BOUND('',#1589,.F.);
#1589 = EDGE_LOOP('',(#1590,#1600,#1608,#1616));
#1590 = ORIENTED_EDGE('',*,*,#1591,.F.);
#1591 = EDGE_CURVE('',#1592,#1594,#1596,.T.);
#1592 = VERTEX_POINT('',#1593);
#1593 = CARTESIAN_POINT('',(18.,1.2901E+03,0.));
#1594 = VERTEX_POINT('',#1595);
#1595 = CARTESIAN_POINT('',(18.,1.2901E+03,596.9));
#1596 = LINE('',#1597,#1598);
#1597 = CARTESIAN_POINT('',(18.,1.2901E+03,0.));
#1598 = VECTOR('',#1599,1.);
#1599 = DIRECTION('',(0.,0.,1.));
#1600 = ORIENTED_EDGE('',*,*,#1601,.T.);
#1601 = EDGE_CURVE('',#1592,#1602,#1604,.T.);
#1602 = VERTEX_POINT('',#1603);
#1603 = CARTESIAN_POINT('',(18.,1.3081E+03,0.));
#1604 = LINE('',#1605,#1606);
#1605 = CARTESIAN_POINT('',(18.,1.2901E+03,0.));
#1606 = VECTOR('',#1607,1.);
#1607 = DIRECTION('',(0.,1.,0.));
#1608 = ORIENTED_EDGE('',*,*,#1609,.T.);
#1609 = EDGE_CURVE('',#1602,#1610,#1612,.T.);
#1610 = VERTEX_POINT('',#1611);
#1611 = CARTESIAN_POINT('',(18.,1.3081E+03,596.9));
#1612 = LINE('',#1613,#1614);
#1613 = CARTESIAN_POINT('',(18.,1.3081E+03,0.));
#1614 = VECTOR('',#1615,1.);
#1615 = DIRECTION('',(0.,0.,1.));
#1616 = ORIENTED_EDGE('',*,*,#1617,.F.);
#1617 = EDGE_CURVE('',#1594,#1610,#1618,.T.);
#1618 = LINE('',#1619,#1620);
#1619 = CARTESIAN_POINT('',(18.,1.2901E+03,596.9));
#1620 = VECTOR('',#1621,1.);
#1621 = DIRECTION('',(0.,1.,0.));
#1622 = PLANE('',#1623);
#1623 = AXIS2_PLACEMENT_3D('',#1624,#1625,#1626);
#1624 = CARTESIAN_POINT('',(18.,1.2901E+03,0.));
#1625 = DIRECTION('',(1.,0.,0.));
#1626 = DIRECTION('',(0.,0.,1.));
#1627 = ADVANCED_FACE('',(#1628,#1653),#1687,.F.);
#1628 = FACE_BOUND('',#1629,.F.);
#1629 = EDGE_LOOP('',(#1630,#1638,#1639,#1647));
#1630 = ORIENTED_EDGE('',*,*,#1631,.F.);
#1631 = EDGE_CURVE('',#1592,#1632,#1634,.T.);
#1632 = VERTEX_POINT('',#1633);
#1633 = CARTESIAN_POINT('',(582.,1.2901E+03,0.));
#1634 = LINE('',#1635,#1636);
#1635 = CARTESIAN_POINT('',(18.,1.2901E+03,0.));
#1636 = VECTOR('',#1637,1.);
#1637 = DIRECTION('',(1.,0.,0.));
#1638 = ORIENTED_EDGE('',*,*,#1591,.T.);
#1639 = ORIENTED_EDGE('',*,*,#1640,.T.);
#1640 = EDGE_CURVE('',#1594,#1641,#1643,.T.);
#1641 = VERTEX_POINT('',#1642);
#1642 = CARTESIAN_POINT('',(582.,1.2901E+03,596.9));
#1643 = LINE('',#1644,#1645);
#1644 = CARTESIAN_POINT('',(18.,1.2901E+03,596.9));
#1645 = VECTOR('',#1646,1.);
#1646 = DIRECTION('',(1.,0.,0.));
#1647 = ORIENTED_EDGE('',*,*,#1648,.F.);
#1648 = EDGE_CURVE('',#1632,#1641,#1649,.T.);
#1649 = LINE('',#1650,#1651);
#1650 = CARTESIAN_POINT('',(582.,1.2901E+03,0.));
#1651 = VECTOR('',#1652,1.);
#1652 = DIRECTION('',(0.,0.,1.));
#1653 = FACE_BOUND('',#1654,.F.);
#1654 = EDGE_LOOP('',(#1655,#1665,#1673,#1681));
#1655 = ORIENTED_EDGE('',*,*,#1656,.F.);
#1656 = EDGE_CURVE('',#1657,#1659,#1661,.T.);
#1657 = VERTEX_POINT('',#1658);
#1658 = CARTESIAN_POINT('',(130.,1.2901E+03,365.));
#1659 = VERTEX_POINT('',#1660);
#1660 = CARTESIAN_POINT('',(470.,1.2901E+03,365.));
#1661 = LINE('',#1662,#1663);
#1662 = CARTESIAN_POINT('',(74.,1.2901E+03,365.));
#1663 = VECTOR('',#1664,1.);
#1664 = DIRECTION('',(1.,0.,0.));
#1665 = ORIENTED_EDGE('',*,*,#1666,.T.);
#1666 = EDGE_CURVE('',#1657,#1667,#1669,.T.);
#1667 = VERTEX_POINT('',#1668);
#1668 = CARTESIAN_POINT('',(130.,1.2901E+03,72.));
#1669 = LINE('',#1670,#1671);
#1670 = CARTESIAN_POINT('',(130.,1.2901E+03,36.));
#1671 = VECTOR('',#1672,1.);
#1672 = DIRECTION('',(0.,0.,-1.));
#1673 = ORIENTED_EDGE('',*,*,#1674,.T.);
#1674 = EDGE_CURVE('',#1667,#1675,#1677,.T.);
#1675 = VERTEX_POINT('',#1676);
#1676 = CARTESIAN_POINT('',(470.,1.2901E+03,72.));
#1677 = LINE('',#1678,#1679);
#1678 = CARTESIAN_POINT('',(74.,1.2901E+03,72.));
#1679 = VECTOR('',#1680,1.);
#1680 = DIRECTION('',(1.,0.,0.));
#1681 = ORIENTED_EDGE('',*,*,#1682,.F.);
#1682 = EDGE_CURVE('',#1659,#1675,#1683,.T.);
#1683 = LINE('',#1684,#1685);
#1684 = CARTESIAN_POINT('',(470.,1.2901E+03,36.));
#1685 = VECTOR('',#1686,1.);
#1686 = DIRECTION('',(0.,0.,-1.));
#1687 = PLANE('',#1688);
#1688 = AXIS2_PLACEMENT_3D('',#1689,#1690,#1691);
#1689 = CARTESIAN_POINT('',(18.,1.2901E+03,0.));
#1690 = DIRECTION('',(0.,1.,0.));
#1691 = DIRECTION('',(0.,0.,1.));
#1692 = ADVANCED_FACE('',(#1693),#1711,.T.);
#1693 = FACE_BOUND('',#1694,.T.);
#1694 = EDGE_LOOP('',(#1695,#1696,#1697,#1705));
#1695 = ORIENTED_EDGE('',*,*,#1617,.F.);
#1696 = ORIENTED_EDGE('',*,*,#1640,.T.);
#1697 = ORIENTED_EDGE('',*,*,#1698,.T.);
#1698 = EDGE_CURVE('',#1641,#1699,#1701,.T.);
#1699 = VERTEX_POINT('',#1700);
#1700 = CARTESIAN_POINT('',(582.,1.3081E+03,596.9));
#1701 = LINE('',#1702,#1703);
#1702 = CARTESIAN_POINT('',(582.,1.2901E+03,596.9));
#1703 = VECTOR('',#1704,1.);
#1704 = DIRECTION('',(0.,1.,0.));
#1705 = ORIENTED_EDGE('',*,*,#1706,.F.);
#1706 = EDGE_CURVE('',#1610,#1699,#1707,.T.);
#1707 = LINE('',#1708,#1709);
#1708 = CARTESIAN_POINT('',(18.,1.3081E+03,596.9));
#1709 = VECTOR('',#1710,1.);
#1710 = DIRECTION('',(1.,0.,0.));
#1711 = PLANE('',#1712);
#1712 = AXIS2_PLACEMENT_3D('',#1713,#1714,#1715);
#1713 = CARTESIAN_POINT('',(18.,1.2901E+03,596.9));
#1714 = DIRECTION('',(0.,0.,1.));
#1715 = DIRECTION('',(1.,0.,0.));
#1716 = ADVANCED_FACE('',(#1717,#1735),#1769,.T.);
#1717 = FACE_BOUND('',#1718,.T.);
#1718 = EDGE_LOOP('',(#1719,#1727,#1728,#1729));
#1719 = ORIENTED_EDGE('',*,*,#1720,.F.);
#1720 = EDGE_CURVE('',#1602,#1721,#1723,.T.);
#1721 = VERTEX_POINT('',#1722);
#1722 = CARTESIAN_POINT('',(582.,1.3081E+03,0.));
#1723 = LINE('',#1724,#1725);
#1724 = CARTESIAN_POINT('',(18.,1.3081E+03,0.));
#1725 = VECTOR('',#1726,1.);
#1726 = DIRECTION('',(1.,0.,0.));
#1727 = ORIENTED_EDGE('',*,*,#1609,.T.);
#1728 = ORIENTED_EDGE('',*,*,#1706,.T.);
#1729 = ORIENTED_EDGE('',*,*,#1730,.F.);
#1730 = EDGE_CURVE('',#1721,#1699,#1731,.T.);
#1731 = LINE('',#1732,#1733);
#1732 = CARTESIAN_POINT('',(582.,1.3081E+03,0.));
#1733 = VECTOR('',#1734,1.);
#1734 = DIRECTION('',(0.,0.,1.));
#1735 = FACE_BOUND('',#1736,.T.);
#1736 = EDGE_LOOP('',(#1737,#1747,#1755,#1763));
#1737 = ORIENTED_EDGE('',*,*,#1738,.F.);
#1738 = EDGE_CURVE('',#1739,#1741,#1743,.T.);
#1739 = VERTEX_POINT('',#1740);
#1740 = CARTESIAN_POINT('',(130.,1.3081E+03,365.));
#1741 = VERTEX_POINT('',#1742);
#1742 = CARTESIAN_POINT('',(470.,1.3081E+03,365.));
#1743 = LINE('',#1744,#1745);
#1744 = CARTESIAN_POINT('',(74.,1.3081E+03,365.));
#1745 = VECTOR('',#1746,1.);
#1746 = DIRECTION('',(1.,0.,0.));
#1747 = ORIENTED_EDGE('',*,*,#1748,.T.);
#1748 = EDGE_CURVE('',#1739,#1749,#1751,.T.);
#1749 = VERTEX_POINT('',#1750);
#1750 = CARTESIAN_POINT('',(130.,1.3081E+03,72.));
#1751 = LINE('',#1752,#1753);
#1752 = CARTESIAN_POINT('',(130.,1.3081E+03,36.));
#1753 = VECTOR('',#1754,1.);
#1754 = DIRECTION('',(0.,0.,-1.));
#1755 = ORIENTED_EDGE('',*,*,#1756,.T.);
#1756 = EDGE_CURVE('',#1749,#1757,#1759,.T.);
#1757 = VERTEX_POINT('',#1758);
#1758 = CARTESIAN_POINT('',(470.,1.3081E+03,72.));
#1759 = LINE('',#1760,#1761);
#1760 = CARTESIAN_POINT('',(74.,1.3081E+03,72.));
#1761 = VECTOR('',#1762,1.);
#1762 = DIRECTION('',(1.,0.,0.));
#1763 = ORIENTED_EDGE('',*,*,#1764,.F.);
#1764 = EDGE_CURVE('',#1741,#1757,#1765,.T.);
#1765 = LINE('',#1766,#1767);
#1766 = CARTESIAN_POINT('',(470.,1.3081E+03,36.));
#1767 = VECTOR('',#1768,1.);
#1768 = DIRECTION('',(0.,0.,-1.));
#1769 = PLANE('',#1770);
#1770 = AXIS2_PLACEMENT_3D('',#1771,#1772,#1773);
#1771 = CARTESIAN_POINT('',(18.,1.3081E+03,0.));
#1772 = DIRECTION('',(0.,1.,0.));
#1773 = DIRECTION('',(0.,0.,1.));
#1774 = ADVANCED_FACE('',(#1775),#1786,.F.);
#1775 = FACE_BOUND('',#1776,.F.);
#1776 = EDGE_LOOP('',(#1777,#1778,#1779,#1785));
#1777 = ORIENTED_EDGE('',*,*,#1601,.F.);
#1778 = ORIENTED_EDGE('',*,*,#1631,.T.);
#1779 = ORIENTED_EDGE('',*,*,#1780,.T.);
#1780 = EDGE_CURVE('',#1632,#1721,#1781,.T.);
#1781 = LINE('',#1782,#1783);
#1782 = CARTESIAN_POINT('',(582.,1.2901E+03,0.));
#1783 = VECTOR('',#1784,1.);
#1784 = DIRECTION('',(0.,1.,0.));
#1785 = ORIENTED_EDGE('',*,*,#1720,.F.);
#1786 = PLANE('',#1787);
#1787 = AXIS2_PLACEMENT_3D('',#1788,#1789,#1790);
#1788 = CARTESIAN_POINT('',(18.,1.2901E+03,0.));
#1789 = DIRECTION('',(0.,0.,1.));
#1790 = DIRECTION('',(1.,0.,0.));
#1791 = ADVANCED_FACE('',(#1792),#1798,.T.);
#1792 = FACE_BOUND('',#1793,.T.);
#1793 = EDGE_LOOP('',(#1794,#1795,#1796,#1797));
#1794 = ORIENTED_EDGE('',*,*,#1648,.F.);
#1795 = ORIENTED_EDGE('',*,*,#1780,.T.);
#1796 = ORIENTED_EDGE('',*,*,#1730,.T.);
#1797 = ORIENTED_EDGE('',*,*,#1698,.F.);
#1798 = PLANE('',#1799);
#1799 = AXIS2_PLACEMENT_3D('',#1800,#1801,#1802);
#1800 = CARTESIAN_POINT('',(582.,1.2901E+03,0.));
#1801 = DIRECTION('',(1.,0.,0.));
#1802 = DIRECTION('',(0.,0.,1.));
#1803 = ADVANCED_FACE('',(#1804),#1820,.F.);
#1804 = FACE_BOUND('',#1805,.F.);
#1805 = EDGE_LOOP('',(#1806,#1812,#1813,#1819));
#1806 = ORIENTED_EDGE('',*,*,#1807,.F.);
#1807 = EDGE_CURVE('',#1657,#1739,#1808,.T.);
#1808 = LINE('',#1809,#1810);
#1809 = CARTESIAN_POINT('',(130.,1.2891E+03,365.));
#1810 = VECTOR('',#1811,1.);
#1811 = DIRECTION('',(0.,1.,0.));
#1812 = ORIENTED_EDGE('',*,*,#1656,.T.);
#1813 = ORIENTED_EDGE('',*,*,#1814,.T.);
#1814 = EDGE_CURVE('',#1659,#1741,#1815,.T.);
#1815 = LINE('',#1816,#1817);
#1816 = CARTESIAN_POINT('',(470.,1.2891E+03,365.));
#1817 = VECTOR('',#1818,1.);
#1818 = DIRECTION('',(0.,1.,0.));
#1819 = ORIENTED_EDGE('',*,*,#1738,.F.);
#1820 = PLANE('',#1821);
#1821 = AXIS2_PLACEMENT_3D('',#1822,#1823,#1824);
#1822 = CARTESIAN_POINT('',(130.,1.2891E+03,365.));
#1823 = DIRECTION('',(0.,0.,1.));
#1824 = DIRECTION('',(1.,0.,0.));
#1825 = ADVANCED_FACE('',(#1826),#1837,.F.);
#1826 = FACE_BOUND('',#1827,.F.);
#1827 = EDGE_LOOP('',(#1828,#1829,#1830,#1836));
#1828 = ORIENTED_EDGE('',*,*,#1814,.F.);
#1829 = ORIENTED_EDGE('',*,*,#1682,.T.);
#1830 = ORIENTED_EDGE('',*,*,#1831,.T.);
#1831 = EDGE_CURVE('',#1675,#1757,#1832,.T.);
#1832 = LINE('',#1833,#1834);
#1833 = CARTESIAN_POINT('',(470.,1.2891E+03,72.));
#1834 = VECTOR('',#1835,1.);
#1835 = DIRECTION('',(0.,1.,0.));
#1836 = ORIENTED_EDGE('',*,*,#1764,.F.);
#1837 = PLANE('',#1838);
#1838 = AXIS2_PLACEMENT_3D('',#1839,#1840,#1841);
#1839 = CARTESIAN_POINT('',(470.,1.2891E+03,72.));
#1840 = DIRECTION('',(1.,0.,0.));
#1841 = DIRECTION('',(0.,0.,1.));
#1842 = ADVANCED_FACE('',(#1843),#1854,.T.);
#1843 = FACE_BOUND('',#1844,.T.);
#1844 = EDGE_LOOP('',(#1845,#1851,#1852,#1853));
#1845 = ORIENTED_EDGE('',*,*,#1846,.F.);
#1846 = EDGE_CURVE('',#1667,#1749,#1847,.T.);
#1847 = LINE('',#1848,#1849);
#1848 = CARTESIAN_POINT('',(130.,1.2891E+03,72.));
#1849 = VECTOR('',#1850,1.);
#1850 = DIRECTION('',(0.,1.,0.));
#1851 = ORIENTED_EDGE('',*,*,#1674,.T.);
#1852 = ORIENTED_EDGE('',*,*,#1831,.T.);
#1853 = ORIENTED_EDGE('',*,*,#1756,.F.);
#1854 = PLANE('',#1855);
#1855 = AXIS2_PLACEMENT_3D('',#1856,#1857,#1858);
#1856 = CARTESIAN_POINT('',(130.,1.2891E+03,72.));
#1857 = DIRECTION('',(0.,0.,1.));
#1858 = DIRECTION('',(1.,0.,0.));
#1859 = ADVANCED_FACE('',(#1860),#1866,.T.);
#1860 = FACE_BOUND('',#1861,.T.);
#1861 = EDGE_LOOP('',(#1862,#1863,#1864,#1865));
#1862 = ORIENTED_EDGE('',*,*,#1807,.F.);
#1863 = ORIENTED_EDGE('',*,*,#1666,.T.);
#1864 = ORIENTED_EDGE('',*,*,#1846,.T.);
#1865 = ORIENTED_EDGE('',*,*,#1748,.F.);
#1866 = PLANE('',#1867);
#1867 = AXIS2_PLACEMENT_3D('',#1868,#1869,#1870);
#1868 = CARTESIAN_POINT('',(130.,1.2891E+03,72.));
#1869 = DIRECTION('',(1.,0.,0.));
#1870 = DIRECTION('',(0.,0.,1.));
#1871 = MANIFOLD_SOLID_BREP('',#1872);
#1872 = CLOSED_SHELL('',(#1873,#1913,#1955,#1979,#2014,#2031,#2043));
#1873 = ADVANCED_FACE('',(#1874),#1908,.F.);
#1874 = FACE_BOUND('',#1875,.F.);
#1875 = EDGE_LOOP('',(#1876,#1886,#1894,#1902));
#1876 = ORIENTED_EDGE('',*,*,#1877,.F.);
#1877 = EDGE_CURVE('',#1878,#1880,#1882,.T.);
#1878 = VERTEX_POINT('',#1879);
#1879 = CARTESIAN_POINT('',(170.,1.2651E+03,220.));
#1880 = VERTEX_POINT('',#1881);
#1881 = CARTESIAN_POINT('',(170.,1.2651E+03,340.));
#1882 = LINE('',#1883,#1884);
#1883 = CARTESIAN_POINT('',(170.,1.2651E+03,220.));
#1884 = VECTOR('',#1885,1.);
#1885 = DIRECTION('',(0.,0.,1.));
#1886 = ORIENTED_EDGE('',*,*,#1887,.T.);
#1887 = EDGE_CURVE('',#1878,#1888,#1890,.T.);
#1888 = VERTEX_POINT('',#1889);
#1889 = CARTESIAN_POINT('',(170.,1.2901E+03,220.));
#1890 = LINE('',#1891,#1892);
#1891 = CARTESIAN_POINT('',(170.,1.2651E+03,220.));
#1892 = VECTOR('',#1893,1.);
#1893 = DIRECTION('',(0.,1.,0.));
#1894 = ORIENTED_EDGE('',*,*,#1895,.T.);
#1895 = EDGE_CURVE('',#1888,#1896,#1898,.T.);
#1896 = VERTEX_POINT('',#1897);
#1897 = CARTESIAN_POINT('',(170.,1.2901E+03,340.));
#1898 = LINE('',#1899,#1900);
#1899 = CARTESIAN_POINT('',(170.,1.2901E+03,220.));
#1900 = VECTOR('',#1901,1.);
#1901 = DIRECTION('',(0.,0.,1.));
#1902 = ORIENTED_EDGE('',*,*,#1903,.F.);
#1903 = EDGE_CURVE('',#1880,#1896,#1904,.T.);
#1904 = LINE('',#1905,#1906);
#1905 = CARTESIAN_POINT('',(170.,1.2651E+03,340.));
#1906 = VECTOR('',#1907,1.);
#1907 = DIRECTION('',(0.,1.,0.));
#1908 = PLANE('',#1909);
#1909 = AXIS2_PLACEMENT_3D('',#1910,#1911,#1912);
#1910 = CARTESIAN_POINT('',(170.,1.2651E+03,220.));
#1911 = DIRECTION('',(1.,0.,0.));
#1912 = DIRECTION('',(0.,0.,1.));
#1913 = ADVANCED_FACE('',(#1914,#1939),#1950,.F.);
#1914 = FACE_BOUND('',#1915,.F.);
#1915 = EDGE_LOOP('',(#1916,#1924,#1925,#1933));
#1916 = ORIENTED_EDGE('',*,*,#1917,.F.);
#1917 = EDGE_CURVE('',#1878,#1918,#1920,.T.);
#1918 = VERTEX_POINT('',#1919);
#1919 = CARTESIAN_POINT('',(290.,1.2651E+03,220.));
#1920 = LINE('',#1921,#1922);
#1921 = CARTESIAN_POINT('',(170.,1.2651E+03,220.));
#1922 = VECTOR('',#1923,1.);
#1923 = DIRECTION('',(1.,0.,0.));
#1924 = ORIENTED_EDGE('',*,*,#1877,.T.);
#1925 = ORIENTED_EDGE('',*,*,#1926,.T.);
#1926 = EDGE_CURVE('',#1880,#1927,#1929,.T.);
#1927 = VERTEX_POINT('',#1928);
#1928 = CARTESIAN_POINT('',(290.,1.2651E+03,340.));
#1929 = LINE('',#1930,#1931);
#1930 = CARTESIAN_POINT('',(170.,1.2651E+03,340.));
#1931 = VECTOR('',#1932,1.);
#1932 = DIRECTION('',(1.,0.,0.));
#1933 = ORIENTED_EDGE('',*,*,#1934,.F.);
#1934 = EDGE_CURVE('',#1918,#1927,#1935,.T.);
#1935 = LINE('',#1936,#1937);
#1936 = CARTESIAN_POINT('',(290.,1.2651E+03,220.));
#1937 = VECTOR('',#1938,1.);
#1938 = DIRECTION('',(0.,0.,1.));
#1939 = FACE_BOUND('',#1940,.F.);
#1940 = EDGE_LOOP('',(#1941));
#1941 = ORIENTED_EDGE('',*,*,#1942,.F.);
#1942 = EDGE_CURVE('',#1943,#1943,#1945,.T.);
#1943 = VERTEX_POINT('',#1944);
#1944 = CARTESIAN_POINT('',(230.,1.2651E+03,336.));
#1945 = CIRCLE('',#1946,56.);
#1946 = AXIS2_PLACEMENT_3D('',#1947,#1948,#1949);
#1947 = CARTESIAN_POINT('',(230.,1.2651E+03,280.));
#1948 = DIRECTION('',(0.,1.,0.));
#1949 = DIRECTION('',(0.,0.,1.));
#1950 = PLANE('',#1951);
#1951 = AXIS2_PLACEMENT_3D('',#1952,#1953,#1954);
#1952 = CARTESIAN_POINT('',(170.,1.2651E+03,220.));
#1953 = DIRECTION('',(0.,1.,0.));
#1954 = DIRECTION('',(0.,0.,1.));
#1955 = ADVANCED_FACE('',(#1956),#1974,.T.);
#1956 = FACE_BOUND('',#1957,.T.);
#1957 = EDGE_LOOP('',(#1958,#1959,#1960,#1968));
#1958 = ORIENTED_EDGE('',*,*,#1903,.F.);
#1959 = ORIENTED_EDGE('',*,*,#1926,.T.);
#1960 = ORIENTED_EDGE('',*,*,#1961,.T.);
#1961 = EDGE_CURVE('',#1927,#1962,#1964,.T.);
#1962 = VERTEX_POINT('',#1963);
#1963 = CARTESIAN_POINT('',(290.,1.2901E+03,340.));
#1964 = LINE('',#1965,#1966);
#1965 = CARTESIAN_POINT('',(290.,1.2651E+03,340.));
#1966 = VECTOR('',#1967,1.);
#1967 = DIRECTION('',(0.,1.,0.));
#1968 = ORIENTED_EDGE('',*,*,#1969,.F.);
#1969 = EDGE_CURVE('',#1896,#1962,#1970,.T.);
#1970 = LINE('',#1971,#1972);
#1971 = CARTESIAN_POINT('',(170.,1.2901E+03,340.));
#1972 = VECTOR('',#1973,1.);
#1973 = DIRECTION('',(1.,0.,0.));
#1974 = PLANE('',#1975);
#1975 = AXIS2_PLACEMENT_3D('',#1976,#1977,#1978);
#1976 = CARTESIAN_POINT('',(170.,1.2651E+03,340.));
#1977 = DIRECTION('',(0.,0.,1.));
#1978 = DIRECTION('',(1.,0.,0.));
#1979 = ADVANCED_FACE('',(#1980,#1998),#2009,.T.);
#1980 = FACE_BOUND('',#1981,.T.);
#1981 = EDGE_LOOP('',(#1982,#1990,#1991,#1992));
#1982 = ORIENTED_EDGE('',*,*,#1983,.F.);
#1983 = EDGE_CURVE('',#1888,#1984,#1986,.T.);
#1984 = VERTEX_POINT('',#1985);
#1985 = CARTESIAN_POINT('',(290.,1.2901E+03,220.));
#1986 = LINE('',#1987,#1988);
#1987 = CARTESIAN_POINT('',(170.,1.2901E+03,220.));
#1988 = VECTOR('',#1989,1.);
#1989 = DIRECTION('',(1.,0.,0.));
#1990 = ORIENTED_EDGE('',*,*,#1895,.T.);
#1991 = ORIENTED_EDGE('',*,*,#1969,.T.);
#1992 = ORIENTED_EDGE('',*,*,#1993,.F.);
#1993 = EDGE_CURVE('',#1984,#1962,#1994,.T.);
#1994 = LINE('',#1995,#1996);
#1995 = CARTESIAN_POINT('',(290.,1.2901E+03,220.));
#1996 = VECTOR('',#1997,1.);
#1997 = DIRECTION('',(0.,0.,1.));
#1998 = FACE_BOUND('',#1999,.T.);
#1999 = EDGE_LOOP('',(#2000));
#2000 = ORIENTED_EDGE('',*,*,#2001,.F.);
#2001 = EDGE_CURVE('',#2002,#2002,#2004,.T.);
#2002 = VERTEX_POINT('',#2003);
#2003 = CARTESIAN_POINT('',(230.,1.2901E+03,336.));
#2004 = CIRCLE('',#2005,56.);
#2005 = AXIS2_PLACEMENT_3D('',#2006,#2007,#2008);
#2006 = CARTESIAN_POINT('',(230.,1.2901E+03,280.));
#2007 = DIRECTION('',(0.,1.,0.));
#2008 = DIRECTION('',(0.,0.,1.));
#2009 = PLANE('',#2010);
#2010 = AXIS2_PLACEMENT_3D('',#2011,#2012,#2013);
#2011 = CARTESIAN_POINT('',(170.,1.2901E+03,220.));
#2012 = DIRECTION('',(0.,1.,0.));
#2013 = DIRECTION('',(0.,0.,1.));
#2014 = ADVANCED_FACE('',(#2015),#2026,.F.);
#2015 = FACE_BOUND('',#2016,.F.);
#2016 = EDGE_LOOP('',(#2017,#2018,#2019,#2025));
#2017 = ORIENTED_EDGE('',*,*,#1887,.F.);
#2018 = ORIENTED_EDGE('',*,*,#1917,.T.);
#2019 = ORIENTED_EDGE('',*,*,#2020,.T.);
#2020 = EDGE_CURVE('',#1918,#1984,#2021,.T.);
#2021 = LINE('',#2022,#2023);
#2022 = CARTESIAN_POINT('',(290.,1.2651E+03,220.));
#2023 = VECTOR('',#2024,1.);
#2024 = DIRECTION('',(0.,1.,0.));
#2025 = ORIENTED_EDGE('',*,*,#1983,.F.);
#2026 = PLANE('',#2027);
#2027 = AXIS2_PLACEMENT_3D('',#2028,#2029,#2030);
#2028 = CARTESIAN_POINT('',(170.,1.2651E+03,220.));
#2029 = DIRECTION('',(0.,0.,1.));
#2030 = DIRECTION('',(1.,0.,0.));
#2031 = ADVANCED_FACE('',(#2032),#2038,.T.);
#2032 = FACE_BOUND('',#2033,.T.);
#2033 = EDGE_LOOP('',(#2034,#2035,#2036,#2037));
#2034 = ORIENTED_EDGE('',*,*,#1934,.F.);
#2035 = ORIENTED_EDGE('',*,*,#2020,.T.);
#2036 = ORIENTED_EDGE('',*,*,#1993,.T.);
#2037 = ORIENTED_EDGE('',*,*,#1961,.F.);
#2038 = PLANE('',#2039);
#2039 = AXIS2_PLACEMENT_3D('',#2040,#2041,#2042);
#2040 = CARTESIAN_POINT('',(290.,1.2651E+03,220.));
#2041 = DIRECTION('',(1.,0.,0.));
#2042 = DIRECTION('',(0.,0.,1.));
#2043 = ADVANCED_FACE('',(#2044),#2055,.F.);
#2044 = FACE_BOUND('',#2045,.F.);
#2045 = EDGE_LOOP('',(#2046,#2047,#2053,#2054));
#2046 = ORIENTED_EDGE('',*,*,#2001,.F.);
#2047 = ORIENTED_EDGE('',*,*,#2048,.F.);
#2048 = EDGE_CURVE('',#1943,#2002,#2049,.T.);
#2049 = LINE('',#2050,#2051);
#2050 = CARTESIAN_POINT('',(230.,1.2641E+03,336.));
#2051 = VECTOR('',#2052,1.);
#2052 = DIRECTION('',(0.,1.,0.));
#2053 = ORIENTED_EDGE('',*,*,#1942,.T.);
#2054 = ORIENTED_EDGE('',*,*,#2048,.T.);
#2055 = CYLINDRICAL_SURFACE('',#2056,56.);
#2056 = AXIS2_PLACEMENT_3D('',#2057,#2058,#2059);
#2057 = CARTESIAN_POINT('',(230.,1.2641E+03,280.));
#2058 = DIRECTION('',(0.,1.,0.));
#2059 = DIRECTION('',(0.,0.,1.));
#2060 = MANIFOLD_SOLID_BREP('',#2061);
#2061 = CLOSED_SHELL('',(#2062,#2102,#2144,#2168,#2203,#2220,#2232));
#2062 = ADVANCED_FACE('',(#2063),#2097,.F.);
#2063 = FACE_BOUND('',#2064,.F.);
#2064 = EDGE_LOOP('',(#2065,#2075,#2083,#2091));
#2065 = ORIENTED_EDGE('',*,*,#2066,.F.);
#2066 = EDGE_CURVE('',#2067,#2069,#2071,.T.);
#2067 = VERTEX_POINT('',#2068);
#2068 = CARTESIAN_POINT('',(310.,1.2651E+03,220.));
#2069 = VERTEX_POINT('',#2070);
#2070 = CARTESIAN_POINT('',(310.,1.2651E+03,340.));
#2071 = LINE('',#2072,#2073);
#2072 = CARTESIAN_POINT('',(310.,1.2651E+03,220.));
#2073 = VECTOR('',#2074,1.);
#2074 = DIRECTION('',(0.,0.,1.));
#2075 = ORIENTED_EDGE('',*,*,#2076,.T.);
#2076 = EDGE_CURVE('',#2067,#2077,#2079,.T.);
#2077 = VERTEX_POINT('',#2078);
#2078 = CARTESIAN_POINT('',(310.,1.2901E+03,220.));
#2079 = LINE('',#2080,#2081);
#2080 = CARTESIAN_POINT('',(310.,1.2651E+03,220.));
#2081 = VECTOR('',#2082,1.);
#2082 = DIRECTION('',(0.,1.,0.));
#2083 = ORIENTED_EDGE('',*,*,#2084,.T.);
#2084 = EDGE_CURVE('',#2077,#2085,#2087,.T.);
#2085 = VERTEX_POINT('',#2086);
#2086 = CARTESIAN_POINT('',(310.,1.2901E+03,340.));
#2087 = LINE('',#2088,#2089);
#2088 = CARTESIAN_POINT('',(310.,1.2901E+03,220.));
#2089 = VECTOR('',#2090,1.);
#2090 = DIRECTION('',(0.,0.,1.));
#2091 = ORIENTED_EDGE('',*,*,#2092,.F.);
#2092 = EDGE_CURVE('',#2069,#2085,#2093,.T.);
#2093 = LINE('',#2094,#2095);
#2094 = CARTESIAN_POINT('',(310.,1.2651E+03,340.));
#2095 = VECTOR('',#2096,1.);
#2096 = DIRECTION('',(0.,1.,0.));
#2097 = PLANE('',#2098);
#2098 = AXIS2_PLACEMENT_3D('',#2099,#2100,#2101);
#2099 = CARTESIAN_POINT('',(310.,1.2651E+03,220.));
#2100 = DIRECTION('',(1.,0.,0.));
#2101 = DIRECTION('',(0.,0.,1.));
#2102 = ADVANCED_FACE('',(#2103,#2128),#2139,.F.);
#2103 = FACE_BOUND('',#2104,.F.);
#2104 = EDGE_LOOP('',(#2105,#2113,#2114,#2122));
#2105 = ORIENTED_EDGE('',*,*,#2106,.F.);
#2106 = EDGE_CURVE('',#2067,#2107,#2109,.T.);
#2107 = VERTEX_POINT('',#2108);
#2108 = CARTESIAN_POINT('',(430.,1.2651E+03,220.));
#2109 = LINE('',#2110,#2111);
#2110 = CARTESIAN_POINT('',(310.,1.2651E+03,220.));
#2111 = VECTOR('',#2112,1.);
#2112 = DIRECTION('',(1.,0.,0.));
#2113 = ORIENTED_EDGE('',*,*,#2066,.T.);
#2114 = ORIENTED_EDGE('',*,*,#2115,.T.);
#2115 = EDGE_CURVE('',#2069,#2116,#2118,.T.);
#2116 = VERTEX_POINT('',#2117);
#2117 = CARTESIAN_POINT('',(430.,1.2651E+03,340.));
#2118 = LINE('',#2119,#2120);
#2119 = CARTESIAN_POINT('',(310.,1.2651E+03,340.));
#2120 = VECTOR('',#2121,1.);
#2121 = DIRECTION('',(1.,0.,0.));
#2122 = ORIENTED_EDGE('',*,*,#2123,.F.);
#2123 = EDGE_CURVE('',#2107,#2116,#2124,.T.);
#2124 = LINE('',#2125,#2126);
#2125 = CARTESIAN_POINT('',(430.,1.2651E+03,220.));
#2126 = VECTOR('',#2127,1.);
#2127 = DIRECTION('',(0.,0.,1.));
#2128 = FACE_BOUND('',#2129,.F.);
#2129 = EDGE_LOOP('',(#2130));
#2130 = ORIENTED_EDGE('',*,*,#2131,.F.);
#2131 = EDGE_CURVE('',#2132,#2132,#2134,.T.);
#2132 = VERTEX_POINT('',#2133);
#2133 = CARTESIAN_POINT('',(370.,1.2651E+03,336.));
#2134 = CIRCLE('',#2135,56.);
#2135 = AXIS2_PLACEMENT_3D('',#2136,#2137,#2138);
#2136 = CARTESIAN_POINT('',(370.,1.2651E+03,280.));
#2137 = DIRECTION('',(0.,1.,0.));
#2138 = DIRECTION('',(0.,0.,1.));
#2139 = PLANE('',#2140);
#2140 = AXIS2_PLACEMENT_3D('',#2141,#2142,#2143);
#2141 = CARTESIAN_POINT('',(310.,1.2651E+03,220.));
#2142 = DIRECTION('',(0.,1.,0.));
#2143 = DIRECTION('',(0.,0.,1.));
#2144 = ADVANCED_FACE('',(#2145),#2163,.T.);
#2145 = FACE_BOUND('',#2146,.T.);
#2146 = EDGE_LOOP('',(#2147,#2148,#2149,#2157));
#2147 = ORIENTED_EDGE('',*,*,#2092,.F.);
#2148 = ORIENTED_EDGE('',*,*,#2115,.T.);
#2149 = ORIENTED_EDGE('',*,*,#2150,.T.);
#2150 = EDGE_CURVE('',#2116,#2151,#2153,.T.);
#2151 = VERTEX_POINT('',#2152);
#2152 = CARTESIAN_POINT('',(430.,1.2901E+03,340.));
#2153 = LINE('',#2154,#2155);
#2154 = CARTESIAN_POINT('',(430.,1.2651E+03,340.));
#2155 = VECTOR('',#2156,1.);
#2156 = DIRECTION('',(0.,1.,0.));
#2157 = ORIENTED_EDGE('',*,*,#2158,.F.);
#2158 = EDGE_CURVE('',#2085,#2151,#2159,.T.);
#2159 = LINE('',#2160,#2161);
#2160 = CARTESIAN_POINT('',(310.,1.2901E+03,340.));
#2161 = VECTOR('',#2162,1.);
#2162 = DIRECTION('',(1.,0.,0.));
#2163 = PLANE('',#2164);
#2164 = AXIS2_PLACEMENT_3D('',#2165,#2166,#2167);
#2165 = CARTESIAN_POINT('',(310.,1.2651E+03,340.));
#2166 = DIRECTION('',(0.,0.,1.));
#2167 = DIRECTION('',(1.,0.,0.));
#2168 = ADVANCED_FACE('',(#2169,#2187),#2198,.T.);
#2169 = FACE_BOUND('',#2170,.T.);
#2170 = EDGE_LOOP('',(#2171,#2179,#2180,#2181));
#2171 = ORIENTED_EDGE('',*,*,#2172,.F.);
#2172 = EDGE_CURVE('',#2077,#2173,#2175,.T.);
#2173 = VERTEX_POINT('',#2174);
#2174 = CARTESIAN_POINT('',(430.,1.2901E+03,220.));
#2175 = LINE('',#2176,#2177);
#2176 = CARTESIAN_POINT('',(310.,1.2901E+03,220.));
#2177 = VECTOR('',#2178,1.);
#2178 = DIRECTION('',(1.,0.,0.));
#2179 = ORIENTED_EDGE('',*,*,#2084,.T.);
#2180 = ORIENTED_EDGE('',*,*,#2158,.T.);
#2181 = ORIENTED_EDGE('',*,*,#2182,.F.);
#2182 = EDGE_CURVE('',#2173,#2151,#2183,.T.);
#2183 = LINE('',#2184,#2185);
#2184 = CARTESIAN_POINT('',(430.,1.2901E+03,220.));
#2185 = VECTOR('',#2186,1.);
#2186 = DIRECTION('',(0.,0.,1.));
#2187 = FACE_BOUND('',#2188,.T.);
#2188 = EDGE_LOOP('',(#2189));
#2189 = ORIENTED_EDGE('',*,*,#2190,.F.);
#2190 = EDGE_CURVE('',#2191,#2191,#2193,.T.);
#2191 = VERTEX_POINT('',#2192);
#2192 = CARTESIAN_POINT('',(370.,1.2901E+03,336.));
#2193 = CIRCLE('',#2194,56.);
#2194 = AXIS2_PLACEMENT_3D('',#2195,#2196,#2197);
#2195 = CARTESIAN_POINT('',(370.,1.2901E+03,280.));
#2196 = DIRECTION('',(0.,1.,0.));
#2197 = DIRECTION('',(0.,0.,1.));
#2198 = PLANE('',#2199);
#2199 = AXIS2_PLACEMENT_3D('',#2200,#2201,#2202);
#2200 = CARTESIAN_POINT('',(310.,1.2901E+03,220.));
#2201 = DIRECTION('',(0.,1.,0.));
#2202 = DIRECTION('',(0.,0.,1.));
#2203 = ADVANCED_FACE('',(#2204),#2215,.F.);
#2204 = FACE_BOUND('',#2205,.F.);
#2205 = EDGE_LOOP('',(#2206,#2207,#2208,#2214));
#2206 = ORIENTED_EDGE('',*,*,#2076,.F.);
#2207 = ORIENTED_EDGE('',*,*,#2106,.T.);
#2208 = ORIENTED_EDGE('',*,*,#2209,.T.);
#2209 = EDGE_CURVE('',#2107,#2173,#2210,.T.);
#2210 = LINE('',#2211,#2212);
#2211 = CARTESIAN_POINT('',(430.,1.2651E+03,220.));
#2212 = VECTOR('',#2213,1.);
#2213 = DIRECTION('',(0.,1.,0.));
#2214 = ORIENTED_EDGE('',*,*,#2172,.F.);
#2215 = PLANE('',#2216);
#2216 = AXIS2_PLACEMENT_3D('',#2217,#2218,#2219);
#2217 = CARTESIAN_POINT('',(310.,1.2651E+03,220.));
#2218 = DIRECTION('',(0.,0.,1.));
#2219 = DIRECTION('',(1.,0.,0.));
#2220 = ADVANCED_FACE('',(#2221),#2227,.T.);
#2221 = FACE_BOUND('',#2222,.T.);
#2222 = EDGE_LOOP('',(#2223,#2224,#2225,#2226));
#2223 = ORIENTED_EDGE('',*,*,#2123,.F.);
#2224 = ORIENTED_EDGE('',*,*,#2209,.T.);
#2225 = ORIENTED_EDGE('',*,*,#2182,.T.);
#2226 = ORIENTED_EDGE('',*,*,#2150,.F.);
#2227 = PLANE('',#2228);
#2228 = AXIS2_PLACEMENT_3D('',#2229,#2230,#2231);
#2229 = CARTESIAN_POINT('',(430.,1.2651E+03,220.));
#2230 = DIRECTION('',(1.,0.,0.));
#2231 = DIRECTION('',(0.,0.,1.));
#2232 = ADVANCED_FACE('',(#2233),#2244,.F.);
#2233 = FACE_BOUND('',#2234,.F.);
#2234 = EDGE_LOOP('',(#2235,#2236,#2242,#2243));
#2235 = ORIENTED_EDGE('',*,*,#2190,.F.);
#2236 = ORIENTED_EDGE('',*,*,#2237,.F.);
#2237 = EDGE_CURVE('',#2132,#2191,#2238,.T.);
#2238 = LINE('',#2239,#2240);
#2239 = CARTESIAN_POINT('',(370.,1.2641E+03,336.));
#2240 = VECTOR('',#2241,1.);
#2241 = DIRECTION('',(0.,1.,0.));
#2242 = ORIENTED_EDGE('',*,*,#2131,.T.);
#2243 = ORIENTED_EDGE('',*,*,#2237,.T.);
#2244 = CYLINDRICAL_SURFACE('',#2245,56.);
#2245 = AXIS2_PLACEMENT_3D('',#2246,#2247,#2248);
#2246 = CARTESIAN_POINT('',(370.,1.2641E+03,280.));
#2247 = DIRECTION('',(0.,1.,0.));
#2248 = DIRECTION('',(0.,0.,1.));
#2249 = MANIFOLD_SOLID_BREP('',#2250);
#2250 = CLOSED_SHELL('',(#2251,#2291,#2432,#2456,#2590,#2607,#2619,#2636
    ,#2653,#2670,#2687,#2704,#2721,#2738,#2755,#2772));
#2251 = ADVANCED_FACE('',(#2252),#2286,.F.);
#2252 = FACE_BOUND('',#2253,.F.);
#2253 = EDGE_LOOP('',(#2254,#2264,#2272,#2280));
#2254 = ORIENTED_EDGE('',*,*,#2255,.F.);
#2255 = EDGE_CURVE('',#2256,#2258,#2260,.T.);
#2256 = VERTEX_POINT('',#2257);
#2257 = CARTESIAN_POINT('',(132.,1.2901E+03,74.));
#2258 = VERTEX_POINT('',#2259);
#2259 = CARTESIAN_POINT('',(132.,1.2901E+03,363.));
#2260 = LINE('',#2261,#2262);
#2261 = CARTESIAN_POINT('',(132.,1.2901E+03,74.));
#2262 = VECTOR('',#2263,1.);
#2263 = DIRECTION('',(0.,0.,1.));
#2264 = ORIENTED_EDGE('',*,*,#2265,.T.);
#2265 = EDGE_CURVE('',#2256,#2266,#2268,.T.);
#2266 = VERTEX_POINT('',#2267);
#2267 = CARTESIAN_POINT('',(132.,1.3081E+03,74.));
#2268 = LINE('',#2269,#2270);
#2269 = CARTESIAN_POINT('',(132.,1.2901E+03,74.));
#2270 = VECTOR('',#2271,1.);
#2271 = DIRECTION('',(0.,1.,0.));
#2272 = ORIENTED_EDGE('',*,*,#2273,.T.);
#2273 = EDGE_CURVE('',#2266,#2274,#2276,.T.);
#2274 = VERTEX_POINT('',#2275);
#2275 = CARTESIAN_POINT('',(132.,1.3081E+03,363.));
#2276 = LINE('',#2277,#2278);
#2277 = CARTESIAN_POINT('',(132.,1.3081E+03,74.));
#2278 = VECTOR('',#2279,1.);
#2279 = DIRECTION('',(0.,0.,1.));
#2280 = ORIENTED_EDGE('',*,*,#2281,.F.);
#2281 = EDGE_CURVE('',#2258,#2274,#2282,.T.);
#2282 = LINE('',#2283,#2284);
#2283 = CARTESIAN_POINT('',(132.,1.2901E+03,363.));
#2284 = VECTOR('',#2285,1.);
#2285 = DIRECTION('',(0.,1.,0.));
#2286 = PLANE('',#2287);
#2287 = AXIS2_PLACEMENT_3D('',#2288,#2289,#2290);
#2288 = CARTESIAN_POINT('',(132.,1.2901E+03,74.));
#2289 = DIRECTION('',(1.,0.,0.));
#2290 = DIRECTION('',(0.,0.,1.));
#2291 = ADVANCED_FACE('',(#2292,#2317,#2328,#2339,#2350,#2361,#2372,
    #2383,#2394,#2405,#2416),#2427,.F.);
#2292 = FACE_BOUND('',#2293,.F.);
#2293 = EDGE_LOOP('',(#2294,#2302,#2303,#2311));
#2294 = ORIENTED_EDGE('',*,*,#2295,.F.);
#2295 = EDGE_CURVE('',#2256,#2296,#2298,.T.);
#2296 = VERTEX_POINT('',#2297);
#2297 = CARTESIAN_POINT('',(468.,1.2901E+03,74.));
#2298 = LINE('',#2299,#2300);
#2299 = CARTESIAN_POINT('',(132.,1.2901E+03,74.));
#2300 = VECTOR('',#2301,1.);
#2301 = DIRECTION('',(1.,0.,0.));
#2302 = ORIENTED_EDGE('',*,*,#2255,.T.);
#2303 = ORIENTED_EDGE('',*,*,#2304,.T.);
#2304 = EDGE_CURVE('',#2258,#2305,#2307,.T.);
#2305 = VERTEX_POINT('',#2306);
#2306 = CARTESIAN_POINT('',(468.,1.2901E+03,363.));
#2307 = LINE('',#2308,#2309);
#2308 = CARTESIAN_POINT('',(132.,1.2901E+03,363.));
#2309 = VECTOR('',#2310,1.);
#2310 = DIRECTION('',(1.,0.,0.));
#2311 = ORIENTED_EDGE('',*,*,#2312,.F.);
#2312 = EDGE_CURVE('',#2296,#2305,#2313,.T.);
#2313 = LINE('',#2314,#2315);
#2314 = CARTESIAN_POINT('',(468.,1.2901E+03,74.));
#2315 = VECTOR('',#2316,1.);
#2316 = DIRECTION('',(0.,0.,1.));
#2317 = FACE_BOUND('',#2318,.F.);
#2318 = EDGE_LOOP('',(#2319));
#2319 = ORIENTED_EDGE('',*,*,#2320,.F.);
#2320 = EDGE_CURVE('',#2321,#2321,#2323,.T.);
#2321 = VERTEX_POINT('',#2322);
#2322 = CARTESIAN_POINT('',(177.5,1.2901E+03,229.75));
#2323 = CIRCLE('',#2324,2.25);
#2324 = AXIS2_PLACEMENT_3D('',#2325,#2326,#2327);
#2325 = CARTESIAN_POINT('',(177.5,1.2901E+03,227.5));
#2326 = DIRECTION('',(0.,1.,0.));
#2327 = DIRECTION('',(0.,0.,1.));
#2328 = FACE_BOUND('',#2329,.F.);
#2329 = EDGE_LOOP('',(#2330));
#2330 = ORIENTED_EDGE('',*,*,#2331,.F.);
#2331 = EDGE_CURVE('',#2332,#2332,#2334,.T.);
#2332 = VERTEX_POINT('',#2333);
#2333 = CARTESIAN_POINT('',(282.5,1.2901E+03,229.75));
#2334 = CIRCLE('',#2335,2.25);
#2335 = AXIS2_PLACEMENT_3D('',#2336,#2337,#2338);
#2336 = CARTESIAN_POINT('',(282.5,1.2901E+03,227.5));
#2337 = DIRECTION('',(0.,1.,0.));
#2338 = DIRECTION('',(0.,0.,1.));
#2339 = FACE_BOUND('',#2340,.F.);
#2340 = EDGE_LOOP('',(#2341));
#2341 = ORIENTED_EDGE('',*,*,#2342,.F.);
#2342 = EDGE_CURVE('',#2343,#2343,#2345,.T.);
#2343 = VERTEX_POINT('',#2344);
#2344 = CARTESIAN_POINT('',(230.,1.2901E+03,338.));
#2345 = CIRCLE('',#2346,58.);
#2346 = AXIS2_PLACEMENT_3D('',#2347,#2348,#2349);
#2347 = CARTESIAN_POINT('',(230.,1.2901E+03,280.));
#2348 = DIRECTION('',(0.,1.,0.));
#2349 = DIRECTION('',(0.,0.,1.));
#2350 = FACE_BOUND('',#2351,.F.);
#2351 = EDGE_LOOP('',(#2352));
#2352 = ORIENTED_EDGE('',*,*,#2353,.F.);
#2353 = EDGE_CURVE('',#2354,#2354,#2356,.T.);
#2354 = VERTEX_POINT('',#2355);
#2355 = CARTESIAN_POINT('',(177.5,1.2901E+03,334.75));
#2356 = CIRCLE('',#2357,2.25);
#2357 = AXIS2_PLACEMENT_3D('',#2358,#2359,#2360);
#2358 = CARTESIAN_POINT('',(177.5,1.2901E+03,332.5));
#2359 = DIRECTION('',(0.,1.,0.));
#2360 = DIRECTION('',(0.,0.,1.));
#2361 = FACE_BOUND('',#2362,.F.);
#2362 = EDGE_LOOP('',(#2363));
#2363 = ORIENTED_EDGE('',*,*,#2364,.F.);
#2364 = EDGE_CURVE('',#2365,#2365,#2367,.T.);
#2365 = VERTEX_POINT('',#2366);
#2366 = CARTESIAN_POINT('',(282.5,1.2901E+03,334.75));
#2367 = CIRCLE('',#2368,2.25);
#2368 = AXIS2_PLACEMENT_3D('',#2369,#2370,#2371);
#2369 = CARTESIAN_POINT('',(282.5,1.2901E+03,332.5));
#2370 = DIRECTION('',(0.,1.,0.));
#2371 = DIRECTION('',(0.,0.,1.));
#2372 = FACE_BOUND('',#2373,.F.);
#2373 = EDGE_LOOP('',(#2374));
#2374 = ORIENTED_EDGE('',*,*,#2375,.F.);
#2375 = EDGE_CURVE('',#2376,#2376,#2378,.T.);
#2376 = VERTEX_POINT('',#2377);
#2377 = CARTESIAN_POINT('',(317.5,1.2901E+03,229.75));
#2378 = CIRCLE('',#2379,2.25);
#2379 = AXIS2_PLACEMENT_3D('',#2380,#2381,#2382);
#2380 = CARTESIAN_POINT('',(317.5,1.2901E+03,227.5));
#2381 = DIRECTION('',(0.,1.,0.));
#2382 = DIRECTION('',(0.,0.,1.));
#2383 = FACE_BOUND('',#2384,.F.);
#2384 = EDGE_LOOP('',(#2385));
#2385 = ORIENTED_EDGE('',*,*,#2386,.F.);
#2386 = EDGE_CURVE('',#2387,#2387,#2389,.T.);
#2387 = VERTEX_POINT('',#2388);
#2388 = CARTESIAN_POINT('',(422.5,1.2901E+03,229.75));
#2389 = CIRCLE('',#2390,2.25);
#2390 = AXIS2_PLACEMENT_3D('',#2391,#2392,#2393);
#2391 = CARTESIAN_POINT('',(422.5,1.2901E+03,227.5));
#2392 = DIRECTION('',(0.,1.,0.));
#2393 = DIRECTION('',(0.,0.,1.));
#2394 = FACE_BOUND('',#2395,.F.);
#2395 = EDGE_LOOP('',(#2396));
#2396 = ORIENTED_EDGE('',*,*,#2397,.F.);
#2397 = EDGE_CURVE('',#2398,#2398,#2400,.T.);
#2398 = VERTEX_POINT('',#2399);
#2399 = CARTESIAN_POINT('',(317.5,1.2901E+03,334.75));
#2400 = CIRCLE('',#2401,2.25);
#2401 = AXIS2_PLACEMENT_3D('',#2402,#2403,#2404);
#2402 = CARTESIAN_POINT('',(317.5,1.2901E+03,332.5));
#2403 = DIRECTION('',(0.,1.,0.));
#2404 = DIRECTION('',(0.,0.,1.));
#2405 = FACE_BOUND('',#2406,.F.);
#2406 = EDGE_LOOP('',(#2407));
#2407 = ORIENTED_EDGE('',*,*,#2408,.F.);
#2408 = EDGE_CURVE('',#2409,#2409,#2411,.T.);
#2409 = VERTEX_POINT('',#2410);
#2410 = CARTESIAN_POINT('',(370.,1.2901E+03,338.));
#2411 = CIRCLE('',#2412,58.);
#2412 = AXIS2_PLACEMENT_3D('',#2413,#2414,#2415);
#2413 = CARTESIAN_POINT('',(370.,1.2901E+03,280.));
#2414 = DIRECTION('',(0.,1.,0.));
#2415 = DIRECTION('',(0.,0.,1.));
#2416 = FACE_BOUND('',#2417,.F.);
#2417 = EDGE_LOOP('',(#2418));
#2418 = ORIENTED_EDGE('',*,*,#2419,.F.);
#2419 = EDGE_CURVE('',#2420,#2420,#2422,.T.);
#2420 = VERTEX_POINT('',#2421);
#2421 = CARTESIAN_POINT('',(422.5,1.2901E+03,334.75));
#2422 = CIRCLE('',#2423,2.25);
#2423 = AXIS2_PLACEMENT_3D('',#2424,#2425,#2426);
#2424 = CARTESIAN_POINT('',(422.5,1.2901E+03,332.5));
#2425 = DIRECTION('',(0.,1.,0.));
#2426 = DIRECTION('',(0.,0.,1.));
#2427 = PLANE('',#2428);
#2428 = AXIS2_PLACEMENT_3D('',#2429,#2430,#2431);
#2429 = CARTESIAN_POINT('',(132.,1.2901E+03,74.));
#2430 = DIRECTION('',(0.,1.,0.));
#2431 = DIRECTION('',(0.,0.,1.));
#2432 = ADVANCED_FACE('',(#2433),#2451,.T.);
#2433 = FACE_BOUND('',#2434,.T.);
#2434 = EDGE_LOOP('',(#2435,#2436,#2437,#2445));
#2435 = ORIENTED_EDGE('',*,*,#2281,.F.);
#2436 = ORIENTED_EDGE('',*,*,#2304,.T.);
#2437 = ORIENTED_EDGE('',*,*,#2438,.T.);
#2438 = EDGE_CURVE('',#2305,#2439,#2441,.T.);
#2439 = VERTEX_POINT('',#2440);
#2440 = CARTESIAN_POINT('',(468.,1.3081E+03,363.));
#2441 = LINE('',#2442,#2443);
#2442 = CARTESIAN_POINT('',(468.,1.2901E+03,363.));
#2443 = VECTOR('',#2444,1.);
#2444 = DIRECTION('',(0.,1.,0.));
#2445 = ORIENTED_EDGE('',*,*,#2446,.F.);
#2446 = EDGE_CURVE('',#2274,#2439,#2447,.T.);
#2447 = LINE('',#2448,#2449);
#2448 = CARTESIAN_POINT('',(132.,1.3081E+03,363.));
#2449 = VECTOR('',#2450,1.);
#2450 = DIRECTION('',(1.,0.,0.));
#2451 = PLANE('',#2452);
#2452 = AXIS2_PLACEMENT_3D('',#2453,#2454,#2455);
#2453 = CARTESIAN_POINT('',(132.,1.2901E+03,363.));
#2454 = DIRECTION('',(0.,0.,1.));
#2455 = DIRECTION('',(1.,0.,0.));
#2456 = ADVANCED_FACE('',(#2457,#2475,#2486,#2497,#2508,#2519,#2530,
    #2541,#2552,#2563,#2574),#2585,.T.);
#2457 = FACE_BOUND('',#2458,.T.);
#2458 = EDGE_LOOP('',(#2459,#2467,#2468,#2469));
#2459 = ORIENTED_EDGE('',*,*,#2460,.F.);
#2460 = EDGE_CURVE('',#2266,#2461,#2463,.T.);
#2461 = VERTEX_POINT('',#2462);
#2462 = CARTESIAN_POINT('',(468.,1.3081E+03,74.));
#2463 = LINE('',#2464,#2465);
#2464 = CARTESIAN_POINT('',(132.,1.3081E+03,74.));
#2465 = VECTOR('',#2466,1.);
#2466 = DIRECTION('',(1.,0.,0.));
#2467 = ORIENTED_EDGE('',*,*,#2273,.T.);
#2468 = ORIENTED_EDGE('',*,*,#2446,.T.);
#2469 = ORIENTED_EDGE('',*,*,#2470,.F.);
#2470 = EDGE_CURVE('',#2461,#2439,#2471,.T.);
#2471 = LINE('',#2472,#2473);
#2472 = CARTESIAN_POINT('',(468.,1.3081E+03,74.));
#2473 = VECTOR('',#2474,1.);
#2474 = DIRECTION('',(0.,0.,1.));
#2475 = FACE_BOUND('',#2476,.T.);
#2476 = EDGE_LOOP('',(#2477));
#2477 = ORIENTED_EDGE('',*,*,#2478,.F.);
#2478 = EDGE_CURVE('',#2479,#2479,#2481,.T.);
#2479 = VERTEX_POINT('',#2480);
#2480 = CARTESIAN_POINT('',(177.5,1.3081E+03,229.75));
#2481 = CIRCLE('',#2482,2.25);
#2482 = AXIS2_PLACEMENT_3D('',#2483,#2484,#2485);
#2483 = CARTESIAN_POINT('',(177.5,1.3081E+03,227.5));
#2484 = DIRECTION('',(0.,1.,0.));
#2485 = DIRECTION('',(0.,0.,1.));
#2486 = FACE_BOUND('',#2487,.T.);
#2487 = EDGE_LOOP('',(#2488));
#2488 = ORIENTED_EDGE('',*,*,#2489,.F.);
#2489 = EDGE_CURVE('',#2490,#2490,#2492,.T.);
#2490 = VERTEX_POINT('',#2491);
#2491 = CARTESIAN_POINT('',(282.5,1.3081E+03,229.75));
#2492 = CIRCLE('',#2493,2.25);
#2493 = AXIS2_PLACEMENT_3D('',#2494,#2495,#2496);
#2494 = CARTESIAN_POINT('',(282.5,1.3081E+03,227.5));
#2495 = DIRECTION('',(0.,1.,0.));
#2496 = DIRECTION('',(0.,0.,1.));
#2497 = FACE_BOUND('',#2498,.T.);
#2498 = EDGE_LOOP('',(#2499));
#2499 = ORIENTED_EDGE('',*,*,#2500,.F.);
#2500 = EDGE_CURVE('',#2501,#2501,#2503,.T.);
#2501 = VERTEX_POINT('',#2502);
#2502 = CARTESIAN_POINT('',(230.,1.3081E+03,338.));
#2503 = CIRCLE('',#2504,58.);
#2504 = AXIS2_PLACEMENT_3D('',#2505,#2506,#2507);
#2505 = CARTESIAN_POINT('',(230.,1.3081E+03,280.));
#2506 = DIRECTION('',(0.,1.,0.));
#2507 = DIRECTION('',(0.,0.,1.));
#2508 = FACE_BOUND('',#2509,.T.);
#2509 = EDGE_LOOP('',(#2510));
#2510 = ORIENTED_EDGE('',*,*,#2511,.F.);
#2511 = EDGE_CURVE('',#2512,#2512,#2514,.T.);
#2512 = VERTEX_POINT('',#2513);
#2513 = CARTESIAN_POINT('',(177.5,1.3081E+03,334.75));
#2514 = CIRCLE('',#2515,2.25);
#2515 = AXIS2_PLACEMENT_3D('',#2516,#2517,#2518);
#2516 = CARTESIAN_POINT('',(177.5,1.3081E+03,332.5));
#2517 = DIRECTION('',(0.,1.,0.));
#2518 = DIRECTION('',(0.,0.,1.));
#2519 = FACE_BOUND('',#2520,.T.);
#2520 = EDGE_LOOP('',(#2521));
#2521 = ORIENTED_EDGE('',*,*,#2522,.F.);
#2522 = EDGE_CURVE('',#2523,#2523,#2525,.T.);
#2523 = VERTEX_POINT('',#2524);
#2524 = CARTESIAN_POINT('',(282.5,1.3081E+03,334.75));
#2525 = CIRCLE('',#2526,2.25);
#2526 = AXIS2_PLACEMENT_3D('',#2527,#2528,#2529);
#2527 = CARTESIAN_POINT('',(282.5,1.3081E+03,332.5));
#2528 = DIRECTION('',(0.,1.,0.));
#2529 = DIRECTION('',(0.,0.,1.));
#2530 = FACE_BOUND('',#2531,.T.);
#2531 = EDGE_LOOP('',(#2532));
#2532 = ORIENTED_EDGE('',*,*,#2533,.F.);
#2533 = EDGE_CURVE('',#2534,#2534,#2536,.T.);
#2534 = VERTEX_POINT('',#2535);
#2535 = CARTESIAN_POINT('',(317.5,1.3081E+03,229.75));
#2536 = CIRCLE('',#2537,2.25);
#2537 = AXIS2_PLACEMENT_3D('',#2538,#2539,#2540);
#2538 = CARTESIAN_POINT('',(317.5,1.3081E+03,227.5));
#2539 = DIRECTION('',(0.,1.,0.));
#2540 = DIRECTION('',(0.,0.,1.));
#2541 = FACE_BOUND('',#2542,.T.);
#2542 = EDGE_LOOP('',(#2543));
#2543 = ORIENTED_EDGE('',*,*,#2544,.F.);
#2544 = EDGE_CURVE('',#2545,#2545,#2547,.T.);
#2545 = VERTEX_POINT('',#2546);
#2546 = CARTESIAN_POINT('',(422.5,1.3081E+03,229.75));
#2547 = CIRCLE('',#2548,2.25);
#2548 = AXIS2_PLACEMENT_3D('',#2549,#2550,#2551);
#2549 = CARTESIAN_POINT('',(422.5,1.3081E+03,227.5));
#2550 = DIRECTION('',(0.,1.,0.));
#2551 = DIRECTION('',(0.,0.,1.));
#2552 = FACE_BOUND('',#2553,.T.);
#2553 = EDGE_LOOP('',(#2554));
#2554 = ORIENTED_EDGE('',*,*,#2555,.F.);
#2555 = EDGE_CURVE('',#2556,#2556,#2558,.T.);
#2556 = VERTEX_POINT('',#2557);
#2557 = CARTESIAN_POINT('',(317.5,1.3081E+03,334.75));
#2558 = CIRCLE('',#2559,2.25);
#2559 = AXIS2_PLACEMENT_3D('',#2560,#2561,#2562);
#2560 = CARTESIAN_POINT('',(317.5,1.3081E+03,332.5));
#2561 = DIRECTION('',(0.,1.,0.));
#2562 = DIRECTION('',(0.,0.,1.));
#2563 = FACE_BOUND('',#2564,.T.);
#2564 = EDGE_LOOP('',(#2565));
#2565 = ORIENTED_EDGE('',*,*,#2566,.F.);
#2566 = EDGE_CURVE('',#2567,#2567,#2569,.T.);
#2567 = VERTEX_POINT('',#2568);
#2568 = CARTESIAN_POINT('',(370.,1.3081E+03,338.));
#2569 = CIRCLE('',#2570,58.);
#2570 = AXIS2_PLACEMENT_3D('',#2571,#2572,#2573);
#2571 = CARTESIAN_POINT('',(370.,1.3081E+03,280.));
#2572 = DIRECTION('',(0.,1.,0.));
#2573 = DIRECTION('',(0.,0.,1.));
#2574 = FACE_BOUND('',#2575,.T.);
#2575 = EDGE_LOOP('',(#2576));
#2576 = ORIENTED_EDGE('',*,*,#2577,.F.);
#2577 = EDGE_CURVE('',#2578,#2578,#2580,.T.);
#2578 = VERTEX_POINT('',#2579);
#2579 = CARTESIAN_POINT('',(422.5,1.3081E+03,334.75));
#2580 = CIRCLE('',#2581,2.25);
#2581 = AXIS2_PLACEMENT_3D('',#2582,#2583,#2584);
#2582 = CARTESIAN_POINT('',(422.5,1.3081E+03,332.5));
#2583 = DIRECTION('',(0.,1.,0.));
#2584 = DIRECTION('',(0.,0.,1.));
#2585 = PLANE('',#2586);
#2586 = AXIS2_PLACEMENT_3D('',#2587,#2588,#2589);
#2587 = CARTESIAN_POINT('',(132.,1.3081E+03,74.));
#2588 = DIRECTION('',(0.,1.,0.));
#2589 = DIRECTION('',(0.,0.,1.));
#2590 = ADVANCED_FACE('',(#2591),#2602,.F.);
#2591 = FACE_BOUND('',#2592,.F.);
#2592 = EDGE_LOOP('',(#2593,#2594,#2595,#2601));
#2593 = ORIENTED_EDGE('',*,*,#2265,.F.);
#2594 = ORIENTED_EDGE('',*,*,#2295,.T.);
#2595 = ORIENTED_EDGE('',*,*,#2596,.T.);
#2596 = EDGE_CURVE('',#2296,#2461,#2597,.T.);
#2597 = LINE('',#2598,#2599);
#2598 = CARTESIAN_POINT('',(468.,1.2901E+03,74.));
#2599 = VECTOR('',#2600,1.);
#2600 = DIRECTION('',(0.,1.,0.));
#2601 = ORIENTED_EDGE('',*,*,#2460,.F.);
#2602 = PLANE('',#2603);
#2603 = AXIS2_PLACEMENT_3D('',#2604,#2605,#2606);
#2604 = CARTESIAN_POINT('',(132.,1.2901E+03,74.));
#2605 = DIRECTION('',(0.,0.,1.));
#2606 = DIRECTION('',(1.,0.,0.));
#2607 = ADVANCED_FACE('',(#2608),#2614,.T.);
#2608 = FACE_BOUND('',#2609,.T.);
#2609 = EDGE_LOOP('',(#2610,#2611,#2612,#2613));
#2610 = ORIENTED_EDGE('',*,*,#2312,.F.);
#2611 = ORIENTED_EDGE('',*,*,#2596,.T.);
#2612 = ORIENTED_EDGE('',*,*,#2470,.T.);
#2613 = ORIENTED_EDGE('',*,*,#2438,.F.);
#2614 = PLANE('',#2615);
#2615 = AXIS2_PLACEMENT_3D('',#2616,#2617,#2618);
#2616 = CARTESIAN_POINT('',(468.,1.2901E+03,74.));
#2617 = DIRECTION('',(1.,0.,0.));
#2618 = DIRECTION('',(0.,0.,1.));
#2619 = ADVANCED_FACE('',(#2620),#2631,.F.);
#2620 = FACE_BOUND('',#2621,.F.);
#2621 = EDGE_LOOP('',(#2622,#2623,#2629,#2630));
#2622 = ORIENTED_EDGE('',*,*,#2478,.F.);
#2623 = ORIENTED_EDGE('',*,*,#2624,.F.);
#2624 = EDGE_CURVE('',#2321,#2479,#2625,.T.);
#2625 = LINE('',#2626,#2627);
#2626 = CARTESIAN_POINT('',(177.5,1.2891E+03,229.75));
#2627 = VECTOR('',#2628,1.);
#2628 = DIRECTION('',(0.,1.,0.));
#2629 = ORIENTED_EDGE('',*,*,#2320,.T.);
#2630 = ORIENTED_EDGE('',*,*,#2624,.T.);
#2631 = CYLINDRICAL_SURFACE('',#2632,2.25);
#2632 = AXIS2_PLACEMENT_3D('',#2633,#2634,#2635);
#2633 = CARTESIAN_POINT('',(177.5,1.2891E+03,227.5));
#2634 = DIRECTION('',(0.,1.,0.));
#2635 = DIRECTION('',(0.,0.,1.));
#2636 = ADVANCED_FACE('',(#2637),#2648,.F.);
#2637 = FACE_BOUND('',#2638,.F.);
#2638 = EDGE_LOOP('',(#2639,#2640,#2646,#2647));
#2639 = ORIENTED_EDGE('',*,*,#2489,.F.);
#2640 = ORIENTED_EDGE('',*,*,#2641,.F.);
#2641 = EDGE_CURVE('',#2332,#2490,#2642,.T.);
#2642 = LINE('',#2643,#2644);
#2643 = CARTESIAN_POINT('',(282.5,1.2891E+03,229.75));
#2644 = VECTOR('',#2645,1.);
#2645 = DIRECTION('',(0.,1.,0.));
#2646 = ORIENTED_EDGE('',*,*,#2331,.T.);
#2647 = ORIENTED_EDGE('',*,*,#2641,.T.);
#2648 = CYLINDRICAL_SURFACE('',#2649,2.25);
#2649 = AXIS2_PLACEMENT_3D('',#2650,#2651,#2652);
#2650 = CARTESIAN_POINT('',(282.5,1.2891E+03,227.5));
#2651 = DIRECTION('',(0.,1.,0.));
#2652 = DIRECTION('',(0.,0.,1.));
#2653 = ADVANCED_FACE('',(#2654),#2665,.F.);
#2654 = FACE_BOUND('',#2655,.F.);
#2655 = EDGE_LOOP('',(#2656,#2657,#2663,#2664));
#2656 = ORIENTED_EDGE('',*,*,#2500,.F.);
#2657 = ORIENTED_EDGE('',*,*,#2658,.F.);
#2658 = EDGE_CURVE('',#2343,#2501,#2659,.T.);
#2659 = LINE('',#2660,#2661);
#2660 = CARTESIAN_POINT('',(230.,1.2891E+03,338.));
#2661 = VECTOR('',#2662,1.);
#2662 = DIRECTION('',(0.,1.,0.));
#2663 = ORIENTED_EDGE('',*,*,#2342,.T.);
#2664 = ORIENTED_EDGE('',*,*,#2658,.T.);
#2665 = CYLINDRICAL_SURFACE('',#2666,58.);
#2666 = AXIS2_PLACEMENT_3D('',#2667,#2668,#2669);
#2667 = CARTESIAN_POINT('',(230.,1.2891E+03,280.));
#2668 = DIRECTION('',(0.,1.,0.));
#2669 = DIRECTION('',(0.,0.,1.));
#2670 = ADVANCED_FACE('',(#2671),#2682,.F.);
#2671 = FACE_BOUND('',#2672,.F.);
#2672 = EDGE_LOOP('',(#2673,#2674,#2680,#2681));
#2673 = ORIENTED_EDGE('',*,*,#2511,.F.);
#2674 = ORIENTED_EDGE('',*,*,#2675,.F.);
#2675 = EDGE_CURVE('',#2354,#2512,#2676,.T.);
#2676 = LINE('',#2677,#2678);
#2677 = CARTESIAN_POINT('',(177.5,1.2891E+03,334.75));
#2678 = VECTOR('',#2679,1.);
#2679 = DIRECTION('',(0.,1.,0.));
#2680 = ORIENTED_EDGE('',*,*,#2353,.T.);
#2681 = ORIENTED_EDGE('',*,*,#2675,.T.);
#2682 = CYLINDRICAL_SURFACE('',#2683,2.25);
#2683 = AXIS2_PLACEMENT_3D('',#2684,#2685,#2686);
#2684 = CARTESIAN_POINT('',(177.5,1.2891E+03,332.5));
#2685 = DIRECTION('',(0.,1.,0.));
#2686 = DIRECTION('',(0.,0.,1.));
#2687 = ADVANCED_FACE('',(#2688),#2699,.F.);
#2688 = FACE_BOUND('',#2689,.F.);
#2689 = EDGE_LOOP('',(#2690,#2691,#2697,#2698));
#2690 = ORIENTED_EDGE('',*,*,#2522,.F.);
#2691 = ORIENTED_EDGE('',*,*,#2692,.F.);
#2692 = EDGE_CURVE('',#2365,#2523,#2693,.T.);
#2693 = LINE('',#2694,#2695);
#2694 = CARTESIAN_POINT('',(282.5,1.2891E+03,334.75));
#2695 = VECTOR('',#2696,1.);
#2696 = DIRECTION('',(0.,1.,0.));
#2697 = ORIENTED_EDGE('',*,*,#2364,.T.);
#2698 = ORIENTED_EDGE('',*,*,#2692,.T.);
#2699 = CYLINDRICAL_SURFACE('',#2700,2.25);
#2700 = AXIS2_PLACEMENT_3D('',#2701,#2702,#2703);
#2701 = CARTESIAN_POINT('',(282.5,1.2891E+03,332.5));
#2702 = DIRECTION('',(0.,1.,0.));
#2703 = DIRECTION('',(0.,0.,1.));
#2704 = ADVANCED_FACE('',(#2705),#2716,.F.);
#2705 = FACE_BOUND('',#2706,.F.);
#2706 = EDGE_LOOP('',(#2707,#2708,#2714,#2715));
#2707 = ORIENTED_EDGE('',*,*,#2533,.F.);
#2708 = ORIENTED_EDGE('',*,*,#2709,.F.);
#2709 = EDGE_CURVE('',#2376,#2534,#2710,.T.);
#2710 = LINE('',#2711,#2712);
#2711 = CARTESIAN_POINT('',(317.5,1.2891E+03,229.75));
#2712 = VECTOR('',#2713,1.);
#2713 = DIRECTION('',(0.,1.,0.));
#2714 = ORIENTED_EDGE('',*,*,#2375,.T.);
#2715 = ORIENTED_EDGE('',*,*,#2709,.T.);
#2716 = CYLINDRICAL_SURFACE('',#2717,2.25);
#2717 = AXIS2_PLACEMENT_3D('',#2718,#2719,#2720);
#2718 = CARTESIAN_POINT('',(317.5,1.2891E+03,227.5));
#2719 = DIRECTION('',(0.,1.,0.));
#2720 = DIRECTION('',(0.,0.,1.));
#2721 = ADVANCED_FACE('',(#2722),#2733,.F.);
#2722 = FACE_BOUND('',#2723,.F.);
#2723 = EDGE_LOOP('',(#2724,#2725,#2731,#2732));
#2724 = ORIENTED_EDGE('',*,*,#2544,.F.);
#2725 = ORIENTED_EDGE('',*,*,#2726,.F.);
#2726 = EDGE_CURVE('',#2387,#2545,#2727,.T.);
#2727 = LINE('',#2728,#2729);
#2728 = CARTESIAN_POINT('',(422.5,1.2891E+03,229.75));
#2729 = VECTOR('',#2730,1.);
#2730 = DIRECTION('',(0.,1.,0.));
#2731 = ORIENTED_EDGE('',*,*,#2386,.T.);
#2732 = ORIENTED_EDGE('',*,*,#2726,.T.);
#2733 = CYLINDRICAL_SURFACE('',#2734,2.25);
#2734 = AXIS2_PLACEMENT_3D('',#2735,#2736,#2737);
#2735 = CARTESIAN_POINT('',(422.5,1.2891E+03,227.5));
#2736 = DIRECTION('',(0.,1.,0.));
#2737 = DIRECTION('',(0.,0.,1.));
#2738 = ADVANCED_FACE('',(#2739),#2750,.F.);
#2739 = FACE_BOUND('',#2740,.F.);
#2740 = EDGE_LOOP('',(#2741,#2742,#2748,#2749));
#2741 = ORIENTED_EDGE('',*,*,#2555,.F.);
#2742 = ORIENTED_EDGE('',*,*,#2743,.F.);
#2743 = EDGE_CURVE('',#2398,#2556,#2744,.T.);
#2744 = LINE('',#2745,#2746);
#2745 = CARTESIAN_POINT('',(317.5,1.2891E+03,334.75));
#2746 = VECTOR('',#2747,1.);
#2747 = DIRECTION('',(0.,1.,0.));
#2748 = ORIENTED_EDGE('',*,*,#2397,.T.);
#2749 = ORIENTED_EDGE('',*,*,#2743,.T.);
#2750 = CYLINDRICAL_SURFACE('',#2751,2.25);
#2751 = AXIS2_PLACEMENT_3D('',#2752,#2753,#2754);
#2752 = CARTESIAN_POINT('',(317.5,1.2891E+03,332.5));
#2753 = DIRECTION('',(0.,1.,0.));
#2754 = DIRECTION('',(0.,0.,1.));
#2755 = ADVANCED_FACE('',(#2756),#2767,.F.);
#2756 = FACE_BOUND('',#2757,.F.);
#2757 = EDGE_LOOP('',(#2758,#2759,#2765,#2766));
#2758 = ORIENTED_EDGE('',*,*,#2566,.F.);
#2759 = ORIENTED_EDGE('',*,*,#2760,.F.);
#2760 = EDGE_CURVE('',#2409,#2567,#2761,.T.);
#2761 = LINE('',#2762,#2763);
#2762 = CARTESIAN_POINT('',(370.,1.2891E+03,338.));
#2763 = VECTOR('',#2764,1.);
#2764 = DIRECTION('',(0.,1.,0.));
#2765 = ORIENTED_EDGE('',*,*,#2408,.T.);
#2766 = ORIENTED_EDGE('',*,*,#2760,.T.);
#2767 = CYLINDRICAL_SURFACE('',#2768,58.);
#2768 = AXIS2_PLACEMENT_3D('',#2769,#2770,#2771);
#2769 = CARTESIAN_POINT('',(370.,1.2891E+03,280.));
#2770 = DIRECTION('',(0.,1.,0.));
#2771 = DIRECTION('',(0.,0.,1.));
#2772 = ADVANCED_FACE('',(#2773),#2784,.F.);
#2773 = FACE_BOUND('',#2774,.F.);
#2774 = EDGE_LOOP('',(#2775,#2776,#2782,#2783));
#2775 = ORIENTED_EDGE('',*,*,#2577,.F.);
#2776 = ORIENTED_EDGE('',*,*,#2777,.F.);
#2777 = EDGE_CURVE('',#2420,#2578,#2778,.T.);
#2778 = LINE('',#2779,#2780);
#2779 = CARTESIAN_POINT('',(422.5,1.2891E+03,334.75));
#2780 = VECTOR('',#2781,1.);
#2781 = DIRECTION('',(0.,1.,0.));
#2782 = ORIENTED_EDGE('',*,*,#2419,.T.);
#2783 = ORIENTED_EDGE('',*,*,#2777,.T.);
#2784 = CYLINDRICAL_SURFACE('',#2785,2.25);
#2785 = AXIS2_PLACEMENT_3D('',#2786,#2787,#2788);
#2786 = CARTESIAN_POINT('',(422.5,1.2891E+03,332.5));
#2787 = DIRECTION('',(0.,1.,0.));
#2788 = DIRECTION('',(0.,0.,1.));
#2789 = MANIFOLD_SOLID_BREP('',#2790);
#2790 = CLOSED_SHELL('',(#2791,#2831,#2862,#2975,#2999,#3105,#3117,#3134
    ,#3151,#3168,#3185,#3202,#3224,#3241,#3258));
#2791 = ADVANCED_FACE('',(#2792),#2826,.F.);
#2792 = FACE_BOUND('',#2793,.F.);
#2793 = EDGE_LOOP('',(#2794,#2804,#2812,#2820));
#2794 = ORIENTED_EDGE('',*,*,#2795,.F.);
#2795 = EDGE_CURVE('',#2796,#2798,#2800,.T.);
#2796 = VERTEX_POINT('',#2797);
#2797 = CARTESIAN_POINT('',(18.,18.,18.));
#2798 = VERTEX_POINT('',#2799);
#2799 = CARTESIAN_POINT('',(18.,18.,36.));
#2800 = LINE('',#2801,#2802);
#2801 = CARTESIAN_POINT('',(18.,18.,18.));
#2802 = VECTOR('',#2803,1.);
#2803 = DIRECTION('',(0.,0.,1.));
#2804 = ORIENTED_EDGE('',*,*,#2805,.T.);
#2805 = EDGE_CURVE('',#2796,#2806,#2808,.T.);
#2806 = VERTEX_POINT('',#2807);
#2807 = CARTESIAN_POINT('',(18.,1.2901E+03,18.));
#2808 = LINE('',#2809,#2810);
#2809 = CARTESIAN_POINT('',(18.,18.,18.));
#2810 = VECTOR('',#2811,1.);
#2811 = DIRECTION('',(0.,1.,0.));
#2812 = ORIENTED_EDGE('',*,*,#2813,.T.);
#2813 = EDGE_CURVE('',#2806,#2814,#2816,.T.);
#2814 = VERTEX_POINT('',#2815);
#2815 = CARTESIAN_POINT('',(18.,1.2901E+03,36.));
#2816 = LINE('',#2817,#2818);
#2817 = CARTESIAN_POINT('',(18.,1.2901E+03,18.));
#2818 = VECTOR('',#2819,1.);
#2819 = DIRECTION('',(0.,0.,1.));
#2820 = ORIENTED_EDGE('',*,*,#2821,.F.);
#2821 = EDGE_CURVE('',#2798,#2814,#2822,.T.);
#2822 = LINE('',#2823,#2824);
#2823 = CARTESIAN_POINT('',(18.,18.,36.));
#2824 = VECTOR('',#2825,1.);
#2825 = DIRECTION('',(0.,1.,0.));
#2826 = PLANE('',#2827);
#2827 = AXIS2_PLACEMENT_3D('',#2828,#2829,#2830);
#2828 = CARTESIAN_POINT('',(18.,18.,18.));
#2829 = DIRECTION('',(1.,0.,0.));
#2830 = DIRECTION('',(0.,0.,1.));
#2831 = ADVANCED_FACE('',(#2832),#2857,.F.);
#2832 = FACE_BOUND('',#2833,.F.);
#2833 = EDGE_LOOP('',(#2834,#2842,#2843,#2851));
#2834 = ORIENTED_EDGE('',*,*,#2835,.F.);
#2835 = EDGE_CURVE('',#2796,#2836,#2838,.T.);
#2836 = VERTEX_POINT('',#2837);
#2837 = CARTESIAN_POINT('',(582.,18.,18.));
#2838 = LINE('',#2839,#2840);
#2839 = CARTESIAN_POINT('',(18.,18.,18.));
#2840 = VECTOR('',#2841,1.);
#2841 = DIRECTION('',(1.,0.,0.));
#2842 = ORIENTED_EDGE('',*,*,#2795,.T.);
#2843 = ORIENTED_EDGE('',*,*,#2844,.T.);
#2844 = EDGE_CURVE('',#2798,#2845,#2847,.T.);
#2845 = VERTEX_POINT('',#2846);
#2846 = CARTESIAN_POINT('',(582.,18.,36.));
#2847 = LINE('',#2848,#2849);
#2848 = CARTESIAN_POINT('',(18.,18.,36.));
#2849 = VECTOR('',#2850,1.);
#2850 = DIRECTION('',(1.,0.,0.));
#2851 = ORIENTED_EDGE('',*,*,#2852,.F.);
#2852 = EDGE_CURVE('',#2836,#2845,#2853,.T.);
#2853 = LINE('',#2854,#2855);
#2854 = CARTESIAN_POINT('',(582.,18.,18.));
#2855 = VECTOR('',#2856,1.);
#2856 = DIRECTION('',(0.,0.,1.));
#2857 = PLANE('',#2858);
#2858 = AXIS2_PLACEMENT_3D('',#2859,#2860,#2861);
#2859 = CARTESIAN_POINT('',(18.,18.,18.));
#2860 = DIRECTION('',(0.,1.,0.));
#2861 = DIRECTION('',(0.,0.,1.));
#2862 = ADVANCED_FACE('',(#2863,#2881,#2892,#2903,#2914,#2925,#2936),
  #2970,.T.);
#2863 = FACE_BOUND('',#2864,.T.);
#2864 = EDGE_LOOP('',(#2865,#2866,#2867,#2875));
#2865 = ORIENTED_EDGE('',*,*,#2821,.F.);
#2866 = ORIENTED_EDGE('',*,*,#2844,.T.);
#2867 = ORIENTED_EDGE('',*,*,#2868,.T.);
#2868 = EDGE_CURVE('',#2845,#2869,#2871,.T.);
#2869 = VERTEX_POINT('',#2870);
#2870 = CARTESIAN_POINT('',(582.,1.2901E+03,36.));
#2871 = LINE('',#2872,#2873);
#2872 = CARTESIAN_POINT('',(582.,18.,36.));
#2873 = VECTOR('',#2874,1.);
#2874 = DIRECTION('',(0.,1.,0.));
#2875 = ORIENTED_EDGE('',*,*,#2876,.F.);
#2876 = EDGE_CURVE('',#2814,#2869,#2877,.T.);
#2877 = LINE('',#2878,#2879);
#2878 = CARTESIAN_POINT('',(18.,1.2901E+03,36.));
#2879 = VECTOR('',#2880,1.);
#2880 = DIRECTION('',(1.,0.,0.));
#2881 = FACE_BOUND('',#2882,.T.);
#2882 = EDGE_LOOP('',(#2883));
#2883 = ORIENTED_EDGE('',*,*,#2884,.F.);
#2884 = EDGE_CURVE('',#2885,#2885,#2887,.T.);
#2885 = VERTEX_POINT('',#2886);
#2886 = CARTESIAN_POINT('',(199.,90.,36.));
#2887 = CIRCLE('',#2888,14.);
#2888 = AXIS2_PLACEMENT_3D('',#2889,#2890,#2891);
#2889 = CARTESIAN_POINT('',(185.,90.,36.));
#2890 = DIRECTION('',(0.,0.,1.));
#2891 = DIRECTION('',(1.,0.,0.));
#2892 = FACE_BOUND('',#2893,.T.);
#2893 = EDGE_LOOP('',(#2894));
#2894 = ORIENTED_EDGE('',*,*,#2895,.F.);
#2895 = EDGE_CURVE('',#2896,#2896,#2898,.T.);
#2896 = VERTEX_POINT('',#2897);
#2897 = CARTESIAN_POINT('',(259.,90.,36.));
#2898 = CIRCLE('',#2899,14.);
#2899 = AXIS2_PLACEMENT_3D('',#2900,#2901,#2902);
#2900 = CARTESIAN_POINT('',(245.,90.,36.));
#2901 = DIRECTION('',(0.,0.,1.));
#2902 = DIRECTION('',(1.,0.,0.));
#2903 = FACE_BOUND('',#2904,.T.);
#2904 = EDGE_LOOP('',(#2905));
#2905 = ORIENTED_EDGE('',*,*,#2906,.F.);
#2906 = EDGE_CURVE('',#2907,#2907,#2909,.T.);
#2907 = VERTEX_POINT('',#2908);
#2908 = CARTESIAN_POINT('',(319.,90.,36.));
#2909 = CIRCLE('',#2910,14.);
#2910 = AXIS2_PLACEMENT_3D('',#2911,#2912,#2913);
#2911 = CARTESIAN_POINT('',(305.,90.,36.));
#2912 = DIRECTION('',(0.,0.,1.));
#2913 = DIRECTION('',(1.,0.,0.));
#2914 = FACE_BOUND('',#2915,.T.);
#2915 = EDGE_LOOP('',(#2916));
#2916 = ORIENTED_EDGE('',*,*,#2917,.F.);
#2917 = EDGE_CURVE('',#2918,#2918,#2920,.T.);
#2918 = VERTEX_POINT('',#2919);
#2919 = CARTESIAN_POINT('',(379.,90.,36.));
#2920 = CIRCLE('',#2921,14.);
#2921 = AXIS2_PLACEMENT_3D('',#2922,#2923,#2924);
#2922 = CARTESIAN_POINT('',(365.,90.,36.));
#2923 = DIRECTION('',(0.,0.,1.));
#2924 = DIRECTION('',(1.,0.,0.));
#2925 = FACE_BOUND('',#2926,.T.);
#2926 = EDGE_LOOP('',(#2927));
#2927 = ORIENTED_EDGE('',*,*,#2928,.F.);
#2928 = EDGE_CURVE('',#2929,#2929,#2931,.T.);
#2929 = VERTEX_POINT('',#2930);
#2930 = CARTESIAN_POINT('',(369.85,440.,36.));
#2931 = CIRCLE('',#2932,69.85);
#2932 = AXIS2_PLACEMENT_3D('',#2933,#2934,#2935);
#2933 = CARTESIAN_POINT('',(300.,440.,36.));
#2934 = DIRECTION('',(0.,0.,1.));
#2935 = DIRECTION('',(1.,0.,0.));
#2936 = FACE_BOUND('',#2937,.T.);
#2937 = EDGE_LOOP('',(#2938,#2948,#2956,#2964));
#2938 = ORIENTED_EDGE('',*,*,#2939,.T.);
#2939 = EDGE_CURVE('',#2940,#2942,#2944,.T.);
#2940 = VERTEX_POINT('',#2941);
#2941 = CARTESIAN_POINT('',(500.,630.,36.));
#2942 = VERTEX_POINT('',#2943);
#2943 = CARTESIAN_POINT('',(400.,630.,36.));
#2944 = LINE('',#2945,#2946);
#2945 = CARTESIAN_POINT('',(209.,630.,36.));
#2946 = VECTOR('',#2947,1.);
#2947 = DIRECTION('',(-1.,0.,0.));
#2948 = ORIENTED_EDGE('',*,*,#2949,.T.);
#2949 = EDGE_CURVE('',#2942,#2950,#2952,.T.);
#2950 = VERTEX_POINT('',#2951);
#2951 = CARTESIAN_POINT('',(400.,790.,36.));
#2952 = LINE('',#2953,#2954);
#2953 = CARTESIAN_POINT('',(400.,324.,36.));
#2954 = VECTOR('',#2955,1.);
#2955 = DIRECTION('',(0.,1.,0.));
#2956 = ORIENTED_EDGE('',*,*,#2957,.F.);
#2957 = EDGE_CURVE('',#2958,#2950,#2960,.T.);
#2958 = VERTEX_POINT('',#2959);
#2959 = CARTESIAN_POINT('',(500.,790.,36.));
#2960 = LINE('',#2961,#2962);
#2961 = CARTESIAN_POINT('',(209.,790.,36.));
#2962 = VECTOR('',#2963,1.);
#2963 = DIRECTION('',(-1.,0.,0.));
#2964 = ORIENTED_EDGE('',*,*,#2965,.F.);
#2965 = EDGE_CURVE('',#2940,#2958,#2966,.T.);
#2966 = LINE('',#2967,#2968);
#2967 = CARTESIAN_POINT('',(500.,324.,36.));
#2968 = VECTOR('',#2969,1.);
#2969 = DIRECTION('',(0.,1.,0.));
#2970 = PLANE('',#2971);
#2971 = AXIS2_PLACEMENT_3D('',#2972,#2973,#2974);
#2972 = CARTESIAN_POINT('',(18.,18.,36.));
#2973 = DIRECTION('',(0.,0.,1.));
#2974 = DIRECTION('',(1.,0.,0.));
#2975 = ADVANCED_FACE('',(#2976),#2994,.T.);
#2976 = FACE_BOUND('',#2977,.T.);
#2977 = EDGE_LOOP('',(#2978,#2986,#2987,#2988));
#2978 = ORIENTED_EDGE('',*,*,#2979,.F.);
#2979 = EDGE_CURVE('',#2806,#2980,#2982,.T.);
#2980 = VERTEX_POINT('',#2981);
#2981 = CARTESIAN_POINT('',(582.,1.2901E+03,18.));
#2982 = LINE('',#2983,#2984);
#2983 = CARTESIAN_POINT('',(18.,1.2901E+03,18.));
#2984 = VECTOR('',#2985,1.);
#2985 = DIRECTION('',(1.,0.,0.));
#2986 = ORIENTED_EDGE('',*,*,#2813,.T.);
#2987 = ORIENTED_EDGE('',*,*,#2876,.T.);
#2988 = ORIENTED_EDGE('',*,*,#2989,.F.);
#2989 = EDGE_CURVE('',#2980,#2869,#2990,.T.);
#2990 = LINE('',#2991,#2992);
#2991 = CARTESIAN_POINT('',(582.,1.2901E+03,18.));
#2992 = VECTOR('',#2993,1.);
#2993 = DIRECTION('',(0.,0.,1.));
#2994 = PLANE('',#2995);
#2995 = AXIS2_PLACEMENT_3D('',#2996,#2997,#2998);
#2996 = CARTESIAN_POINT('',(18.,1.2901E+03,18.));
#2997 = DIRECTION('',(0.,1.,0.));
#2998 = DIRECTION('',(0.,0.,1.));
#2999 = ADVANCED_FACE('',(#3000,#3011,#3022,#3033,#3044,#3055,#3066),
  #3100,.F.);
#3000 = FACE_BOUND('',#3001,.F.);
#3001 = EDGE_LOOP('',(#3002,#3003,#3004,#3010));
#3002 = ORIENTED_EDGE('',*,*,#2805,.F.);
#3003 = ORIENTED_EDGE('',*,*,#2835,.T.);
#3004 = ORIENTED_EDGE('',*,*,#3005,.T.);
#3005 = EDGE_CURVE('',#2836,#2980,#3006,.T.);
#3006 = LINE('',#3007,#3008);
#3007 = CARTESIAN_POINT('',(582.,18.,18.));
#3008 = VECTOR('',#3009,1.);
#3009 = DIRECTION('',(0.,1.,0.));
#3010 = ORIENTED_EDGE('',*,*,#2979,.F.);
#3011 = FACE_BOUND('',#3012,.F.);
#3012 = EDGE_LOOP('',(#3013));
#3013 = ORIENTED_EDGE('',*,*,#3014,.F.);
#3014 = EDGE_CURVE('',#3015,#3015,#3017,.T.);
#3015 = VERTEX_POINT('',#3016);
#3016 = CARTESIAN_POINT('',(199.,90.,18.));
#3017 = CIRCLE('',#3018,14.);
#3018 = AXIS2_PLACEMENT_3D('',#3019,#3020,#3021);
#3019 = CARTESIAN_POINT('',(185.,90.,18.));
#3020 = DIRECTION('',(0.,0.,1.));
#3021 = DIRECTION('',(1.,0.,0.));
#3022 = FACE_BOUND('',#3023,.F.);
#3023 = EDGE_LOOP('',(#3024));
#3024 = ORIENTED_EDGE('',*,*,#3025,.F.);
#3025 = EDGE_CURVE('',#3026,#3026,#3028,.T.);
#3026 = VERTEX_POINT('',#3027);
#3027 = CARTESIAN_POINT('',(259.,90.,18.));
#3028 = CIRCLE('',#3029,14.);
#3029 = AXIS2_PLACEMENT_3D('',#3030,#3031,#3032);
#3030 = CARTESIAN_POINT('',(245.,90.,18.));
#3031 = DIRECTION('',(0.,0.,1.));
#3032 = DIRECTION('',(1.,0.,0.));
#3033 = FACE_BOUND('',#3034,.F.);
#3034 = EDGE_LOOP('',(#3035));
#3035 = ORIENTED_EDGE('',*,*,#3036,.F.);
#3036 = EDGE_CURVE('',#3037,#3037,#3039,.T.);
#3037 = VERTEX_POINT('',#3038);
#3038 = CARTESIAN_POINT('',(319.,90.,18.));
#3039 = CIRCLE('',#3040,14.);
#3040 = AXIS2_PLACEMENT_3D('',#3041,#3042,#3043);
#3041 = CARTESIAN_POINT('',(305.,90.,18.));
#3042 = DIRECTION('',(0.,0.,1.));
#3043 = DIRECTION('',(1.,0.,0.));
#3044 = FACE_BOUND('',#3045,.F.);
#3045 = EDGE_LOOP('',(#3046));
#3046 = ORIENTED_EDGE('',*,*,#3047,.F.);
#3047 = EDGE_CURVE('',#3048,#3048,#3050,.T.);
#3048 = VERTEX_POINT('',#3049);
#3049 = CARTESIAN_POINT('',(379.,90.,18.));
#3050 = CIRCLE('',#3051,14.);
#3051 = AXIS2_PLACEMENT_3D('',#3052,#3053,#3054);
#3052 = CARTESIAN_POINT('',(365.,90.,18.));
#3053 = DIRECTION('',(0.,0.,1.));
#3054 = DIRECTION('',(1.,0.,0.));
#3055 = FACE_BOUND('',#3056,.F.);
#3056 = EDGE_LOOP('',(#3057));
#3057 = ORIENTED_EDGE('',*,*,#3058,.F.);
#3058 = EDGE_CURVE('',#3059,#3059,#3061,.T.);
#3059 = VERTEX_POINT('',#3060);
#3060 = CARTESIAN_POINT('',(369.85,440.,18.));
#3061 = CIRCLE('',#3062,69.85);
#3062 = AXIS2_PLACEMENT_3D('',#3063,#3064,#3065);
#3063 = CARTESIAN_POINT('',(300.,440.,18.));
#3064 = DIRECTION('',(0.,0.,1.));
#3065 = DIRECTION('',(1.,0.,0.));
#3066 = FACE_BOUND('',#3067,.F.);
#3067 = EDGE_LOOP('',(#3068,#3078,#3086,#3094));
#3068 = ORIENTED_EDGE('',*,*,#3069,.T.);
#3069 = EDGE_CURVE('',#3070,#3072,#3074,.T.);
#3070 = VERTEX_POINT('',#3071);
#3071 = CARTESIAN_POINT('',(500.,630.,18.));
#3072 = VERTEX_POINT('',#3073);
#3073 = CARTESIAN_POINT('',(400.,630.,18.));
#3074 = LINE('',#3075,#3076);
#3075 = CARTESIAN_POINT('',(209.,630.,18.));
#3076 = VECTOR('',#3077,1.);
#3077 = DIRECTION('',(-1.,0.,0.));
#3078 = ORIENTED_EDGE('',*,*,#3079,.T.);
#3079 = EDGE_CURVE('',#3072,#3080,#3082,.T.);
#3080 = VERTEX_POINT('',#3081);
#3081 = CARTESIAN_POINT('',(400.,790.,18.));
#3082 = LINE('',#3083,#3084);
#3083 = CARTESIAN_POINT('',(400.,324.,18.));
#3084 = VECTOR('',#3085,1.);
#3085 = DIRECTION('',(0.,1.,0.));
#3086 = ORIENTED_EDGE('',*,*,#3087,.F.);
#3087 = EDGE_CURVE('',#3088,#3080,#3090,.T.);
#3088 = VERTEX_POINT('',#3089);
#3089 = CARTESIAN_POINT('',(500.,790.,18.));
#3090 = LINE('',#3091,#3092);
#3091 = CARTESIAN_POINT('',(209.,790.,18.));
#3092 = VECTOR('',#3093,1.);
#3093 = DIRECTION('',(-1.,0.,0.));
#3094 = ORIENTED_EDGE('',*,*,#3095,.F.);
#3095 = EDGE_CURVE('',#3070,#3088,#3096,.T.);
#3096 = LINE('',#3097,#3098);
#3097 = CARTESIAN_POINT('',(500.,324.,18.));
#3098 = VECTOR('',#3099,1.);
#3099 = DIRECTION('',(0.,1.,0.));
#3100 = PLANE('',#3101);
#3101 = AXIS2_PLACEMENT_3D('',#3102,#3103,#3104);
#3102 = CARTESIAN_POINT('',(18.,18.,18.));
#3103 = DIRECTION('',(0.,0.,1.));
#3104 = DIRECTION('',(1.,0.,0.));
#3105 = ADVANCED_FACE('',(#3106),#3112,.T.);
#3106 = FACE_BOUND('',#3107,.T.);
#3107 = EDGE_LOOP('',(#3108,#3109,#3110,#3111));
#3108 = ORIENTED_EDGE('',*,*,#2852,.F.);
#3109 = ORIENTED_EDGE('',*,*,#3005,.T.);
#3110 = ORIENTED_EDGE('',*,*,#2989,.T.);
#3111 = ORIENTED_EDGE('',*,*,#2868,.F.);
#3112 = PLANE('',#3113);
#3113 = AXIS2_PLACEMENT_3D('',#3114,#3115,#3116);
#3114 = CARTESIAN_POINT('',(582.,18.,18.));
#3115 = DIRECTION('',(1.,0.,0.));
#3116 = DIRECTION('',(0.,0.,1.));
#3117 = ADVANCED_FACE('',(#3118),#3129,.F.);
#3118 = FACE_BOUND('',#3119,.F.);
#3119 = EDGE_LOOP('',(#3120,#3121,#3127,#3128));
#3120 = ORIENTED_EDGE('',*,*,#2884,.F.);
#3121 = ORIENTED_EDGE('',*,*,#3122,.F.);
#3122 = EDGE_CURVE('',#3015,#2885,#3123,.T.);
#3123 = LINE('',#3124,#3125);
#3124 = CARTESIAN_POINT('',(199.,90.,17.));
#3125 = VECTOR('',#3126,1.);
#3126 = DIRECTION('',(0.,0.,1.));
#3127 = ORIENTED_EDGE('',*,*,#3014,.T.);
#3128 = ORIENTED_EDGE('',*,*,#3122,.T.);
#3129 = CYLINDRICAL_SURFACE('',#3130,14.);
#3130 = AXIS2_PLACEMENT_3D('',#3131,#3132,#3133);
#3131 = CARTESIAN_POINT('',(185.,90.,17.));
#3132 = DIRECTION('',(0.,0.,1.));
#3133 = DIRECTION('',(1.,0.,0.));
#3134 = ADVANCED_FACE('',(#3135),#3146,.F.);
#3135 = FACE_BOUND('',#3136,.F.);
#3136 = EDGE_LOOP('',(#3137,#3138,#3144,#3145));
#3137 = ORIENTED_EDGE('',*,*,#2895,.F.);
#3138 = ORIENTED_EDGE('',*,*,#3139,.F.);
#3139 = EDGE_CURVE('',#3026,#2896,#3140,.T.);
#3140 = LINE('',#3141,#3142);
#3141 = CARTESIAN_POINT('',(259.,90.,17.));
#3142 = VECTOR('',#3143,1.);
#3143 = DIRECTION('',(0.,0.,1.));
#3144 = ORIENTED_EDGE('',*,*,#3025,.T.);
#3145 = ORIENTED_EDGE('',*,*,#3139,.T.);
#3146 = CYLINDRICAL_SURFACE('',#3147,14.);
#3147 = AXIS2_PLACEMENT_3D('',#3148,#3149,#3150);
#3148 = CARTESIAN_POINT('',(245.,90.,17.));
#3149 = DIRECTION('',(0.,0.,1.));
#3150 = DIRECTION('',(1.,0.,0.));
#3151 = ADVANCED_FACE('',(#3152),#3163,.F.);
#3152 = FACE_BOUND('',#3153,.F.);
#3153 = EDGE_LOOP('',(#3154,#3155,#3161,#3162));
#3154 = ORIENTED_EDGE('',*,*,#2906,.F.);
#3155 = ORIENTED_EDGE('',*,*,#3156,.F.);
#3156 = EDGE_CURVE('',#3037,#2907,#3157,.T.);
#3157 = LINE('',#3158,#3159);
#3158 = CARTESIAN_POINT('',(319.,90.,17.));
#3159 = VECTOR('',#3160,1.);
#3160 = DIRECTION('',(0.,0.,1.));
#3161 = ORIENTED_EDGE('',*,*,#3036,.T.);
#3162 = ORIENTED_EDGE('',*,*,#3156,.T.);
#3163 = CYLINDRICAL_SURFACE('',#3164,14.);
#3164 = AXIS2_PLACEMENT_3D('',#3165,#3166,#3167);
#3165 = CARTESIAN_POINT('',(305.,90.,17.));
#3166 = DIRECTION('',(0.,0.,1.));
#3167 = DIRECTION('',(1.,0.,0.));
#3168 = ADVANCED_FACE('',(#3169),#3180,.F.);
#3169 = FACE_BOUND('',#3170,.F.);
#3170 = EDGE_LOOP('',(#3171,#3172,#3178,#3179));
#3171 = ORIENTED_EDGE('',*,*,#2917,.F.);
#3172 = ORIENTED_EDGE('',*,*,#3173,.F.);
#3173 = EDGE_CURVE('',#3048,#2918,#3174,.T.);
#3174 = LINE('',#3175,#3176);
#3175 = CARTESIAN_POINT('',(379.,90.,17.));
#3176 = VECTOR('',#3177,1.);
#3177 = DIRECTION('',(0.,0.,1.));
#3178 = ORIENTED_EDGE('',*,*,#3047,.T.);
#3179 = ORIENTED_EDGE('',*,*,#3173,.T.);
#3180 = CYLINDRICAL_SURFACE('',#3181,14.);
#3181 = AXIS2_PLACEMENT_3D('',#3182,#3183,#3184);
#3182 = CARTESIAN_POINT('',(365.,90.,17.));
#3183 = DIRECTION('',(0.,0.,1.));
#3184 = DIRECTION('',(1.,0.,0.));
#3185 = ADVANCED_FACE('',(#3186),#3197,.F.);
#3186 = FACE_BOUND('',#3187,.F.);
#3187 = EDGE_LOOP('',(#3188,#3189,#3195,#3196));
#3188 = ORIENTED_EDGE('',*,*,#2928,.F.);
#3189 = ORIENTED_EDGE('',*,*,#3190,.F.);
#3190 = EDGE_CURVE('',#3059,#2929,#3191,.T.);
#3191 = LINE('',#3192,#3193);
#3192 = CARTESIAN_POINT('',(369.85,440.,17.));
#3193 = VECTOR('',#3194,1.);
#3194 = DIRECTION('',(0.,0.,1.));
#3195 = ORIENTED_EDGE('',*,*,#3058,.T.);
#3196 = ORIENTED_EDGE('',*,*,#3190,.T.);
#3197 = CYLINDRICAL_SURFACE('',#3198,69.85);
#3198 = AXIS2_PLACEMENT_3D('',#3199,#3200,#3201);
#3199 = CARTESIAN_POINT('',(300.,440.,17.));
#3200 = DIRECTION('',(0.,0.,1.));
#3201 = DIRECTION('',(1.,0.,0.));
#3202 = ADVANCED_FACE('',(#3203),#3219,.T.);
#3203 = FACE_BOUND('',#3204,.T.);
#3204 = EDGE_LOOP('',(#3205,#3211,#3212,#3218));
#3205 = ORIENTED_EDGE('',*,*,#3206,.F.);
#3206 = EDGE_CURVE('',#3070,#2940,#3207,.T.);
#3207 = LINE('',#3208,#3209);
#3208 = CARTESIAN_POINT('',(500.,630.,17.));
#3209 = VECTOR('',#3210,1.);
#3210 = DIRECTION('',(0.,0.,1.));
#3211 = ORIENTED_EDGE('',*,*,#3069,.T.);
#3212 = ORIENTED_EDGE('',*,*,#3213,.T.);
#3213 = EDGE_CURVE('',#3072,#2942,#3214,.T.);
#3214 = LINE('',#3215,#3216);
#3215 = CARTESIAN_POINT('',(400.,630.,17.));
#3216 = VECTOR('',#3217,1.);
#3217 = DIRECTION('',(0.,0.,1.));
#3218 = ORIENTED_EDGE('',*,*,#2939,.F.);
#3219 = PLANE('',#3220);
#3220 = AXIS2_PLACEMENT_3D('',#3221,#3222,#3223);
#3221 = CARTESIAN_POINT('',(400.,630.,17.));
#3222 = DIRECTION('',(0.,1.,0.));
#3223 = DIRECTION('',(0.,0.,1.));
#3224 = ADVANCED_FACE('',(#3225),#3236,.F.);
#3225 = FACE_BOUND('',#3226,.F.);
#3226 = EDGE_LOOP('',(#3227,#3228,#3229,#3235));
#3227 = ORIENTED_EDGE('',*,*,#3206,.F.);
#3228 = ORIENTED_EDGE('',*,*,#3095,.T.);
#3229 = ORIENTED_EDGE('',*,*,#3230,.T.);
#3230 = EDGE_CURVE('',#3088,#2958,#3231,.T.);
#3231 = LINE('',#3232,#3233);
#3232 = CARTESIAN_POINT('',(500.,790.,17.));
#3233 = VECTOR('',#3234,1.);
#3234 = DIRECTION('',(0.,0.,1.));
#3235 = ORIENTED_EDGE('',*,*,#2965,.F.);
#3236 = PLANE('',#3237);
#3237 = AXIS2_PLACEMENT_3D('',#3238,#3239,#3240);
#3238 = CARTESIAN_POINT('',(500.,630.,17.));
#3239 = DIRECTION('',(1.,0.,0.));
#3240 = DIRECTION('',(0.,0.,1.));
#3241 = ADVANCED_FACE('',(#3242),#3253,.T.);
#3242 = FACE_BOUND('',#3243,.T.);
#3243 = EDGE_LOOP('',(#3244,#3245,#3246,#3252));
#3244 = ORIENTED_EDGE('',*,*,#3213,.F.);
#3245 = ORIENTED_EDGE('',*,*,#3079,.T.);
#3246 = ORIENTED_EDGE('',*,*,#3247,.T.);
#3247 = EDGE_CURVE('',#3080,#2950,#3248,.T.);
#3248 = LINE('',#3249,#3250);
#3249 = CARTESIAN_POINT('',(400.,790.,17.));
#3250 = VECTOR('',#3251,1.);
#3251 = DIRECTION('',(0.,0.,1.));
#3252 = ORIENTED_EDGE('',*,*,#2949,.F.);
#3253 = PLANE('',#3254);
#3254 = AXIS2_PLACEMENT_3D('',#3255,#3256,#3257);
#3255 = CARTESIAN_POINT('',(400.,630.,17.));
#3256 = DIRECTION('',(1.,0.,0.));
#3257 = DIRECTION('',(0.,0.,1.));
#3258 = ADVANCED_FACE('',(#3259),#3265,.F.);
#3259 = FACE_BOUND('',#3260,.F.);
#3260 = EDGE_LOOP('',(#3261,#3262,#3263,#3264));
#3261 = ORIENTED_EDGE('',*,*,#3230,.F.);
#3262 = ORIENTED_EDGE('',*,*,#3087,.T.);
#3263 = ORIENTED_EDGE('',*,*,#3247,.T.);
#3264 = ORIENTED_EDGE('',*,*,#2957,.F.);
#3265 = PLANE('',#3266);
#3266 = AXIS2_PLACEMENT_3D('',#3267,#3268,#3269);
#3267 = CARTESIAN_POINT('',(400.,790.,17.));
#3268 = DIRECTION('',(0.,1.,0.));
#3269 = DIRECTION('',(0.,0.,1.));
#3270 = MANIFOLD_SOLID_BREP('',#3271);
#3271 = CLOSED_SHELL('',(#3272,#3312,#3352,#3374,#3396,#3408));
#3272 = ADVANCED_FACE('',(#3273),#3307,.F.);
#3273 = FACE_BOUND('',#3274,.F.);
#3274 = EDGE_LOOP('',(#3275,#3285,#3293,#3301));
#3275 = ORIENTED_EDGE('',*,*,#3276,.F.);
#3276 = EDGE_CURVE('',#3277,#3279,#3281,.T.);
#3277 = VERTEX_POINT('',#3278);
#3278 = CARTESIAN_POINT('',(18.,120.,0.));
#3279 = VERTEX_POINT('',#3280);
#3280 = CARTESIAN_POINT('',(18.,120.,18.));
#3281 = LINE('',#3282,#3283);
#3282 = CARTESIAN_POINT('',(18.,120.,0.));
#3283 = VECTOR('',#3284,1.);
#3284 = DIRECTION('',(0.,0.,1.));
#3285 = ORIENTED_EDGE('',*,*,#3286,.T.);
#3286 = EDGE_CURVE('',#3277,#3287,#3289,.T.);
#3287 = VERTEX_POINT('',#3288);
#3288 = CARTESIAN_POINT('',(18.,1.2721E+03,0.));
#3289 = LINE('',#3290,#3291);
#3290 = CARTESIAN_POINT('',(18.,120.,0.));
#3291 = VECTOR('',#3292,1.);
#3292 = DIRECTION('',(0.,1.,0.));
#3293 = ORIENTED_EDGE('',*,*,#3294,.T.);
#3294 = EDGE_CURVE('',#3287,#3295,#3297,.T.);
#3295 = VERTEX_POINT('',#3296);
#3296 = CARTESIAN_POINT('',(18.,1.2721E+03,18.));
#3297 = LINE('',#3298,#3299);
#3298 = CARTESIAN_POINT('',(18.,1.2721E+03,0.));
#3299 = VECTOR('',#3300,1.);
#3300 = DIRECTION('',(0.,0.,1.));
#3301 = ORIENTED_EDGE('',*,*,#3302,.F.);
#3302 = EDGE_CURVE('',#3279,#3295,#3303,.T.);
#3303 = LINE('',#3304,#3305);
#3304 = CARTESIAN_POINT('',(18.,120.,18.));
#3305 = VECTOR('',#3306,1.);
#3306 = DIRECTION('',(0.,1.,0.));
#3307 = PLANE('',#3308);
#3308 = AXIS2_PLACEMENT_3D('',#3309,#3310,#3311);
#3309 = CARTESIAN_POINT('',(18.,120.,0.));
#3310 = DIRECTION('',(1.,0.,0.));
#3311 = DIRECTION('',(0.,0.,1.));
#3312 = ADVANCED_FACE('',(#3313),#3347,.T.);
#3313 = FACE_BOUND('',#3314,.T.);
#3314 = EDGE_LOOP('',(#3315,#3325,#3333,#3341));
#3315 = ORIENTED_EDGE('',*,*,#3316,.F.);
#3316 = EDGE_CURVE('',#3317,#3319,#3321,.T.);
#3317 = VERTEX_POINT('',#3318);
#3318 = CARTESIAN_POINT('',(48.,120.,0.));
#3319 = VERTEX_POINT('',#3320);
#3320 = CARTESIAN_POINT('',(48.,120.,18.));
#3321 = LINE('',#3322,#3323);
#3322 = CARTESIAN_POINT('',(48.,120.,0.));
#3323 = VECTOR('',#3324,1.);
#3324 = DIRECTION('',(0.,0.,1.));
#3325 = ORIENTED_EDGE('',*,*,#3326,.T.);
#3326 = EDGE_CURVE('',#3317,#3327,#3329,.T.);
#3327 = VERTEX_POINT('',#3328);
#3328 = CARTESIAN_POINT('',(48.,1.2721E+03,0.));
#3329 = LINE('',#3330,#3331);
#3330 = CARTESIAN_POINT('',(48.,120.,0.));
#3331 = VECTOR('',#3332,1.);
#3332 = DIRECTION('',(0.,1.,0.));
#3333 = ORIENTED_EDGE('',*,*,#3334,.T.);
#3334 = EDGE_CURVE('',#3327,#3335,#3337,.T.);
#3335 = VERTEX_POINT('',#3336);
#3336 = CARTESIAN_POINT('',(48.,1.2721E+03,18.));
#3337 = LINE('',#3338,#3339);
#3338 = CARTESIAN_POINT('',(48.,1.2721E+03,0.));
#3339 = VECTOR('',#3340,1.);
#3340 = DIRECTION('',(0.,0.,1.));
#3341 = ORIENTED_EDGE('',*,*,#3342,.F.);
#3342 = EDGE_CURVE('',#3319,#3335,#3343,.T.);
#3343 = LINE('',#3344,#3345);
#3344 = CARTESIAN_POINT('',(48.,120.,18.));
#3345 = VECTOR('',#3346,1.);
#3346 = DIRECTION('',(0.,1.,0.));
#3347 = PLANE('',#3348);
#3348 = AXIS2_PLACEMENT_3D('',#3349,#3350,#3351);
#3349 = CARTESIAN_POINT('',(48.,120.,0.));
#3350 = DIRECTION('',(1.,0.,0.));
#3351 = DIRECTION('',(0.,0.,1.));
#3352 = ADVANCED_FACE('',(#3353),#3369,.F.);
#3353 = FACE_BOUND('',#3354,.F.);
#3354 = EDGE_LOOP('',(#3355,#3361,#3362,#3368));
#3355 = ORIENTED_EDGE('',*,*,#3356,.F.);
#3356 = EDGE_CURVE('',#3277,#3317,#3357,.T.);
#3357 = LINE('',#3358,#3359);
#3358 = CARTESIAN_POINT('',(18.,120.,0.));
#3359 = VECTOR('',#3360,1.);
#3360 = DIRECTION('',(1.,0.,0.));
#3361 = ORIENTED_EDGE('',*,*,#3276,.T.);
#3362 = ORIENTED_EDGE('',*,*,#3363,.T.);
#3363 = EDGE_CURVE('',#3279,#3319,#3364,.T.);
#3364 = LINE('',#3365,#3366);
#3365 = CARTESIAN_POINT('',(18.,120.,18.));
#3366 = VECTOR('',#3367,1.);
#3367 = DIRECTION('',(1.,0.,0.));
#3368 = ORIENTED_EDGE('',*,*,#3316,.F.);
#3369 = PLANE('',#3370);
#3370 = AXIS2_PLACEMENT_3D('',#3371,#3372,#3373);
#3371 = CARTESIAN_POINT('',(18.,120.,0.));
#3372 = DIRECTION('',(0.,1.,0.));
#3373 = DIRECTION('',(0.,0.,1.));
#3374 = ADVANCED_FACE('',(#3375),#3391,.T.);
#3375 = FACE_BOUND('',#3376,.T.);
#3376 = EDGE_LOOP('',(#3377,#3383,#3384,#3390));
#3377 = ORIENTED_EDGE('',*,*,#3378,.F.);
#3378 = EDGE_CURVE('',#3287,#3327,#3379,.T.);
#3379 = LINE('',#3380,#3381);
#3380 = CARTESIAN_POINT('',(18.,1.2721E+03,0.));
#3381 = VECTOR('',#3382,1.);
#3382 = DIRECTION('',(1.,0.,0.));
#3383 = ORIENTED_EDGE('',*,*,#3294,.T.);
#3384 = ORIENTED_EDGE('',*,*,#3385,.T.);
#3385 = EDGE_CURVE('',#3295,#3335,#3386,.T.);
#3386 = LINE('',#3387,#3388);
#3387 = CARTESIAN_POINT('',(18.,1.2721E+03,18.));
#3388 = VECTOR('',#3389,1.);
#3389 = DIRECTION('',(1.,0.,0.));
#3390 = ORIENTED_EDGE('',*,*,#3334,.F.);
#3391 = PLANE('',#3392);
#3392 = AXIS2_PLACEMENT_3D('',#3393,#3394,#3395);
#3393 = CARTESIAN_POINT('',(18.,1.2721E+03,0.));
#3394 = DIRECTION('',(0.,1.,0.));
#3395 = DIRECTION('',(0.,0.,1.));
#3396 = ADVANCED_FACE('',(#3397),#3403,.F.);
#3397 = FACE_BOUND('',#3398,.F.);
#3398 = EDGE_LOOP('',(#3399,#3400,#3401,#3402));
#3399 = ORIENTED_EDGE('',*,*,#3286,.F.);
#3400 = ORIENTED_EDGE('',*,*,#3356,.T.);
#3401 = ORIENTED_EDGE('',*,*,#3326,.T.);
#3402 = ORIENTED_EDGE('',*,*,#3378,.F.);
#3403 = PLANE('',#3404);
#3404 = AXIS2_PLACEMENT_3D('',#3405,#3406,#3407);
#3405 = CARTESIAN_POINT('',(18.,120.,0.));
#3406 = DIRECTION('',(0.,0.,1.));
#3407 = DIRECTION('',(1.,0.,0.));
#3408 = ADVANCED_FACE('',(#3409),#3415,.T.);
#3409 = FACE_BOUND('',#3410,.T.);
#3410 = EDGE_LOOP('',(#3411,#3412,#3413,#3414));
#3411 = ORIENTED_EDGE('',*,*,#3302,.F.);
#3412 = ORIENTED_EDGE('',*,*,#3363,.T.);
#3413 = ORIENTED_EDGE('',*,*,#3342,.T.);
#3414 = ORIENTED_EDGE('',*,*,#3385,.F.);
#3415 = PLANE('',#3416);
#3416 = AXIS2_PLACEMENT_3D('',#3417,#3418,#3419);
#3417 = CARTESIAN_POINT('',(18.,120.,18.));
#3418 = DIRECTION('',(0.,0.,1.));
#3419 = DIRECTION('',(1.,0.,0.));
#3420 = MANIFOLD_SOLID_BREP('',#3421);
#3421 = CLOSED_SHELL('',(#3422,#3462,#3502,#3524,#3546,#3558));
#3422 = ADVANCED_FACE('',(#3423),#3457,.F.);
#3423 = FACE_BOUND('',#3424,.F.);
#3424 = EDGE_LOOP('',(#3425,#3435,#3443,#3451));
#3425 = ORIENTED_EDGE('',*,*,#3426,.F.);
#3426 = EDGE_CURVE('',#3427,#3429,#3431,.T.);
#3427 = VERTEX_POINT('',#3428);
#3428 = CARTESIAN_POINT('',(552.,120.,0.));
#3429 = VERTEX_POINT('',#3430);
#3430 = CARTESIAN_POINT('',(552.,120.,18.));
#3431 = LINE('',#3432,#3433);
#3432 = CARTESIAN_POINT('',(552.,120.,0.));
#3433 = VECTOR('',#3434,1.);
#3434 = DIRECTION('',(0.,0.,1.));
#3435 = ORIENTED_EDGE('',*,*,#3436,.T.);
#3436 = EDGE_CURVE('',#3427,#3437,#3439,.T.);
#3437 = VERTEX_POINT('',#3438);
#3438 = CARTESIAN_POINT('',(552.,1.2721E+03,0.));
#3439 = LINE('',#3440,#3441);
#3440 = CARTESIAN_POINT('',(552.,120.,0.));
#3441 = VECTOR('',#3442,1.);
#3442 = DIRECTION('',(0.,1.,0.));
#3443 = ORIENTED_EDGE('',*,*,#3444,.T.);
#3444 = EDGE_CURVE('',#3437,#3445,#3447,.T.);
#3445 = VERTEX_POINT('',#3446);
#3446 = CARTESIAN_POINT('',(552.,1.2721E+03,18.));
#3447 = LINE('',#3448,#3449);
#3448 = CARTESIAN_POINT('',(552.,1.2721E+03,0.));
#3449 = VECTOR('',#3450,1.);
#3450 = DIRECTION('',(0.,0.,1.));
#3451 = ORIENTED_EDGE('',*,*,#3452,.F.);
#3452 = EDGE_CURVE('',#3429,#3445,#3453,.T.);
#3453 = LINE('',#3454,#3455);
#3454 = CARTESIAN_POINT('',(552.,120.,18.));
#3455 = VECTOR('',#3456,1.);
#3456 = DIRECTION('',(0.,1.,0.));
#3457 = PLANE('',#3458);
#3458 = AXIS2_PLACEMENT_3D('',#3459,#3460,#3461);
#3459 = CARTESIAN_POINT('',(552.,120.,0.));
#3460 = DIRECTION('',(1.,0.,0.));
#3461 = DIRECTION('',(0.,0.,1.));
#3462 = ADVANCED_FACE('',(#3463),#3497,.T.);
#3463 = FACE_BOUND('',#3464,.T.);
#3464 = EDGE_LOOP('',(#3465,#3475,#3483,#3491));
#3465 = ORIENTED_EDGE('',*,*,#3466,.F.);
#3466 = EDGE_CURVE('',#3467,#3469,#3471,.T.);
#3467 = VERTEX_POINT('',#3468);
#3468 = CARTESIAN_POINT('',(582.,120.,0.));
#3469 = VERTEX_POINT('',#3470);
#3470 = CARTESIAN_POINT('',(582.,120.,18.));
#3471 = LINE('',#3472,#3473);
#3472 = CARTESIAN_POINT('',(582.,120.,0.));
#3473 = VECTOR('',#3474,1.);
#3474 = DIRECTION('',(0.,0.,1.));
#3475 = ORIENTED_EDGE('',*,*,#3476,.T.);
#3476 = EDGE_CURVE('',#3467,#3477,#3479,.T.);
#3477 = VERTEX_POINT('',#3478);
#3478 = CARTESIAN_POINT('',(582.,1.2721E+03,0.));
#3479 = LINE('',#3480,#3481);
#3480 = CARTESIAN_POINT('',(582.,120.,0.));
#3481 = VECTOR('',#3482,1.);
#3482 = DIRECTION('',(0.,1.,0.));
#3483 = ORIENTED_EDGE('',*,*,#3484,.T.);
#3484 = EDGE_CURVE('',#3477,#3485,#3487,.T.);
#3485 = VERTEX_POINT('',#3486);
#3486 = CARTESIAN_POINT('',(582.,1.2721E+03,18.));
#3487 = LINE('',#3488,#3489);
#3488 = CARTESIAN_POINT('',(582.,1.2721E+03,0.));
#3489 = VECTOR('',#3490,1.);
#3490 = DIRECTION('',(0.,0.,1.));
#3491 = ORIENTED_EDGE('',*,*,#3492,.F.);
#3492 = EDGE_CURVE('',#3469,#3485,#3493,.T.);
#3493 = LINE('',#3494,#3495);
#3494 = CARTESIAN_POINT('',(582.,120.,18.));
#3495 = VECTOR('',#3496,1.);
#3496 = DIRECTION('',(0.,1.,0.));
#3497 = PLANE('',#3498);
#3498 = AXIS2_PLACEMENT_3D('',#3499,#3500,#3501);
#3499 = CARTESIAN_POINT('',(582.,120.,0.));
#3500 = DIRECTION('',(1.,0.,0.));
#3501 = DIRECTION('',(0.,0.,1.));
#3502 = ADVANCED_FACE('',(#3503),#3519,.F.);
#3503 = FACE_BOUND('',#3504,.F.);
#3504 = EDGE_LOOP('',(#3505,#3511,#3512,#3518));
#3505 = ORIENTED_EDGE('',*,*,#3506,.F.);
#3506 = EDGE_CURVE('',#3427,#3467,#3507,.T.);
#3507 = LINE('',#3508,#3509);
#3508 = CARTESIAN_POINT('',(552.,120.,0.));
#3509 = VECTOR('',#3510,1.);
#3510 = DIRECTION('',(1.,0.,0.));
#3511 = ORIENTED_EDGE('',*,*,#3426,.T.);
#3512 = ORIENTED_EDGE('',*,*,#3513,.T.);
#3513 = EDGE_CURVE('',#3429,#3469,#3514,.T.);
#3514 = LINE('',#3515,#3516);
#3515 = CARTESIAN_POINT('',(552.,120.,18.));
#3516 = VECTOR('',#3517,1.);
#3517 = DIRECTION('',(1.,0.,0.));
#3518 = ORIENTED_EDGE('',*,*,#3466,.F.);
#3519 = PLANE('',#3520);
#3520 = AXIS2_PLACEMENT_3D('',#3521,#3522,#3523);
#3521 = CARTESIAN_POINT('',(552.,120.,0.));
#3522 = DIRECTION('',(0.,1.,0.));
#3523 = DIRECTION('',(0.,0.,1.));
#3524 = ADVANCED_FACE('',(#3525),#3541,.T.);
#3525 = FACE_BOUND('',#3526,.T.);
#3526 = EDGE_LOOP('',(#3527,#3533,#3534,#3540));
#3527 = ORIENTED_EDGE('',*,*,#3528,.F.);
#3528 = EDGE_CURVE('',#3437,#3477,#3529,.T.);
#3529 = LINE('',#3530,#3531);
#3530 = CARTESIAN_POINT('',(552.,1.2721E+03,0.));
#3531 = VECTOR('',#3532,1.);
#3532 = DIRECTION('',(1.,0.,0.));
#3533 = ORIENTED_EDGE('',*,*,#3444,.T.);
#3534 = ORIENTED_EDGE('',*,*,#3535,.T.);
#3535 = EDGE_CURVE('',#3445,#3485,#3536,.T.);
#3536 = LINE('',#3537,#3538);
#3537 = CARTESIAN_POINT('',(552.,1.2721E+03,18.));
#3538 = VECTOR('',#3539,1.);
#3539 = DIRECTION('',(1.,0.,0.));
#3540 = ORIENTED_EDGE('',*,*,#3484,.F.);
#3541 = PLANE('',#3542);
#3542 = AXIS2_PLACEMENT_3D('',#3543,#3544,#3545);
#3543 = CARTESIAN_POINT('',(552.,1.2721E+03,0.));
#3544 = DIRECTION('',(0.,1.,0.));
#3545 = DIRECTION('',(0.,0.,1.));
#3546 = ADVANCED_FACE('',(#3547),#3553,.F.);
#3547 = FACE_BOUND('',#3548,.F.);
#3548 = EDGE_LOOP('',(#3549,#3550,#3551,#3552));
#3549 = ORIENTED_EDGE('',*,*,#3436,.F.);
#3550 = ORIENTED_EDGE('',*,*,#3506,.T.);
#3551 = ORIENTED_EDGE('',*,*,#3476,.T.);
#3552 = ORIENTED_EDGE('',*,*,#3528,.F.);
#3553 = PLANE('',#3554);
#3554 = AXIS2_PLACEMENT_3D('',#3555,#3556,#3557);
#3555 = CARTESIAN_POINT('',(552.,120.,0.));
#3556 = DIRECTION('',(0.,0.,1.));
#3557 = DIRECTION('',(1.,0.,0.));
#3558 = ADVANCED_FACE('',(#3559),#3565,.T.);
#3559 = FACE_BOUND('',#3560,.T.);
#3560 = EDGE_LOOP('',(#3561,#3562,#3563,#3564));
#3561 = ORIENTED_EDGE('',*,*,#3452,.F.);
#3562 = ORIENTED_EDGE('',*,*,#3513,.T.);
#3563 = ORIENTED_EDGE('',*,*,#3492,.T.);
#3564 = ORIENTED_EDGE('',*,*,#3535,.F.);
#3565 = PLANE('',#3566);
#3566 = AXIS2_PLACEMENT_3D('',#3567,#3568,#3569);
#3567 = CARTESIAN_POINT('',(552.,120.,18.));
#3568 = DIRECTION('',(0.,0.,1.));
#3569 = DIRECTION('',(1.,0.,0.));
#3570 = MANIFOLD_SOLID_BREP('',#3571);
#3571 = CLOSED_SHELL('',(#3572,#3612,#3652,#3674,#3696,#3708));
#3572 = ADVANCED_FACE('',(#3573),#3607,.F.);
#3573 = FACE_BOUND('',#3574,.F.);
#3574 = EDGE_LOOP('',(#3575,#3585,#3593,#3601));
#3575 = ORIENTED_EDGE('',*,*,#3576,.F.);
#3576 = EDGE_CURVE('',#3577,#3579,#3581,.T.);
#3577 = VERTEX_POINT('',#3578);
#3578 = CARTESIAN_POINT('',(20.,120.,160.));
#3579 = VERTEX_POINT('',#3580);
#3580 = CARTESIAN_POINT('',(20.,120.,172.));
#3581 = LINE('',#3582,#3583);
#3582 = CARTESIAN_POINT('',(20.,120.,160.));
#3583 = VECTOR('',#3584,1.);
#3584 = DIRECTION('',(0.,0.,1.));
#3585 = ORIENTED_EDGE('',*,*,#3586,.T.);
#3586 = EDGE_CURVE('',#3577,#3587,#3589,.T.);
#3587 = VERTEX_POINT('',#3588);
#3588 = CARTESIAN_POINT('',(20.,270.,160.));
#3589 = LINE('',#3590,#3591);
#3590 = CARTESIAN_POINT('',(20.,120.,160.));
#3591 = VECTOR('',#3592,1.);
#3592 = DIRECTION('',(0.,1.,0.));
#3593 = ORIENTED_EDGE('',*,*,#3594,.T.);
#3594 = EDGE_CURVE('',#3587,#3595,#3597,.T.);
#3595 = VERTEX_POINT('',#3596);
#3596 = CARTESIAN_POINT('',(20.,270.,172.));
#3597 = LINE('',#3598,#3599);
#3598 = CARTESIAN_POINT('',(20.,270.,160.));
#3599 = VECTOR('',#3600,1.);
#3600 = DIRECTION('',(0.,0.,1.));
#3601 = ORIENTED_EDGE('',*,*,#3602,.F.);
#3602 = EDGE_CURVE('',#3579,#3595,#3603,.T.);
#3603 = LINE('',#3604,#3605);
#3604 = CARTESIAN_POINT('',(20.,120.,172.));
#3605 = VECTOR('',#3606,1.);
#3606 = DIRECTION('',(0.,1.,0.));
#3607 = PLANE('',#3608);
#3608 = AXIS2_PLACEMENT_3D('',#3609,#3610,#3611);
#3609 = CARTESIAN_POINT('',(20.,120.,160.));
#3610 = DIRECTION('',(1.,0.,0.));
#3611 = DIRECTION('',(0.,0.,1.));
#3612 = ADVANCED_FACE('',(#3613),#3647,.T.);
#3613 = FACE_BOUND('',#3614,.T.);
#3614 = EDGE_LOOP('',(#3615,#3625,#3633,#3641));
#3615 = ORIENTED_EDGE('',*,*,#3616,.F.);
#3616 = EDGE_CURVE('',#3617,#3619,#3621,.T.);
#3617 = VERTEX_POINT('',#3618);
#3618 = CARTESIAN_POINT('',(580.,120.,160.));
#3619 = VERTEX_POINT('',#3620);
#3620 = CARTESIAN_POINT('',(580.,120.,172.));
#3621 = LINE('',#3622,#3623);
#3622 = CARTESIAN_POINT('',(580.,120.,160.));
#3623 = VECTOR('',#3624,1.);
#3624 = DIRECTION('',(0.,0.,1.));
#3625 = ORIENTED_EDGE('',*,*,#3626,.T.);
#3626 = EDGE_CURVE('',#3617,#3627,#3629,.T.);
#3627 = VERTEX_POINT('',#3628);
#3628 = CARTESIAN_POINT('',(580.,270.,160.));
#3629 = LINE('',#3630,#3631);
#3630 = CARTESIAN_POINT('',(580.,120.,160.));
#3631 = VECTOR('',#3632,1.);
#3632 = DIRECTION('',(0.,1.,0.));
#3633 = ORIENTED_EDGE('',*,*,#3634,.T.);
#3634 = EDGE_CURVE('',#3627,#3635,#3637,.T.);
#3635 = VERTEX_POINT('',#3636);
#3636 = CARTESIAN_POINT('',(580.,270.,172.));
#3637 = LINE('',#3638,#3639);
#3638 = CARTESIAN_POINT('',(580.,270.,160.));
#3639 = VECTOR('',#3640,1.);
#3640 = DIRECTION('',(0.,0.,1.));
#3641 = ORIENTED_EDGE('',*,*,#3642,.F.);
#3642 = EDGE_CURVE('',#3619,#3635,#3643,.T.);
#3643 = LINE('',#3644,#3645);
#3644 = CARTESIAN_POINT('',(580.,120.,172.));
#3645 = VECTOR('',#3646,1.);
#3646 = DIRECTION('',(0.,1.,0.));
#3647 = PLANE('',#3648);
#3648 = AXIS2_PLACEMENT_3D('',#3649,#3650,#3651);
#3649 = CARTESIAN_POINT('',(580.,120.,160.));
#3650 = DIRECTION('',(1.,0.,0.));
#3651 = DIRECTION('',(0.,0.,1.));
#3652 = ADVANCED_FACE('',(#3653),#3669,.F.);
#3653 = FACE_BOUND('',#3654,.F.);
#3654 = EDGE_LOOP('',(#3655,#3661,#3662,#3668));
#3655 = ORIENTED_EDGE('',*,*,#3656,.F.);
#3656 = EDGE_CURVE('',#3577,#3617,#3657,.T.);
#3657 = LINE('',#3658,#3659);
#3658 = CARTESIAN_POINT('',(20.,120.,160.));
#3659 = VECTOR('',#3660,1.);
#3660 = DIRECTION('',(1.,0.,0.));
#3661 = ORIENTED_EDGE('',*,*,#3576,.T.);
#3662 = ORIENTED_EDGE('',*,*,#3663,.T.);
#3663 = EDGE_CURVE('',#3579,#3619,#3664,.T.);
#3664 = LINE('',#3665,#3666);
#3665 = CARTESIAN_POINT('',(20.,120.,172.));
#3666 = VECTOR('',#3667,1.);
#3667 = DIRECTION('',(1.,0.,0.));
#3668 = ORIENTED_EDGE('',*,*,#3616,.F.);
#3669 = PLANE('',#3670);
#3670 = AXIS2_PLACEMENT_3D('',#3671,#3672,#3673);
#3671 = CARTESIAN_POINT('',(20.,120.,160.));
#3672 = DIRECTION('',(0.,1.,0.));
#3673 = DIRECTION('',(0.,0.,1.));
#3674 = ADVANCED_FACE('',(#3675),#3691,.T.);
#3675 = FACE_BOUND('',#3676,.T.);
#3676 = EDGE_LOOP('',(#3677,#3683,#3684,#3690));
#3677 = ORIENTED_EDGE('',*,*,#3678,.F.);
#3678 = EDGE_CURVE('',#3587,#3627,#3679,.T.);
#3679 = LINE('',#3680,#3681);
#3680 = CARTESIAN_POINT('',(20.,270.,160.));
#3681 = VECTOR('',#3682,1.);
#3682 = DIRECTION('',(1.,0.,0.));
#3683 = ORIENTED_EDGE('',*,*,#3594,.T.);
#3684 = ORIENTED_EDGE('',*,*,#3685,.T.);
#3685 = EDGE_CURVE('',#3595,#3635,#3686,.T.);
#3686 = LINE('',#3687,#3688);
#3687 = CARTESIAN_POINT('',(20.,270.,172.));
#3688 = VECTOR('',#3689,1.);
#3689 = DIRECTION('',(1.,0.,0.));
#3690 = ORIENTED_EDGE('',*,*,#3634,.F.);
#3691 = PLANE('',#3692);
#3692 = AXIS2_PLACEMENT_3D('',#3693,#3694,#3695);
#3693 = CARTESIAN_POINT('',(20.,270.,160.));
#3694 = DIRECTION('',(0.,1.,0.));
#3695 = DIRECTION('',(0.,0.,1.));
#3696 = ADVANCED_FACE('',(#3697),#3703,.F.);
#3697 = FACE_BOUND('',#3698,.F.);
#3698 = EDGE_LOOP('',(#3699,#3700,#3701,#3702));
#3699 = ORIENTED_EDGE('',*,*,#3586,.F.);
#3700 = ORIENTED_EDGE('',*,*,#3656,.T.);
#3701 = ORIENTED_EDGE('',*,*,#3626,.T.);
#3702 = ORIENTED_EDGE('',*,*,#3678,.F.);
#3703 = PLANE('',#3704);
#3704 = AXIS2_PLACEMENT_3D('',#3705,#3706,#3707);
#3705 = CARTESIAN_POINT('',(20.,120.,160.));
#3706 = DIRECTION('',(0.,0.,1.));
#3707 = DIRECTION('',(1.,0.,0.));
#3708 = ADVANCED_FACE('',(#3709),#3715,.T.);
#3709 = FACE_BOUND('',#3710,.T.);
#3710 = EDGE_LOOP('',(#3711,#3712,#3713,#3714));
#3711 = ORIENTED_EDGE('',*,*,#3602,.F.);
#3712 = ORIENTED_EDGE('',*,*,#3663,.T.);
#3713 = ORIENTED_EDGE('',*,*,#3642,.T.);
#3714 = ORIENTED_EDGE('',*,*,#3685,.F.);
#3715 = PLANE('',#3716);
#3716 = AXIS2_PLACEMENT_3D('',#3717,#3718,#3719);
#3717 = CARTESIAN_POINT('',(20.,120.,172.));
#3718 = DIRECTION('',(0.,0.,1.));
#3719 = DIRECTION('',(1.,0.,0.));
#3720 = MANIFOLD_SOLID_BREP('',#3721);
#3721 = CLOSED_SHELL('',(#3722,#3762,#3802,#3824,#3846,#3858));
#3722 = ADVANCED_FACE('',(#3723),#3757,.F.);
#3723 = FACE_BOUND('',#3724,.F.);
#3724 = EDGE_LOOP('',(#3725,#3735,#3743,#3751));
#3725 = ORIENTED_EDGE('',*,*,#3726,.F.);
#3726 = EDGE_CURVE('',#3727,#3729,#3731,.T.);
#3727 = VERTEX_POINT('',#3728);
#3728 = CARTESIAN_POINT('',(18.,120.,142.));
#3729 = VERTEX_POINT('',#3730);
#3730 = CARTESIAN_POINT('',(18.,120.,160.));
#3731 = LINE('',#3732,#3733);
#3732 = CARTESIAN_POINT('',(18.,120.,142.));
#3733 = VECTOR('',#3734,1.);
#3734 = DIRECTION('',(0.,0.,1.));
#3735 = ORIENTED_EDGE('',*,*,#3736,.T.);
#3736 = EDGE_CURVE('',#3727,#3737,#3739,.T.);
#3737 = VERTEX_POINT('',#3738);
#3738 = CARTESIAN_POINT('',(18.,270.,142.));
#3739 = LINE('',#3740,#3741);
#3740 = CARTESIAN_POINT('',(18.,120.,142.));
#3741 = VECTOR('',#3742,1.);
#3742 = DIRECTION('',(0.,1.,0.));
#3743 = ORIENTED_EDGE('',*,*,#3744,.T.);
#3744 = EDGE_CURVE('',#3737,#3745,#3747,.T.);
#3745 = VERTEX_POINT('',#3746);
#3746 = CARTESIAN_POINT('',(18.,270.,160.));
#3747 = LINE('',#3748,#3749);
#3748 = CARTESIAN_POINT('',(18.,270.,142.));
#3749 = VECTOR('',#3750,1.);
#3750 = DIRECTION('',(0.,0.,1.));
#3751 = ORIENTED_EDGE('',*,*,#3752,.F.);
#3752 = EDGE_CURVE('',#3729,#3745,#3753,.T.);
#3753 = LINE('',#3754,#3755);
#3754 = CARTESIAN_POINT('',(18.,120.,160.));
#3755 = VECTOR('',#3756,1.);
#3756 = DIRECTION('',(0.,1.,0.));
#3757 = PLANE('',#3758);
#3758 = AXIS2_PLACEMENT_3D('',#3759,#3760,#3761);
#3759 = CARTESIAN_POINT('',(18.,120.,142.));
#3760 = DIRECTION('',(1.,0.,0.));
#3761 = DIRECTION('',(0.,0.,1.));
#3762 = ADVANCED_FACE('',(#3763),#3797,.T.);
#3763 = FACE_BOUND('',#3764,.T.);
#3764 = EDGE_LOOP('',(#3765,#3775,#3783,#3791));
#3765 = ORIENTED_EDGE('',*,*,#3766,.F.);
#3766 = EDGE_CURVE('',#3767,#3769,#3771,.T.);
#3767 = VERTEX_POINT('',#3768);
#3768 = CARTESIAN_POINT('',(36.,120.,142.));
#3769 = VERTEX_POINT('',#3770);
#3770 = CARTESIAN_POINT('',(36.,120.,160.));
#3771 = LINE('',#3772,#3773);
#3772 = CARTESIAN_POINT('',(36.,120.,142.));
#3773 = VECTOR('',#3774,1.);
#3774 = DIRECTION('',(0.,0.,1.));
#3775 = ORIENTED_EDGE('',*,*,#3776,.T.);
#3776 = EDGE_CURVE('',#3767,#3777,#3779,.T.);
#3777 = VERTEX_POINT('',#3778);
#3778 = CARTESIAN_POINT('',(36.,270.,142.));
#3779 = LINE('',#3780,#3781);
#3780 = CARTESIAN_POINT('',(36.,120.,142.));
#3781 = VECTOR('',#3782,1.);
#3782 = DIRECTION('',(0.,1.,0.));
#3783 = ORIENTED_EDGE('',*,*,#3784,.T.);
#3784 = EDGE_CURVE('',#3777,#3785,#3787,.T.);
#3785 = VERTEX_POINT('',#3786);
#3786 = CARTESIAN_POINT('',(36.,270.,160.));
#3787 = LINE('',#3788,#3789);
#3788 = CARTESIAN_POINT('',(36.,270.,142.));
#3789 = VECTOR('',#3790,1.);
#3790 = DIRECTION('',(0.,0.,1.));
#3791 = ORIENTED_EDGE('',*,*,#3792,.F.);
#3792 = EDGE_CURVE('',#3769,#3785,#3793,.T.);
#3793 = LINE('',#3794,#3795);
#3794 = CARTESIAN_POINT('',(36.,120.,160.));
#3795 = VECTOR('',#3796,1.);
#3796 = DIRECTION('',(0.,1.,0.));
#3797 = PLANE('',#3798);
#3798 = AXIS2_PLACEMENT_3D('',#3799,#3800,#3801);
#3799 = CARTESIAN_POINT('',(36.,120.,142.));
#3800 = DIRECTION('',(1.,0.,0.));
#3801 = DIRECTION('',(0.,0.,1.));
#3802 = ADVANCED_FACE('',(#3803),#3819,.F.);
#3803 = FACE_BOUND('',#3804,.F.);
#3804 = EDGE_LOOP('',(#3805,#3811,#3812,#3818));
#3805 = ORIENTED_EDGE('',*,*,#3806,.F.);
#3806 = EDGE_CURVE('',#3727,#3767,#3807,.T.);
#3807 = LINE('',#3808,#3809);
#3808 = CARTESIAN_POINT('',(18.,120.,142.));
#3809 = VECTOR('',#3810,1.);
#3810 = DIRECTION('',(1.,0.,0.));
#3811 = ORIENTED_EDGE('',*,*,#3726,.T.);
#3812 = ORIENTED_EDGE('',*,*,#3813,.T.);
#3813 = EDGE_CURVE('',#3729,#3769,#3814,.T.);
#3814 = LINE('',#3815,#3816);
#3815 = CARTESIAN_POINT('',(18.,120.,160.));
#3816 = VECTOR('',#3817,1.);
#3817 = DIRECTION('',(1.,0.,0.));
#3818 = ORIENTED_EDGE('',*,*,#3766,.F.);
#3819 = PLANE('',#3820);
#3820 = AXIS2_PLACEMENT_3D('',#3821,#3822,#3823);
#3821 = CARTESIAN_POINT('',(18.,120.,142.));
#3822 = DIRECTION('',(0.,1.,0.));
#3823 = DIRECTION('',(0.,0.,1.));
#3824 = ADVANCED_FACE('',(#3825),#3841,.T.);
#3825 = FACE_BOUND('',#3826,.T.);
#3826 = EDGE_LOOP('',(#3827,#3833,#3834,#3840));
#3827 = ORIENTED_EDGE('',*,*,#3828,.F.);
#3828 = EDGE_CURVE('',#3737,#3777,#3829,.T.);
#3829 = LINE('',#3830,#3831);
#3830 = CARTESIAN_POINT('',(18.,270.,142.));
#3831 = VECTOR('',#3832,1.);
#3832 = DIRECTION('',(1.,0.,0.));
#3833 = ORIENTED_EDGE('',*,*,#3744,.T.);
#3834 = ORIENTED_EDGE('',*,*,#3835,.T.);
#3835 = EDGE_CURVE('',#3745,#3785,#3836,.T.);
#3836 = LINE('',#3837,#3838);
#3837 = CARTESIAN_POINT('',(18.,270.,160.));
#3838 = VECTOR('',#3839,1.);
#3839 = DIRECTION('',(1.,0.,0.));
#3840 = ORIENTED_EDGE('',*,*,#3784,.F.);
#3841 = PLANE('',#3842);
#3842 = AXIS2_PLACEMENT_3D('',#3843,#3844,#3845);
#3843 = CARTESIAN_POINT('',(18.,270.,142.));
#3844 = DIRECTION('',(0.,1.,0.));
#3845 = DIRECTION('',(0.,0.,1.));
#3846 = ADVANCED_FACE('',(#3847),#3853,.F.);
#3847 = FACE_BOUND('',#3848,.F.);
#3848 = EDGE_LOOP('',(#3849,#3850,#3851,#3852));
#3849 = ORIENTED_EDGE('',*,*,#3736,.F.);
#3850 = ORIENTED_EDGE('',*,*,#3806,.T.);
#3851 = ORIENTED_EDGE('',*,*,#3776,.T.);
#3852 = ORIENTED_EDGE('',*,*,#3828,.F.);
#3853 = PLANE('',#3854);
#3854 = AXIS2_PLACEMENT_3D('',#3855,#3856,#3857);
#3855 = CARTESIAN_POINT('',(18.,120.,142.));
#3856 = DIRECTION('',(0.,0.,1.));
#3857 = DIRECTION('',(1.,0.,0.));
#3858 = ADVANCED_FACE('',(#3859),#3865,.T.);
#3859 = FACE_BOUND('',#3860,.T.);
#3860 = EDGE_LOOP('',(#3861,#3862,#3863,#3864));
#3861 = ORIENTED_EDGE('',*,*,#3752,.F.);
#3862 = ORIENTED_EDGE('',*,*,#3813,.T.);
#3863 = ORIENTED_EDGE('',*,*,#3792,.T.);
#3864 = ORIENTED_EDGE('',*,*,#3835,.F.);
#3865 = PLANE('',#3866);
#3866 = AXIS2_PLACEMENT_3D('',#3867,#3868,#3869);
#3867 = CARTESIAN_POINT('',(18.,120.,160.));
#3868 = DIRECTION('',(0.,0.,1.));
#3869 = DIRECTION('',(1.,0.,0.));
#3870 = MANIFOLD_SOLID_BREP('',#3871);
#3871 = CLOSED_SHELL('',(#3872,#3912,#3952,#3974,#3996,#4008));
#3872 = ADVANCED_FACE('',(#3873),#3907,.F.);
#3873 = FACE_BOUND('',#3874,.F.);
#3874 = EDGE_LOOP('',(#3875,#3885,#3893,#3901));
#3875 = ORIENTED_EDGE('',*,*,#3876,.F.);
#3876 = EDGE_CURVE('',#3877,#3879,#3881,.T.);
#3877 = VERTEX_POINT('',#3878);
#3878 = CARTESIAN_POINT('',(564.,120.,142.));
#3879 = VERTEX_POINT('',#3880);
#3880 = CARTESIAN_POINT('',(564.,120.,160.));
#3881 = LINE('',#3882,#3883);
#3882 = CARTESIAN_POINT('',(564.,120.,142.));
#3883 = VECTOR('',#3884,1.);
#3884 = DIRECTION('',(0.,0.,1.));
#3885 = ORIENTED_EDGE('',*,*,#3886,.T.);
#3886 = EDGE_CURVE('',#3877,#3887,#3889,.T.);
#3887 = VERTEX_POINT('',#3888);
#3888 = CARTESIAN_POINT('',(564.,270.,142.));
#3889 = LINE('',#3890,#3891);
#3890 = CARTESIAN_POINT('',(564.,120.,142.));
#3891 = VECTOR('',#3892,1.);
#3892 = DIRECTION('',(0.,1.,0.));
#3893 = ORIENTED_EDGE('',*,*,#3894,.T.);
#3894 = EDGE_CURVE('',#3887,#3895,#3897,.T.);
#3895 = VERTEX_POINT('',#3896);
#3896 = CARTESIAN_POINT('',(564.,270.,160.));
#3897 = LINE('',#3898,#3899);
#3898 = CARTESIAN_POINT('',(564.,270.,142.));
#3899 = VECTOR('',#3900,1.);
#3900 = DIRECTION('',(0.,0.,1.));
#3901 = ORIENTED_EDGE('',*,*,#3902,.F.);
#3902 = EDGE_CURVE('',#3879,#3895,#3903,.T.);
#3903 = LINE('',#3904,#3905);
#3904 = CARTESIAN_POINT('',(564.,120.,160.));
#3905 = VECTOR('',#3906,1.);
#3906 = DIRECTION('',(0.,1.,0.));
#3907 = PLANE('',#3908);
#3908 = AXIS2_PLACEMENT_3D('',#3909,#3910,#3911);
#3909 = CARTESIAN_POINT('',(564.,120.,142.));
#3910 = DIRECTION('',(1.,0.,0.));
#3911 = DIRECTION('',(0.,0.,1.));
#3912 = ADVANCED_FACE('',(#3913),#3947,.T.);
#3913 = FACE_BOUND('',#3914,.T.);
#3914 = EDGE_LOOP('',(#3915,#3925,#3933,#3941));
#3915 = ORIENTED_EDGE('',*,*,#3916,.F.);
#3916 = EDGE_CURVE('',#3917,#3919,#3921,.T.);
#3917 = VERTEX_POINT('',#3918);
#3918 = CARTESIAN_POINT('',(582.,120.,142.));
#3919 = VERTEX_POINT('',#3920);
#3920 = CARTESIAN_POINT('',(582.,120.,160.));
#3921 = LINE('',#3922,#3923);
#3922 = CARTESIAN_POINT('',(582.,120.,142.));
#3923 = VECTOR('',#3924,1.);
#3924 = DIRECTION('',(0.,0.,1.));
#3925 = ORIENTED_EDGE('',*,*,#3926,.T.);
#3926 = EDGE_CURVE('',#3917,#3927,#3929,.T.);
#3927 = VERTEX_POINT('',#3928);
#3928 = CARTESIAN_POINT('',(582.,270.,142.));
#3929 = LINE('',#3930,#3931);
#3930 = CARTESIAN_POINT('',(582.,120.,142.));
#3931 = VECTOR('',#3932,1.);
#3932 = DIRECTION('',(0.,1.,0.));
#3933 = ORIENTED_EDGE('',*,*,#3934,.T.);
#3934 = EDGE_CURVE('',#3927,#3935,#3937,.T.);
#3935 = VERTEX_POINT('',#3936);
#3936 = CARTESIAN_POINT('',(582.,270.,160.));
#3937 = LINE('',#3938,#3939);
#3938 = CARTESIAN_POINT('',(582.,270.,142.));
#3939 = VECTOR('',#3940,1.);
#3940 = DIRECTION('',(0.,0.,1.));
#3941 = ORIENTED_EDGE('',*,*,#3942,.F.);
#3942 = EDGE_CURVE('',#3919,#3935,#3943,.T.);
#3943 = LINE('',#3944,#3945);
#3944 = CARTESIAN_POINT('',(582.,120.,160.));
#3945 = VECTOR('',#3946,1.);
#3946 = DIRECTION('',(0.,1.,0.));
#3947 = PLANE('',#3948);
#3948 = AXIS2_PLACEMENT_3D('',#3949,#3950,#3951);
#3949 = CARTESIAN_POINT('',(582.,120.,142.));
#3950 = DIRECTION('',(1.,0.,0.));
#3951 = DIRECTION('',(0.,0.,1.));
#3952 = ADVANCED_FACE('',(#3953),#3969,.F.);
#3953 = FACE_BOUND('',#3954,.F.);
#3954 = EDGE_LOOP('',(#3955,#3961,#3962,#3968));
#3955 = ORIENTED_EDGE('',*,*,#3956,.F.);
#3956 = EDGE_CURVE('',#3877,#3917,#3957,.T.);
#3957 = LINE('',#3958,#3959);
#3958 = CARTESIAN_POINT('',(564.,120.,142.));
#3959 = VECTOR('',#3960,1.);
#3960 = DIRECTION('',(1.,0.,0.));
#3961 = ORIENTED_EDGE('',*,*,#3876,.T.);
#3962 = ORIENTED_EDGE('',*,*,#3963,.T.);
#3963 = EDGE_CURVE('',#3879,#3919,#3964,.T.);
#3964 = LINE('',#3965,#3966);
#3965 = CARTESIAN_POINT('',(564.,120.,160.));
#3966 = VECTOR('',#3967,1.);
#3967 = DIRECTION('',(1.,0.,0.));
#3968 = ORIENTED_EDGE('',*,*,#3916,.F.);
#3969 = PLANE('',#3970);
#3970 = AXIS2_PLACEMENT_3D('',#3971,#3972,#3973);
#3971 = CARTESIAN_POINT('',(564.,120.,142.));
#3972 = DIRECTION('',(0.,1.,0.));
#3973 = DIRECTION('',(0.,0.,1.));
#3974 = ADVANCED_FACE('',(#3975),#3991,.T.);
#3975 = FACE_BOUND('',#3976,.T.);
#3976 = EDGE_LOOP('',(#3977,#3983,#3984,#3990));
#3977 = ORIENTED_EDGE('',*,*,#3978,.F.);
#3978 = EDGE_CURVE('',#3887,#3927,#3979,.T.);
#3979 = LINE('',#3980,#3981);
#3980 = CARTESIAN_POINT('',(564.,270.,142.));
#3981 = VECTOR('',#3982,1.);
#3982 = DIRECTION('',(1.,0.,0.));
#3983 = ORIENTED_EDGE('',*,*,#3894,.T.);
#3984 = ORIENTED_EDGE('',*,*,#3985,.T.);
#3985 = EDGE_CURVE('',#3895,#3935,#3986,.T.);
#3986 = LINE('',#3987,#3988);
#3987 = CARTESIAN_POINT('',(564.,270.,160.));
#3988 = VECTOR('',#3989,1.);
#3989 = DIRECTION('',(1.,0.,0.));
#3990 = ORIENTED_EDGE('',*,*,#3934,.F.);
#3991 = PLANE('',#3992);
#3992 = AXIS2_PLACEMENT_3D('',#3993,#3994,#3995);
#3993 = CARTESIAN_POINT('',(564.,270.,142.));
#3994 = DIRECTION('',(0.,1.,0.));
#3995 = DIRECTION('',(0.,0.,1.));
#3996 = ADVANCED_FACE('',(#3997),#4003,.F.);
#3997 = FACE_BOUND('',#3998,.F.);
#3998 = EDGE_LOOP('',(#3999,#4000,#4001,#4002));
#3999 = ORIENTED_EDGE('',*,*,#3886,.F.);
#4000 = ORIENTED_EDGE('',*,*,#3956,.T.);
#4001 = ORIENTED_EDGE('',*,*,#3926,.T.);
#4002 = ORIENTED_EDGE('',*,*,#3978,.F.);
#4003 = PLANE('',#4004);
#4004 = AXIS2_PLACEMENT_3D('',#4005,#4006,#4007);
#4005 = CARTESIAN_POINT('',(564.,120.,142.));
#4006 = DIRECTION('',(0.,0.,1.));
#4007 = DIRECTION('',(1.,0.,0.));
#4008 = ADVANCED_FACE('',(#4009),#4015,.T.);
#4009 = FACE_BOUND('',#4010,.T.);
#4010 = EDGE_LOOP('',(#4011,#4012,#4013,#4014));
#4011 = ORIENTED_EDGE('',*,*,#3902,.F.);
#4012 = ORIENTED_EDGE('',*,*,#3963,.T.);
#4013 = ORIENTED_EDGE('',*,*,#3942,.T.);
#4014 = ORIENTED_EDGE('',*,*,#3985,.F.);
#4015 = PLANE('',#4016);
#4016 = AXIS2_PLACEMENT_3D('',#4017,#4018,#4019);
#4017 = CARTESIAN_POINT('',(564.,120.,160.));
#4018 = DIRECTION('',(0.,0.,1.));
#4019 = DIRECTION('',(1.,0.,0.));
#4020 = MANIFOLD_SOLID_BREP('',#4021);
#4021 = CLOSED_SHELL('',(#4022,#4062,#4102,#4124,#4146,#4158));
#4022 = ADVANCED_FACE('',(#4023),#4057,.F.);
#4023 = FACE_BOUND('',#4024,.F.);
#4024 = EDGE_LOOP('',(#4025,#4035,#4043,#4051));
#4025 = ORIENTED_EDGE('',*,*,#4026,.F.);
#4026 = EDGE_CURVE('',#4027,#4029,#4031,.T.);
#4027 = VERTEX_POINT('',#4028);
#4028 = CARTESIAN_POINT('',(20.,600.,180.));
#4029 = VERTEX_POINT('',#4030);
#4030 = CARTESIAN_POINT('',(20.,600.,192.));
#4031 = LINE('',#4032,#4033);
#4032 = CARTESIAN_POINT('',(20.,600.,180.));
#4033 = VECTOR('',#4034,1.);
#4034 = DIRECTION('',(0.,0.,1.));
#4035 = ORIENTED_EDGE('',*,*,#4036,.T.);
#4036 = EDGE_CURVE('',#4027,#4037,#4039,.T.);
#4037 = VERTEX_POINT('',#4038);
#4038 = CARTESIAN_POINT('',(20.,750.,180.));
#4039 = LINE('',#4040,#4041);
#4040 = CARTESIAN_POINT('',(20.,600.,180.));
#4041 = VECTOR('',#4042,1.);
#4042 = DIRECTION('',(0.,1.,0.));
#4043 = ORIENTED_EDGE('',*,*,#4044,.T.);
#4044 = EDGE_CURVE('',#4037,#4045,#4047,.T.);
#4045 = VERTEX_POINT('',#4046);
#4046 = CARTESIAN_POINT('',(20.,750.,192.));
#4047 = LINE('',#4048,#4049);
#4048 = CARTESIAN_POINT('',(20.,750.,180.));
#4049 = VECTOR('',#4050,1.);
#4050 = DIRECTION('',(0.,0.,1.));
#4051 = ORIENTED_EDGE('',*,*,#4052,.F.);
#4052 = EDGE_CURVE('',#4029,#4045,#4053,.T.);
#4053 = LINE('',#4054,#4055);
#4054 = CARTESIAN_POINT('',(20.,600.,192.));
#4055 = VECTOR('',#4056,1.);
#4056 = DIRECTION('',(0.,1.,0.));
#4057 = PLANE('',#4058);
#4058 = AXIS2_PLACEMENT_3D('',#4059,#4060,#4061);
#4059 = CARTESIAN_POINT('',(20.,600.,180.));
#4060 = DIRECTION('',(1.,0.,0.));
#4061 = DIRECTION('',(0.,0.,1.));
#4062 = ADVANCED_FACE('',(#4063),#4097,.T.);
#4063 = FACE_BOUND('',#4064,.T.);
#4064 = EDGE_LOOP('',(#4065,#4075,#4083,#4091));
#4065 = ORIENTED_EDGE('',*,*,#4066,.F.);
#4066 = EDGE_CURVE('',#4067,#4069,#4071,.T.);
#4067 = VERTEX_POINT('',#4068);
#4068 = CARTESIAN_POINT('',(580.,600.,180.));
#4069 = VERTEX_POINT('',#4070);
#4070 = CARTESIAN_POINT('',(580.,600.,192.));
#4071 = LINE('',#4072,#4073);
#4072 = CARTESIAN_POINT('',(580.,600.,180.));
#4073 = VECTOR('',#4074,1.);
#4074 = DIRECTION('',(0.,0.,1.));
#4075 = ORIENTED_EDGE('',*,*,#4076,.T.);
#4076 = EDGE_CURVE('',#4067,#4077,#4079,.T.);
#4077 = VERTEX_POINT('',#4078);
#4078 = CARTESIAN_POINT('',(580.,750.,180.));
#4079 = LINE('',#4080,#4081);
#4080 = CARTESIAN_POINT('',(580.,600.,180.));
#4081 = VECTOR('',#4082,1.);
#4082 = DIRECTION('',(0.,1.,0.));
#4083 = ORIENTED_EDGE('',*,*,#4084,.T.);
#4084 = EDGE_CURVE('',#4077,#4085,#4087,.T.);
#4085 = VERTEX_POINT('',#4086);
#4086 = CARTESIAN_POINT('',(580.,750.,192.));
#4087 = LINE('',#4088,#4089);
#4088 = CARTESIAN_POINT('',(580.,750.,180.));
#4089 = VECTOR('',#4090,1.);
#4090 = DIRECTION('',(0.,0.,1.));
#4091 = ORIENTED_EDGE('',*,*,#4092,.F.);
#4092 = EDGE_CURVE('',#4069,#4085,#4093,.T.);
#4093 = LINE('',#4094,#4095);
#4094 = CARTESIAN_POINT('',(580.,600.,192.));
#4095 = VECTOR('',#4096,1.);
#4096 = DIRECTION('',(0.,1.,0.));
#4097 = PLANE('',#4098);
#4098 = AXIS2_PLACEMENT_3D('',#4099,#4100,#4101);
#4099 = CARTESIAN_POINT('',(580.,600.,180.));
#4100 = DIRECTION('',(1.,0.,0.));
#4101 = DIRECTION('',(0.,0.,1.));
#4102 = ADVANCED_FACE('',(#4103),#4119,.F.);
#4103 = FACE_BOUND('',#4104,.F.);
#4104 = EDGE_LOOP('',(#4105,#4111,#4112,#4118));
#4105 = ORIENTED_EDGE('',*,*,#4106,.F.);
#4106 = EDGE_CURVE('',#4027,#4067,#4107,.T.);
#4107 = LINE('',#4108,#4109);
#4108 = CARTESIAN_POINT('',(20.,600.,180.));
#4109 = VECTOR('',#4110,1.);
#4110 = DIRECTION('',(1.,0.,0.));
#4111 = ORIENTED_EDGE('',*,*,#4026,.T.);
#4112 = ORIENTED_EDGE('',*,*,#4113,.T.);
#4113 = EDGE_CURVE('',#4029,#4069,#4114,.T.);
#4114 = LINE('',#4115,#4116);
#4115 = CARTESIAN_POINT('',(20.,600.,192.));
#4116 = VECTOR('',#4117,1.);
#4117 = DIRECTION('',(1.,0.,0.));
#4118 = ORIENTED_EDGE('',*,*,#4066,.F.);
#4119 = PLANE('',#4120);
#4120 = AXIS2_PLACEMENT_3D('',#4121,#4122,#4123);
#4121 = CARTESIAN_POINT('',(20.,600.,180.));
#4122 = DIRECTION('',(0.,1.,0.));
#4123 = DIRECTION('',(0.,0.,1.));
#4124 = ADVANCED_FACE('',(#4125),#4141,.T.);
#4125 = FACE_BOUND('',#4126,.T.);
#4126 = EDGE_LOOP('',(#4127,#4133,#4134,#4140));
#4127 = ORIENTED_EDGE('',*,*,#4128,.F.);
#4128 = EDGE_CURVE('',#4037,#4077,#4129,.T.);
#4129 = LINE('',#4130,#4131);
#4130 = CARTESIAN_POINT('',(20.,750.,180.));
#4131 = VECTOR('',#4132,1.);
#4132 = DIRECTION('',(1.,0.,0.));
#4133 = ORIENTED_EDGE('',*,*,#4044,.T.);
#4134 = ORIENTED_EDGE('',*,*,#4135,.T.);
#4135 = EDGE_CURVE('',#4045,#4085,#4136,.T.);
#4136 = LINE('',#4137,#4138);
#4137 = CARTESIAN_POINT('',(20.,750.,192.));
#4138 = VECTOR('',#4139,1.);
#4139 = DIRECTION('',(1.,0.,0.));
#4140 = ORIENTED_EDGE('',*,*,#4084,.F.);
#4141 = PLANE('',#4142);
#4142 = AXIS2_PLACEMENT_3D('',#4143,#4144,#4145);
#4143 = CARTESIAN_POINT('',(20.,750.,180.));
#4144 = DIRECTION('',(0.,1.,0.));
#4145 = DIRECTION('',(0.,0.,1.));
#4146 = ADVANCED_FACE('',(#4147),#4153,.F.);
#4147 = FACE_BOUND('',#4148,.F.);
#4148 = EDGE_LOOP('',(#4149,#4150,#4151,#4152));
#4149 = ORIENTED_EDGE('',*,*,#4036,.F.);
#4150 = ORIENTED_EDGE('',*,*,#4106,.T.);
#4151 = ORIENTED_EDGE('',*,*,#4076,.T.);
#4152 = ORIENTED_EDGE('',*,*,#4128,.F.);
#4153 = PLANE('',#4154);
#4154 = AXIS2_PLACEMENT_3D('',#4155,#4156,#4157);
#4155 = CARTESIAN_POINT('',(20.,600.,180.));
#4156 = DIRECTION('',(0.,0.,1.));
#4157 = DIRECTION('',(1.,0.,0.));
#4158 = ADVANCED_FACE('',(#4159),#4165,.T.);
#4159 = FACE_BOUND('',#4160,.T.);
#4160 = EDGE_LOOP('',(#4161,#4162,#4163,#4164));
#4161 = ORIENTED_EDGE('',*,*,#4052,.F.);
#4162 = ORIENTED_EDGE('',*,*,#4113,.T.);
#4163 = ORIENTED_EDGE('',*,*,#4092,.T.);
#4164 = ORIENTED_EDGE('',*,*,#4135,.F.);
#4165 = PLANE('',#4166);
#4166 = AXIS2_PLACEMENT_3D('',#4167,#4168,#4169);
#4167 = CARTESIAN_POINT('',(20.,600.,192.));
#4168 = DIRECTION('',(0.,0.,1.));
#4169 = DIRECTION('',(1.,0.,0.));
#4170 = MANIFOLD_SOLID_BREP('',#4171);
#4171 = CLOSED_SHELL('',(#4172,#4212,#4252,#4274,#4296,#4308));
#4172 = ADVANCED_FACE('',(#4173),#4207,.F.);
#4173 = FACE_BOUND('',#4174,.F.);
#4174 = EDGE_LOOP('',(#4175,#4185,#4193,#4201));
#4175 = ORIENTED_EDGE('',*,*,#4176,.F.);
#4176 = EDGE_CURVE('',#4177,#4179,#4181,.T.);
#4177 = VERTEX_POINT('',#4178);
#4178 = CARTESIAN_POINT('',(18.,600.,162.));
#4179 = VERTEX_POINT('',#4180);
#4180 = CARTESIAN_POINT('',(18.,600.,180.));
#4181 = LINE('',#4182,#4183);
#4182 = CARTESIAN_POINT('',(18.,600.,162.));
#4183 = VECTOR('',#4184,1.);
#4184 = DIRECTION('',(0.,0.,1.));
#4185 = ORIENTED_EDGE('',*,*,#4186,.T.);
#4186 = EDGE_CURVE('',#4177,#4187,#4189,.T.);
#4187 = VERTEX_POINT('',#4188);
#4188 = CARTESIAN_POINT('',(18.,750.,162.));
#4189 = LINE('',#4190,#4191);
#4190 = CARTESIAN_POINT('',(18.,600.,162.));
#4191 = VECTOR('',#4192,1.);
#4192 = DIRECTION('',(0.,1.,0.));
#4193 = ORIENTED_EDGE('',*,*,#4194,.T.);
#4194 = EDGE_CURVE('',#4187,#4195,#4197,.T.);
#4195 = VERTEX_POINT('',#4196);
#4196 = CARTESIAN_POINT('',(18.,750.,180.));
#4197 = LINE('',#4198,#4199);
#4198 = CARTESIAN_POINT('',(18.,750.,162.));
#4199 = VECTOR('',#4200,1.);
#4200 = DIRECTION('',(0.,0.,1.));
#4201 = ORIENTED_EDGE('',*,*,#4202,.F.);
#4202 = EDGE_CURVE('',#4179,#4195,#4203,.T.);
#4203 = LINE('',#4204,#4205);
#4204 = CARTESIAN_POINT('',(18.,600.,180.));
#4205 = VECTOR('',#4206,1.);
#4206 = DIRECTION('',(0.,1.,0.));
#4207 = PLANE('',#4208);
#4208 = AXIS2_PLACEMENT_3D('',#4209,#4210,#4211);
#4209 = CARTESIAN_POINT('',(18.,600.,162.));
#4210 = DIRECTION('',(1.,0.,0.));
#4211 = DIRECTION('',(0.,0.,1.));
#4212 = ADVANCED_FACE('',(#4213),#4247,.T.);
#4213 = FACE_BOUND('',#4214,.T.);
#4214 = EDGE_LOOP('',(#4215,#4225,#4233,#4241));
#4215 = ORIENTED_EDGE('',*,*,#4216,.F.);
#4216 = EDGE_CURVE('',#4217,#4219,#4221,.T.);
#4217 = VERTEX_POINT('',#4218);
#4218 = CARTESIAN_POINT('',(36.,600.,162.));
#4219 = VERTEX_POINT('',#4220);
#4220 = CARTESIAN_POINT('',(36.,600.,180.));
#4221 = LINE('',#4222,#4223);
#4222 = CARTESIAN_POINT('',(36.,600.,162.));
#4223 = VECTOR('',#4224,1.);
#4224 = DIRECTION('',(0.,0.,1.));
#4225 = ORIENTED_EDGE('',*,*,#4226,.T.);
#4226 = EDGE_CURVE('',#4217,#4227,#4229,.T.);
#4227 = VERTEX_POINT('',#4228);
#4228 = CARTESIAN_POINT('',(36.,750.,162.));
#4229 = LINE('',#4230,#4231);
#4230 = CARTESIAN_POINT('',(36.,600.,162.));
#4231 = VECTOR('',#4232,1.);
#4232 = DIRECTION('',(0.,1.,0.));
#4233 = ORIENTED_EDGE('',*,*,#4234,.T.);
#4234 = EDGE_CURVE('',#4227,#4235,#4237,.T.);
#4235 = VERTEX_POINT('',#4236);
#4236 = CARTESIAN_POINT('',(36.,750.,180.));
#4237 = LINE('',#4238,#4239);
#4238 = CARTESIAN_POINT('',(36.,750.,162.));
#4239 = VECTOR('',#4240,1.);
#4240 = DIRECTION('',(0.,0.,1.));
#4241 = ORIENTED_EDGE('',*,*,#4242,.F.);
#4242 = EDGE_CURVE('',#4219,#4235,#4243,.T.);
#4243 = LINE('',#4244,#4245);
#4244 = CARTESIAN_POINT('',(36.,600.,180.));
#4245 = VECTOR('',#4246,1.);
#4246 = DIRECTION('',(0.,1.,0.));
#4247 = PLANE('',#4248);
#4248 = AXIS2_PLACEMENT_3D('',#4249,#4250,#4251);
#4249 = CARTESIAN_POINT('',(36.,600.,162.));
#4250 = DIRECTION('',(1.,0.,0.));
#4251 = DIRECTION('',(0.,0.,1.));
#4252 = ADVANCED_FACE('',(#4253),#4269,.F.);
#4253 = FACE_BOUND('',#4254,.F.);
#4254 = EDGE_LOOP('',(#4255,#4261,#4262,#4268));
#4255 = ORIENTED_EDGE('',*,*,#4256,.F.);
#4256 = EDGE_CURVE('',#4177,#4217,#4257,.T.);
#4257 = LINE('',#4258,#4259);
#4258 = CARTESIAN_POINT('',(18.,600.,162.));
#4259 = VECTOR('',#4260,1.);
#4260 = DIRECTION('',(1.,0.,0.));
#4261 = ORIENTED_EDGE('',*,*,#4176,.T.);
#4262 = ORIENTED_EDGE('',*,*,#4263,.T.);
#4263 = EDGE_CURVE('',#4179,#4219,#4264,.T.);
#4264 = LINE('',#4265,#4266);
#4265 = CARTESIAN_POINT('',(18.,600.,180.));
#4266 = VECTOR('',#4267,1.);
#4267 = DIRECTION('',(1.,0.,0.));
#4268 = ORIENTED_EDGE('',*,*,#4216,.F.);
#4269 = PLANE('',#4270);
#4270 = AXIS2_PLACEMENT_3D('',#4271,#4272,#4273);
#4271 = CARTESIAN_POINT('',(18.,600.,162.));
#4272 = DIRECTION('',(0.,1.,0.));
#4273 = DIRECTION('',(0.,0.,1.));
#4274 = ADVANCED_FACE('',(#4275),#4291,.T.);
#4275 = FACE_BOUND('',#4276,.T.);
#4276 = EDGE_LOOP('',(#4277,#4283,#4284,#4290));
#4277 = ORIENTED_EDGE('',*,*,#4278,.F.);
#4278 = EDGE_CURVE('',#4187,#4227,#4279,.T.);
#4279 = LINE('',#4280,#4281);
#4280 = CARTESIAN_POINT('',(18.,750.,162.));
#4281 = VECTOR('',#4282,1.);
#4282 = DIRECTION('',(1.,0.,0.));
#4283 = ORIENTED_EDGE('',*,*,#4194,.T.);
#4284 = ORIENTED_EDGE('',*,*,#4285,.T.);
#4285 = EDGE_CURVE('',#4195,#4235,#4286,.T.);
#4286 = LINE('',#4287,#4288);
#4287 = CARTESIAN_POINT('',(18.,750.,180.));
#4288 = VECTOR('',#4289,1.);
#4289 = DIRECTION('',(1.,0.,0.));
#4290 = ORIENTED_EDGE('',*,*,#4234,.F.);
#4291 = PLANE('',#4292);
#4292 = AXIS2_PLACEMENT_3D('',#4293,#4294,#4295);
#4293 = CARTESIAN_POINT('',(18.,750.,162.));
#4294 = DIRECTION('',(0.,1.,0.));
#4295 = DIRECTION('',(0.,0.,1.));
#4296 = ADVANCED_FACE('',(#4297),#4303,.F.);
#4297 = FACE_BOUND('',#4298,.F.);
#4298 = EDGE_LOOP('',(#4299,#4300,#4301,#4302));
#4299 = ORIENTED_EDGE('',*,*,#4186,.F.);
#4300 = ORIENTED_EDGE('',*,*,#4256,.T.);
#4301 = ORIENTED_EDGE('',*,*,#4226,.T.);
#4302 = ORIENTED_EDGE('',*,*,#4278,.F.);
#4303 = PLANE('',#4304);
#4304 = AXIS2_PLACEMENT_3D('',#4305,#4306,#4307);
#4305 = CARTESIAN_POINT('',(18.,600.,162.));
#4306 = DIRECTION('',(0.,0.,1.));
#4307 = DIRECTION('',(1.,0.,0.));
#4308 = ADVANCED_FACE('',(#4309),#4315,.T.);
#4309 = FACE_BOUND('',#4310,.T.);
#4310 = EDGE_LOOP('',(#4311,#4312,#4313,#4314));
#4311 = ORIENTED_EDGE('',*,*,#4202,.F.);
#4312 = ORIENTED_EDGE('',*,*,#4263,.T.);
#4313 = ORIENTED_EDGE('',*,*,#4242,.T.);
#4314 = ORIENTED_EDGE('',*,*,#4285,.F.);
#4315 = PLANE('',#4316);
#4316 = AXIS2_PLACEMENT_3D('',#4317,#4318,#4319);
#4317 = CARTESIAN_POINT('',(18.,600.,180.));
#4318 = DIRECTION('',(0.,0.,1.));
#4319 = DIRECTION('',(1.,0.,0.));
#4320 = MANIFOLD_SOLID_BREP('',#4321);
#4321 = CLOSED_SHELL('',(#4322,#4362,#4402,#4424,#4446,#4458));
#4322 = ADVANCED_FACE('',(#4323),#4357,.F.);
#4323 = FACE_BOUND('',#4324,.F.);
#4324 = EDGE_LOOP('',(#4325,#4335,#4343,#4351));
#4325 = ORIENTED_EDGE('',*,*,#4326,.F.);
#4326 = EDGE_CURVE('',#4327,#4329,#4331,.T.);
#4327 = VERTEX_POINT('',#4328);
#4328 = CARTESIAN_POINT('',(564.,600.,162.));
#4329 = VERTEX_POINT('',#4330);
#4330 = CARTESIAN_POINT('',(564.,600.,180.));
#4331 = LINE('',#4332,#4333);
#4332 = CARTESIAN_POINT('',(564.,600.,162.));
#4333 = VECTOR('',#4334,1.);
#4334 = DIRECTION('',(0.,0.,1.));
#4335 = ORIENTED_EDGE('',*,*,#4336,.T.);
#4336 = EDGE_CURVE('',#4327,#4337,#4339,.T.);
#4337 = VERTEX_POINT('',#4338);
#4338 = CARTESIAN_POINT('',(564.,750.,162.));
#4339 = LINE('',#4340,#4341);
#4340 = CARTESIAN_POINT('',(564.,600.,162.));
#4341 = VECTOR('',#4342,1.);
#4342 = DIRECTION('',(0.,1.,0.));
#4343 = ORIENTED_EDGE('',*,*,#4344,.T.);
#4344 = EDGE_CURVE('',#4337,#4345,#4347,.T.);
#4345 = VERTEX_POINT('',#4346);
#4346 = CARTESIAN_POINT('',(564.,750.,180.));
#4347 = LINE('',#4348,#4349);
#4348 = CARTESIAN_POINT('',(564.,750.,162.));
#4349 = VECTOR('',#4350,1.);
#4350 = DIRECTION('',(0.,0.,1.));
#4351 = ORIENTED_EDGE('',*,*,#4352,.F.);
#4352 = EDGE_CURVE('',#4329,#4345,#4353,.T.);
#4353 = LINE('',#4354,#4355);
#4354 = CARTESIAN_POINT('',(564.,600.,180.));
#4355 = VECTOR('',#4356,1.);
#4356 = DIRECTION('',(0.,1.,0.));
#4357 = PLANE('',#4358);
#4358 = AXIS2_PLACEMENT_3D('',#4359,#4360,#4361);
#4359 = CARTESIAN_POINT('',(564.,600.,162.));
#4360 = DIRECTION('',(1.,0.,0.));
#4361 = DIRECTION('',(0.,0.,1.));
#4362 = ADVANCED_FACE('',(#4363),#4397,.T.);
#4363 = FACE_BOUND('',#4364,.T.);
#4364 = EDGE_LOOP('',(#4365,#4375,#4383,#4391));
#4365 = ORIENTED_EDGE('',*,*,#4366,.F.);
#4366 = EDGE_CURVE('',#4367,#4369,#4371,.T.);
#4367 = VERTEX_POINT('',#4368);
#4368 = CARTESIAN_POINT('',(582.,600.,162.));
#4369 = VERTEX_POINT('',#4370);
#4370 = CARTESIAN_POINT('',(582.,600.,180.));
#4371 = LINE('',#4372,#4373);
#4372 = CARTESIAN_POINT('',(582.,600.,162.));
#4373 = VECTOR('',#4374,1.);
#4374 = DIRECTION('',(0.,0.,1.));
#4375 = ORIENTED_EDGE('',*,*,#4376,.T.);
#4376 = EDGE_CURVE('',#4367,#4377,#4379,.T.);
#4377 = VERTEX_POINT('',#4378);
#4378 = CARTESIAN_POINT('',(582.,750.,162.));
#4379 = LINE('',#4380,#4381);
#4380 = CARTESIAN_POINT('',(582.,600.,162.));
#4381 = VECTOR('',#4382,1.);
#4382 = DIRECTION('',(0.,1.,0.));
#4383 = ORIENTED_EDGE('',*,*,#4384,.T.);
#4384 = EDGE_CURVE('',#4377,#4385,#4387,.T.);
#4385 = VERTEX_POINT('',#4386);
#4386 = CARTESIAN_POINT('',(582.,750.,180.));
#4387 = LINE('',#4388,#4389);
#4388 = CARTESIAN_POINT('',(582.,750.,162.));
#4389 = VECTOR('',#4390,1.);
#4390 = DIRECTION('',(0.,0.,1.));
#4391 = ORIENTED_EDGE('',*,*,#4392,.F.);
#4392 = EDGE_CURVE('',#4369,#4385,#4393,.T.);
#4393 = LINE('',#4394,#4395);
#4394 = CARTESIAN_POINT('',(582.,600.,180.));
#4395 = VECTOR('',#4396,1.);
#4396 = DIRECTION('',(0.,1.,0.));
#4397 = PLANE('',#4398);
#4398 = AXIS2_PLACEMENT_3D('',#4399,#4400,#4401);
#4399 = CARTESIAN_POINT('',(582.,600.,162.));
#4400 = DIRECTION('',(1.,0.,0.));
#4401 = DIRECTION('',(0.,0.,1.));
#4402 = ADVANCED_FACE('',(#4403),#4419,.F.);
#4403 = FACE_BOUND('',#4404,.F.);
#4404 = EDGE_LOOP('',(#4405,#4411,#4412,#4418));
#4405 = ORIENTED_EDGE('',*,*,#4406,.F.);
#4406 = EDGE_CURVE('',#4327,#4367,#4407,.T.);
#4407 = LINE('',#4408,#4409);
#4408 = CARTESIAN_POINT('',(564.,600.,162.));
#4409 = VECTOR('',#4410,1.);
#4410 = DIRECTION('',(1.,0.,0.));
#4411 = ORIENTED_EDGE('',*,*,#4326,.T.);
#4412 = ORIENTED_EDGE('',*,*,#4413,.T.);
#4413 = EDGE_CURVE('',#4329,#4369,#4414,.T.);
#4414 = LINE('',#4415,#4416);
#4415 = CARTESIAN_POINT('',(564.,600.,180.));
#4416 = VECTOR('',#4417,1.);
#4417 = DIRECTION('',(1.,0.,0.));
#4418 = ORIENTED_EDGE('',*,*,#4366,.F.);
#4419 = PLANE('',#4420);
#4420 = AXIS2_PLACEMENT_3D('',#4421,#4422,#4423);
#4421 = CARTESIAN_POINT('',(564.,600.,162.));
#4422 = DIRECTION('',(0.,1.,0.));
#4423 = DIRECTION('',(0.,0.,1.));
#4424 = ADVANCED_FACE('',(#4425),#4441,.T.);
#4425 = FACE_BOUND('',#4426,.T.);
#4426 = EDGE_LOOP('',(#4427,#4433,#4434,#4440));
#4427 = ORIENTED_EDGE('',*,*,#4428,.F.);
#4428 = EDGE_CURVE('',#4337,#4377,#4429,.T.);
#4429 = LINE('',#4430,#4431);
#4430 = CARTESIAN_POINT('',(564.,750.,162.));
#4431 = VECTOR('',#4432,1.);
#4432 = DIRECTION('',(1.,0.,0.));
#4433 = ORIENTED_EDGE('',*,*,#4344,.T.);
#4434 = ORIENTED_EDGE('',*,*,#4435,.T.);
#4435 = EDGE_CURVE('',#4345,#4385,#4436,.T.);
#4436 = LINE('',#4437,#4438);
#4437 = CARTESIAN_POINT('',(564.,750.,180.));
#4438 = VECTOR('',#4439,1.);
#4439 = DIRECTION('',(1.,0.,0.));
#4440 = ORIENTED_EDGE('',*,*,#4384,.F.);
#4441 = PLANE('',#4442);
#4442 = AXIS2_PLACEMENT_3D('',#4443,#4444,#4445);
#4443 = CARTESIAN_POINT('',(564.,750.,162.));
#4444 = DIRECTION('',(0.,1.,0.));
#4445 = DIRECTION('',(0.,0.,1.));
#4446 = ADVANCED_FACE('',(#4447),#4453,.F.);
#4447 = FACE_BOUND('',#4448,.F.);
#4448 = EDGE_LOOP('',(#4449,#4450,#4451,#4452));
#4449 = ORIENTED_EDGE('',*,*,#4336,.F.);
#4450 = ORIENTED_EDGE('',*,*,#4406,.T.);
#4451 = ORIENTED_EDGE('',*,*,#4376,.T.);
#4452 = ORIENTED_EDGE('',*,*,#4428,.F.);
#4453 = PLANE('',#4454);
#4454 = AXIS2_PLACEMENT_3D('',#4455,#4456,#4457);
#4455 = CARTESIAN_POINT('',(564.,600.,162.));
#4456 = DIRECTION('',(0.,0.,1.));
#4457 = DIRECTION('',(1.,0.,0.));
#4458 = ADVANCED_FACE('',(#4459),#4465,.T.);
#4459 = FACE_BOUND('',#4460,.T.);
#4460 = EDGE_LOOP('',(#4461,#4462,#4463,#4464));
#4461 = ORIENTED_EDGE('',*,*,#4352,.F.);
#4462 = ORIENTED_EDGE('',*,*,#4413,.T.);
#4463 = ORIENTED_EDGE('',*,*,#4392,.T.);
#4464 = ORIENTED_EDGE('',*,*,#4435,.F.);
#4465 = PLANE('',#4466);
#4466 = AXIS2_PLACEMENT_3D('',#4467,#4468,#4469);
#4467 = CARTESIAN_POINT('',(564.,600.,180.));
#4468 = DIRECTION('',(0.,0.,1.));
#4469 = DIRECTION('',(1.,0.,0.));
#4470 = MANIFOLD_SOLID_BREP('',#4471);
#4471 = CLOSED_SHELL('',(#4472,#4512,#4552,#4574,#4596,#4608));
#4472 = ADVANCED_FACE('',(#4473),#4507,.F.);
#4473 = FACE_BOUND('',#4474,.F.);
#4474 = EDGE_LOOP('',(#4475,#4485,#4493,#4501));
#4475 = ORIENTED_EDGE('',*,*,#4476,.F.);
#4476 = EDGE_CURVE('',#4477,#4479,#4481,.T.);
#4477 = VERTEX_POINT('',#4478);
#4478 = CARTESIAN_POINT('',(20.,1.08E+03,240.));
#4479 = VERTEX_POINT('',#4480);
#4480 = CARTESIAN_POINT('',(20.,1.08E+03,252.));
#4481 = LINE('',#4482,#4483);
#4482 = CARTESIAN_POINT('',(20.,1.08E+03,240.));
#4483 = VECTOR('',#4484,1.);
#4484 = DIRECTION('',(0.,0.,1.));
#4485 = ORIENTED_EDGE('',*,*,#4486,.T.);
#4486 = EDGE_CURVE('',#4477,#4487,#4489,.T.);
#4487 = VERTEX_POINT('',#4488);
#4488 = CARTESIAN_POINT('',(20.,1.23E+03,240.));
#4489 = LINE('',#4490,#4491);
#4490 = CARTESIAN_POINT('',(20.,1.08E+03,240.));
#4491 = VECTOR('',#4492,1.);
#4492 = DIRECTION('',(0.,1.,0.));
#4493 = ORIENTED_EDGE('',*,*,#4494,.T.);
#4494 = EDGE_CURVE('',#4487,#4495,#4497,.T.);
#4495 = VERTEX_POINT('',#4496);
#4496 = CARTESIAN_POINT('',(20.,1.23E+03,252.));
#4497 = LINE('',#4498,#4499);
#4498 = CARTESIAN_POINT('',(20.,1.23E+03,240.));
#4499 = VECTOR('',#4500,1.);
#4500 = DIRECTION('',(0.,0.,1.));
#4501 = ORIENTED_EDGE('',*,*,#4502,.F.);
#4502 = EDGE_CURVE('',#4479,#4495,#4503,.T.);
#4503 = LINE('',#4504,#4505);
#4504 = CARTESIAN_POINT('',(20.,1.08E+03,252.));
#4505 = VECTOR('',#4506,1.);
#4506 = DIRECTION('',(0.,1.,0.));
#4507 = PLANE('',#4508);
#4508 = AXIS2_PLACEMENT_3D('',#4509,#4510,#4511);
#4509 = CARTESIAN_POINT('',(20.,1.08E+03,240.));
#4510 = DIRECTION('',(1.,0.,0.));
#4511 = DIRECTION('',(0.,0.,1.));
#4512 = ADVANCED_FACE('',(#4513),#4547,.T.);
#4513 = FACE_BOUND('',#4514,.T.);
#4514 = EDGE_LOOP('',(#4515,#4525,#4533,#4541));
#4515 = ORIENTED_EDGE('',*,*,#4516,.F.);
#4516 = EDGE_CURVE('',#4517,#4519,#4521,.T.);
#4517 = VERTEX_POINT('',#4518);
#4518 = CARTESIAN_POINT('',(580.,1.08E+03,240.));
#4519 = VERTEX_POINT('',#4520);
#4520 = CARTESIAN_POINT('',(580.,1.08E+03,252.));
#4521 = LINE('',#4522,#4523);
#4522 = CARTESIAN_POINT('',(580.,1.08E+03,240.));
#4523 = VECTOR('',#4524,1.);
#4524 = DIRECTION('',(0.,0.,1.));
#4525 = ORIENTED_EDGE('',*,*,#4526,.T.);
#4526 = EDGE_CURVE('',#4517,#4527,#4529,.T.);
#4527 = VERTEX_POINT('',#4528);
#4528 = CARTESIAN_POINT('',(580.,1.23E+03,240.));
#4529 = LINE('',#4530,#4531);
#4530 = CARTESIAN_POINT('',(580.,1.08E+03,240.));
#4531 = VECTOR('',#4532,1.);
#4532 = DIRECTION('',(0.,1.,0.));
#4533 = ORIENTED_EDGE('',*,*,#4534,.T.);
#4534 = EDGE_CURVE('',#4527,#4535,#4537,.T.);
#4535 = VERTEX_POINT('',#4536);
#4536 = CARTESIAN_POINT('',(580.,1.23E+03,252.));
#4537 = LINE('',#4538,#4539);
#4538 = CARTESIAN_POINT('',(580.,1.23E+03,240.));
#4539 = VECTOR('',#4540,1.);
#4540 = DIRECTION('',(0.,0.,1.));
#4541 = ORIENTED_EDGE('',*,*,#4542,.F.);
#4542 = EDGE_CURVE('',#4519,#4535,#4543,.T.);
#4543 = LINE('',#4544,#4545);
#4544 = CARTESIAN_POINT('',(580.,1.08E+03,252.));
#4545 = VECTOR('',#4546,1.);
#4546 = DIRECTION('',(0.,1.,0.));
#4547 = PLANE('',#4548);
#4548 = AXIS2_PLACEMENT_3D('',#4549,#4550,#4551);
#4549 = CARTESIAN_POINT('',(580.,1.08E+03,240.));
#4550 = DIRECTION('',(1.,0.,0.));
#4551 = DIRECTION('',(0.,0.,1.));
#4552 = ADVANCED_FACE('',(#4553),#4569,.F.);
#4553 = FACE_BOUND('',#4554,.F.);
#4554 = EDGE_LOOP('',(#4555,#4561,#4562,#4568));
#4555 = ORIENTED_EDGE('',*,*,#4556,.F.);
#4556 = EDGE_CURVE('',#4477,#4517,#4557,.T.);
#4557 = LINE('',#4558,#4559);
#4558 = CARTESIAN_POINT('',(20.,1.08E+03,240.));
#4559 = VECTOR('',#4560,1.);
#4560 = DIRECTION('',(1.,0.,0.));
#4561 = ORIENTED_EDGE('',*,*,#4476,.T.);
#4562 = ORIENTED_EDGE('',*,*,#4563,.T.);
#4563 = EDGE_CURVE('',#4479,#4519,#4564,.T.);
#4564 = LINE('',#4565,#4566);
#4565 = CARTESIAN_POINT('',(20.,1.08E+03,252.));
#4566 = VECTOR('',#4567,1.);
#4567 = DIRECTION('',(1.,0.,0.));
#4568 = ORIENTED_EDGE('',*,*,#4516,.F.);
#4569 = PLANE('',#4570);
#4570 = AXIS2_PLACEMENT_3D('',#4571,#4572,#4573);
#4571 = CARTESIAN_POINT('',(20.,1.08E+03,240.));
#4572 = DIRECTION('',(0.,1.,0.));
#4573 = DIRECTION('',(0.,0.,1.));
#4574 = ADVANCED_FACE('',(#4575),#4591,.T.);
#4575 = FACE_BOUND('',#4576,.T.);
#4576 = EDGE_LOOP('',(#4577,#4583,#4584,#4590));
#4577 = ORIENTED_EDGE('',*,*,#4578,.F.);
#4578 = EDGE_CURVE('',#4487,#4527,#4579,.T.);
#4579 = LINE('',#4580,#4581);
#4580 = CARTESIAN_POINT('',(20.,1.23E+03,240.));
#4581 = VECTOR('',#4582,1.);
#4582 = DIRECTION('',(1.,0.,0.));
#4583 = ORIENTED_EDGE('',*,*,#4494,.T.);
#4584 = ORIENTED_EDGE('',*,*,#4585,.T.);
#4585 = EDGE_CURVE('',#4495,#4535,#4586,.T.);
#4586 = LINE('',#4587,#4588);
#4587 = CARTESIAN_POINT('',(20.,1.23E+03,252.));
#4588 = VECTOR('',#4589,1.);
#4589 = DIRECTION('',(1.,0.,0.));
#4590 = ORIENTED_EDGE('',*,*,#4534,.F.);
#4591 = PLANE('',#4592);
#4592 = AXIS2_PLACEMENT_3D('',#4593,#4594,#4595);
#4593 = CARTESIAN_POINT('',(20.,1.23E+03,240.));
#4594 = DIRECTION('',(0.,1.,0.));
#4595 = DIRECTION('',(0.,0.,1.));
#4596 = ADVANCED_FACE('',(#4597),#4603,.F.);
#4597 = FACE_BOUND('',#4598,.F.);
#4598 = EDGE_LOOP('',(#4599,#4600,#4601,#4602));
#4599 = ORIENTED_EDGE('',*,*,#4486,.F.);
#4600 = ORIENTED_EDGE('',*,*,#4556,.T.);
#4601 = ORIENTED_EDGE('',*,*,#4526,.T.);
#4602 = ORIENTED_EDGE('',*,*,#4578,.F.);
#4603 = PLANE('',#4604);
#4604 = AXIS2_PLACEMENT_3D('',#4605,#4606,#4607);
#4605 = CARTESIAN_POINT('',(20.,1.08E+03,240.));
#4606 = DIRECTION('',(0.,0.,1.));
#4607 = DIRECTION('',(1.,0.,0.));
#4608 = ADVANCED_FACE('',(#4609),#4615,.T.);
#4609 = FACE_BOUND('',#4610,.T.);
#4610 = EDGE_LOOP('',(#4611,#4612,#4613,#4614));
#4611 = ORIENTED_EDGE('',*,*,#4502,.F.);
#4612 = ORIENTED_EDGE('',*,*,#4563,.T.);
#4613 = ORIENTED_EDGE('',*,*,#4542,.T.);
#4614 = ORIENTED_EDGE('',*,*,#4585,.F.);
#4615 = PLANE('',#4616);
#4616 = AXIS2_PLACEMENT_3D('',#4617,#4618,#4619);
#4617 = CARTESIAN_POINT('',(20.,1.08E+03,252.));
#4618 = DIRECTION('',(0.,0.,1.));
#4619 = DIRECTION('',(1.,0.,0.));
#4620 = MANIFOLD_SOLID_BREP('',#4621);
#4621 = CLOSED_SHELL('',(#4622,#4662,#4702,#4724,#4746,#4758));
#4622 = ADVANCED_FACE('',(#4623),#4657,.F.);
#4623 = FACE_BOUND('',#4624,.F.);
#4624 = EDGE_LOOP('',(#4625,#4635,#4643,#4651));
#4625 = ORIENTED_EDGE('',*,*,#4626,.F.);
#4626 = EDGE_CURVE('',#4627,#4629,#4631,.T.);
#4627 = VERTEX_POINT('',#4628);
#4628 = CARTESIAN_POINT('',(18.,1.08E+03,222.));
#4629 = VERTEX_POINT('',#4630);
#4630 = CARTESIAN_POINT('',(18.,1.08E+03,240.));
#4631 = LINE('',#4632,#4633);
#4632 = CARTESIAN_POINT('',(18.,1.08E+03,222.));
#4633 = VECTOR('',#4634,1.);
#4634 = DIRECTION('',(0.,0.,1.));
#4635 = ORIENTED_EDGE('',*,*,#4636,.T.);
#4636 = EDGE_CURVE('',#4627,#4637,#4639,.T.);
#4637 = VERTEX_POINT('',#4638);
#4638 = CARTESIAN_POINT('',(18.,1.23E+03,222.));
#4639 = LINE('',#4640,#4641);
#4640 = CARTESIAN_POINT('',(18.,1.08E+03,222.));
#4641 = VECTOR('',#4642,1.);
#4642 = DIRECTION('',(0.,1.,0.));
#4643 = ORIENTED_EDGE('',*,*,#4644,.T.);
#4644 = EDGE_CURVE('',#4637,#4645,#4647,.T.);
#4645 = VERTEX_POINT('',#4646);
#4646 = CARTESIAN_POINT('',(18.,1.23E+03,240.));
#4647 = LINE('',#4648,#4649);
#4648 = CARTESIAN_POINT('',(18.,1.23E+03,222.));
#4649 = VECTOR('',#4650,1.);
#4650 = DIRECTION('',(0.,0.,1.));
#4651 = ORIENTED_EDGE('',*,*,#4652,.F.);
#4652 = EDGE_CURVE('',#4629,#4645,#4653,.T.);
#4653 = LINE('',#4654,#4655);
#4654 = CARTESIAN_POINT('',(18.,1.08E+03,240.));
#4655 = VECTOR('',#4656,1.);
#4656 = DIRECTION('',(0.,1.,0.));
#4657 = PLANE('',#4658);
#4658 = AXIS2_PLACEMENT_3D('',#4659,#4660,#4661);
#4659 = CARTESIAN_POINT('',(18.,1.08E+03,222.));
#4660 = DIRECTION('',(1.,0.,0.));
#4661 = DIRECTION('',(0.,0.,1.));
#4662 = ADVANCED_FACE('',(#4663),#4697,.T.);
#4663 = FACE_BOUND('',#4664,.T.);
#4664 = EDGE_LOOP('',(#4665,#4675,#4683,#4691));
#4665 = ORIENTED_EDGE('',*,*,#4666,.F.);
#4666 = EDGE_CURVE('',#4667,#4669,#4671,.T.);
#4667 = VERTEX_POINT('',#4668);
#4668 = CARTESIAN_POINT('',(36.,1.08E+03,222.));
#4669 = VERTEX_POINT('',#4670);
#4670 = CARTESIAN_POINT('',(36.,1.08E+03,240.));
#4671 = LINE('',#4672,#4673);
#4672 = CARTESIAN_POINT('',(36.,1.08E+03,222.));
#4673 = VECTOR('',#4674,1.);
#4674 = DIRECTION('',(0.,0.,1.));
#4675 = ORIENTED_EDGE('',*,*,#4676,.T.);
#4676 = EDGE_CURVE('',#4667,#4677,#4679,.T.);
#4677 = VERTEX_POINT('',#4678);
#4678 = CARTESIAN_POINT('',(36.,1.23E+03,222.));
#4679 = LINE('',#4680,#4681);
#4680 = CARTESIAN_POINT('',(36.,1.08E+03,222.));
#4681 = VECTOR('',#4682,1.);
#4682 = DIRECTION('',(0.,1.,0.));
#4683 = ORIENTED_EDGE('',*,*,#4684,.T.);
#4684 = EDGE_CURVE('',#4677,#4685,#4687,.T.);
#4685 = VERTEX_POINT('',#4686);
#4686 = CARTESIAN_POINT('',(36.,1.23E+03,240.));
#4687 = LINE('',#4688,#4689);
#4688 = CARTESIAN_POINT('',(36.,1.23E+03,222.));
#4689 = VECTOR('',#4690,1.);
#4690 = DIRECTION('',(0.,0.,1.));
#4691 = ORIENTED_EDGE('',*,*,#4692,.F.);
#4692 = EDGE_CURVE('',#4669,#4685,#4693,.T.);
#4693 = LINE('',#4694,#4695);
#4694 = CARTESIAN_POINT('',(36.,1.08E+03,240.));
#4695 = VECTOR('',#4696,1.);
#4696 = DIRECTION('',(0.,1.,0.));
#4697 = PLANE('',#4698);
#4698 = AXIS2_PLACEMENT_3D('',#4699,#4700,#4701);
#4699 = CARTESIAN_POINT('',(36.,1.08E+03,222.));
#4700 = DIRECTION('',(1.,0.,0.));
#4701 = DIRECTION('',(0.,0.,1.));
#4702 = ADVANCED_FACE('',(#4703),#4719,.F.);
#4703 = FACE_BOUND('',#4704,.F.);
#4704 = EDGE_LOOP('',(#4705,#4711,#4712,#4718));
#4705 = ORIENTED_EDGE('',*,*,#4706,.F.);
#4706 = EDGE_CURVE('',#4627,#4667,#4707,.T.);
#4707 = LINE('',#4708,#4709);
#4708 = CARTESIAN_POINT('',(18.,1.08E+03,222.));
#4709 = VECTOR('',#4710,1.);
#4710 = DIRECTION('',(1.,0.,0.));
#4711 = ORIENTED_EDGE('',*,*,#4626,.T.);
#4712 = ORIENTED_EDGE('',*,*,#4713,.T.);
#4713 = EDGE_CURVE('',#4629,#4669,#4714,.T.);
#4714 = LINE('',#4715,#4716);
#4715 = CARTESIAN_POINT('',(18.,1.08E+03,240.));
#4716 = VECTOR('',#4717,1.);
#4717 = DIRECTION('',(1.,0.,0.));
#4718 = ORIENTED_EDGE('',*,*,#4666,.F.);
#4719 = PLANE('',#4720);
#4720 = AXIS2_PLACEMENT_3D('',#4721,#4722,#4723);
#4721 = CARTESIAN_POINT('',(18.,1.08E+03,222.));
#4722 = DIRECTION('',(0.,1.,0.));
#4723 = DIRECTION('',(0.,0.,1.));
#4724 = ADVANCED_FACE('',(#4725),#4741,.T.);
#4725 = FACE_BOUND('',#4726,.T.);
#4726 = EDGE_LOOP('',(#4727,#4733,#4734,#4740));
#4727 = ORIENTED_EDGE('',*,*,#4728,.F.);
#4728 = EDGE_CURVE('',#4637,#4677,#4729,.T.);
#4729 = LINE('',#4730,#4731);
#4730 = CARTESIAN_POINT('',(18.,1.23E+03,222.));
#4731 = VECTOR('',#4732,1.);
#4732 = DIRECTION('',(1.,0.,0.));
#4733 = ORIENTED_EDGE('',*,*,#4644,.T.);
#4734 = ORIENTED_EDGE('',*,*,#4735,.T.);
#4735 = EDGE_CURVE('',#4645,#4685,#4736,.T.);
#4736 = LINE('',#4737,#4738);
#4737 = CARTESIAN_POINT('',(18.,1.23E+03,240.));
#4738 = VECTOR('',#4739,1.);
#4739 = DIRECTION('',(1.,0.,0.));
#4740 = ORIENTED_EDGE('',*,*,#4684,.F.);
#4741 = PLANE('',#4742);
#4742 = AXIS2_PLACEMENT_3D('',#4743,#4744,#4745);
#4743 = CARTESIAN_POINT('',(18.,1.23E+03,222.));
#4744 = DIRECTION('',(0.,1.,0.));
#4745 = DIRECTION('',(0.,0.,1.));
#4746 = ADVANCED_FACE('',(#4747),#4753,.F.);
#4747 = FACE_BOUND('',#4748,.F.);
#4748 = EDGE_LOOP('',(#4749,#4750,#4751,#4752));
#4749 = ORIENTED_EDGE('',*,*,#4636,.F.);
#4750 = ORIENTED_EDGE('',*,*,#4706,.T.);
#4751 = ORIENTED_EDGE('',*,*,#4676,.T.);
#4752 = ORIENTED_EDGE('',*,*,#4728,.F.);
#4753 = PLANE('',#4754);
#4754 = AXIS2_PLACEMENT_3D('',#4755,#4756,#4757);
#4755 = CARTESIAN_POINT('',(18.,1.08E+03,222.));
#4756 = DIRECTION('',(0.,0.,1.));
#4757 = DIRECTION('',(1.,0.,0.));
#4758 = ADVANCED_FACE('',(#4759),#4765,.T.);
#4759 = FACE_BOUND('',#4760,.T.);
#4760 = EDGE_LOOP('',(#4761,#4762,#4763,#4764));
#4761 = ORIENTED_EDGE('',*,*,#4652,.F.);
#4762 = ORIENTED_EDGE('',*,*,#4713,.T.);
#4763 = ORIENTED_EDGE('',*,*,#4692,.T.);
#4764 = ORIENTED_EDGE('',*,*,#4735,.F.);
#4765 = PLANE('',#4766);
#4766 = AXIS2_PLACEMENT_3D('',#4767,#4768,#4769);
#4767 = CARTESIAN_POINT('',(18.,1.08E+03,240.));
#4768 = DIRECTION('',(0.,0.,1.));
#4769 = DIRECTION('',(1.,0.,0.));
#4770 = MANIFOLD_SOLID_BREP('',#4771);
#4771 = CLOSED_SHELL('',(#4772,#4812,#4852,#4874,#4896,#4908));
#4772 = ADVANCED_FACE('',(#4773),#4807,.F.);
#4773 = FACE_BOUND('',#4774,.F.);
#4774 = EDGE_LOOP('',(#4775,#4785,#4793,#4801));
#4775 = ORIENTED_EDGE('',*,*,#4776,.F.);
#4776 = EDGE_CURVE('',#4777,#4779,#4781,.T.);
#4777 = VERTEX_POINT('',#4778);
#4778 = CARTESIAN_POINT('',(564.,1.08E+03,222.));
#4779 = VERTEX_POINT('',#4780);
#4780 = CARTESIAN_POINT('',(564.,1.08E+03,240.));
#4781 = LINE('',#4782,#4783);
#4782 = CARTESIAN_POINT('',(564.,1.08E+03,222.));
#4783 = VECTOR('',#4784,1.);
#4784 = DIRECTION('',(0.,0.,1.));
#4785 = ORIENTED_EDGE('',*,*,#4786,.T.);
#4786 = EDGE_CURVE('',#4777,#4787,#4789,.T.);
#4787 = VERTEX_POINT('',#4788);
#4788 = CARTESIAN_POINT('',(564.,1.23E+03,222.));
#4789 = LINE('',#4790,#4791);
#4790 = CARTESIAN_POINT('',(564.,1.08E+03,222.));
#4791 = VECTOR('',#4792,1.);
#4792 = DIRECTION('',(0.,1.,0.));
#4793 = ORIENTED_EDGE('',*,*,#4794,.T.);
#4794 = EDGE_CURVE('',#4787,#4795,#4797,.T.);
#4795 = VERTEX_POINT('',#4796);
#4796 = CARTESIAN_POINT('',(564.,1.23E+03,240.));
#4797 = LINE('',#4798,#4799);
#4798 = CARTESIAN_POINT('',(564.,1.23E+03,222.));
#4799 = VECTOR('',#4800,1.);
#4800 = DIRECTION('',(0.,0.,1.));
#4801 = ORIENTED_EDGE('',*,*,#4802,.F.);
#4802 = EDGE_CURVE('',#4779,#4795,#4803,.T.);
#4803 = LINE('',#4804,#4805);
#4804 = CARTESIAN_POINT('',(564.,1.08E+03,240.));
#4805 = VECTOR('',#4806,1.);
#4806 = DIRECTION('',(0.,1.,0.));
#4807 = PLANE('',#4808);
#4808 = AXIS2_PLACEMENT_3D('',#4809,#4810,#4811);
#4809 = CARTESIAN_POINT('',(564.,1.08E+03,222.));
#4810 = DIRECTION('',(1.,0.,0.));
#4811 = DIRECTION('',(0.,0.,1.));
#4812 = ADVANCED_FACE('',(#4813),#4847,.T.);
#4813 = FACE_BOUND('',#4814,.T.);
#4814 = EDGE_LOOP('',(#4815,#4825,#4833,#4841));
#4815 = ORIENTED_EDGE('',*,*,#4816,.F.);
#4816 = EDGE_CURVE('',#4817,#4819,#4821,.T.);
#4817 = VERTEX_POINT('',#4818);
#4818 = CARTESIAN_POINT('',(582.,1.08E+03,222.));
#4819 = VERTEX_POINT('',#4820);
#4820 = CARTESIAN_POINT('',(582.,1.08E+03,240.));
#4821 = LINE('',#4822,#4823);
#4822 = CARTESIAN_POINT('',(582.,1.08E+03,222.));
#4823 = VECTOR('',#4824,1.);
#4824 = DIRECTION('',(0.,0.,1.));
#4825 = ORIENTED_EDGE('',*,*,#4826,.T.);
#4826 = EDGE_CURVE('',#4817,#4827,#4829,.T.);
#4827 = VERTEX_POINT('',#4828);
#4828 = CARTESIAN_POINT('',(582.,1.23E+03,222.));
#4829 = LINE('',#4830,#4831);
#4830 = CARTESIAN_POINT('',(582.,1.08E+03,222.));
#4831 = VECTOR('',#4832,1.);
#4832 = DIRECTION('',(0.,1.,0.));
#4833 = ORIENTED_EDGE('',*,*,#4834,.T.);
#4834 = EDGE_CURVE('',#4827,#4835,#4837,.T.);
#4835 = VERTEX_POINT('',#4836);
#4836 = CARTESIAN_POINT('',(582.,1.23E+03,240.));
#4837 = LINE('',#4838,#4839);
#4838 = CARTESIAN_POINT('',(582.,1.23E+03,222.));
#4839 = VECTOR('',#4840,1.);
#4840 = DIRECTION('',(0.,0.,1.));
#4841 = ORIENTED_EDGE('',*,*,#4842,.F.);
#4842 = EDGE_CURVE('',#4819,#4835,#4843,.T.);
#4843 = LINE('',#4844,#4845);
#4844 = CARTESIAN_POINT('',(582.,1.08E+03,240.));
#4845 = VECTOR('',#4846,1.);
#4846 = DIRECTION('',(0.,1.,0.));
#4847 = PLANE('',#4848);
#4848 = AXIS2_PLACEMENT_3D('',#4849,#4850,#4851);
#4849 = CARTESIAN_POINT('',(582.,1.08E+03,222.));
#4850 = DIRECTION('',(1.,0.,0.));
#4851 = DIRECTION('',(0.,0.,1.));
#4852 = ADVANCED_FACE('',(#4853),#4869,.F.);
#4853 = FACE_BOUND('',#4854,.F.);
#4854 = EDGE_LOOP('',(#4855,#4861,#4862,#4868));
#4855 = ORIENTED_EDGE('',*,*,#4856,.F.);
#4856 = EDGE_CURVE('',#4777,#4817,#4857,.T.);
#4857 = LINE('',#4858,#4859);
#4858 = CARTESIAN_POINT('',(564.,1.08E+03,222.));
#4859 = VECTOR('',#4860,1.);
#4860 = DIRECTION('',(1.,0.,0.));
#4861 = ORIENTED_EDGE('',*,*,#4776,.T.);
#4862 = ORIENTED_EDGE('',*,*,#4863,.T.);
#4863 = EDGE_CURVE('',#4779,#4819,#4864,.T.);
#4864 = LINE('',#4865,#4866);
#4865 = CARTESIAN_POINT('',(564.,1.08E+03,240.));
#4866 = VECTOR('',#4867,1.);
#4867 = DIRECTION('',(1.,0.,0.));
#4868 = ORIENTED_EDGE('',*,*,#4816,.F.);
#4869 = PLANE('',#4870);
#4870 = AXIS2_PLACEMENT_3D('',#4871,#4872,#4873);
#4871 = CARTESIAN_POINT('',(564.,1.08E+03,222.));
#4872 = DIRECTION('',(0.,1.,0.));
#4873 = DIRECTION('',(0.,0.,1.));
#4874 = ADVANCED_FACE('',(#4875),#4891,.T.);
#4875 = FACE_BOUND('',#4876,.T.);
#4876 = EDGE_LOOP('',(#4877,#4883,#4884,#4890));
#4877 = ORIENTED_EDGE('',*,*,#4878,.F.);
#4878 = EDGE_CURVE('',#4787,#4827,#4879,.T.);
#4879 = LINE('',#4880,#4881);
#4880 = CARTESIAN_POINT('',(564.,1.23E+03,222.));
#4881 = VECTOR('',#4882,1.);
#4882 = DIRECTION('',(1.,0.,0.));
#4883 = ORIENTED_EDGE('',*,*,#4794,.T.);
#4884 = ORIENTED_EDGE('',*,*,#4885,.T.);
#4885 = EDGE_CURVE('',#4795,#4835,#4886,.T.);
#4886 = LINE('',#4887,#4888);
#4887 = CARTESIAN_POINT('',(564.,1.23E+03,240.));
#4888 = VECTOR('',#4889,1.);
#4889 = DIRECTION('',(1.,0.,0.));
#4890 = ORIENTED_EDGE('',*,*,#4834,.F.);
#4891 = PLANE('',#4892);
#4892 = AXIS2_PLACEMENT_3D('',#4893,#4894,#4895);
#4893 = CARTESIAN_POINT('',(564.,1.23E+03,222.));
#4894 = DIRECTION('',(0.,1.,0.));
#4895 = DIRECTION('',(0.,0.,1.));
#4896 = ADVANCED_FACE('',(#4897),#4903,.F.);
#4897 = FACE_BOUND('',#4898,.F.);
#4898 = EDGE_LOOP('',(#4899,#4900,#4901,#4902));
#4899 = ORIENTED_EDGE('',*,*,#4786,.F.);
#4900 = ORIENTED_EDGE('',*,*,#4856,.T.);
#4901 = ORIENTED_EDGE('',*,*,#4826,.T.);
#4902 = ORIENTED_EDGE('',*,*,#4878,.F.);
#4903 = PLANE('',#4904);
#4904 = AXIS2_PLACEMENT_3D('',#4905,#4906,#4907);
#4905 = CARTESIAN_POINT('',(564.,1.08E+03,222.));
#4906 = DIRECTION('',(0.,0.,1.));
#4907 = DIRECTION('',(1.,0.,0.));
#4908 = ADVANCED_FACE('',(#4909),#4915,.T.);
#4909 = FACE_BOUND('',#4910,.T.);
#4910 = EDGE_LOOP('',(#4911,#4912,#4913,#4914));
#4911 = ORIENTED_EDGE('',*,*,#4802,.F.);
#4912 = ORIENTED_EDGE('',*,*,#4863,.T.);
#4913 = ORIENTED_EDGE('',*,*,#4842,.T.);
#4914 = ORIENTED_EDGE('',*,*,#4885,.F.);
#4915 = PLANE('',#4916);
#4916 = AXIS2_PLACEMENT_3D('',#4917,#4918,#4919);
#4917 = CARTESIAN_POINT('',(564.,1.08E+03,240.));
#4918 = DIRECTION('',(0.,0.,1.));
#4919 = DIRECTION('',(1.,0.,0.));
#4920 = MANIFOLD_SOLID_BREP('',#4921);
#4921 = CLOSED_SHELL('',(#4922,#4962,#4993,#5024,#5046,#5058));
#4922 = ADVANCED_FACE('',(#4923),#4957,.F.);
#4923 = FACE_BOUND('',#4924,.F.);
#4924 = EDGE_LOOP('',(#4925,#4935,#4943,#4951));
#4925 = ORIENTED_EDGE('',*,*,#4926,.T.);
#4926 = EDGE_CURVE('',#4927,#4929,#4931,.T.);
#4927 = VERTEX_POINT('',#4928);
#4928 = CARTESIAN_POINT('',(30.2,371.,283.6913753679));
#4929 = VERTEX_POINT('',#4930);
#4930 = CARTESIAN_POINT('',(569.8,371.,283.6913753679));
#4931 = LINE('',#4932,#4933);
#4932 = CARTESIAN_POINT('',(30.2,371.,283.6913753679));
#4933 = VECTOR('',#4934,1.);
#4934 = DIRECTION('',(1.,0.,0.));
#4935 = ORIENTED_EDGE('',*,*,#4936,.T.);
#4936 = EDGE_CURVE('',#4929,#4937,#4939,.T.);
#4937 = VERTEX_POINT('',#4938);
#4938 = CARTESIAN_POINT('',(569.8,389.,283.6913753679));
#4939 = LINE('',#4940,#4941);
#4940 = CARTESIAN_POINT('',(569.8,371.,283.6913753679));
#4941 = VECTOR('',#4942,1.);
#4942 = DIRECTION('',(0.,1.,0.));
#4943 = ORIENTED_EDGE('',*,*,#4944,.F.);
#4944 = EDGE_CURVE('',#4945,#4937,#4947,.T.);
#4945 = VERTEX_POINT('',#4946);
#4946 = CARTESIAN_POINT('',(30.2,389.,283.6913753679));
#4947 = LINE('',#4948,#4949);
#4948 = CARTESIAN_POINT('',(30.2,389.,283.6913753679));
#4949 = VECTOR('',#4950,1.);
#4950 = DIRECTION('',(1.,0.,0.));
#4951 = ORIENTED_EDGE('',*,*,#4952,.F.);
#4952 = EDGE_CURVE('',#4927,#4945,#4953,.T.);
#4953 = LINE('',#4954,#4955);
#4954 = CARTESIAN_POINT('',(30.2,371.,283.6913753679));
#4955 = VECTOR('',#4956,1.);
#4956 = DIRECTION('',(0.,1.,0.));
#4957 = PLANE('',#4958);
#4958 = AXIS2_PLACEMENT_3D('',#4959,#4960,#4961);
#4959 = CARTESIAN_POINT('',(30.2,371.,283.6913753679));
#4960 = DIRECTION('',(0.,0.,1.));
#4961 = DIRECTION('',(0.,1.,0.));
#4962 = ADVANCED_FACE('',(#4963),#4988,.F.);
#4963 = FACE_BOUND('',#4964,.F.);
#4964 = EDGE_LOOP('',(#4965,#4966,#4974,#4982));
#4965 = ORIENTED_EDGE('',*,*,#4944,.T.);
#4966 = ORIENTED_EDGE('',*,*,#4967,.T.);
#4967 = EDGE_CURVE('',#4937,#4968,#4970,.T.);
#4968 = VERTEX_POINT('',#4969);
#4969 = CARTESIAN_POINT('',(569.8,389.,365.26320635381));
#4970 = LINE('',#4971,#4972);
#4971 = CARTESIAN_POINT('',(569.8,389.,283.6913753679));
#4972 = VECTOR('',#4973,1.);
#4973 = DIRECTION('',(0.,0.,1.));
#4974 = ORIENTED_EDGE('',*,*,#4975,.F.);
#4975 = EDGE_CURVE('',#4976,#4968,#4978,.T.);
#4976 = VERTEX_POINT('',#4977);
#4977 = CARTESIAN_POINT('',(30.2,389.,365.26320635381));
#4978 = LINE('',#4979,#4980);
#4979 = CARTESIAN_POINT('',(30.2,389.,365.26320635381));
#4980 = VECTOR('',#4981,1.);
#4981 = DIRECTION('',(1.,0.,0.));
#4982 = ORIENTED_EDGE('',*,*,#4983,.F.);
#4983 = EDGE_CURVE('',#4945,#4976,#4984,.T.);
#4984 = LINE('',#4985,#4986);
#4985 = CARTESIAN_POINT('',(30.2,389.,283.6913753679));
#4986 = VECTOR('',#4987,1.);
#4987 = DIRECTION('',(0.,0.,1.));
#4988 = PLANE('',#4989);
#4989 = AXIS2_PLACEMENT_3D('',#4990,#4991,#4992);
#4990 = CARTESIAN_POINT('',(30.2,389.,283.6913753679));
#4991 = DIRECTION('',(0.,-1.,0.));
#4992 = DIRECTION('',(0.,0.,1.));
#4993 = ADVANCED_FACE('',(#4994),#5019,.F.);
#4994 = FACE_BOUND('',#4995,.F.);
#4995 = EDGE_LOOP('',(#4996,#4997,#5005,#5013));
#4996 = ORIENTED_EDGE('',*,*,#4975,.T.);
#4997 = ORIENTED_EDGE('',*,*,#4998,.T.);
#4998 = EDGE_CURVE('',#4968,#4999,#5001,.T.);
#4999 = VERTEX_POINT('',#5000);
#5000 = CARTESIAN_POINT('',(569.8,371.,362.11954438198));
#5001 = LINE('',#5002,#5003);
#5002 = CARTESIAN_POINT('',(569.8,389.,365.26320635381));
#5003 = VECTOR('',#5004,1.);
#5004 = DIRECTION('',(0.,-0.985089306859,-0.172043766268));
#5005 = ORIENTED_EDGE('',*,*,#5006,.F.);
#5006 = EDGE_CURVE('',#5007,#4999,#5009,.T.);
#5007 = VERTEX_POINT('',#5008);
#5008 = CARTESIAN_POINT('',(30.2,371.,362.11954438198));
#5009 = LINE('',#5010,#5011);
#5010 = CARTESIAN_POINT('',(30.2,371.,362.11954438198));
#5011 = VECTOR('',#5012,1.);
#5012 = DIRECTION('',(1.,0.,0.));
#5013 = ORIENTED_EDGE('',*,*,#5014,.F.);
#5014 = EDGE_CURVE('',#4976,#5007,#5015,.T.);
#5015 = LINE('',#5016,#5017);
#5016 = CARTESIAN_POINT('',(30.2,389.,365.26320635381));
#5017 = VECTOR('',#5018,1.);
#5018 = DIRECTION('',(0.,-0.985089306859,-0.172043766268));
#5019 = PLANE('',#5020);
#5020 = AXIS2_PLACEMENT_3D('',#5021,#5022,#5023);
#5021 = CARTESIAN_POINT('',(30.2,389.,365.26320635381));
#5022 = DIRECTION('',(0.,0.172043766268,-0.985089306859));
#5023 = DIRECTION('',(0.,-0.985089306859,-0.172043766268));
#5024 = ADVANCED_FACE('',(#5025),#5041,.F.);
#5025 = FACE_BOUND('',#5026,.F.);
#5026 = EDGE_LOOP('',(#5027,#5028,#5034,#5035));
#5027 = ORIENTED_EDGE('',*,*,#5006,.T.);
#5028 = ORIENTED_EDGE('',*,*,#5029,.T.);
#5029 = EDGE_CURVE('',#4999,#4929,#5030,.T.);
#5030 = LINE('',#5031,#5032);
#5031 = CARTESIAN_POINT('',(569.8,371.,362.11954438198));
#5032 = VECTOR('',#5033,1.);
#5033 = DIRECTION('',(0.,0.,-1.));
#5034 = ORIENTED_EDGE('',*,*,#4926,.F.);
#5035 = ORIENTED_EDGE('',*,*,#5036,.F.);
#5036 = EDGE_CURVE('',#5007,#4927,#5037,.T.);
#5037 = LINE('',#5038,#5039);
#5038 = CARTESIAN_POINT('',(30.2,371.,362.11954438198));
#5039 = VECTOR('',#5040,1.);
#5040 = DIRECTION('',(0.,0.,-1.));
#5041 = PLANE('',#5042);
#5042 = AXIS2_PLACEMENT_3D('',#5043,#5044,#5045);
#5043 = CARTESIAN_POINT('',(30.2,371.,362.11954438198));
#5044 = DIRECTION('',(0.,1.,0.));
#5045 = DIRECTION('',(0.,0.,-1.));
#5046 = ADVANCED_FACE('',(#5047),#5053,.F.);
#5047 = FACE_BOUND('',#5048,.F.);
#5048 = EDGE_LOOP('',(#5049,#5050,#5051,#5052));
#5049 = ORIENTED_EDGE('',*,*,#4952,.T.);
#5050 = ORIENTED_EDGE('',*,*,#4983,.T.);
#5051 = ORIENTED_EDGE('',*,*,#5014,.T.);
#5052 = ORIENTED_EDGE('',*,*,#5036,.T.);
#5053 = PLANE('',#5054);
#5054 = AXIS2_PLACEMENT_3D('',#5055,#5056,#5057);
#5055 = CARTESIAN_POINT('',(30.2,380.14415144372,323.75948911014));
#5056 = DIRECTION('',(1.,0.,0.));
#5057 = DIRECTION('',(0.,0.,1.));
#5058 = ADVANCED_FACE('',(#5059),#5065,.T.);
#5059 = FACE_BOUND('',#5060,.T.);
#5060 = EDGE_LOOP('',(#5061,#5062,#5063,#5064));
#5061 = ORIENTED_EDGE('',*,*,#4936,.T.);
#5062 = ORIENTED_EDGE('',*,*,#4967,.T.);
#5063 = ORIENTED_EDGE('',*,*,#4998,.T.);
#5064 = ORIENTED_EDGE('',*,*,#5029,.T.);
#5065 = PLANE('',#5066);
#5066 = AXIS2_PLACEMENT_3D('',#5067,#5068,#5069);
#5067 = CARTESIAN_POINT('',(569.8,380.14415144372,323.75948911014));
#5068 = DIRECTION('',(1.,0.,0.));
#5069 = DIRECTION('',(0.,0.,1.));
#5070 = MANIFOLD_SOLID_BREP('',#5071);
#5071 = CLOSED_SHELL('',(#5072,#5222,#5253,#5309,#5333,#5350,#5375,#5400
    ,#5425,#5450,#5475,#5500,#5525,#5550,#5575,#5600,#5665,#5689,#5713,
    #5730));
#5072 = ADVANCED_FACE('',(#5073,#5107,#5118,#5129,#5140,#5151,#5162,
    #5173,#5184,#5195,#5206),#5217,.F.);
#5073 = FACE_BOUND('',#5074,.F.);
#5074 = EDGE_LOOP('',(#5075,#5085,#5093,#5101));
#5075 = ORIENTED_EDGE('',*,*,#5076,.F.);
#5076 = EDGE_CURVE('',#5077,#5079,#5081,.T.);
#5077 = VERTEX_POINT('',#5078);
#5078 = CARTESIAN_POINT('',(18.,350.,238.6913753679));
#5079 = VERTEX_POINT('',#5080);
#5080 = CARTESIAN_POINT('',(18.,350.,383.6913753679));
#5081 = LINE('',#5082,#5083);
#5082 = CARTESIAN_POINT('',(18.,350.,238.6913753679));
#5083 = VECTOR('',#5084,1.);
#5084 = DIRECTION('',(0.,0.,1.));
#5085 = ORIENTED_EDGE('',*,*,#5086,.T.);
#5086 = EDGE_CURVE('',#5077,#5087,#5089,.T.);
#5087 = VERTEX_POINT('',#5088);
#5088 = CARTESIAN_POINT('',(18.,410.,238.6913753679));
#5089 = LINE('',#5090,#5091);
#5090 = CARTESIAN_POINT('',(18.,350.,238.6913753679));
#5091 = VECTOR('',#5092,1.);
#5092 = DIRECTION('',(0.,1.,0.));
#5093 = ORIENTED_EDGE('',*,*,#5094,.T.);
#5094 = EDGE_CURVE('',#5087,#5095,#5097,.T.);
#5095 = VERTEX_POINT('',#5096);
#5096 = CARTESIAN_POINT('',(18.,410.,383.6913753679));
#5097 = LINE('',#5098,#5099);
#5098 = CARTESIAN_POINT('',(18.,410.,238.6913753679));
#5099 = VECTOR('',#5100,1.);
#5100 = DIRECTION('',(0.,0.,1.));
#5101 = ORIENTED_EDGE('',*,*,#5102,.F.);
#5102 = EDGE_CURVE('',#5079,#5095,#5103,.T.);
#5103 = LINE('',#5104,#5105);
#5104 = CARTESIAN_POINT('',(18.,350.,383.6913753679));
#5105 = VECTOR('',#5106,1.);
#5106 = DIRECTION('',(0.,1.,0.));
#5107 = FACE_BOUND('',#5108,.F.);
#5108 = EDGE_LOOP('',(#5109));
#5109 = ORIENTED_EDGE('',*,*,#5110,.F.);
#5110 = EDGE_CURVE('',#5111,#5111,#5113,.T.);
#5111 = VERTEX_POINT('',#5112);
#5112 = CARTESIAN_POINT('',(18.,400.,254.4413753679));
#5113 = CIRCLE('',#5114,2.75);
#5114 = AXIS2_PLACEMENT_3D('',#5115,#5116,#5117);
#5115 = CARTESIAN_POINT('',(18.,400.,251.6913753679));
#5116 = DIRECTION('',(1.,0.,-0.));
#5117 = DIRECTION('',(0.,0.,1.));
#5118 = FACE_BOUND('',#5119,.F.);
#5119 = EDGE_LOOP('',(#5120));
#5120 = ORIENTED_EDGE('',*,*,#5121,.F.);
#5121 = EDGE_CURVE('',#5122,#5122,#5124,.T.);
#5122 = VERTEX_POINT('',#5123);
#5123 = CARTESIAN_POINT('',(18.,400.,264.4413753679));
#5124 = CIRCLE('',#5125,2.75);
#5125 = AXIS2_PLACEMENT_3D('',#5126,#5127,#5128);
#5126 = CARTESIAN_POINT('',(18.,400.,261.6913753679));
#5127 = DIRECTION('',(1.,0.,-0.));
#5128 = DIRECTION('',(0.,0.,1.));
#5129 = FACE_BOUND('',#5130,.F.);
#5130 = EDGE_LOOP('',(#5131));
#5131 = ORIENTED_EDGE('',*,*,#5132,.F.);
#5132 = EDGE_CURVE('',#5133,#5133,#5135,.T.);
#5133 = VERTEX_POINT('',#5134);
#5134 = CARTESIAN_POINT('',(18.,400.,274.4413753679));
#5135 = CIRCLE('',#5136,2.75);
#5136 = AXIS2_PLACEMENT_3D('',#5137,#5138,#5139);
#5137 = CARTESIAN_POINT('',(18.,400.,271.6913753679));
#5138 = DIRECTION('',(1.,0.,-0.));
#5139 = DIRECTION('',(0.,0.,1.));
#5140 = FACE_BOUND('',#5141,.F.);
#5141 = EDGE_LOOP('',(#5142));
#5142 = ORIENTED_EDGE('',*,*,#5143,.F.);
#5143 = EDGE_CURVE('',#5144,#5144,#5146,.T.);
#5144 = VERTEX_POINT('',#5145);
#5145 = CARTESIAN_POINT('',(18.,402.,306.4413753679));
#5146 = CIRCLE('',#5147,2.75);
#5147 = AXIS2_PLACEMENT_3D('',#5148,#5149,#5150);
#5148 = CARTESIAN_POINT('',(18.,402.,303.6913753679));
#5149 = DIRECTION('',(1.,0.,-0.));
#5150 = DIRECTION('',(0.,0.,1.));
#5151 = FACE_BOUND('',#5152,.F.);
#5152 = EDGE_LOOP('',(#5153));
#5153 = ORIENTED_EDGE('',*,*,#5154,.F.);
#5154 = EDGE_CURVE('',#5155,#5155,#5157,.T.);
#5155 = VERTEX_POINT('',#5156);
#5156 = CARTESIAN_POINT('',(18.,402.,361.4413753679));
#5157 = CIRCLE('',#5158,2.75);
#5158 = AXIS2_PLACEMENT_3D('',#5159,#5160,#5161);
#5159 = CARTESIAN_POINT('',(18.,402.,358.6913753679));
#5160 = DIRECTION('',(1.,0.,-0.));
#5161 = DIRECTION('',(0.,0.,1.));
#5162 = FACE_BOUND('',#5163,.F.);
#5163 = EDGE_LOOP('',(#5164));
#5164 = ORIENTED_EDGE('',*,*,#5165,.F.);
#5165 = EDGE_CURVE('',#5166,#5166,#5168,.T.);
#5166 = VERTEX_POINT('',#5167);
#5167 = CARTESIAN_POINT('',(18.,360.,254.4413753679));
#5168 = CIRCLE('',#5169,2.75);
#5169 = AXIS2_PLACEMENT_3D('',#5170,#5171,#5172);
#5170 = CARTESIAN_POINT('',(18.,360.,251.6913753679));
#5171 = DIRECTION('',(1.,0.,-0.));
#5172 = DIRECTION('',(0.,0.,1.));
#5173 = FACE_BOUND('',#5174,.F.);
#5174 = EDGE_LOOP('',(#5175));
#5175 = ORIENTED_EDGE('',*,*,#5176,.F.);
#5176 = EDGE_CURVE('',#5177,#5177,#5179,.T.);
#5177 = VERTEX_POINT('',#5178);
#5178 = CARTESIAN_POINT('',(18.,360.,264.4413753679));
#5179 = CIRCLE('',#5180,2.75);
#5180 = AXIS2_PLACEMENT_3D('',#5181,#5182,#5183);
#5181 = CARTESIAN_POINT('',(18.,360.,261.6913753679));
#5182 = DIRECTION('',(1.,0.,-0.));
#5183 = DIRECTION('',(0.,0.,1.));
#5184 = FACE_BOUND('',#5185,.F.);
#5185 = EDGE_LOOP('',(#5186));
#5186 = ORIENTED_EDGE('',*,*,#5187,.F.);
#5187 = EDGE_CURVE('',#5188,#5188,#5190,.T.);
#5188 = VERTEX_POINT('',#5189);
#5189 = CARTESIAN_POINT('',(18.,360.,274.4413753679));
#5190 = CIRCLE('',#5191,2.75);
#5191 = AXIS2_PLACEMENT_3D('',#5192,#5193,#5194);
#5192 = CARTESIAN_POINT('',(18.,360.,271.6913753679));
#5193 = DIRECTION('',(1.,0.,-0.));
#5194 = DIRECTION('',(0.,0.,1.));
#5195 = FACE_BOUND('',#5196,.F.);
#5196 = EDGE_LOOP('',(#5197));
#5197 = ORIENTED_EDGE('',*,*,#5198,.F.);
#5198 = EDGE_CURVE('',#5199,#5199,#5201,.T.);
#5199 = VERTEX_POINT('',#5200);
#5200 = CARTESIAN_POINT('',(18.,358.,306.4413753679));
#5201 = CIRCLE('',#5202,2.75);
#5202 = AXIS2_PLACEMENT_3D('',#5203,#5204,#5205);
#5203 = CARTESIAN_POINT('',(18.,358.,303.6913753679));
#5204 = DIRECTION('',(1.,0.,-0.));
#5205 = DIRECTION('',(0.,0.,1.));
#5206 = FACE_BOUND('',#5207,.F.);
#5207 = EDGE_LOOP('',(#5208));
#5208 = ORIENTED_EDGE('',*,*,#5209,.F.);
#5209 = EDGE_CURVE('',#5210,#5210,#5212,.T.);
#5210 = VERTEX_POINT('',#5211);
#5211 = CARTESIAN_POINT('',(18.,358.,361.4413753679));
#5212 = CIRCLE('',#5213,2.75);
#5213 = AXIS2_PLACEMENT_3D('',#5214,#5215,#5216);
#5214 = CARTESIAN_POINT('',(18.,358.,358.6913753679));
#5215 = DIRECTION('',(1.,0.,-0.));
#5216 = DIRECTION('',(0.,0.,1.));
#5217 = PLANE('',#5218);
#5218 = AXIS2_PLACEMENT_3D('',#5219,#5220,#5221);
#5219 = CARTESIAN_POINT('',(18.,350.,238.6913753679));
#5220 = DIRECTION('',(1.,0.,0.));
#5221 = DIRECTION('',(0.,0.,1.));
#5222 = ADVANCED_FACE('',(#5223),#5248,.F.);
#5223 = FACE_BOUND('',#5224,.F.);
#5224 = EDGE_LOOP('',(#5225,#5233,#5234,#5242));
#5225 = ORIENTED_EDGE('',*,*,#5226,.F.);
#5226 = EDGE_CURVE('',#5077,#5227,#5229,.T.);
#5227 = VERTEX_POINT('',#5228);
#5228 = CARTESIAN_POINT('',(36.,350.,238.6913753679));
#5229 = LINE('',#5230,#5231);
#5230 = CARTESIAN_POINT('',(18.,350.,238.6913753679));
#5231 = VECTOR('',#5232,1.);
#5232 = DIRECTION('',(1.,0.,0.));
#5233 = ORIENTED_EDGE('',*,*,#5076,.T.);
#5234 = ORIENTED_EDGE('',*,*,#5235,.T.);
#5235 = EDGE_CURVE('',#5079,#5236,#5238,.T.);
#5236 = VERTEX_POINT('',#5237);
#5237 = CARTESIAN_POINT('',(36.,350.,383.6913753679));
#5238 = LINE('',#5239,#5240);
#5239 = CARTESIAN_POINT('',(18.,350.,383.6913753679));
#5240 = VECTOR('',#5241,1.);
#5241 = DIRECTION('',(1.,0.,0.));
#5242 = ORIENTED_EDGE('',*,*,#5243,.F.);
#5243 = EDGE_CURVE('',#5227,#5236,#5244,.T.);
#5244 = LINE('',#5245,#5246);
#5245 = CARTESIAN_POINT('',(36.,350.,238.6913753679));
#5246 = VECTOR('',#5247,1.);
#5247 = DIRECTION('',(0.,0.,1.));
#5248 = PLANE('',#5249);
#5249 = AXIS2_PLACEMENT_3D('',#5250,#5251,#5252);
#5250 = CARTESIAN_POINT('',(18.,350.,238.6913753679));
#5251 = DIRECTION('',(0.,1.,0.));
#5252 = DIRECTION('',(0.,0.,1.));
#5253 = ADVANCED_FACE('',(#5254),#5304,.T.);
#5254 = FACE_BOUND('',#5255,.T.);
#5255 = EDGE_LOOP('',(#5256,#5264,#5265,#5266,#5274,#5282,#5290,#5298));
#5256 = ORIENTED_EDGE('',*,*,#5257,.F.);
#5257 = EDGE_CURVE('',#5095,#5258,#5260,.T.);
#5258 = VERTEX_POINT('',#5259);
#5259 = CARTESIAN_POINT('',(36.,410.,383.6913753679));
#5260 = LINE('',#5261,#5262);
#5261 = CARTESIAN_POINT('',(18.,410.,383.6913753679));
#5262 = VECTOR('',#5263,1.);
#5263 = DIRECTION('',(1.,0.,0.));
#5264 = ORIENTED_EDGE('',*,*,#5102,.F.);
#5265 = ORIENTED_EDGE('',*,*,#5235,.T.);
#5266 = ORIENTED_EDGE('',*,*,#5267,.T.);
#5267 = EDGE_CURVE('',#5236,#5268,#5270,.T.);
#5268 = VERTEX_POINT('',#5269);
#5269 = CARTESIAN_POINT('',(36.,370.8,383.6913753679));
#5270 = LINE('',#5271,#5272);
#5271 = CARTESIAN_POINT('',(36.,350.,383.6913753679));
#5272 = VECTOR('',#5273,1.);
#5273 = DIRECTION('',(0.,1.,0.));
#5274 = ORIENTED_EDGE('',*,*,#5275,.T.);
#5275 = EDGE_CURVE('',#5268,#5276,#5278,.T.);
#5276 = VERTEX_POINT('',#5277);
#5277 = CARTESIAN_POINT('',(30.,370.8,383.6913753679));
#5278 = LINE('',#5279,#5280);
#5279 = CARTESIAN_POINT('',(24.,370.8,383.6913753679));
#5280 = VECTOR('',#5281,1.);
#5281 = DIRECTION('',(-1.,0.,0.));
#5282 = ORIENTED_EDGE('',*,*,#5283,.T.);
#5283 = EDGE_CURVE('',#5276,#5284,#5286,.T.);
#5284 = VERTEX_POINT('',#5285);
#5285 = CARTESIAN_POINT('',(30.,389.2,383.6913753679));
#5286 = LINE('',#5287,#5288);
#5287 = CARTESIAN_POINT('',(30.,360.4,383.6913753679));
#5288 = VECTOR('',#5289,1.);
#5289 = DIRECTION('',(0.,1.,0.));
#5290 = ORIENTED_EDGE('',*,*,#5291,.F.);
#5291 = EDGE_CURVE('',#5292,#5284,#5294,.T.);
#5292 = VERTEX_POINT('',#5293);
#5293 = CARTESIAN_POINT('',(36.,389.2,383.6913753679));
#5294 = LINE('',#5295,#5296);
#5295 = CARTESIAN_POINT('',(24.,389.2,383.6913753679));
#5296 = VECTOR('',#5297,1.);
#5297 = DIRECTION('',(-1.,0.,0.));
#5298 = ORIENTED_EDGE('',*,*,#5299,.T.);
#5299 = EDGE_CURVE('',#5292,#5258,#5300,.T.);
#5300 = LINE('',#5301,#5302);
#5301 = CARTESIAN_POINT('',(36.,350.,383.6913753679));
#5302 = VECTOR('',#5303,1.);
#5303 = DIRECTION('',(0.,1.,0.));
#5304 = PLANE('',#5305);
#5305 = AXIS2_PLACEMENT_3D('',#5306,#5307,#5308);
#5306 = CARTESIAN_POINT('',(18.,350.,383.6913753679));
#5307 = DIRECTION('',(0.,0.,1.));
#5308 = DIRECTION('',(1.,0.,0.));
#5309 = ADVANCED_FACE('',(#5310),#5328,.F.);
#5310 = FACE_BOUND('',#5311,.F.);
#5311 = EDGE_LOOP('',(#5312,#5313,#5314,#5322));
#5312 = ORIENTED_EDGE('',*,*,#5086,.F.);
#5313 = ORIENTED_EDGE('',*,*,#5226,.T.);
#5314 = ORIENTED_EDGE('',*,*,#5315,.T.);
#5315 = EDGE_CURVE('',#5227,#5316,#5318,.T.);
#5316 = VERTEX_POINT('',#5317);
#5317 = CARTESIAN_POINT('',(36.,410.,238.6913753679));
#5318 = LINE('',#5319,#5320);
#5319 = CARTESIAN_POINT('',(36.,350.,238.6913753679));
#5320 = VECTOR('',#5321,1.);
#5321 = DIRECTION('',(0.,1.,0.));
#5322 = ORIENTED_EDGE('',*,*,#5323,.F.);
#5323 = EDGE_CURVE('',#5087,#5316,#5324,.T.);
#5324 = LINE('',#5325,#5326);
#5325 = CARTESIAN_POINT('',(18.,410.,238.6913753679));
#5326 = VECTOR('',#5327,1.);
#5327 = DIRECTION('',(1.,0.,0.));
#5328 = PLANE('',#5329);
#5329 = AXIS2_PLACEMENT_3D('',#5330,#5331,#5332);
#5330 = CARTESIAN_POINT('',(18.,350.,238.6913753679));
#5331 = DIRECTION('',(0.,0.,1.));
#5332 = DIRECTION('',(1.,0.,0.));
#5333 = ADVANCED_FACE('',(#5334),#5345,.T.);
#5334 = FACE_BOUND('',#5335,.T.);
#5335 = EDGE_LOOP('',(#5336,#5337,#5338,#5339));
#5336 = ORIENTED_EDGE('',*,*,#5323,.F.);
#5337 = ORIENTED_EDGE('',*,*,#5094,.T.);
#5338 = ORIENTED_EDGE('',*,*,#5257,.T.);
#5339 = ORIENTED_EDGE('',*,*,#5340,.F.);
#5340 = EDGE_CURVE('',#5316,#5258,#5341,.T.);
#5341 = LINE('',#5342,#5343);
#5342 = CARTESIAN_POINT('',(36.,410.,238.6913753679));
#5343 = VECTOR('',#5344,1.);
#5344 = DIRECTION('',(0.,0.,1.));
#5345 = PLANE('',#5346);
#5346 = AXIS2_PLACEMENT_3D('',#5347,#5348,#5349);
#5347 = CARTESIAN_POINT('',(18.,410.,238.6913753679));
#5348 = DIRECTION('',(0.,1.,0.));
#5349 = DIRECTION('',(0.,0.,1.));
#5350 = ADVANCED_FACE('',(#5351),#5370,.F.);
#5351 = FACE_BOUND('',#5352,.F.);
#5352 = EDGE_LOOP('',(#5353,#5362,#5368,#5369));
#5353 = ORIENTED_EDGE('',*,*,#5354,.F.);
#5354 = EDGE_CURVE('',#5355,#5355,#5357,.T.);
#5355 = VERTEX_POINT('',#5356);
#5356 = CARTESIAN_POINT('',(36.,400.,254.4413753679));
#5357 = CIRCLE('',#5358,2.75);
#5358 = AXIS2_PLACEMENT_3D('',#5359,#5360,#5361);
#5359 = CARTESIAN_POINT('',(36.,400.,251.6913753679));
#5360 = DIRECTION('',(1.,0.,-0.));
#5361 = DIRECTION('',(0.,0.,1.));
#5362 = ORIENTED_EDGE('',*,*,#5363,.F.);
#5363 = EDGE_CURVE('',#5111,#5355,#5364,.T.);
#5364 = LINE('',#5365,#5366);
#5365 = CARTESIAN_POINT('',(17.,400.,254.4413753679));
#5366 = VECTOR('',#5367,1.);
#5367 = DIRECTION('',(1.,0.,0.));
#5368 = ORIENTED_EDGE('',*,*,#5110,.T.);
#5369 = ORIENTED_EDGE('',*,*,#5363,.T.);
#5370 = CYLINDRICAL_SURFACE('',#5371,2.75);
#5371 = AXIS2_PLACEMENT_3D('',#5372,#5373,#5374);
#5372 = CARTESIAN_POINT('',(17.,400.,251.6913753679));
#5373 = DIRECTION('',(1.,0.,0.));
#5374 = DIRECTION('',(0.,0.,1.));
#5375 = ADVANCED_FACE('',(#5376),#5395,.F.);
#5376 = FACE_BOUND('',#5377,.F.);
#5377 = EDGE_LOOP('',(#5378,#5387,#5393,#5394));
#5378 = ORIENTED_EDGE('',*,*,#5379,.F.);
#5379 = EDGE_CURVE('',#5380,#5380,#5382,.T.);
#5380 = VERTEX_POINT('',#5381);
#5381 = CARTESIAN_POINT('',(36.,400.,264.4413753679));
#5382 = CIRCLE('',#5383,2.75);
#5383 = AXIS2_PLACEMENT_3D('',#5384,#5385,#5386);
#5384 = CARTESIAN_POINT('',(36.,400.,261.6913753679));
#5385 = DIRECTION('',(1.,0.,-0.));
#5386 = DIRECTION('',(0.,0.,1.));
#5387 = ORIENTED_EDGE('',*,*,#5388,.F.);
#5388 = EDGE_CURVE('',#5122,#5380,#5389,.T.);
#5389 = LINE('',#5390,#5391);
#5390 = CARTESIAN_POINT('',(17.,400.,264.4413753679));
#5391 = VECTOR('',#5392,1.);
#5392 = DIRECTION('',(1.,0.,0.));
#5393 = ORIENTED_EDGE('',*,*,#5121,.T.);
#5394 = ORIENTED_EDGE('',*,*,#5388,.T.);
#5395 = CYLINDRICAL_SURFACE('',#5396,2.75);
#5396 = AXIS2_PLACEMENT_3D('',#5397,#5398,#5399);
#5397 = CARTESIAN_POINT('',(17.,400.,261.6913753679));
#5398 = DIRECTION('',(1.,0.,0.));
#5399 = DIRECTION('',(0.,0.,1.));
#5400 = ADVANCED_FACE('',(#5401),#5420,.F.);
#5401 = FACE_BOUND('',#5402,.F.);
#5402 = EDGE_LOOP('',(#5403,#5412,#5418,#5419));
#5403 = ORIENTED_EDGE('',*,*,#5404,.F.);
#5404 = EDGE_CURVE('',#5405,#5405,#5407,.T.);
#5405 = VERTEX_POINT('',#5406);
#5406 = CARTESIAN_POINT('',(36.,400.,274.4413753679));
#5407 = CIRCLE('',#5408,2.75);
#5408 = AXIS2_PLACEMENT_3D('',#5409,#5410,#5411);
#5409 = CARTESIAN_POINT('',(36.,400.,271.6913753679));
#5410 = DIRECTION('',(1.,0.,-0.));
#5411 = DIRECTION('',(0.,0.,1.));
#5412 = ORIENTED_EDGE('',*,*,#5413,.F.);
#5413 = EDGE_CURVE('',#5133,#5405,#5414,.T.);
#5414 = LINE('',#5415,#5416);
#5415 = CARTESIAN_POINT('',(17.,400.,274.4413753679));
#5416 = VECTOR('',#5417,1.);
#5417 = DIRECTION('',(1.,0.,0.));
#5418 = ORIENTED_EDGE('',*,*,#5132,.T.);
#5419 = ORIENTED_EDGE('',*,*,#5413,.T.);
#5420 = CYLINDRICAL_SURFACE('',#5421,2.75);
#5421 = AXIS2_PLACEMENT_3D('',#5422,#5423,#5424);
#5422 = CARTESIAN_POINT('',(17.,400.,271.6913753679));
#5423 = DIRECTION('',(1.,0.,0.));
#5424 = DIRECTION('',(0.,0.,1.));
#5425 = ADVANCED_FACE('',(#5426),#5445,.F.);
#5426 = FACE_BOUND('',#5427,.F.);
#5427 = EDGE_LOOP('',(#5428,#5437,#5443,#5444));
#5428 = ORIENTED_EDGE('',*,*,#5429,.F.);
#5429 = EDGE_CURVE('',#5430,#5430,#5432,.T.);
#5430 = VERTEX_POINT('',#5431);
#5431 = CARTESIAN_POINT('',(36.,402.,306.4413753679));
#5432 = CIRCLE('',#5433,2.75);
#5433 = AXIS2_PLACEMENT_3D('',#5434,#5435,#5436);
#5434 = CARTESIAN_POINT('',(36.,402.,303.6913753679));
#5435 = DIRECTION('',(1.,0.,-0.));
#5436 = DIRECTION('',(0.,0.,1.));
#5437 = ORIENTED_EDGE('',*,*,#5438,.F.);
#5438 = EDGE_CURVE('',#5144,#5430,#5439,.T.);
#5439 = LINE('',#5440,#5441);
#5440 = CARTESIAN_POINT('',(17.,402.,306.4413753679));
#5441 = VECTOR('',#5442,1.);
#5442 = DIRECTION('',(1.,0.,0.));
#5443 = ORIENTED_EDGE('',*,*,#5143,.T.);
#5444 = ORIENTED_EDGE('',*,*,#5438,.T.);
#5445 = CYLINDRICAL_SURFACE('',#5446,2.75);
#5446 = AXIS2_PLACEMENT_3D('',#5447,#5448,#5449);
#5447 = CARTESIAN_POINT('',(17.,402.,303.6913753679));
#5448 = DIRECTION('',(1.,0.,0.));
#5449 = DIRECTION('',(0.,0.,1.));
#5450 = ADVANCED_FACE('',(#5451),#5470,.F.);
#5451 = FACE_BOUND('',#5452,.F.);
#5452 = EDGE_LOOP('',(#5453,#5462,#5468,#5469));
#5453 = ORIENTED_EDGE('',*,*,#5454,.F.);
#5454 = EDGE_CURVE('',#5455,#5455,#5457,.T.);
#5455 = VERTEX_POINT('',#5456);
#5456 = CARTESIAN_POINT('',(36.,402.,361.4413753679));
#5457 = CIRCLE('',#5458,2.75);
#5458 = AXIS2_PLACEMENT_3D('',#5459,#5460,#5461);
#5459 = CARTESIAN_POINT('',(36.,402.,358.6913753679));
#5460 = DIRECTION('',(1.,0.,-0.));
#5461 = DIRECTION('',(0.,0.,1.));
#5462 = ORIENTED_EDGE('',*,*,#5463,.F.);
#5463 = EDGE_CURVE('',#5155,#5455,#5464,.T.);
#5464 = LINE('',#5465,#5466);
#5465 = CARTESIAN_POINT('',(17.,402.,361.4413753679));
#5466 = VECTOR('',#5467,1.);
#5467 = DIRECTION('',(1.,0.,0.));
#5468 = ORIENTED_EDGE('',*,*,#5154,.T.);
#5469 = ORIENTED_EDGE('',*,*,#5463,.T.);
#5470 = CYLINDRICAL_SURFACE('',#5471,2.75);
#5471 = AXIS2_PLACEMENT_3D('',#5472,#5473,#5474);
#5472 = CARTESIAN_POINT('',(17.,402.,358.6913753679));
#5473 = DIRECTION('',(1.,0.,0.));
#5474 = DIRECTION('',(0.,0.,1.));
#5475 = ADVANCED_FACE('',(#5476),#5495,.F.);
#5476 = FACE_BOUND('',#5477,.F.);
#5477 = EDGE_LOOP('',(#5478,#5487,#5493,#5494));
#5478 = ORIENTED_EDGE('',*,*,#5479,.F.);
#5479 = EDGE_CURVE('',#5480,#5480,#5482,.T.);
#5480 = VERTEX_POINT('',#5481);
#5481 = CARTESIAN_POINT('',(36.,360.,254.4413753679));
#5482 = CIRCLE('',#5483,2.75);
#5483 = AXIS2_PLACEMENT_3D('',#5484,#5485,#5486);
#5484 = CARTESIAN_POINT('',(36.,360.,251.6913753679));
#5485 = DIRECTION('',(1.,0.,-0.));
#5486 = DIRECTION('',(0.,0.,1.));
#5487 = ORIENTED_EDGE('',*,*,#5488,.F.);
#5488 = EDGE_CURVE('',#5166,#5480,#5489,.T.);
#5489 = LINE('',#5490,#5491);
#5490 = CARTESIAN_POINT('',(17.,360.,254.4413753679));
#5491 = VECTOR('',#5492,1.);
#5492 = DIRECTION('',(1.,0.,0.));
#5493 = ORIENTED_EDGE('',*,*,#5165,.T.);
#5494 = ORIENTED_EDGE('',*,*,#5488,.T.);
#5495 = CYLINDRICAL_SURFACE('',#5496,2.75);
#5496 = AXIS2_PLACEMENT_3D('',#5497,#5498,#5499);
#5497 = CARTESIAN_POINT('',(17.,360.,251.6913753679));
#5498 = DIRECTION('',(1.,0.,0.));
#5499 = DIRECTION('',(0.,0.,1.));
#5500 = ADVANCED_FACE('',(#5501),#5520,.F.);
#5501 = FACE_BOUND('',#5502,.F.);
#5502 = EDGE_LOOP('',(#5503,#5512,#5518,#5519));
#5503 = ORIENTED_EDGE('',*,*,#5504,.F.);
#5504 = EDGE_CURVE('',#5505,#5505,#5507,.T.);
#5505 = VERTEX_POINT('',#5506);
#5506 = CARTESIAN_POINT('',(36.,360.,264.4413753679));
#5507 = CIRCLE('',#5508,2.75);
#5508 = AXIS2_PLACEMENT_3D('',#5509,#5510,#5511);
#5509 = CARTESIAN_POINT('',(36.,360.,261.6913753679));
#5510 = DIRECTION('',(1.,0.,-0.));
#5511 = DIRECTION('',(0.,0.,1.));
#5512 = ORIENTED_EDGE('',*,*,#5513,.F.);
#5513 = EDGE_CURVE('',#5177,#5505,#5514,.T.);
#5514 = LINE('',#5515,#5516);
#5515 = CARTESIAN_POINT('',(17.,360.,264.4413753679));
#5516 = VECTOR('',#5517,1.);
#5517 = DIRECTION('',(1.,0.,0.));
#5518 = ORIENTED_EDGE('',*,*,#5176,.T.);
#5519 = ORIENTED_EDGE('',*,*,#5513,.T.);
#5520 = CYLINDRICAL_SURFACE('',#5521,2.75);
#5521 = AXIS2_PLACEMENT_3D('',#5522,#5523,#5524);
#5522 = CARTESIAN_POINT('',(17.,360.,261.6913753679));
#5523 = DIRECTION('',(1.,0.,0.));
#5524 = DIRECTION('',(0.,0.,1.));
#5525 = ADVANCED_FACE('',(#5526),#5545,.F.);
#5526 = FACE_BOUND('',#5527,.F.);
#5527 = EDGE_LOOP('',(#5528,#5537,#5543,#5544));
#5528 = ORIENTED_EDGE('',*,*,#5529,.F.);
#5529 = EDGE_CURVE('',#5530,#5530,#5532,.T.);
#5530 = VERTEX_POINT('',#5531);
#5531 = CARTESIAN_POINT('',(36.,360.,274.4413753679));
#5532 = CIRCLE('',#5533,2.75);
#5533 = AXIS2_PLACEMENT_3D('',#5534,#5535,#5536);
#5534 = CARTESIAN_POINT('',(36.,360.,271.6913753679));
#5535 = DIRECTION('',(1.,0.,-0.));
#5536 = DIRECTION('',(0.,0.,1.));
#5537 = ORIENTED_EDGE('',*,*,#5538,.F.);
#5538 = EDGE_CURVE('',#5188,#5530,#5539,.T.);
#5539 = LINE('',#5540,#5541);
#5540 = CARTESIAN_POINT('',(17.,360.,274.4413753679));
#5541 = VECTOR('',#5542,1.);
#5542 = DIRECTION('',(1.,0.,0.));
#5543 = ORIENTED_EDGE('',*,*,#5187,.T.);
#5544 = ORIENTED_EDGE('',*,*,#5538,.T.);
#5545 = CYLINDRICAL_SURFACE('',#5546,2.75);
#5546 = AXIS2_PLACEMENT_3D('',#5547,#5548,#5549);
#5547 = CARTESIAN_POINT('',(17.,360.,271.6913753679));
#5548 = DIRECTION('',(1.,0.,0.));
#5549 = DIRECTION('',(0.,0.,1.));
#5550 = ADVANCED_FACE('',(#5551),#5570,.F.);
#5551 = FACE_BOUND('',#5552,.F.);
#5552 = EDGE_LOOP('',(#5553,#5562,#5568,#5569));
#5553 = ORIENTED_EDGE('',*,*,#5554,.F.);
#5554 = EDGE_CURVE('',#5555,#5555,#5557,.T.);
#5555 = VERTEX_POINT('',#5556);
#5556 = CARTESIAN_POINT('',(36.,358.,306.4413753679));
#5557 = CIRCLE('',#5558,2.75);
#5558 = AXIS2_PLACEMENT_3D('',#5559,#5560,#5561);
#5559 = CARTESIAN_POINT('',(36.,358.,303.6913753679));
#5560 = DIRECTION('',(1.,0.,-0.));
#5561 = DIRECTION('',(0.,0.,1.));
#5562 = ORIENTED_EDGE('',*,*,#5563,.F.);
#5563 = EDGE_CURVE('',#5199,#5555,#5564,.T.);
#5564 = LINE('',#5565,#5566);
#5565 = CARTESIAN_POINT('',(17.,358.,306.4413753679));
#5566 = VECTOR('',#5567,1.);
#5567 = DIRECTION('',(1.,0.,0.));
#5568 = ORIENTED_EDGE('',*,*,#5198,.T.);
#5569 = ORIENTED_EDGE('',*,*,#5563,.T.);
#5570 = CYLINDRICAL_SURFACE('',#5571,2.75);
#5571 = AXIS2_PLACEMENT_3D('',#5572,#5573,#5574);
#5572 = CARTESIAN_POINT('',(17.,358.,303.6913753679));
#5573 = DIRECTION('',(1.,0.,0.));
#5574 = DIRECTION('',(0.,0.,1.));
#5575 = ADVANCED_FACE('',(#5576),#5595,.F.);
#5576 = FACE_BOUND('',#5577,.F.);
#5577 = EDGE_LOOP('',(#5578,#5587,#5593,#5594));
#5578 = ORIENTED_EDGE('',*,*,#5579,.F.);
#5579 = EDGE_CURVE('',#5580,#5580,#5582,.T.);
#5580 = VERTEX_POINT('',#5581);
#5581 = CARTESIAN_POINT('',(36.,358.,361.4413753679));
#5582 = CIRCLE('',#5583,2.75);
#5583 = AXIS2_PLACEMENT_3D('',#5584,#5585,#5586);
#5584 = CARTESIAN_POINT('',(36.,358.,358.6913753679));
#5585 = DIRECTION('',(1.,0.,-0.));
#5586 = DIRECTION('',(0.,0.,1.));
#5587 = ORIENTED_EDGE('',*,*,#5588,.F.);
#5588 = EDGE_CURVE('',#5210,#5580,#5589,.T.);
#5589 = LINE('',#5590,#5591);
#5590 = CARTESIAN_POINT('',(17.,358.,361.4413753679));
#5591 = VECTOR('',#5592,1.);
#5592 = DIRECTION('',(1.,0.,0.));
#5593 = ORIENTED_EDGE('',*,*,#5209,.T.);
#5594 = ORIENTED_EDGE('',*,*,#5588,.T.);
#5595 = CYLINDRICAL_SURFACE('',#5596,2.75);
#5596 = AXIS2_PLACEMENT_3D('',#5597,#5598,#5599);
#5597 = CARTESIAN_POINT('',(17.,358.,358.6913753679));
#5598 = DIRECTION('',(1.,0.,0.));
#5599 = DIRECTION('',(0.,0.,1.));
#5600 = ADVANCED_FACE('',(#5601,#5630,#5633,#5636,#5639,#5642,#5645,
    #5648,#5651,#5654,#5657),#5660,.T.);
#5601 = FACE_BOUND('',#5602,.T.);
#5602 = EDGE_LOOP('',(#5603,#5604,#5605,#5606,#5607,#5608,#5616,#5624));
#5603 = ORIENTED_EDGE('',*,*,#5267,.F.);
#5604 = ORIENTED_EDGE('',*,*,#5243,.F.);
#5605 = ORIENTED_EDGE('',*,*,#5315,.T.);
#5606 = ORIENTED_EDGE('',*,*,#5340,.T.);
#5607 = ORIENTED_EDGE('',*,*,#5299,.F.);
#5608 = ORIENTED_EDGE('',*,*,#5609,.F.);
#5609 = EDGE_CURVE('',#5610,#5292,#5612,.T.);
#5610 = VERTEX_POINT('',#5611);
#5611 = CARTESIAN_POINT('',(36.,389.2,258.6913753679));
#5612 = LINE('',#5613,#5614);
#5613 = CARTESIAN_POINT('',(36.,389.2,258.6913753679));
#5614 = VECTOR('',#5615,1.);
#5615 = DIRECTION('',(0.,0.,1.));
#5616 = ORIENTED_EDGE('',*,*,#5617,.F.);
#5617 = EDGE_CURVE('',#5618,#5610,#5620,.T.);
#5618 = VERTEX_POINT('',#5619);
#5619 = CARTESIAN_POINT('',(36.,370.8,258.6913753679));
#5620 = LINE('',#5621,#5622);
#5621 = CARTESIAN_POINT('',(36.,370.8,258.6913753679));
#5622 = VECTOR('',#5623,1.);
#5623 = DIRECTION('',(0.,1.,0.));
#5624 = ORIENTED_EDGE('',*,*,#5625,.T.);
#5625 = EDGE_CURVE('',#5618,#5268,#5626,.T.);
#5626 = LINE('',#5627,#5628);
#5627 = CARTESIAN_POINT('',(36.,370.8,258.6913753679));
#5628 = VECTOR('',#5629,1.);
#5629 = DIRECTION('',(0.,0.,1.));
#5630 = FACE_BOUND('',#5631,.T.);
#5631 = EDGE_LOOP('',(#5632));
#5632 = ORIENTED_EDGE('',*,*,#5354,.F.);
#5633 = FACE_BOUND('',#5634,.T.);
#5634 = EDGE_LOOP('',(#5635));
#5635 = ORIENTED_EDGE('',*,*,#5379,.F.);
#5636 = FACE_BOUND('',#5637,.T.);
#5637 = EDGE_LOOP('',(#5638));
#5638 = ORIENTED_EDGE('',*,*,#5404,.F.);
#5639 = FACE_BOUND('',#5640,.T.);
#5640 = EDGE_LOOP('',(#5641));
#5641 = ORIENTED_EDGE('',*,*,#5429,.F.);
#5642 = FACE_BOUND('',#5643,.T.);
#5643 = EDGE_LOOP('',(#5644));
#5644 = ORIENTED_EDGE('',*,*,#5454,.F.);
#5645 = FACE_BOUND('',#5646,.T.);
#5646 = EDGE_LOOP('',(#5647));
#5647 = ORIENTED_EDGE('',*,*,#5479,.F.);
#5648 = FACE_BOUND('',#5649,.T.);
#5649 = EDGE_LOOP('',(#5650));
#5650 = ORIENTED_EDGE('',*,*,#5504,.F.);
#5651 = FACE_BOUND('',#5652,.T.);
#5652 = EDGE_LOOP('',(#5653));
#5653 = ORIENTED_EDGE('',*,*,#5529,.F.);
#5654 = FACE_BOUND('',#5655,.T.);
#5655 = EDGE_LOOP('',(#5656));
#5656 = ORIENTED_EDGE('',*,*,#5554,.F.);
#5657 = FACE_BOUND('',#5658,.T.);
#5658 = EDGE_LOOP('',(#5659));
#5659 = ORIENTED_EDGE('',*,*,#5579,.F.);
#5660 = PLANE('',#5661);
#5661 = AXIS2_PLACEMENT_3D('',#5662,#5663,#5664);
#5662 = CARTESIAN_POINT('',(36.,350.,238.6913753679));
#5663 = DIRECTION('',(1.,0.,0.));
#5664 = DIRECTION('',(0.,0.,1.));
#5665 = ADVANCED_FACE('',(#5666),#5684,.F.);
#5666 = FACE_BOUND('',#5667,.F.);
#5667 = EDGE_LOOP('',(#5668,#5676,#5682,#5683));
#5668 = ORIENTED_EDGE('',*,*,#5669,.F.);
#5669 = EDGE_CURVE('',#5670,#5610,#5672,.T.);
#5670 = VERTEX_POINT('',#5671);
#5671 = CARTESIAN_POINT('',(30.,389.2,258.6913753679));
#5672 = LINE('',#5673,#5674);
#5673 = CARTESIAN_POINT('',(30.,389.2,258.6913753679));
#5674 = VECTOR('',#5675,1.);
#5675 = DIRECTION('',(1.,0.,0.));
#5676 = ORIENTED_EDGE('',*,*,#5677,.T.);
#5677 = EDGE_CURVE('',#5670,#5284,#5678,.T.);
#5678 = LINE('',#5679,#5680);
#5679 = CARTESIAN_POINT('',(30.,389.2,258.6913753679));
#5680 = VECTOR('',#5681,1.);
#5681 = DIRECTION('',(0.,0.,1.));
#5682 = ORIENTED_EDGE('',*,*,#5291,.F.);
#5683 = ORIENTED_EDGE('',*,*,#5609,.F.);
#5684 = PLANE('',#5685);
#5685 = AXIS2_PLACEMENT_3D('',#5686,#5687,#5688);
#5686 = CARTESIAN_POINT('',(30.,389.2,258.6913753679));
#5687 = DIRECTION('',(0.,1.,0.));
#5688 = DIRECTION('',(0.,0.,1.));
#5689 = ADVANCED_FACE('',(#5690),#5708,.T.);
#5690 = FACE_BOUND('',#5691,.T.);
#5691 = EDGE_LOOP('',(#5692,#5700,#5706,#5707));
#5692 = ORIENTED_EDGE('',*,*,#5693,.F.);
#5693 = EDGE_CURVE('',#5694,#5276,#5696,.T.);
#5694 = VERTEX_POINT('',#5695);
#5695 = CARTESIAN_POINT('',(30.,370.8,258.6913753679));
#5696 = LINE('',#5697,#5698);
#5697 = CARTESIAN_POINT('',(30.,370.8,258.6913753679));
#5698 = VECTOR('',#5699,1.);
#5699 = DIRECTION('',(0.,0.,1.));
#5700 = ORIENTED_EDGE('',*,*,#5701,.T.);
#5701 = EDGE_CURVE('',#5694,#5670,#5702,.T.);
#5702 = LINE('',#5703,#5704);
#5703 = CARTESIAN_POINT('',(30.,370.8,258.6913753679));
#5704 = VECTOR('',#5705,1.);
#5705 = DIRECTION('',(0.,1.,0.));
#5706 = ORIENTED_EDGE('',*,*,#5677,.T.);
#5707 = ORIENTED_EDGE('',*,*,#5283,.F.);
#5708 = PLANE('',#5709);
#5709 = AXIS2_PLACEMENT_3D('',#5710,#5711,#5712);
#5710 = CARTESIAN_POINT('',(30.,370.8,258.6913753679));
#5711 = DIRECTION('',(1.,0.,0.));
#5712 = DIRECTION('',(0.,0.,1.));
#5713 = ADVANCED_FACE('',(#5714),#5725,.T.);
#5714 = FACE_BOUND('',#5715,.T.);
#5715 = EDGE_LOOP('',(#5716,#5722,#5723,#5724));
#5716 = ORIENTED_EDGE('',*,*,#5717,.F.);
#5717 = EDGE_CURVE('',#5694,#5618,#5718,.T.);
#5718 = LINE('',#5719,#5720);
#5719 = CARTESIAN_POINT('',(30.,370.8,258.6913753679));
#5720 = VECTOR('',#5721,1.);
#5721 = DIRECTION('',(1.,0.,0.));
#5722 = ORIENTED_EDGE('',*,*,#5693,.T.);
#5723 = ORIENTED_EDGE('',*,*,#5275,.F.);
#5724 = ORIENTED_EDGE('',*,*,#5625,.F.);
#5725 = PLANE('',#5726);
#5726 = AXIS2_PLACEMENT_3D('',#5727,#5728,#5729);
#5727 = CARTESIAN_POINT('',(30.,370.8,258.6913753679));
#5728 = DIRECTION('',(0.,1.,0.));
#5729 = DIRECTION('',(0.,0.,1.));
#5730 = ADVANCED_FACE('',(#5731),#5737,.T.);
#5731 = FACE_BOUND('',#5732,.T.);
#5732 = EDGE_LOOP('',(#5733,#5734,#5735,#5736));
#5733 = ORIENTED_EDGE('',*,*,#5701,.F.);
#5734 = ORIENTED_EDGE('',*,*,#5717,.T.);
#5735 = ORIENTED_EDGE('',*,*,#5617,.T.);
#5736 = ORIENTED_EDGE('',*,*,#5669,.F.);
#5737 = PLANE('',#5738);
#5738 = AXIS2_PLACEMENT_3D('',#5739,#5740,#5741);
#5739 = CARTESIAN_POINT('',(30.,370.8,258.6913753679));
#5740 = DIRECTION('',(0.,0.,1.));
#5741 = DIRECTION('',(1.,0.,0.));
#5742 = MANIFOLD_SOLID_BREP('',#5743);
#5743 = CLOSED_SHELL('',(#5744,#5784,#5837,#5877,#5923,#5956,#5973,#5990
    ,#6007,#6024));
#5744 = ADVANCED_FACE('',(#5745),#5779,.F.);
#5745 = FACE_BOUND('',#5746,.F.);
#5746 = EDGE_LOOP('',(#5747,#5757,#5765,#5773));
#5747 = ORIENTED_EDGE('',*,*,#5748,.F.);
#5748 = EDGE_CURVE('',#5749,#5751,#5753,.T.);
#5749 = VERTEX_POINT('',#5750);
#5750 = CARTESIAN_POINT('',(36.,355.,243.6913753679));
#5751 = VERTEX_POINT('',#5752);
#5752 = CARTESIAN_POINT('',(36.,405.,243.6913753679));
#5753 = LINE('',#5754,#5755);
#5754 = CARTESIAN_POINT('',(36.,355.,243.6913753679));
#5755 = VECTOR('',#5756,1.);
#5756 = DIRECTION('',(0.,1.,0.));
#5757 = ORIENTED_EDGE('',*,*,#5758,.T.);
#5758 = EDGE_CURVE('',#5749,#5759,#5761,.T.);
#5759 = VERTEX_POINT('',#5760);
#5760 = CARTESIAN_POINT('',(39.,355.,243.6913753679));
#5761 = LINE('',#5762,#5763);
#5762 = CARTESIAN_POINT('',(36.,355.,243.6913753679));
#5763 = VECTOR('',#5764,1.);
#5764 = DIRECTION('',(1.,0.,0.));
#5765 = ORIENTED_EDGE('',*,*,#5766,.T.);
#5766 = EDGE_CURVE('',#5759,#5767,#5769,.T.);
#5767 = VERTEX_POINT('',#5768);
#5768 = CARTESIAN_POINT('',(39.,405.,243.6913753679));
#5769 = LINE('',#5770,#5771);
#5770 = CARTESIAN_POINT('',(39.,355.,243.6913753679));
#5771 = VECTOR('',#5772,1.);
#5772 = DIRECTION('',(0.,1.,0.));
#5773 = ORIENTED_EDGE('',*,*,#5774,.F.);
#5774 = EDGE_CURVE('',#5751,#5767,#5775,.T.);
#5775 = LINE('',#5776,#5777);
#5776 = CARTESIAN_POINT('',(36.,405.,243.6913753679));
#5777 = VECTOR('',#5778,1.);
#5778 = DIRECTION('',(1.,0.,0.));
#5779 = PLANE('',#5780);
#5780 = AXIS2_PLACEMENT_3D('',#5781,#5782,#5783);
#5781 = CARTESIAN_POINT('',(36.,355.,243.6913753679));
#5782 = DIRECTION('',(0.,0.,1.));
#5783 = DIRECTION('',(1.,0.,0.));
#5784 = ADVANCED_FACE('',(#5785,#5810,#5821),#5832,.T.);
#5785 = FACE_BOUND('',#5786,.T.);
#5786 = EDGE_LOOP('',(#5787,#5797,#5803,#5804));
#5787 = ORIENTED_EDGE('',*,*,#5788,.T.);
#5788 = EDGE_CURVE('',#5789,#5791,#5793,.T.);
#5789 = VERTEX_POINT('',#5790);
#5790 = CARTESIAN_POINT('',(36.,355.,283.6913753679));
#5791 = VERTEX_POINT('',#5792);
#5792 = CARTESIAN_POINT('',(36.,405.,283.6913753679));
#5793 = LINE('',#5794,#5795);
#5794 = CARTESIAN_POINT('',(36.,355.,283.6913753679));
#5795 = VECTOR('',#5796,1.);
#5796 = DIRECTION('',(0.,1.,0.));
#5797 = ORIENTED_EDGE('',*,*,#5798,.F.);
#5798 = EDGE_CURVE('',#5751,#5791,#5799,.T.);
#5799 = LINE('',#5800,#5801);
#5800 = CARTESIAN_POINT('',(36.,405.,280.6913753679));
#5801 = VECTOR('',#5802,1.);
#5802 = DIRECTION('',(0.,0.,1.));
#5803 = ORIENTED_EDGE('',*,*,#5748,.F.);
#5804 = ORIENTED_EDGE('',*,*,#5805,.T.);
#5805 = EDGE_CURVE('',#5749,#5789,#5806,.T.);
#5806 = LINE('',#5807,#5808);
#5807 = CARTESIAN_POINT('',(36.,355.,243.6913753679));
#5808 = VECTOR('',#5809,1.);
#5809 = DIRECTION('',(0.,0.,1.));
#5810 = FACE_BOUND('',#5811,.T.);
#5811 = EDGE_LOOP('',(#5812));
#5812 = ORIENTED_EDGE('',*,*,#5813,.T.);
#5813 = EDGE_CURVE('',#5814,#5814,#5816,.T.);
#5814 = VERTEX_POINT('',#5815);
#5815 = CARTESIAN_POINT('',(36.,400.,264.4413753679));
#5816 = CIRCLE('',#5817,2.75);
#5817 = AXIS2_PLACEMENT_3D('',#5818,#5819,#5820);
#5818 = CARTESIAN_POINT('',(36.,400.,261.6913753679));
#5819 = DIRECTION('',(1.,0.,-0.));
#5820 = DIRECTION('',(0.,0.,1.));
#5821 = FACE_BOUND('',#5822,.T.);
#5822 = EDGE_LOOP('',(#5823));
#5823 = ORIENTED_EDGE('',*,*,#5824,.T.);
#5824 = EDGE_CURVE('',#5825,#5825,#5827,.T.);
#5825 = VERTEX_POINT('',#5826);
#5826 = CARTESIAN_POINT('',(36.,360.,264.4413753679));
#5827 = CIRCLE('',#5828,2.75);
#5828 = AXIS2_PLACEMENT_3D('',#5829,#5830,#5831);
#5829 = CARTESIAN_POINT('',(36.,360.,261.6913753679));
#5830 = DIRECTION('',(1.,0.,-0.));
#5831 = DIRECTION('',(0.,0.,1.));
#5832 = PLANE('',#5833);
#5833 = AXIS2_PLACEMENT_3D('',#5834,#5835,#5836);
#5834 = CARTESIAN_POINT('',(36.,380.,263.6913753679));
#5835 = DIRECTION('',(-1.,-0.,-0.));
#5836 = DIRECTION('',(0.,0.,-1.));
#5837 = ADVANCED_FACE('',(#5838),#5872,.T.);
#5838 = FACE_BOUND('',#5839,.T.);
#5839 = EDGE_LOOP('',(#5840,#5848,#5856,#5864,#5870,#5871));
#5840 = ORIENTED_EDGE('',*,*,#5841,.T.);
#5841 = EDGE_CURVE('',#5791,#5842,#5844,.T.);
#5842 = VERTEX_POINT('',#5843);
#5843 = CARTESIAN_POINT('',(76.,405.,283.6913753679));
#5844 = LINE('',#5845,#5846);
#5845 = CARTESIAN_POINT('',(36.,405.,283.6913753679));
#5846 = VECTOR('',#5847,1.);
#5847 = DIRECTION('',(1.,0.,0.));
#5848 = ORIENTED_EDGE('',*,*,#5849,.F.);
#5849 = EDGE_CURVE('',#5850,#5842,#5852,.T.);
#5850 = VERTEX_POINT('',#5851);
#5851 = CARTESIAN_POINT('',(76.,405.,280.6913753679));
#5852 = LINE('',#5853,#5854);
#5853 = CARTESIAN_POINT('',(76.,405.,280.6913753679));
#5854 = VECTOR('',#5855,1.);
#5855 = DIRECTION('',(0.,0.,1.));
#5856 = ORIENTED_EDGE('',*,*,#5857,.F.);
#5857 = EDGE_CURVE('',#5858,#5850,#5860,.T.);
#5858 = VERTEX_POINT('',#5859);
#5859 = CARTESIAN_POINT('',(39.,405.,280.6913753679));
#5860 = LINE('',#5861,#5862);
#5861 = CARTESIAN_POINT('',(36.,405.,280.6913753679));
#5862 = VECTOR('',#5863,1.);
#5863 = DIRECTION('',(1.,0.,0.));
#5864 = ORIENTED_EDGE('',*,*,#5865,.F.);
#5865 = EDGE_CURVE('',#5767,#5858,#5866,.T.);
#5866 = LINE('',#5867,#5868);
#5867 = CARTESIAN_POINT('',(39.,405.,243.6913753679));
#5868 = VECTOR('',#5869,1.);
#5869 = DIRECTION('',(0.,0.,1.));
#5870 = ORIENTED_EDGE('',*,*,#5774,.F.);
#5871 = ORIENTED_EDGE('',*,*,#5798,.T.);
#5872 = PLANE('',#5873);
#5873 = AXIS2_PLACEMENT_3D('',#5874,#5875,#5876);
#5874 = CARTESIAN_POINT('',(47.44375,405.,272.2476253679));
#5875 = DIRECTION('',(0.,1.,0.));
#5876 = DIRECTION('',(0.,0.,1.));
#5877 = ADVANCED_FACE('',(#5878,#5896,#5907),#5918,.T.);
#5878 = FACE_BOUND('',#5879,.T.);
#5879 = EDGE_LOOP('',(#5880,#5888,#5889,#5890));
#5880 = ORIENTED_EDGE('',*,*,#5881,.F.);
#5881 = EDGE_CURVE('',#5759,#5882,#5884,.T.);
#5882 = VERTEX_POINT('',#5883);
#5883 = CARTESIAN_POINT('',(39.,355.,280.6913753679));
#5884 = LINE('',#5885,#5886);
#5885 = CARTESIAN_POINT('',(39.,355.,243.6913753679));
#5886 = VECTOR('',#5887,1.);
#5887 = DIRECTION('',(0.,0.,1.));
#5888 = ORIENTED_EDGE('',*,*,#5766,.T.);
#5889 = ORIENTED_EDGE('',*,*,#5865,.T.);
#5890 = ORIENTED_EDGE('',*,*,#5891,.F.);
#5891 = EDGE_CURVE('',#5882,#5858,#5892,.T.);
#5892 = LINE('',#5893,#5894);
#5893 = CARTESIAN_POINT('',(39.,355.,280.6913753679));
#5894 = VECTOR('',#5895,1.);
#5895 = DIRECTION('',(0.,1.,0.));
#5896 = FACE_BOUND('',#5897,.T.);
#5897 = EDGE_LOOP('',(#5898));
#5898 = ORIENTED_EDGE('',*,*,#5899,.F.);
#5899 = EDGE_CURVE('',#5900,#5900,#5902,.T.);
#5900 = VERTEX_POINT('',#5901);
#5901 = CARTESIAN_POINT('',(39.,400.,264.4413753679));
#5902 = CIRCLE('',#5903,2.75);
#5903 = AXIS2_PLACEMENT_3D('',#5904,#5905,#5906);
#5904 = CARTESIAN_POINT('',(39.,400.,261.6913753679));
#5905 = DIRECTION('',(1.,0.,-0.));
#5906 = DIRECTION('',(0.,0.,1.));
#5907 = FACE_BOUND('',#5908,.T.);
#5908 = EDGE_LOOP('',(#5909));
#5909 = ORIENTED_EDGE('',*,*,#5910,.F.);
#5910 = EDGE_CURVE('',#5911,#5911,#5913,.T.);
#5911 = VERTEX_POINT('',#5912);
#5912 = CARTESIAN_POINT('',(39.,360.,264.4413753679));
#5913 = CIRCLE('',#5914,2.75);
#5914 = AXIS2_PLACEMENT_3D('',#5915,#5916,#5917);
#5915 = CARTESIAN_POINT('',(39.,360.,261.6913753679));
#5916 = DIRECTION('',(1.,0.,-0.));
#5917 = DIRECTION('',(0.,0.,1.));
#5918 = PLANE('',#5919);
#5919 = AXIS2_PLACEMENT_3D('',#5920,#5921,#5922);
#5920 = CARTESIAN_POINT('',(39.,355.,243.6913753679));
#5921 = DIRECTION('',(1.,0.,0.));
#5922 = DIRECTION('',(0.,0.,1.));
#5923 = ADVANCED_FACE('',(#5924),#5951,.T.);
#5924 = FACE_BOUND('',#5925,.T.);
#5925 = EDGE_LOOP('',(#5926,#5927,#5928,#5929,#5937,#5945));
#5926 = ORIENTED_EDGE('',*,*,#5805,.F.);
#5927 = ORIENTED_EDGE('',*,*,#5758,.T.);
#5928 = ORIENTED_EDGE('',*,*,#5881,.T.);
#5929 = ORIENTED_EDGE('',*,*,#5930,.T.);
#5930 = EDGE_CURVE('',#5882,#5931,#5933,.T.);
#5931 = VERTEX_POINT('',#5932);
#5932 = CARTESIAN_POINT('',(76.,355.,280.6913753679));
#5933 = LINE('',#5934,#5935);
#5934 = CARTESIAN_POINT('',(36.,355.,280.6913753679));
#5935 = VECTOR('',#5936,1.);
#5936 = DIRECTION('',(1.,0.,0.));
#5937 = ORIENTED_EDGE('',*,*,#5938,.T.);
#5938 = EDGE_CURVE('',#5931,#5939,#5941,.T.);
#5939 = VERTEX_POINT('',#5940);
#5940 = CARTESIAN_POINT('',(76.,355.,283.6913753679));
#5941 = LINE('',#5942,#5943);
#5942 = CARTESIAN_POINT('',(76.,355.,280.6913753679));
#5943 = VECTOR('',#5944,1.);
#5944 = DIRECTION('',(0.,0.,1.));
#5945 = ORIENTED_EDGE('',*,*,#5946,.F.);
#5946 = EDGE_CURVE('',#5789,#5939,#5947,.T.);
#5947 = LINE('',#5948,#5949);
#5948 = CARTESIAN_POINT('',(36.,355.,283.6913753679));
#5949 = VECTOR('',#5950,1.);
#5950 = DIRECTION('',(1.,0.,0.));
#5951 = PLANE('',#5952);
#5952 = AXIS2_PLACEMENT_3D('',#5953,#5954,#5955);
#5953 = CARTESIAN_POINT('',(47.44375,355.,272.2476253679));
#5954 = DIRECTION('',(-0.,-1.,-0.));
#5955 = DIRECTION('',(0.,0.,-1.));
#5956 = ADVANCED_FACE('',(#5957),#5968,.T.);
#5957 = FACE_BOUND('',#5958,.T.);
#5958 = EDGE_LOOP('',(#5959,#5960,#5961,#5967));
#5959 = ORIENTED_EDGE('',*,*,#5788,.F.);
#5960 = ORIENTED_EDGE('',*,*,#5946,.T.);
#5961 = ORIENTED_EDGE('',*,*,#5962,.T.);
#5962 = EDGE_CURVE('',#5939,#5842,#5963,.T.);
#5963 = LINE('',#5964,#5965);
#5964 = CARTESIAN_POINT('',(76.,355.,283.6913753679));
#5965 = VECTOR('',#5966,1.);
#5966 = DIRECTION('',(0.,1.,0.));
#5967 = ORIENTED_EDGE('',*,*,#5841,.F.);
#5968 = PLANE('',#5969);
#5969 = AXIS2_PLACEMENT_3D('',#5970,#5971,#5972);
#5970 = CARTESIAN_POINT('',(36.,355.,283.6913753679));
#5971 = DIRECTION('',(0.,0.,1.));
#5972 = DIRECTION('',(1.,0.,0.));
#5973 = ADVANCED_FACE('',(#5974),#5985,.F.);
#5974 = FACE_BOUND('',#5975,.F.);
#5975 = EDGE_LOOP('',(#5976,#5977,#5983,#5984));
#5976 = ORIENTED_EDGE('',*,*,#5899,.F.);
#5977 = ORIENTED_EDGE('',*,*,#5978,.F.);
#5978 = EDGE_CURVE('',#5814,#5900,#5979,.T.);
#5979 = LINE('',#5980,#5981);
#5980 = CARTESIAN_POINT('',(35.,400.,264.4413753679));
#5981 = VECTOR('',#5982,1.);
#5982 = DIRECTION('',(1.,0.,0.));
#5983 = ORIENTED_EDGE('',*,*,#5813,.T.);
#5984 = ORIENTED_EDGE('',*,*,#5978,.T.);
#5985 = CYLINDRICAL_SURFACE('',#5986,2.75);
#5986 = AXIS2_PLACEMENT_3D('',#5987,#5988,#5989);
#5987 = CARTESIAN_POINT('',(35.,400.,261.6913753679));
#5988 = DIRECTION('',(1.,0.,0.));
#5989 = DIRECTION('',(0.,0.,1.));
#5990 = ADVANCED_FACE('',(#5991),#6002,.F.);
#5991 = FACE_BOUND('',#5992,.F.);
#5992 = EDGE_LOOP('',(#5993,#5994,#6000,#6001));
#5993 = ORIENTED_EDGE('',*,*,#5910,.F.);
#5994 = ORIENTED_EDGE('',*,*,#5995,.F.);
#5995 = EDGE_CURVE('',#5825,#5911,#5996,.T.);
#5996 = LINE('',#5997,#5998);
#5997 = CARTESIAN_POINT('',(35.,360.,264.4413753679));
#5998 = VECTOR('',#5999,1.);
#5999 = DIRECTION('',(1.,0.,0.));
#6000 = ORIENTED_EDGE('',*,*,#5824,.T.);
#6001 = ORIENTED_EDGE('',*,*,#5995,.T.);
#6002 = CYLINDRICAL_SURFACE('',#6003,2.75);
#6003 = AXIS2_PLACEMENT_3D('',#6004,#6005,#6006);
#6004 = CARTESIAN_POINT('',(35.,360.,261.6913753679));
#6005 = DIRECTION('',(1.,0.,0.));
#6006 = DIRECTION('',(0.,0.,1.));
#6007 = ADVANCED_FACE('',(#6008),#6019,.T.);
#6008 = FACE_BOUND('',#6009,.T.);
#6009 = EDGE_LOOP('',(#6010,#6011,#6017,#6018));
#6010 = ORIENTED_EDGE('',*,*,#5938,.F.);
#6011 = ORIENTED_EDGE('',*,*,#6012,.T.);
#6012 = EDGE_CURVE('',#5931,#5850,#6013,.T.);
#6013 = LINE('',#6014,#6015);
#6014 = CARTESIAN_POINT('',(76.,355.,280.6913753679));
#6015 = VECTOR('',#6016,1.);
#6016 = DIRECTION('',(0.,1.,0.));
#6017 = ORIENTED_EDGE('',*,*,#5849,.T.);
#6018 = ORIENTED_EDGE('',*,*,#5962,.F.);
#6019 = PLANE('',#6020);
#6020 = AXIS2_PLACEMENT_3D('',#6021,#6022,#6023);
#6021 = CARTESIAN_POINT('',(76.,355.,280.6913753679));
#6022 = DIRECTION('',(1.,0.,0.));
#6023 = DIRECTION('',(0.,0.,1.));
#6024 = ADVANCED_FACE('',(#6025),#6031,.F.);
#6025 = FACE_BOUND('',#6026,.F.);
#6026 = EDGE_LOOP('',(#6027,#6028,#6029,#6030));
#6027 = ORIENTED_EDGE('',*,*,#5891,.F.);
#6028 = ORIENTED_EDGE('',*,*,#5930,.T.);
#6029 = ORIENTED_EDGE('',*,*,#6012,.T.);
#6030 = ORIENTED_EDGE('',*,*,#5857,.F.);
#6031 = PLANE('',#6032);
#6032 = AXIS2_PLACEMENT_3D('',#6033,#6034,#6035);
#6033 = CARTESIAN_POINT('',(36.,355.,280.6913753679));
#6034 = DIRECTION('',(0.,0.,1.));
#6035 = DIRECTION('',(1.,0.,0.));
#6036 = MANIFOLD_SOLID_BREP('',#6037);
#6037 = CLOSED_SHELL('',(#6038,#6220,#6274,#6298,#6322,#6346,#6370,#6387
    ,#6404,#6429,#6454,#6479,#6504,#6529,#6554,#6579,#6604,#6629,#6654,
    #6666));
#6038 = ADVANCED_FACE('',(#6039,#6105,#6116,#6127,#6138,#6149,#6160,
    #6171,#6182,#6193,#6204),#6215,.F.);
#6039 = FACE_BOUND('',#6040,.F.);
#6040 = EDGE_LOOP('',(#6041,#6051,#6059,#6067,#6075,#6083,#6091,#6099));
#6041 = ORIENTED_EDGE('',*,*,#6042,.F.);
#6042 = EDGE_CURVE('',#6043,#6045,#6047,.T.);
#6043 = VERTEX_POINT('',#6044);
#6044 = CARTESIAN_POINT('',(564.,350.,383.6913753679));
#6045 = VERTEX_POINT('',#6046);
#6046 = CARTESIAN_POINT('',(564.,370.8,383.6913753679));
#6047 = LINE('',#6048,#6049);
#6048 = CARTESIAN_POINT('',(564.,350.,383.6913753679));
#6049 = VECTOR('',#6050,1.);
#6050 = DIRECTION('',(0.,1.,0.));
#6051 = ORIENTED_EDGE('',*,*,#6052,.F.);
#6052 = EDGE_CURVE('',#6053,#6043,#6055,.T.);
#6053 = VERTEX_POINT('',#6054);
#6054 = CARTESIAN_POINT('',(564.,350.,238.6913753679));
#6055 = LINE('',#6056,#6057);
#6056 = CARTESIAN_POINT('',(564.,350.,238.6913753679));
#6057 = VECTOR('',#6058,1.);
#6058 = DIRECTION('',(0.,0.,1.));
#6059 = ORIENTED_EDGE('',*,*,#6060,.T.);
#6060 = EDGE_CURVE('',#6053,#6061,#6063,.T.);
#6061 = VERTEX_POINT('',#6062);
#6062 = CARTESIAN_POINT('',(564.,410.,238.6913753679));
#6063 = LINE('',#6064,#6065);
#6064 = CARTESIAN_POINT('',(564.,350.,238.6913753679));
#6065 = VECTOR('',#6066,1.);
#6066 = DIRECTION('',(0.,1.,0.));
#6067 = ORIENTED_EDGE('',*,*,#6068,.T.);
#6068 = EDGE_CURVE('',#6061,#6069,#6071,.T.);
#6069 = VERTEX_POINT('',#6070);
#6070 = CARTESIAN_POINT('',(564.,410.,383.6913753679));
#6071 = LINE('',#6072,#6073);
#6072 = CARTESIAN_POINT('',(564.,410.,238.6913753679));
#6073 = VECTOR('',#6074,1.);
#6074 = DIRECTION('',(0.,0.,1.));
#6075 = ORIENTED_EDGE('',*,*,#6076,.F.);
#6076 = EDGE_CURVE('',#6077,#6069,#6079,.T.);
#6077 = VERTEX_POINT('',#6078);
#6078 = CARTESIAN_POINT('',(564.,389.2,383.6913753679));
#6079 = LINE('',#6080,#6081);
#6080 = CARTESIAN_POINT('',(564.,350.,383.6913753679));
#6081 = VECTOR('',#6082,1.);
#6082 = DIRECTION('',(0.,1.,0.));
#6083 = ORIENTED_EDGE('',*,*,#6084,.F.);
#6084 = EDGE_CURVE('',#6085,#6077,#6087,.T.);
#6085 = VERTEX_POINT('',#6086);
#6086 = CARTESIAN_POINT('',(564.,389.2,258.6913753679));
#6087 = LINE('',#6088,#6089);
#6088 = CARTESIAN_POINT('',(564.,389.2,258.6913753679));
#6089 = VECTOR('',#6090,1.);
#6090 = DIRECTION('',(0.,0.,1.));
#6091 = ORIENTED_EDGE('',*,*,#6092,.F.);
#6092 = EDGE_CURVE('',#6093,#6085,#6095,.T.);
#6093 = VERTEX_POINT('',#6094);
#6094 = CARTESIAN_POINT('',(564.,370.8,258.6913753679));
#6095 = LINE('',#6096,#6097);
#6096 = CARTESIAN_POINT('',(564.,370.8,258.6913753679));
#6097 = VECTOR('',#6098,1.);
#6098 = DIRECTION('',(0.,1.,0.));
#6099 = ORIENTED_EDGE('',*,*,#6100,.T.);
#6100 = EDGE_CURVE('',#6093,#6045,#6101,.T.);
#6101 = LINE('',#6102,#6103);
#6102 = CARTESIAN_POINT('',(564.,370.8,258.6913753679));
#6103 = VECTOR('',#6104,1.);
#6104 = DIRECTION('',(0.,0.,1.));
#6105 = FACE_BOUND('',#6106,.F.);
#6106 = EDGE_LOOP('',(#6107));
#6107 = ORIENTED_EDGE('',*,*,#6108,.F.);
#6108 = EDGE_CURVE('',#6109,#6109,#6111,.T.);
#6109 = VERTEX_POINT('',#6110);
#6110 = CARTESIAN_POINT('',(564.,400.,254.4413753679));
#6111 = CIRCLE('',#6112,2.75);
#6112 = AXIS2_PLACEMENT_3D('',#6113,#6114,#6115);
#6113 = CARTESIAN_POINT('',(564.,400.,251.6913753679));
#6114 = DIRECTION('',(1.,0.,-0.));
#6115 = DIRECTION('',(0.,0.,1.));
#6116 = FACE_BOUND('',#6117,.F.);
#6117 = EDGE_LOOP('',(#6118));
#6118 = ORIENTED_EDGE('',*,*,#6119,.F.);
#6119 = EDGE_CURVE('',#6120,#6120,#6122,.T.);
#6120 = VERTEX_POINT('',#6121);
#6121 = CARTESIAN_POINT('',(564.,400.,264.4413753679));
#6122 = CIRCLE('',#6123,2.75);
#6123 = AXIS2_PLACEMENT_3D('',#6124,#6125,#6126);
#6124 = CARTESIAN_POINT('',(564.,400.,261.6913753679));
#6125 = DIRECTION('',(1.,0.,-0.));
#6126 = DIRECTION('',(0.,0.,1.));
#6127 = FACE_BOUND('',#6128,.F.);
#6128 = EDGE_LOOP('',(#6129));
#6129 = ORIENTED_EDGE('',*,*,#6130,.F.);
#6130 = EDGE_CURVE('',#6131,#6131,#6133,.T.);
#6131 = VERTEX_POINT('',#6132);
#6132 = CARTESIAN_POINT('',(564.,400.,274.4413753679));
#6133 = CIRCLE('',#6134,2.75);
#6134 = AXIS2_PLACEMENT_3D('',#6135,#6136,#6137);
#6135 = CARTESIAN_POINT('',(564.,400.,271.6913753679));
#6136 = DIRECTION('',(1.,0.,-0.));
#6137 = DIRECTION('',(0.,0.,1.));
#6138 = FACE_BOUND('',#6139,.F.);
#6139 = EDGE_LOOP('',(#6140));
#6140 = ORIENTED_EDGE('',*,*,#6141,.F.);
#6141 = EDGE_CURVE('',#6142,#6142,#6144,.T.);
#6142 = VERTEX_POINT('',#6143);
#6143 = CARTESIAN_POINT('',(564.,402.,306.4413753679));
#6144 = CIRCLE('',#6145,2.75);
#6145 = AXIS2_PLACEMENT_3D('',#6146,#6147,#6148);
#6146 = CARTESIAN_POINT('',(564.,402.,303.6913753679));
#6147 = DIRECTION('',(1.,0.,-0.));
#6148 = DIRECTION('',(0.,0.,1.));
#6149 = FACE_BOUND('',#6150,.F.);
#6150 = EDGE_LOOP('',(#6151));
#6151 = ORIENTED_EDGE('',*,*,#6152,.F.);
#6152 = EDGE_CURVE('',#6153,#6153,#6155,.T.);
#6153 = VERTEX_POINT('',#6154);
#6154 = CARTESIAN_POINT('',(564.,402.,361.4413753679));
#6155 = CIRCLE('',#6156,2.75);
#6156 = AXIS2_PLACEMENT_3D('',#6157,#6158,#6159);
#6157 = CARTESIAN_POINT('',(564.,402.,358.6913753679));
#6158 = DIRECTION('',(1.,0.,-0.));
#6159 = DIRECTION('',(0.,0.,1.));
#6160 = FACE_BOUND('',#6161,.F.);
#6161 = EDGE_LOOP('',(#6162));
#6162 = ORIENTED_EDGE('',*,*,#6163,.F.);
#6163 = EDGE_CURVE('',#6164,#6164,#6166,.T.);
#6164 = VERTEX_POINT('',#6165);
#6165 = CARTESIAN_POINT('',(564.,360.,254.4413753679));
#6166 = CIRCLE('',#6167,2.75);
#6167 = AXIS2_PLACEMENT_3D('',#6168,#6169,#6170);
#6168 = CARTESIAN_POINT('',(564.,360.,251.6913753679));
#6169 = DIRECTION('',(1.,0.,-0.));
#6170 = DIRECTION('',(0.,0.,1.));
#6171 = FACE_BOUND('',#6172,.F.);
#6172 = EDGE_LOOP('',(#6173));
#6173 = ORIENTED_EDGE('',*,*,#6174,.F.);
#6174 = EDGE_CURVE('',#6175,#6175,#6177,.T.);
#6175 = VERTEX_POINT('',#6176);
#6176 = CARTESIAN_POINT('',(564.,360.,264.4413753679));
#6177 = CIRCLE('',#6178,2.75);
#6178 = AXIS2_PLACEMENT_3D('',#6179,#6180,#6181);
#6179 = CARTESIAN_POINT('',(564.,360.,261.6913753679));
#6180 = DIRECTION('',(1.,0.,-0.));
#6181 = DIRECTION('',(0.,0.,1.));
#6182 = FACE_BOUND('',#6183,.F.);
#6183 = EDGE_LOOP('',(#6184));
#6184 = ORIENTED_EDGE('',*,*,#6185,.F.);
#6185 = EDGE_CURVE('',#6186,#6186,#6188,.T.);
#6186 = VERTEX_POINT('',#6187);
#6187 = CARTESIAN_POINT('',(564.,360.,274.4413753679));
#6188 = CIRCLE('',#6189,2.75);
#6189 = AXIS2_PLACEMENT_3D('',#6190,#6191,#6192);
#6190 = CARTESIAN_POINT('',(564.,360.,271.6913753679));
#6191 = DIRECTION('',(1.,0.,-0.));
#6192 = DIRECTION('',(0.,0.,1.));
#6193 = FACE_BOUND('',#6194,.F.);
#6194 = EDGE_LOOP('',(#6195));
#6195 = ORIENTED_EDGE('',*,*,#6196,.F.);
#6196 = EDGE_CURVE('',#6197,#6197,#6199,.T.);
#6197 = VERTEX_POINT('',#6198);
#6198 = CARTESIAN_POINT('',(564.,358.,306.4413753679));
#6199 = CIRCLE('',#6200,2.75);
#6200 = AXIS2_PLACEMENT_3D('',#6201,#6202,#6203);
#6201 = CARTESIAN_POINT('',(564.,358.,303.6913753679));
#6202 = DIRECTION('',(1.,0.,-0.));
#6203 = DIRECTION('',(0.,0.,1.));
#6204 = FACE_BOUND('',#6205,.F.);
#6205 = EDGE_LOOP('',(#6206));
#6206 = ORIENTED_EDGE('',*,*,#6207,.F.);
#6207 = EDGE_CURVE('',#6208,#6208,#6210,.T.);
#6208 = VERTEX_POINT('',#6209);
#6209 = CARTESIAN_POINT('',(564.,358.,361.4413753679));
#6210 = CIRCLE('',#6211,2.75);
#6211 = AXIS2_PLACEMENT_3D('',#6212,#6213,#6214);
#6212 = CARTESIAN_POINT('',(564.,358.,358.6913753679));
#6213 = DIRECTION('',(1.,0.,-0.));
#6214 = DIRECTION('',(0.,0.,1.));
#6215 = PLANE('',#6216);
#6216 = AXIS2_PLACEMENT_3D('',#6217,#6218,#6219);
#6217 = CARTESIAN_POINT('',(564.,350.,238.6913753679));
#6218 = DIRECTION('',(1.,0.,0.));
#6219 = DIRECTION('',(0.,0.,1.));
#6220 = ADVANCED_FACE('',(#6221),#6269,.T.);
#6221 = FACE_BOUND('',#6222,.T.);
#6222 = EDGE_LOOP('',(#6223,#6224,#6232,#6240,#6246,#6247,#6255,#6263));
#6223 = ORIENTED_EDGE('',*,*,#6042,.F.);
#6224 = ORIENTED_EDGE('',*,*,#6225,.T.);
#6225 = EDGE_CURVE('',#6043,#6226,#6228,.T.);
#6226 = VERTEX_POINT('',#6227);
#6227 = CARTESIAN_POINT('',(582.,350.,383.6913753679));
#6228 = LINE('',#6229,#6230);
#6229 = CARTESIAN_POINT('',(564.,350.,383.6913753679));
#6230 = VECTOR('',#6231,1.);
#6231 = DIRECTION('',(1.,0.,0.));
#6232 = ORIENTED_EDGE('',*,*,#6233,.T.);
#6233 = EDGE_CURVE('',#6226,#6234,#6236,.T.);
#6234 = VERTEX_POINT('',#6235);
#6235 = CARTESIAN_POINT('',(582.,410.,383.6913753679));
#6236 = LINE('',#6237,#6238);
#6237 = CARTESIAN_POINT('',(582.,350.,383.6913753679));
#6238 = VECTOR('',#6239,1.);
#6239 = DIRECTION('',(0.,1.,0.));
#6240 = ORIENTED_EDGE('',*,*,#6241,.F.);
#6241 = EDGE_CURVE('',#6069,#6234,#6242,.T.);
#6242 = LINE('',#6243,#6244);
#6243 = CARTESIAN_POINT('',(564.,410.,383.6913753679));
#6244 = VECTOR('',#6245,1.);
#6245 = DIRECTION('',(1.,0.,0.));
#6246 = ORIENTED_EDGE('',*,*,#6076,.F.);
#6247 = ORIENTED_EDGE('',*,*,#6248,.F.);
#6248 = EDGE_CURVE('',#6249,#6077,#6251,.T.);
#6249 = VERTEX_POINT('',#6250);
#6250 = CARTESIAN_POINT('',(570.,389.2,383.6913753679));
#6251 = LINE('',#6252,#6253);
#6252 = CARTESIAN_POINT('',(564.,389.2,383.6913753679));
#6253 = VECTOR('',#6254,1.);
#6254 = DIRECTION('',(-1.,0.,0.));
#6255 = ORIENTED_EDGE('',*,*,#6256,.F.);
#6256 = EDGE_CURVE('',#6257,#6249,#6259,.T.);
#6257 = VERTEX_POINT('',#6258);
#6258 = CARTESIAN_POINT('',(570.,370.8,383.6913753679));
#6259 = LINE('',#6260,#6261);
#6260 = CARTESIAN_POINT('',(570.,360.4,383.6913753679));
#6261 = VECTOR('',#6262,1.);
#6262 = DIRECTION('',(0.,1.,0.));
#6263 = ORIENTED_EDGE('',*,*,#6264,.T.);
#6264 = EDGE_CURVE('',#6257,#6045,#6265,.T.);
#6265 = LINE('',#6266,#6267);
#6266 = CARTESIAN_POINT('',(564.,370.8,383.6913753679));
#6267 = VECTOR('',#6268,1.);
#6268 = DIRECTION('',(-1.,0.,0.));
#6269 = PLANE('',#6270);
#6270 = AXIS2_PLACEMENT_3D('',#6271,#6272,#6273);
#6271 = CARTESIAN_POINT('',(564.,350.,383.6913753679));
#6272 = DIRECTION('',(0.,0.,1.));
#6273 = DIRECTION('',(1.,0.,0.));
#6274 = ADVANCED_FACE('',(#6275),#6293,.F.);
#6275 = FACE_BOUND('',#6276,.F.);
#6276 = EDGE_LOOP('',(#6277,#6285,#6286,#6287));
#6277 = ORIENTED_EDGE('',*,*,#6278,.F.);
#6278 = EDGE_CURVE('',#6053,#6279,#6281,.T.);
#6279 = VERTEX_POINT('',#6280);
#6280 = CARTESIAN_POINT('',(582.,350.,238.6913753679));
#6281 = LINE('',#6282,#6283);
#6282 = CARTESIAN_POINT('',(564.,350.,238.6913753679));
#6283 = VECTOR('',#6284,1.);
#6284 = DIRECTION('',(1.,0.,0.));
#6285 = ORIENTED_EDGE('',*,*,#6052,.T.);
#6286 = ORIENTED_EDGE('',*,*,#6225,.T.);
#6287 = ORIENTED_EDGE('',*,*,#6288,.F.);
#6288 = EDGE_CURVE('',#6279,#6226,#6289,.T.);
#6289 = LINE('',#6290,#6291);
#6290 = CARTESIAN_POINT('',(582.,350.,238.6913753679));
#6291 = VECTOR('',#6292,1.);
#6292 = DIRECTION('',(0.,0.,1.));
#6293 = PLANE('',#6294);
#6294 = AXIS2_PLACEMENT_3D('',#6295,#6296,#6297);
#6295 = CARTESIAN_POINT('',(564.,350.,238.6913753679));
#6296 = DIRECTION('',(0.,1.,0.));
#6297 = DIRECTION('',(0.,0.,1.));
#6298 = ADVANCED_FACE('',(#6299),#6317,.T.);
#6299 = FACE_BOUND('',#6300,.T.);
#6300 = EDGE_LOOP('',(#6301,#6309,#6310,#6311));
#6301 = ORIENTED_EDGE('',*,*,#6302,.F.);
#6302 = EDGE_CURVE('',#6093,#6303,#6305,.T.);
#6303 = VERTEX_POINT('',#6304);
#6304 = CARTESIAN_POINT('',(570.,370.8,258.6913753679));
#6305 = LINE('',#6306,#6307);
#6306 = CARTESIAN_POINT('',(564.,370.8,258.6913753679));
#6307 = VECTOR('',#6308,1.);
#6308 = DIRECTION('',(1.,0.,0.));
#6309 = ORIENTED_EDGE('',*,*,#6100,.T.);
#6310 = ORIENTED_EDGE('',*,*,#6264,.F.);
#6311 = ORIENTED_EDGE('',*,*,#6312,.F.);
#6312 = EDGE_CURVE('',#6303,#6257,#6313,.T.);
#6313 = LINE('',#6314,#6315);
#6314 = CARTESIAN_POINT('',(570.,370.8,258.6913753679));
#6315 = VECTOR('',#6316,1.);
#6316 = DIRECTION('',(0.,0.,1.));
#6317 = PLANE('',#6318);
#6318 = AXIS2_PLACEMENT_3D('',#6319,#6320,#6321);
#6319 = CARTESIAN_POINT('',(564.,370.8,258.6913753679));
#6320 = DIRECTION('',(0.,1.,0.));
#6321 = DIRECTION('',(0.,0.,1.));
#6322 = ADVANCED_FACE('',(#6323),#6341,.F.);
#6323 = FACE_BOUND('',#6324,.F.);
#6324 = EDGE_LOOP('',(#6325,#6326,#6327,#6335));
#6325 = ORIENTED_EDGE('',*,*,#6060,.F.);
#6326 = ORIENTED_EDGE('',*,*,#6278,.T.);
#6327 = ORIENTED_EDGE('',*,*,#6328,.T.);
#6328 = EDGE_CURVE('',#6279,#6329,#6331,.T.);
#6329 = VERTEX_POINT('',#6330);
#6330 = CARTESIAN_POINT('',(582.,410.,238.6913753679));
#6331 = LINE('',#6332,#6333);
#6332 = CARTESIAN_POINT('',(582.,350.,238.6913753679));
#6333 = VECTOR('',#6334,1.);
#6334 = DIRECTION('',(0.,1.,0.));
#6335 = ORIENTED_EDGE('',*,*,#6336,.F.);
#6336 = EDGE_CURVE('',#6061,#6329,#6337,.T.);
#6337 = LINE('',#6338,#6339);
#6338 = CARTESIAN_POINT('',(564.,410.,238.6913753679));
#6339 = VECTOR('',#6340,1.);
#6340 = DIRECTION('',(1.,0.,0.));
#6341 = PLANE('',#6342);
#6342 = AXIS2_PLACEMENT_3D('',#6343,#6344,#6345);
#6343 = CARTESIAN_POINT('',(564.,350.,238.6913753679));
#6344 = DIRECTION('',(0.,0.,1.));
#6345 = DIRECTION('',(1.,0.,0.));
#6346 = ADVANCED_FACE('',(#6347),#6365,.T.);
#6347 = FACE_BOUND('',#6348,.T.);
#6348 = EDGE_LOOP('',(#6349,#6350,#6351,#6359));
#6349 = ORIENTED_EDGE('',*,*,#6092,.F.);
#6350 = ORIENTED_EDGE('',*,*,#6302,.T.);
#6351 = ORIENTED_EDGE('',*,*,#6352,.T.);
#6352 = EDGE_CURVE('',#6303,#6353,#6355,.T.);
#6353 = VERTEX_POINT('',#6354);
#6354 = CARTESIAN_POINT('',(570.,389.2,258.6913753679));
#6355 = LINE('',#6356,#6357);
#6356 = CARTESIAN_POINT('',(570.,370.8,258.6913753679));
#6357 = VECTOR('',#6358,1.);
#6358 = DIRECTION('',(0.,1.,0.));
#6359 = ORIENTED_EDGE('',*,*,#6360,.F.);
#6360 = EDGE_CURVE('',#6085,#6353,#6361,.T.);
#6361 = LINE('',#6362,#6363);
#6362 = CARTESIAN_POINT('',(564.,389.2,258.6913753679));
#6363 = VECTOR('',#6364,1.);
#6364 = DIRECTION('',(1.,0.,0.));
#6365 = PLANE('',#6366);
#6366 = AXIS2_PLACEMENT_3D('',#6367,#6368,#6369);
#6367 = CARTESIAN_POINT('',(564.,370.8,258.6913753679));
#6368 = DIRECTION('',(0.,0.,1.));
#6369 = DIRECTION('',(1.,0.,0.));
#6370 = ADVANCED_FACE('',(#6371),#6382,.T.);
#6371 = FACE_BOUND('',#6372,.T.);
#6372 = EDGE_LOOP('',(#6373,#6374,#6375,#6376));
#6373 = ORIENTED_EDGE('',*,*,#6336,.F.);
#6374 = ORIENTED_EDGE('',*,*,#6068,.T.);
#6375 = ORIENTED_EDGE('',*,*,#6241,.T.);
#6376 = ORIENTED_EDGE('',*,*,#6377,.F.);
#6377 = EDGE_CURVE('',#6329,#6234,#6378,.T.);
#6378 = LINE('',#6379,#6380);
#6379 = CARTESIAN_POINT('',(582.,410.,238.6913753679));
#6380 = VECTOR('',#6381,1.);
#6381 = DIRECTION('',(0.,0.,1.));
#6382 = PLANE('',#6383);
#6383 = AXIS2_PLACEMENT_3D('',#6384,#6385,#6386);
#6384 = CARTESIAN_POINT('',(564.,410.,238.6913753679));
#6385 = DIRECTION('',(0.,1.,0.));
#6386 = DIRECTION('',(0.,0.,1.));
#6387 = ADVANCED_FACE('',(#6388),#6399,.F.);
#6388 = FACE_BOUND('',#6389,.F.);
#6389 = EDGE_LOOP('',(#6390,#6391,#6392,#6393));
#6390 = ORIENTED_EDGE('',*,*,#6360,.F.);
#6391 = ORIENTED_EDGE('',*,*,#6084,.T.);
#6392 = ORIENTED_EDGE('',*,*,#6248,.F.);
#6393 = ORIENTED_EDGE('',*,*,#6394,.F.);
#6394 = EDGE_CURVE('',#6353,#6249,#6395,.T.);
#6395 = LINE('',#6396,#6397);
#6396 = CARTESIAN_POINT('',(570.,389.2,258.6913753679));
#6397 = VECTOR('',#6398,1.);
#6398 = DIRECTION('',(0.,0.,1.));
#6399 = PLANE('',#6400);
#6400 = AXIS2_PLACEMENT_3D('',#6401,#6402,#6403);
#6401 = CARTESIAN_POINT('',(564.,389.2,258.6913753679));
#6402 = DIRECTION('',(0.,1.,0.));
#6403 = DIRECTION('',(0.,0.,1.));
#6404 = ADVANCED_FACE('',(#6405),#6424,.F.);
#6405 = FACE_BOUND('',#6406,.F.);
#6406 = EDGE_LOOP('',(#6407,#6416,#6422,#6423));
#6407 = ORIENTED_EDGE('',*,*,#6408,.F.);
#6408 = EDGE_CURVE('',#6409,#6409,#6411,.T.);
#6409 = VERTEX_POINT('',#6410);
#6410 = CARTESIAN_POINT('',(582.,400.,254.4413753679));
#6411 = CIRCLE('',#6412,2.75);
#6412 = AXIS2_PLACEMENT_3D('',#6413,#6414,#6415);
#6413 = CARTESIAN_POINT('',(582.,400.,251.6913753679));
#6414 = DIRECTION('',(1.,0.,-0.));
#6415 = DIRECTION('',(0.,0.,1.));
#6416 = ORIENTED_EDGE('',*,*,#6417,.F.);
#6417 = EDGE_CURVE('',#6109,#6409,#6418,.T.);
#6418 = LINE('',#6419,#6420);
#6419 = CARTESIAN_POINT('',(563.,400.,254.4413753679));
#6420 = VECTOR('',#6421,1.);
#6421 = DIRECTION('',(1.,0.,0.));
#6422 = ORIENTED_EDGE('',*,*,#6108,.T.);
#6423 = ORIENTED_EDGE('',*,*,#6417,.T.);
#6424 = CYLINDRICAL_SURFACE('',#6425,2.75);
#6425 = AXIS2_PLACEMENT_3D('',#6426,#6427,#6428);
#6426 = CARTESIAN_POINT('',(563.,400.,251.6913753679));
#6427 = DIRECTION('',(1.,0.,0.));
#6428 = DIRECTION('',(0.,0.,1.));
#6429 = ADVANCED_FACE('',(#6430),#6449,.F.);
#6430 = FACE_BOUND('',#6431,.F.);
#6431 = EDGE_LOOP('',(#6432,#6441,#6447,#6448));
#6432 = ORIENTED_EDGE('',*,*,#6433,.F.);
#6433 = EDGE_CURVE('',#6434,#6434,#6436,.T.);
#6434 = VERTEX_POINT('',#6435);
#6435 = CARTESIAN_POINT('',(582.,400.,264.4413753679));
#6436 = CIRCLE('',#6437,2.75);
#6437 = AXIS2_PLACEMENT_3D('',#6438,#6439,#6440);
#6438 = CARTESIAN_POINT('',(582.,400.,261.6913753679));
#6439 = DIRECTION('',(1.,0.,-0.));
#6440 = DIRECTION('',(0.,0.,1.));
#6441 = ORIENTED_EDGE('',*,*,#6442,.F.);
#6442 = EDGE_CURVE('',#6120,#6434,#6443,.T.);
#6443 = LINE('',#6444,#6445);
#6444 = CARTESIAN_POINT('',(563.,400.,264.4413753679));
#6445 = VECTOR('',#6446,1.);
#6446 = DIRECTION('',(1.,0.,0.));
#6447 = ORIENTED_EDGE('',*,*,#6119,.T.);
#6448 = ORIENTED_EDGE('',*,*,#6442,.T.);
#6449 = CYLINDRICAL_SURFACE('',#6450,2.75);
#6450 = AXIS2_PLACEMENT_3D('',#6451,#6452,#6453);
#6451 = CARTESIAN_POINT('',(563.,400.,261.6913753679));
#6452 = DIRECTION('',(1.,0.,0.));
#6453 = DIRECTION('',(0.,0.,1.));
#6454 = ADVANCED_FACE('',(#6455),#6474,.F.);
#6455 = FACE_BOUND('',#6456,.F.);
#6456 = EDGE_LOOP('',(#6457,#6466,#6472,#6473));
#6457 = ORIENTED_EDGE('',*,*,#6458,.F.);
#6458 = EDGE_CURVE('',#6459,#6459,#6461,.T.);
#6459 = VERTEX_POINT('',#6460);
#6460 = CARTESIAN_POINT('',(582.,400.,274.4413753679));
#6461 = CIRCLE('',#6462,2.75);
#6462 = AXIS2_PLACEMENT_3D('',#6463,#6464,#6465);
#6463 = CARTESIAN_POINT('',(582.,400.,271.6913753679));
#6464 = DIRECTION('',(1.,0.,-0.));
#6465 = DIRECTION('',(0.,0.,1.));
#6466 = ORIENTED_EDGE('',*,*,#6467,.F.);
#6467 = EDGE_CURVE('',#6131,#6459,#6468,.T.);
#6468 = LINE('',#6469,#6470);
#6469 = CARTESIAN_POINT('',(563.,400.,274.4413753679));
#6470 = VECTOR('',#6471,1.);
#6471 = DIRECTION('',(1.,0.,0.));
#6472 = ORIENTED_EDGE('',*,*,#6130,.T.);
#6473 = ORIENTED_EDGE('',*,*,#6467,.T.);
#6474 = CYLINDRICAL_SURFACE('',#6475,2.75);
#6475 = AXIS2_PLACEMENT_3D('',#6476,#6477,#6478);
#6476 = CARTESIAN_POINT('',(563.,400.,271.6913753679));
#6477 = DIRECTION('',(1.,0.,0.));
#6478 = DIRECTION('',(0.,0.,1.));
#6479 = ADVANCED_FACE('',(#6480),#6499,.F.);
#6480 = FACE_BOUND('',#6481,.F.);
#6481 = EDGE_LOOP('',(#6482,#6491,#6497,#6498));
#6482 = ORIENTED_EDGE('',*,*,#6483,.F.);
#6483 = EDGE_CURVE('',#6484,#6484,#6486,.T.);
#6484 = VERTEX_POINT('',#6485);
#6485 = CARTESIAN_POINT('',(582.,402.,306.4413753679));
#6486 = CIRCLE('',#6487,2.75);
#6487 = AXIS2_PLACEMENT_3D('',#6488,#6489,#6490);
#6488 = CARTESIAN_POINT('',(582.,402.,303.6913753679));
#6489 = DIRECTION('',(1.,0.,-0.));
#6490 = DIRECTION('',(0.,0.,1.));
#6491 = ORIENTED_EDGE('',*,*,#6492,.F.);
#6492 = EDGE_CURVE('',#6142,#6484,#6493,.T.);
#6493 = LINE('',#6494,#6495);
#6494 = CARTESIAN_POINT('',(563.,402.,306.4413753679));
#6495 = VECTOR('',#6496,1.);
#6496 = DIRECTION('',(1.,0.,0.));
#6497 = ORIENTED_EDGE('',*,*,#6141,.T.);
#6498 = ORIENTED_EDGE('',*,*,#6492,.T.);
#6499 = CYLINDRICAL_SURFACE('',#6500,2.75);
#6500 = AXIS2_PLACEMENT_3D('',#6501,#6502,#6503);
#6501 = CARTESIAN_POINT('',(563.,402.,303.6913753679));
#6502 = DIRECTION('',(1.,0.,0.));
#6503 = DIRECTION('',(0.,0.,1.));
#6504 = ADVANCED_FACE('',(#6505),#6524,.F.);
#6505 = FACE_BOUND('',#6506,.F.);
#6506 = EDGE_LOOP('',(#6507,#6516,#6522,#6523));
#6507 = ORIENTED_EDGE('',*,*,#6508,.F.);
#6508 = EDGE_CURVE('',#6509,#6509,#6511,.T.);
#6509 = VERTEX_POINT('',#6510);
#6510 = CARTESIAN_POINT('',(582.,402.,361.4413753679));
#6511 = CIRCLE('',#6512,2.75);
#6512 = AXIS2_PLACEMENT_3D('',#6513,#6514,#6515);
#6513 = CARTESIAN_POINT('',(582.,402.,358.6913753679));
#6514 = DIRECTION('',(1.,0.,-0.));
#6515 = DIRECTION('',(0.,0.,1.));
#6516 = ORIENTED_EDGE('',*,*,#6517,.F.);
#6517 = EDGE_CURVE('',#6153,#6509,#6518,.T.);
#6518 = LINE('',#6519,#6520);
#6519 = CARTESIAN_POINT('',(563.,402.,361.4413753679));
#6520 = VECTOR('',#6521,1.);
#6521 = DIRECTION('',(1.,0.,0.));
#6522 = ORIENTED_EDGE('',*,*,#6152,.T.);
#6523 = ORIENTED_EDGE('',*,*,#6517,.T.);
#6524 = CYLINDRICAL_SURFACE('',#6525,2.75);
#6525 = AXIS2_PLACEMENT_3D('',#6526,#6527,#6528);
#6526 = CARTESIAN_POINT('',(563.,402.,358.6913753679));
#6527 = DIRECTION('',(1.,0.,0.));
#6528 = DIRECTION('',(0.,0.,1.));
#6529 = ADVANCED_FACE('',(#6530),#6549,.F.);
#6530 = FACE_BOUND('',#6531,.F.);
#6531 = EDGE_LOOP('',(#6532,#6541,#6547,#6548));
#6532 = ORIENTED_EDGE('',*,*,#6533,.F.);
#6533 = EDGE_CURVE('',#6534,#6534,#6536,.T.);
#6534 = VERTEX_POINT('',#6535);
#6535 = CARTESIAN_POINT('',(582.,360.,254.4413753679));
#6536 = CIRCLE('',#6537,2.75);
#6537 = AXIS2_PLACEMENT_3D('',#6538,#6539,#6540);
#6538 = CARTESIAN_POINT('',(582.,360.,251.6913753679));
#6539 = DIRECTION('',(1.,0.,-0.));
#6540 = DIRECTION('',(0.,0.,1.));
#6541 = ORIENTED_EDGE('',*,*,#6542,.F.);
#6542 = EDGE_CURVE('',#6164,#6534,#6543,.T.);
#6543 = LINE('',#6544,#6545);
#6544 = CARTESIAN_POINT('',(563.,360.,254.4413753679));
#6545 = VECTOR('',#6546,1.);
#6546 = DIRECTION('',(1.,0.,0.));
#6547 = ORIENTED_EDGE('',*,*,#6163,.T.);
#6548 = ORIENTED_EDGE('',*,*,#6542,.T.);
#6549 = CYLINDRICAL_SURFACE('',#6550,2.75);
#6550 = AXIS2_PLACEMENT_3D('',#6551,#6552,#6553);
#6551 = CARTESIAN_POINT('',(563.,360.,251.6913753679));
#6552 = DIRECTION('',(1.,0.,0.));
#6553 = DIRECTION('',(0.,0.,1.));
#6554 = ADVANCED_FACE('',(#6555),#6574,.F.);
#6555 = FACE_BOUND('',#6556,.F.);
#6556 = EDGE_LOOP('',(#6557,#6566,#6572,#6573));
#6557 = ORIENTED_EDGE('',*,*,#6558,.F.);
#6558 = EDGE_CURVE('',#6559,#6559,#6561,.T.);
#6559 = VERTEX_POINT('',#6560);
#6560 = CARTESIAN_POINT('',(582.,360.,264.4413753679));
#6561 = CIRCLE('',#6562,2.75);
#6562 = AXIS2_PLACEMENT_3D('',#6563,#6564,#6565);
#6563 = CARTESIAN_POINT('',(582.,360.,261.6913753679));
#6564 = DIRECTION('',(1.,0.,-0.));
#6565 = DIRECTION('',(0.,0.,1.));
#6566 = ORIENTED_EDGE('',*,*,#6567,.F.);
#6567 = EDGE_CURVE('',#6175,#6559,#6568,.T.);
#6568 = LINE('',#6569,#6570);
#6569 = CARTESIAN_POINT('',(563.,360.,264.4413753679));
#6570 = VECTOR('',#6571,1.);
#6571 = DIRECTION('',(1.,0.,0.));
#6572 = ORIENTED_EDGE('',*,*,#6174,.T.);
#6573 = ORIENTED_EDGE('',*,*,#6567,.T.);
#6574 = CYLINDRICAL_SURFACE('',#6575,2.75);
#6575 = AXIS2_PLACEMENT_3D('',#6576,#6577,#6578);
#6576 = CARTESIAN_POINT('',(563.,360.,261.6913753679));
#6577 = DIRECTION('',(1.,0.,0.));
#6578 = DIRECTION('',(0.,0.,1.));
#6579 = ADVANCED_FACE('',(#6580),#6599,.F.);
#6580 = FACE_BOUND('',#6581,.F.);
#6581 = EDGE_LOOP('',(#6582,#6591,#6597,#6598));
#6582 = ORIENTED_EDGE('',*,*,#6583,.F.);
#6583 = EDGE_CURVE('',#6584,#6584,#6586,.T.);
#6584 = VERTEX_POINT('',#6585);
#6585 = CARTESIAN_POINT('',(582.,360.,274.4413753679));
#6586 = CIRCLE('',#6587,2.75);
#6587 = AXIS2_PLACEMENT_3D('',#6588,#6589,#6590);
#6588 = CARTESIAN_POINT('',(582.,360.,271.6913753679));
#6589 = DIRECTION('',(1.,0.,-0.));
#6590 = DIRECTION('',(0.,0.,1.));
#6591 = ORIENTED_EDGE('',*,*,#6592,.F.);
#6592 = EDGE_CURVE('',#6186,#6584,#6593,.T.);
#6593 = LINE('',#6594,#6595);
#6594 = CARTESIAN_POINT('',(563.,360.,274.4413753679));
#6595 = VECTOR('',#6596,1.);
#6596 = DIRECTION('',(1.,0.,0.));
#6597 = ORIENTED_EDGE('',*,*,#6185,.T.);
#6598 = ORIENTED_EDGE('',*,*,#6592,.T.);
#6599 = CYLINDRICAL_SURFACE('',#6600,2.75);
#6600 = AXIS2_PLACEMENT_3D('',#6601,#6602,#6603);
#6601 = CARTESIAN_POINT('',(563.,360.,271.6913753679));
#6602 = DIRECTION('',(1.,0.,0.));
#6603 = DIRECTION('',(0.,0.,1.));
#6604 = ADVANCED_FACE('',(#6605),#6624,.F.);
#6605 = FACE_BOUND('',#6606,.F.);
#6606 = EDGE_LOOP('',(#6607,#6616,#6622,#6623));
#6607 = ORIENTED_EDGE('',*,*,#6608,.F.);
#6608 = EDGE_CURVE('',#6609,#6609,#6611,.T.);
#6609 = VERTEX_POINT('',#6610);
#6610 = CARTESIAN_POINT('',(582.,358.,306.4413753679));
#6611 = CIRCLE('',#6612,2.75);
#6612 = AXIS2_PLACEMENT_3D('',#6613,#6614,#6615);
#6613 = CARTESIAN_POINT('',(582.,358.,303.6913753679));
#6614 = DIRECTION('',(1.,0.,-0.));
#6615 = DIRECTION('',(0.,0.,1.));
#6616 = ORIENTED_EDGE('',*,*,#6617,.F.);
#6617 = EDGE_CURVE('',#6197,#6609,#6618,.T.);
#6618 = LINE('',#6619,#6620);
#6619 = CARTESIAN_POINT('',(563.,358.,306.4413753679));
#6620 = VECTOR('',#6621,1.);
#6621 = DIRECTION('',(1.,0.,0.));
#6622 = ORIENTED_EDGE('',*,*,#6196,.T.);
#6623 = ORIENTED_EDGE('',*,*,#6617,.T.);
#6624 = CYLINDRICAL_SURFACE('',#6625,2.75);
#6625 = AXIS2_PLACEMENT_3D('',#6626,#6627,#6628);
#6626 = CARTESIAN_POINT('',(563.,358.,303.6913753679));
#6627 = DIRECTION('',(1.,0.,0.));
#6628 = DIRECTION('',(0.,0.,1.));
#6629 = ADVANCED_FACE('',(#6630),#6649,.F.);
#6630 = FACE_BOUND('',#6631,.F.);
#6631 = EDGE_LOOP('',(#6632,#6641,#6647,#6648));
#6632 = ORIENTED_EDGE('',*,*,#6633,.F.);
#6633 = EDGE_CURVE('',#6634,#6634,#6636,.T.);
#6634 = VERTEX_POINT('',#6635);
#6635 = CARTESIAN_POINT('',(582.,358.,361.4413753679));
#6636 = CIRCLE('',#6637,2.75);
#6637 = AXIS2_PLACEMENT_3D('',#6638,#6639,#6640);
#6638 = CARTESIAN_POINT('',(582.,358.,358.6913753679));
#6639 = DIRECTION('',(1.,0.,-0.));
#6640 = DIRECTION('',(0.,0.,1.));
#6641 = ORIENTED_EDGE('',*,*,#6642,.F.);
#6642 = EDGE_CURVE('',#6208,#6634,#6643,.T.);
#6643 = LINE('',#6644,#6645);
#6644 = CARTESIAN_POINT('',(563.,358.,361.4413753679));
#6645 = VECTOR('',#6646,1.);
#6646 = DIRECTION('',(1.,0.,0.));
#6647 = ORIENTED_EDGE('',*,*,#6207,.T.);
#6648 = ORIENTED_EDGE('',*,*,#6642,.T.);
#6649 = CYLINDRICAL_SURFACE('',#6650,2.75);
#6650 = AXIS2_PLACEMENT_3D('',#6651,#6652,#6653);
#6651 = CARTESIAN_POINT('',(563.,358.,358.6913753679));
#6652 = DIRECTION('',(1.,0.,0.));
#6653 = DIRECTION('',(0.,0.,1.));
#6654 = ADVANCED_FACE('',(#6655),#6661,.F.);
#6655 = FACE_BOUND('',#6656,.F.);
#6656 = EDGE_LOOP('',(#6657,#6658,#6659,#6660));
#6657 = ORIENTED_EDGE('',*,*,#6312,.F.);
#6658 = ORIENTED_EDGE('',*,*,#6352,.T.);
#6659 = ORIENTED_EDGE('',*,*,#6394,.T.);
#6660 = ORIENTED_EDGE('',*,*,#6256,.F.);
#6661 = PLANE('',#6662);
#6662 = AXIS2_PLACEMENT_3D('',#6663,#6664,#6665);
#6663 = CARTESIAN_POINT('',(570.,370.8,258.6913753679));
#6664 = DIRECTION('',(1.,0.,0.));
#6665 = DIRECTION('',(0.,0.,1.));
#6666 = ADVANCED_FACE('',(#6667,#6673,#6676,#6679,#6682,#6685,#6688,
    #6691,#6694,#6697,#6700),#6703,.T.);
#6667 = FACE_BOUND('',#6668,.T.);
#6668 = EDGE_LOOP('',(#6669,#6670,#6671,#6672));
#6669 = ORIENTED_EDGE('',*,*,#6288,.F.);
#6670 = ORIENTED_EDGE('',*,*,#6328,.T.);
#6671 = ORIENTED_EDGE('',*,*,#6377,.T.);
#6672 = ORIENTED_EDGE('',*,*,#6233,.F.);
#6673 = FACE_BOUND('',#6674,.T.);
#6674 = EDGE_LOOP('',(#6675));
#6675 = ORIENTED_EDGE('',*,*,#6408,.F.);
#6676 = FACE_BOUND('',#6677,.T.);
#6677 = EDGE_LOOP('',(#6678));
#6678 = ORIENTED_EDGE('',*,*,#6433,.F.);
#6679 = FACE_BOUND('',#6680,.T.);
#6680 = EDGE_LOOP('',(#6681));
#6681 = ORIENTED_EDGE('',*,*,#6458,.F.);
#6682 = FACE_BOUND('',#6683,.T.);
#6683 = EDGE_LOOP('',(#6684));
#6684 = ORIENTED_EDGE('',*,*,#6483,.F.);
#6685 = FACE_BOUND('',#6686,.T.);
#6686 = EDGE_LOOP('',(#6687));
#6687 = ORIENTED_EDGE('',*,*,#6508,.F.);
#6688 = FACE_BOUND('',#6689,.T.);
#6689 = EDGE_LOOP('',(#6690));
#6690 = ORIENTED_EDGE('',*,*,#6533,.F.);
#6691 = FACE_BOUND('',#6692,.T.);
#6692 = EDGE_LOOP('',(#6693));
#6693 = ORIENTED_EDGE('',*,*,#6558,.F.);
#6694 = FACE_BOUND('',#6695,.T.);
#6695 = EDGE_LOOP('',(#6696));
#6696 = ORIENTED_EDGE('',*,*,#6583,.F.);
#6697 = FACE_BOUND('',#6698,.T.);
#6698 = EDGE_LOOP('',(#6699));
#6699 = ORIENTED_EDGE('',*,*,#6608,.F.);
#6700 = FACE_BOUND('',#6701,.T.);
#6701 = EDGE_LOOP('',(#6702));
#6702 = ORIENTED_EDGE('',*,*,#6633,.F.);
#6703 = PLANE('',#6704);
#6704 = AXIS2_PLACEMENT_3D('',#6705,#6706,#6707);
#6705 = CARTESIAN_POINT('',(582.,350.,238.6913753679));
#6706 = DIRECTION('',(1.,0.,0.));
#6707 = DIRECTION('',(0.,0.,1.));
#6708 = MANIFOLD_SOLID_BREP('',#6709);
#6709 = CLOSED_SHELL('',(#6710,#6750,#6797,#6821,#6861,#6878,#6917,#6934
    ,#6968,#6985));
#6710 = ADVANCED_FACE('',(#6711),#6745,.F.);
#6711 = FACE_BOUND('',#6712,.F.);
#6712 = EDGE_LOOP('',(#6713,#6723,#6731,#6739));
#6713 = ORIENTED_EDGE('',*,*,#6714,.F.);
#6714 = EDGE_CURVE('',#6715,#6717,#6719,.T.);
#6715 = VERTEX_POINT('',#6716);
#6716 = CARTESIAN_POINT('',(524.,355.,280.6913753679));
#6717 = VERTEX_POINT('',#6718);
#6718 = CARTESIAN_POINT('',(524.,355.,283.6913753679));
#6719 = LINE('',#6720,#6721);
#6720 = CARTESIAN_POINT('',(524.,355.,280.6913753679));
#6721 = VECTOR('',#6722,1.);
#6722 = DIRECTION('',(0.,0.,1.));
#6723 = ORIENTED_EDGE('',*,*,#6724,.T.);
#6724 = EDGE_CURVE('',#6715,#6725,#6727,.T.);
#6725 = VERTEX_POINT('',#6726);
#6726 = CARTESIAN_POINT('',(524.,405.,280.6913753679));
#6727 = LINE('',#6728,#6729);
#6728 = CARTESIAN_POINT('',(524.,355.,280.6913753679));
#6729 = VECTOR('',#6730,1.);
#6730 = DIRECTION('',(0.,1.,0.));
#6731 = ORIENTED_EDGE('',*,*,#6732,.T.);
#6732 = EDGE_CURVE('',#6725,#6733,#6735,.T.);
#6733 = VERTEX_POINT('',#6734);
#6734 = CARTESIAN_POINT('',(524.,405.,283.6913753679));
#6735 = LINE('',#6736,#6737);
#6736 = CARTESIAN_POINT('',(524.,405.,280.6913753679));
#6737 = VECTOR('',#6738,1.);
#6738 = DIRECTION('',(0.,0.,1.));
#6739 = ORIENTED_EDGE('',*,*,#6740,.F.);
#6740 = EDGE_CURVE('',#6717,#6733,#6741,.T.);
#6741 = LINE('',#6742,#6743);
#6742 = CARTESIAN_POINT('',(524.,355.,283.6913753679));
#6743 = VECTOR('',#6744,1.);
#6744 = DIRECTION('',(0.,1.,0.));
#6745 = PLANE('',#6746);
#6746 = AXIS2_PLACEMENT_3D('',#6747,#6748,#6749);
#6747 = CARTESIAN_POINT('',(524.,355.,280.6913753679));
#6748 = DIRECTION('',(1.,0.,0.));
#6749 = DIRECTION('',(0.,0.,1.));
#6750 = ADVANCED_FACE('',(#6751),#6792,.T.);
#6751 = FACE_BOUND('',#6752,.T.);
#6752 = EDGE_LOOP('',(#6753,#6761,#6769,#6777,#6785,#6791));
#6753 = ORIENTED_EDGE('',*,*,#6754,.T.);
#6754 = EDGE_CURVE('',#6715,#6755,#6757,.T.);
#6755 = VERTEX_POINT('',#6756);
#6756 = CARTESIAN_POINT('',(561.,355.,280.6913753679));
#6757 = LINE('',#6758,#6759);
#6758 = CARTESIAN_POINT('',(524.,355.,280.6913753679));
#6759 = VECTOR('',#6760,1.);
#6760 = DIRECTION('',(1.,0.,0.));
#6761 = ORIENTED_EDGE('',*,*,#6762,.F.);
#6762 = EDGE_CURVE('',#6763,#6755,#6765,.T.);
#6763 = VERTEX_POINT('',#6764);
#6764 = CARTESIAN_POINT('',(561.,355.,243.6913753679));
#6765 = LINE('',#6766,#6767);
#6766 = CARTESIAN_POINT('',(561.,355.,243.6913753679));
#6767 = VECTOR('',#6768,1.);
#6768 = DIRECTION('',(0.,0.,1.));
#6769 = ORIENTED_EDGE('',*,*,#6770,.T.);
#6770 = EDGE_CURVE('',#6763,#6771,#6773,.T.);
#6771 = VERTEX_POINT('',#6772);
#6772 = CARTESIAN_POINT('',(564.,355.,243.6913753679));
#6773 = LINE('',#6774,#6775);
#6774 = CARTESIAN_POINT('',(561.,355.,243.6913753679));
#6775 = VECTOR('',#6776,1.);
#6776 = DIRECTION('',(1.,0.,0.));
#6777 = ORIENTED_EDGE('',*,*,#6778,.T.);
#6778 = EDGE_CURVE('',#6771,#6779,#6781,.T.);
#6779 = VERTEX_POINT('',#6780);
#6780 = CARTESIAN_POINT('',(564.,355.,283.6913753679));
#6781 = LINE('',#6782,#6783);
#6782 = CARTESIAN_POINT('',(564.,355.,243.6913753679));
#6783 = VECTOR('',#6784,1.);
#6784 = DIRECTION('',(0.,0.,1.));
#6785 = ORIENTED_EDGE('',*,*,#6786,.F.);
#6786 = EDGE_CURVE('',#6717,#6779,#6787,.T.);
#6787 = LINE('',#6788,#6789);
#6788 = CARTESIAN_POINT('',(524.,355.,283.6913753679));
#6789 = VECTOR('',#6790,1.);
#6790 = DIRECTION('',(1.,0.,0.));
#6791 = ORIENTED_EDGE('',*,*,#6714,.F.);
#6792 = PLANE('',#6793);
#6793 = AXIS2_PLACEMENT_3D('',#6794,#6795,#6796);
#6794 = CARTESIAN_POINT('',(552.55625,355.,272.2476253679));
#6795 = DIRECTION('',(-0.,-1.,-0.));
#6796 = DIRECTION('',(0.,0.,-1.));
#6797 = ADVANCED_FACE('',(#6798),#6816,.T.);
#6798 = FACE_BOUND('',#6799,.T.);
#6799 = EDGE_LOOP('',(#6800,#6801,#6802,#6810));
#6800 = ORIENTED_EDGE('',*,*,#6740,.F.);
#6801 = ORIENTED_EDGE('',*,*,#6786,.T.);
#6802 = ORIENTED_EDGE('',*,*,#6803,.T.);
#6803 = EDGE_CURVE('',#6779,#6804,#6806,.T.);
#6804 = VERTEX_POINT('',#6805);
#6805 = CARTESIAN_POINT('',(564.,405.,283.6913753679));
#6806 = LINE('',#6807,#6808);
#6807 = CARTESIAN_POINT('',(564.,355.,283.6913753679));
#6808 = VECTOR('',#6809,1.);
#6809 = DIRECTION('',(0.,1.,0.));
#6810 = ORIENTED_EDGE('',*,*,#6811,.F.);
#6811 = EDGE_CURVE('',#6733,#6804,#6812,.T.);
#6812 = LINE('',#6813,#6814);
#6813 = CARTESIAN_POINT('',(524.,405.,283.6913753679));
#6814 = VECTOR('',#6815,1.);
#6815 = DIRECTION('',(1.,0.,0.));
#6816 = PLANE('',#6817);
#6817 = AXIS2_PLACEMENT_3D('',#6818,#6819,#6820);
#6818 = CARTESIAN_POINT('',(524.,355.,283.6913753679));
#6819 = DIRECTION('',(0.,0.,1.));
#6820 = DIRECTION('',(1.,0.,0.));
#6821 = ADVANCED_FACE('',(#6822),#6856,.T.);
#6822 = FACE_BOUND('',#6823,.T.);
#6823 = EDGE_LOOP('',(#6824,#6832,#6833,#6834,#6842,#6850));
#6824 = ORIENTED_EDGE('',*,*,#6825,.F.);
#6825 = EDGE_CURVE('',#6725,#6826,#6828,.T.);
#6826 = VERTEX_POINT('',#6827);
#6827 = CARTESIAN_POINT('',(561.,405.,280.6913753679));
#6828 = LINE('',#6829,#6830);
#6829 = CARTESIAN_POINT('',(524.,405.,280.6913753679));
#6830 = VECTOR('',#6831,1.);
#6831 = DIRECTION('',(1.,0.,0.));
#6832 = ORIENTED_EDGE('',*,*,#6732,.T.);
#6833 = ORIENTED_EDGE('',*,*,#6811,.T.);
#6834 = ORIENTED_EDGE('',*,*,#6835,.F.);
#6835 = EDGE_CURVE('',#6836,#6804,#6838,.T.);
#6836 = VERTEX_POINT('',#6837);
#6837 = CARTESIAN_POINT('',(564.,405.,243.6913753679));
#6838 = LINE('',#6839,#6840);
#6839 = CARTESIAN_POINT('',(564.,405.,280.6913753679));
#6840 = VECTOR('',#6841,1.);
#6841 = DIRECTION('',(0.,0.,1.));
#6842 = ORIENTED_EDGE('',*,*,#6843,.F.);
#6843 = EDGE_CURVE('',#6844,#6836,#6846,.T.);
#6844 = VERTEX_POINT('',#6845);
#6845 = CARTESIAN_POINT('',(561.,405.,243.6913753679));
#6846 = LINE('',#6847,#6848);
#6847 = CARTESIAN_POINT('',(561.,405.,243.6913753679));
#6848 = VECTOR('',#6849,1.);
#6849 = DIRECTION('',(1.,0.,0.));
#6850 = ORIENTED_EDGE('',*,*,#6851,.T.);
#6851 = EDGE_CURVE('',#6844,#6826,#6852,.T.);
#6852 = LINE('',#6853,#6854);
#6853 = CARTESIAN_POINT('',(561.,405.,243.6913753679));
#6854 = VECTOR('',#6855,1.);
#6855 = DIRECTION('',(0.,0.,1.));
#6856 = PLANE('',#6857);
#6857 = AXIS2_PLACEMENT_3D('',#6858,#6859,#6860);
#6858 = CARTESIAN_POINT('',(552.55625,405.,272.2476253679));
#6859 = DIRECTION('',(0.,1.,0.));
#6860 = DIRECTION('',(0.,0.,1.));
#6861 = ADVANCED_FACE('',(#6862),#6873,.F.);
#6862 = FACE_BOUND('',#6863,.F.);
#6863 = EDGE_LOOP('',(#6864,#6865,#6866,#6867));
#6864 = ORIENTED_EDGE('',*,*,#6825,.F.);
#6865 = ORIENTED_EDGE('',*,*,#6724,.F.);
#6866 = ORIENTED_EDGE('',*,*,#6754,.T.);
#6867 = ORIENTED_EDGE('',*,*,#6868,.T.);
#6868 = EDGE_CURVE('',#6755,#6826,#6869,.T.);
#6869 = LINE('',#6870,#6871);
#6870 = CARTESIAN_POINT('',(561.,355.,280.6913753679));
#6871 = VECTOR('',#6872,1.);
#6872 = DIRECTION('',(0.,1.,0.));
#6873 = PLANE('',#6874);
#6874 = AXIS2_PLACEMENT_3D('',#6875,#6876,#6877);
#6875 = CARTESIAN_POINT('',(524.,355.,280.6913753679));
#6876 = DIRECTION('',(0.,0.,1.));
#6877 = DIRECTION('',(1.,0.,0.));
#6878 = ADVANCED_FACE('',(#6879,#6890,#6901),#6912,.F.);
#6879 = FACE_BOUND('',#6880,.F.);
#6880 = EDGE_LOOP('',(#6881,#6882,#6888,#6889));
#6881 = ORIENTED_EDGE('',*,*,#6762,.F.);
#6882 = ORIENTED_EDGE('',*,*,#6883,.T.);
#6883 = EDGE_CURVE('',#6763,#6844,#6884,.T.);
#6884 = LINE('',#6885,#6886);
#6885 = CARTESIAN_POINT('',(561.,355.,243.6913753679));
#6886 = VECTOR('',#6887,1.);
#6887 = DIRECTION('',(0.,1.,0.));
#6888 = ORIENTED_EDGE('',*,*,#6851,.T.);
#6889 = ORIENTED_EDGE('',*,*,#6868,.F.);
#6890 = FACE_BOUND('',#6891,.F.);
#6891 = EDGE_LOOP('',(#6892));
#6892 = ORIENTED_EDGE('',*,*,#6893,.F.);
#6893 = EDGE_CURVE('',#6894,#6894,#6896,.T.);
#6894 = VERTEX_POINT('',#6895);
#6895 = CARTESIAN_POINT('',(561.,400.,264.4413753679));
#6896 = CIRCLE('',#6897,2.75);
#6897 = AXIS2_PLACEMENT_3D('',#6898,#6899,#6900);
#6898 = CARTESIAN_POINT('',(561.,400.,261.6913753679));
#6899 = DIRECTION('',(1.,0.,-0.));
#6900 = DIRECTION('',(0.,0.,1.));
#6901 = FACE_BOUND('',#6902,.F.);
#6902 = EDGE_LOOP('',(#6903));
#6903 = ORIENTED_EDGE('',*,*,#6904,.F.);
#6904 = EDGE_CURVE('',#6905,#6905,#6907,.T.);
#6905 = VERTEX_POINT('',#6906);
#6906 = CARTESIAN_POINT('',(561.,360.,264.4413753679));
#6907 = CIRCLE('',#6908,2.75);
#6908 = AXIS2_PLACEMENT_3D('',#6909,#6910,#6911);
#6909 = CARTESIAN_POINT('',(561.,360.,261.6913753679));
#6910 = DIRECTION('',(1.,0.,-0.));
#6911 = DIRECTION('',(0.,0.,1.));
#6912 = PLANE('',#6913);
#6913 = AXIS2_PLACEMENT_3D('',#6914,#6915,#6916);
#6914 = CARTESIAN_POINT('',(561.,355.,243.6913753679));
#6915 = DIRECTION('',(1.,0.,0.));
#6916 = DIRECTION('',(0.,0.,1.));
#6917 = ADVANCED_FACE('',(#6918),#6929,.F.);
#6918 = FACE_BOUND('',#6919,.F.);
#6919 = EDGE_LOOP('',(#6920,#6921,#6922,#6928));
#6920 = ORIENTED_EDGE('',*,*,#6883,.F.);
#6921 = ORIENTED_EDGE('',*,*,#6770,.T.);
#6922 = ORIENTED_EDGE('',*,*,#6923,.T.);
#6923 = EDGE_CURVE('',#6771,#6836,#6924,.T.);
#6924 = LINE('',#6925,#6926);
#6925 = CARTESIAN_POINT('',(564.,355.,243.6913753679));
#6926 = VECTOR('',#6927,1.);
#6927 = DIRECTION('',(0.,1.,0.));
#6928 = ORIENTED_EDGE('',*,*,#6843,.F.);
#6929 = PLANE('',#6930);
#6930 = AXIS2_PLACEMENT_3D('',#6931,#6932,#6933);
#6931 = CARTESIAN_POINT('',(561.,355.,243.6913753679));
#6932 = DIRECTION('',(0.,0.,1.));
#6933 = DIRECTION('',(1.,0.,0.));
#6934 = ADVANCED_FACE('',(#6935,#6941,#6952),#6963,.T.);
#6935 = FACE_BOUND('',#6936,.T.);
#6936 = EDGE_LOOP('',(#6937,#6938,#6939,#6940));
#6937 = ORIENTED_EDGE('',*,*,#6778,.F.);
#6938 = ORIENTED_EDGE('',*,*,#6923,.T.);
#6939 = ORIENTED_EDGE('',*,*,#6835,.T.);
#6940 = ORIENTED_EDGE('',*,*,#6803,.F.);
#6941 = FACE_BOUND('',#6942,.T.);
#6942 = EDGE_LOOP('',(#6943));
#6943 = ORIENTED_EDGE('',*,*,#6944,.F.);
#6944 = EDGE_CURVE('',#6945,#6945,#6947,.T.);
#6945 = VERTEX_POINT('',#6946);
#6946 = CARTESIAN_POINT('',(564.,400.,264.4413753679));
#6947 = CIRCLE('',#6948,2.75);
#6948 = AXIS2_PLACEMENT_3D('',#6949,#6950,#6951);
#6949 = CARTESIAN_POINT('',(564.,400.,261.6913753679));
#6950 = DIRECTION('',(1.,0.,-0.));
#6951 = DIRECTION('',(0.,0.,1.));
#6952 = FACE_BOUND('',#6953,.T.);
#6953 = EDGE_LOOP('',(#6954));
#6954 = ORIENTED_EDGE('',*,*,#6955,.F.);
#6955 = EDGE_CURVE('',#6956,#6956,#6958,.T.);
#6956 = VERTEX_POINT('',#6957);
#6957 = CARTESIAN_POINT('',(564.,360.,264.4413753679));
#6958 = CIRCLE('',#6959,2.75);
#6959 = AXIS2_PLACEMENT_3D('',#6960,#6961,#6962);
#6960 = CARTESIAN_POINT('',(564.,360.,261.6913753679));
#6961 = DIRECTION('',(1.,0.,-0.));
#6962 = DIRECTION('',(0.,0.,1.));
#6963 = PLANE('',#6964);
#6964 = AXIS2_PLACEMENT_3D('',#6965,#6966,#6967);
#6965 = CARTESIAN_POINT('',(564.,380.,263.6913753679));
#6966 = DIRECTION('',(1.,0.,0.));
#6967 = DIRECTION('',(0.,0.,1.));
#6968 = ADVANCED_FACE('',(#6969),#6980,.F.);
#6969 = FACE_BOUND('',#6970,.F.);
#6970 = EDGE_LOOP('',(#6971,#6972,#6978,#6979));
#6971 = ORIENTED_EDGE('',*,*,#6944,.F.);
#6972 = ORIENTED_EDGE('',*,*,#6973,.F.);
#6973 = EDGE_CURVE('',#6894,#6945,#6974,.T.);
#6974 = LINE('',#6975,#6976);
#6975 = CARTESIAN_POINT('',(560.,400.,264.4413753679));
#6976 = VECTOR('',#6977,1.);
#6977 = DIRECTION('',(1.,0.,0.));
#6978 = ORIENTED_EDGE('',*,*,#6893,.T.);
#6979 = ORIENTED_EDGE('',*,*,#6973,.T.);
#6980 = CYLINDRICAL_SURFACE('',#6981,2.75);
#6981 = AXIS2_PLACEMENT_3D('',#6982,#6983,#6984);
#6982 = CARTESIAN_POINT('',(560.,400.,261.6913753679));
#6983 = DIRECTION('',(1.,0.,0.));
#6984 = DIRECTION('',(0.,0.,1.));
#6985 = ADVANCED_FACE('',(#6986),#6997,.F.);
#6986 = FACE_BOUND('',#6987,.F.);
#6987 = EDGE_LOOP('',(#6988,#6989,#6995,#6996));
#6988 = ORIENTED_EDGE('',*,*,#6955,.F.);
#6989 = ORIENTED_EDGE('',*,*,#6990,.F.);
#6990 = EDGE_CURVE('',#6905,#6956,#6991,.T.);
#6991 = LINE('',#6992,#6993);
#6992 = CARTESIAN_POINT('',(560.,360.,264.4413753679));
#6993 = VECTOR('',#6994,1.);
#6994 = DIRECTION('',(1.,0.,0.));
#6995 = ORIENTED_EDGE('',*,*,#6904,.T.);
#6996 = ORIENTED_EDGE('',*,*,#6990,.T.);
#6997 = CYLINDRICAL_SURFACE('',#6998,2.75);
#6998 = AXIS2_PLACEMENT_3D('',#6999,#7000,#7001);
#6999 = CARTESIAN_POINT('',(560.,360.,261.6913753679));
#7000 = DIRECTION('',(1.,0.,0.));
#7001 = DIRECTION('',(0.,0.,1.));
#7002 = MANIFOLD_SOLID_BREP('',#7003);
#7003 = CLOSED_SHELL('',(#7004,#7044,#7075,#7106,#7128,#7140));
#7004 = ADVANCED_FACE('',(#7005),#7039,.F.);
#7005 = FACE_BOUND('',#7006,.F.);
#7006 = EDGE_LOOP('',(#7007,#7017,#7025,#7033));
#7007 = ORIENTED_EDGE('',*,*,#7008,.T.);
#7008 = EDGE_CURVE('',#7009,#7011,#7013,.T.);
#7009 = VERTEX_POINT('',#7010);
#7010 = CARTESIAN_POINT('',(30.2,691.,339.57869931156));
#7011 = VERTEX_POINT('',#7012);
#7012 = CARTESIAN_POINT('',(569.8,691.,339.57869931156));
#7013 = LINE('',#7014,#7015);
#7014 = CARTESIAN_POINT('',(30.2,691.,339.57869931156));
#7015 = VECTOR('',#7016,1.);
#7016 = DIRECTION('',(1.,0.,0.));
#7017 = ORIENTED_EDGE('',*,*,#7018,.T.);
#7018 = EDGE_CURVE('',#7011,#7019,#7021,.T.);
#7019 = VERTEX_POINT('',#7020);
#7020 = CARTESIAN_POINT('',(569.8,709.,339.57869931156));
#7021 = LINE('',#7022,#7023);
#7022 = CARTESIAN_POINT('',(569.8,691.,339.57869931156));
#7023 = VECTOR('',#7024,1.);
#7024 = DIRECTION('',(0.,1.,0.));
#7025 = ORIENTED_EDGE('',*,*,#7026,.F.);
#7026 = EDGE_CURVE('',#7027,#7019,#7029,.T.);
#7027 = VERTEX_POINT('',#7028);
#7028 = CARTESIAN_POINT('',(30.2,709.,339.57869931156));
#7029 = LINE('',#7030,#7031);
#7030 = CARTESIAN_POINT('',(30.2,709.,339.57869931156));
#7031 = VECTOR('',#7032,1.);
#7032 = DIRECTION('',(1.,0.,0.));
#7033 = ORIENTED_EDGE('',*,*,#7034,.F.);
#7034 = EDGE_CURVE('',#7009,#7027,#7035,.T.);
#7035 = LINE('',#7036,#7037);
#7036 = CARTESIAN_POINT('',(30.2,691.,339.57869931156));
#7037 = VECTOR('',#7038,1.);
#7038 = DIRECTION('',(0.,1.,0.));
#7039 = PLANE('',#7040);
#7040 = AXIS2_PLACEMENT_3D('',#7041,#7042,#7043);
#7041 = CARTESIAN_POINT('',(30.2,691.,339.57869931156));
#7042 = DIRECTION('',(0.,0.,1.));
#7043 = DIRECTION('',(0.,1.,0.));
#7044 = ADVANCED_FACE('',(#7045),#7070,.F.);
#7045 = FACE_BOUND('',#7046,.F.);
#7046 = EDGE_LOOP('',(#7047,#7048,#7056,#7064));
#7047 = ORIENTED_EDGE('',*,*,#7026,.T.);
#7048 = ORIENTED_EDGE('',*,*,#7049,.T.);
#7049 = EDGE_CURVE('',#7019,#7050,#7052,.T.);
#7050 = VERTEX_POINT('',#7051);
#7051 = CARTESIAN_POINT('',(569.8,709.,421.15053029747));
#7052 = LINE('',#7053,#7054);
#7053 = CARTESIAN_POINT('',(569.8,709.,339.57869931156));
#7054 = VECTOR('',#7055,1.);
#7055 = DIRECTION('',(0.,0.,1.));
#7056 = ORIENTED_EDGE('',*,*,#7057,.F.);
#7057 = EDGE_CURVE('',#7058,#7050,#7060,.T.);
#7058 = VERTEX_POINT('',#7059);
#7059 = CARTESIAN_POINT('',(30.2,709.,421.15053029747));
#7060 = LINE('',#7061,#7062);
#7061 = CARTESIAN_POINT('',(30.2,709.,421.15053029747));
#7062 = VECTOR('',#7063,1.);
#7063 = DIRECTION('',(1.,0.,0.));
#7064 = ORIENTED_EDGE('',*,*,#7065,.F.);
#7065 = EDGE_CURVE('',#7027,#7058,#7066,.T.);
#7066 = LINE('',#7067,#7068);
#7067 = CARTESIAN_POINT('',(30.2,709.,339.57869931156));
#7068 = VECTOR('',#7069,1.);
#7069 = DIRECTION('',(0.,0.,1.));
#7070 = PLANE('',#7071);
#7071 = AXIS2_PLACEMENT_3D('',#7072,#7073,#7074);
#7072 = CARTESIAN_POINT('',(30.2,709.,339.57869931156));
#7073 = DIRECTION('',(0.,-1.,0.));
#7074 = DIRECTION('',(0.,0.,1.));
#7075 = ADVANCED_FACE('',(#7076),#7101,.F.);
#7076 = FACE_BOUND('',#7077,.F.);
#7077 = EDGE_LOOP('',(#7078,#7079,#7087,#7095));
#7078 = ORIENTED_EDGE('',*,*,#7057,.T.);
#7079 = ORIENTED_EDGE('',*,*,#7080,.T.);
#7080 = EDGE_CURVE('',#7050,#7081,#7083,.T.);
#7081 = VERTEX_POINT('',#7082);
#7082 = CARTESIAN_POINT('',(569.8,691.,418.00686832564));
#7083 = LINE('',#7084,#7085);
#7084 = CARTESIAN_POINT('',(569.8,709.,421.15053029747));
#7085 = VECTOR('',#7086,1.);
#7086 = DIRECTION('',(0.,-0.985089306859,-0.172043766268));
#7087 = ORIENTED_EDGE('',*,*,#7088,.F.);
#7088 = EDGE_CURVE('',#7089,#7081,#7091,.T.);
#7089 = VERTEX_POINT('',#7090);
#7090 = CARTESIAN_POINT('',(30.2,691.,418.00686832564));
#7091 = LINE('',#7092,#7093);
#7092 = CARTESIAN_POINT('',(30.2,691.,418.00686832564));
#7093 = VECTOR('',#7094,1.);
#7094 = DIRECTION('',(1.,0.,0.));
#7095 = ORIENTED_EDGE('',*,*,#7096,.F.);
#7096 = EDGE_CURVE('',#7058,#7089,#7097,.T.);
#7097 = LINE('',#7098,#7099);
#7098 = CARTESIAN_POINT('',(30.2,709.,421.15053029747));
#7099 = VECTOR('',#7100,1.);
#7100 = DIRECTION('',(0.,-0.985089306859,-0.172043766268));
#7101 = PLANE('',#7102);
#7102 = AXIS2_PLACEMENT_3D('',#7103,#7104,#7105);
#7103 = CARTESIAN_POINT('',(30.2,709.,421.15053029747));
#7104 = DIRECTION('',(0.,0.172043766268,-0.985089306859));
#7105 = DIRECTION('',(0.,-0.985089306859,-0.172043766268));
#7106 = ADVANCED_FACE('',(#7107),#7123,.F.);
#7107 = FACE_BOUND('',#7108,.F.);
#7108 = EDGE_LOOP('',(#7109,#7110,#7116,#7117));
#7109 = ORIENTED_EDGE('',*,*,#7088,.T.);
#7110 = ORIENTED_EDGE('',*,*,#7111,.T.);
#7111 = EDGE_CURVE('',#7081,#7011,#7112,.T.);
#7112 = LINE('',#7113,#7114);
#7113 = CARTESIAN_POINT('',(569.8,691.,418.00686832564));
#7114 = VECTOR('',#7115,1.);
#7115 = DIRECTION('',(0.,0.,-1.));
#7116 = ORIENTED_EDGE('',*,*,#7008,.F.);
#7117 = ORIENTED_EDGE('',*,*,#7118,.F.);
#7118 = EDGE_CURVE('',#7089,#7009,#7119,.T.);
#7119 = LINE('',#7120,#7121);
#7120 = CARTESIAN_POINT('',(30.2,691.,418.00686832564));
#7121 = VECTOR('',#7122,1.);
#7122 = DIRECTION('',(0.,0.,-1.));
#7123 = PLANE('',#7124);
#7124 = AXIS2_PLACEMENT_3D('',#7125,#7126,#7127);
#7125 = CARTESIAN_POINT('',(30.2,691.,418.00686832564));
#7126 = DIRECTION('',(0.,1.,0.));
#7127 = DIRECTION('',(0.,0.,-1.));
#7128 = ADVANCED_FACE('',(#7129),#7135,.F.);
#7129 = FACE_BOUND('',#7130,.F.);
#7130 = EDGE_LOOP('',(#7131,#7132,#7133,#7134));
#7131 = ORIENTED_EDGE('',*,*,#7034,.T.);
#7132 = ORIENTED_EDGE('',*,*,#7065,.T.);
#7133 = ORIENTED_EDGE('',*,*,#7096,.T.);
#7134 = ORIENTED_EDGE('',*,*,#7118,.T.);
#7135 = PLANE('',#7136);
#7136 = AXIS2_PLACEMENT_3D('',#7137,#7138,#7139);
#7137 = CARTESIAN_POINT('',(30.2,700.14415144372,379.6468130538));
#7138 = DIRECTION('',(1.,0.,0.));
#7139 = DIRECTION('',(0.,0.,1.));
#7140 = ADVANCED_FACE('',(#7141),#7147,.T.);
#7141 = FACE_BOUND('',#7142,.T.);
#7142 = EDGE_LOOP('',(#7143,#7144,#7145,#7146));
#7143 = ORIENTED_EDGE('',*,*,#7018,.T.);
#7144 = ORIENTED_EDGE('',*,*,#7049,.T.);
#7145 = ORIENTED_EDGE('',*,*,#7080,.T.);
#7146 = ORIENTED_EDGE('',*,*,#7111,.T.);
#7147 = PLANE('',#7148);
#7148 = AXIS2_PLACEMENT_3D('',#7149,#7150,#7151);
#7149 = CARTESIAN_POINT('',(569.8,700.14415144372,379.6468130538));
#7150 = DIRECTION('',(1.,0.,0.));
#7151 = DIRECTION('',(0.,0.,1.));
#7152 = MANIFOLD_SOLID_BREP('',#7153);
#7153 = CLOSED_SHELL('',(#7154,#7304,#7335,#7391,#7415,#7432,#7457,#7482
    ,#7507,#7532,#7557,#7582,#7607,#7632,#7657,#7682,#7747,#7771,#7795,
    #7812));
#7154 = ADVANCED_FACE('',(#7155,#7189,#7200,#7211,#7222,#7233,#7244,
    #7255,#7266,#7277,#7288),#7299,.F.);
#7155 = FACE_BOUND('',#7156,.F.);
#7156 = EDGE_LOOP('',(#7157,#7167,#7175,#7183));
#7157 = ORIENTED_EDGE('',*,*,#7158,.F.);
#7158 = EDGE_CURVE('',#7159,#7161,#7163,.T.);
#7159 = VERTEX_POINT('',#7160);
#7160 = CARTESIAN_POINT('',(18.,670.,294.57869931156));
#7161 = VERTEX_POINT('',#7162);
#7162 = CARTESIAN_POINT('',(18.,670.,439.57869931156));
#7163 = LINE('',#7164,#7165);
#7164 = CARTESIAN_POINT('',(18.,670.,294.57869931156));
#7165 = VECTOR('',#7166,1.);
#7166 = DIRECTION('',(0.,0.,1.));
#7167 = ORIENTED_EDGE('',*,*,#7168,.T.);
#7168 = EDGE_CURVE('',#7159,#7169,#7171,.T.);
#7169 = VERTEX_POINT('',#7170);
#7170 = CARTESIAN_POINT('',(18.,730.,294.57869931156));
#7171 = LINE('',#7172,#7173);
#7172 = CARTESIAN_POINT('',(18.,670.,294.57869931156));
#7173 = VECTOR('',#7174,1.);
#7174 = DIRECTION('',(0.,1.,0.));
#7175 = ORIENTED_EDGE('',*,*,#7176,.T.);
#7176 = EDGE_CURVE('',#7169,#7177,#7179,.T.);
#7177 = VERTEX_POINT('',#7178);
#7178 = CARTESIAN_POINT('',(18.,730.,439.57869931156));
#7179 = LINE('',#7180,#7181);
#7180 = CARTESIAN_POINT('',(18.,730.,294.57869931156));
#7181 = VECTOR('',#7182,1.);
#7182 = DIRECTION('',(0.,0.,1.));
#7183 = ORIENTED_EDGE('',*,*,#7184,.F.);
#7184 = EDGE_CURVE('',#7161,#7177,#7185,.T.);
#7185 = LINE('',#7186,#7187);
#7186 = CARTESIAN_POINT('',(18.,670.,439.57869931156));
#7187 = VECTOR('',#7188,1.);
#7188 = DIRECTION('',(0.,1.,0.));
#7189 = FACE_BOUND('',#7190,.F.);
#7190 = EDGE_LOOP('',(#7191));
#7191 = ORIENTED_EDGE('',*,*,#7192,.F.);
#7192 = EDGE_CURVE('',#7193,#7193,#7195,.T.);
#7193 = VERTEX_POINT('',#7194);
#7194 = CARTESIAN_POINT('',(18.,720.,310.32869931156));
#7195 = CIRCLE('',#7196,2.75);
#7196 = AXIS2_PLACEMENT_3D('',#7197,#7198,#7199);
#7197 = CARTESIAN_POINT('',(18.,720.,307.57869931156));
#7198 = DIRECTION('',(1.,0.,-0.));
#7199 = DIRECTION('',(0.,0.,1.));
#7200 = FACE_BOUND('',#7201,.F.);
#7201 = EDGE_LOOP('',(#7202));
#7202 = ORIENTED_EDGE('',*,*,#7203,.F.);
#7203 = EDGE_CURVE('',#7204,#7204,#7206,.T.);
#7204 = VERTEX_POINT('',#7205);
#7205 = CARTESIAN_POINT('',(18.,720.,320.32869931156));
#7206 = CIRCLE('',#7207,2.75);
#7207 = AXIS2_PLACEMENT_3D('',#7208,#7209,#7210);
#7208 = CARTESIAN_POINT('',(18.,720.,317.57869931156));
#7209 = DIRECTION('',(1.,0.,-0.));
#7210 = DIRECTION('',(0.,0.,1.));
#7211 = FACE_BOUND('',#7212,.F.);
#7212 = EDGE_LOOP('',(#7213));
#7213 = ORIENTED_EDGE('',*,*,#7214,.F.);
#7214 = EDGE_CURVE('',#7215,#7215,#7217,.T.);
#7215 = VERTEX_POINT('',#7216);
#7216 = CARTESIAN_POINT('',(18.,720.,330.32869931156));
#7217 = CIRCLE('',#7218,2.75);
#7218 = AXIS2_PLACEMENT_3D('',#7219,#7220,#7221);
#7219 = CARTESIAN_POINT('',(18.,720.,327.57869931156));
#7220 = DIRECTION('',(1.,0.,-0.));
#7221 = DIRECTION('',(0.,0.,1.));
#7222 = FACE_BOUND('',#7223,.F.);
#7223 = EDGE_LOOP('',(#7224));
#7224 = ORIENTED_EDGE('',*,*,#7225,.F.);
#7225 = EDGE_CURVE('',#7226,#7226,#7228,.T.);
#7226 = VERTEX_POINT('',#7227);
#7227 = CARTESIAN_POINT('',(18.,722.,362.32869931156));
#7228 = CIRCLE('',#7229,2.75);
#7229 = AXIS2_PLACEMENT_3D('',#7230,#7231,#7232);
#7230 = CARTESIAN_POINT('',(18.,722.,359.57869931156));
#7231 = DIRECTION('',(1.,0.,-0.));
#7232 = DIRECTION('',(0.,0.,1.));
#7233 = FACE_BOUND('',#7234,.F.);
#7234 = EDGE_LOOP('',(#7235));
#7235 = ORIENTED_EDGE('',*,*,#7236,.F.);
#7236 = EDGE_CURVE('',#7237,#7237,#7239,.T.);
#7237 = VERTEX_POINT('',#7238);
#7238 = CARTESIAN_POINT('',(18.,722.,417.32869931156));
#7239 = CIRCLE('',#7240,2.75);
#7240 = AXIS2_PLACEMENT_3D('',#7241,#7242,#7243);
#7241 = CARTESIAN_POINT('',(18.,722.,414.57869931156));
#7242 = DIRECTION('',(1.,0.,-0.));
#7243 = DIRECTION('',(0.,0.,1.));
#7244 = FACE_BOUND('',#7245,.F.);
#7245 = EDGE_LOOP('',(#7246));
#7246 = ORIENTED_EDGE('',*,*,#7247,.F.);
#7247 = EDGE_CURVE('',#7248,#7248,#7250,.T.);
#7248 = VERTEX_POINT('',#7249);
#7249 = CARTESIAN_POINT('',(18.,680.,310.32869931156));
#7250 = CIRCLE('',#7251,2.75);
#7251 = AXIS2_PLACEMENT_3D('',#7252,#7253,#7254);
#7252 = CARTESIAN_POINT('',(18.,680.,307.57869931156));
#7253 = DIRECTION('',(1.,0.,-0.));
#7254 = DIRECTION('',(0.,0.,1.));
#7255 = FACE_BOUND('',#7256,.F.);
#7256 = EDGE_LOOP('',(#7257));
#7257 = ORIENTED_EDGE('',*,*,#7258,.F.);
#7258 = EDGE_CURVE('',#7259,#7259,#7261,.T.);
#7259 = VERTEX_POINT('',#7260);
#7260 = CARTESIAN_POINT('',(18.,680.,320.32869931156));
#7261 = CIRCLE('',#7262,2.75);
#7262 = AXIS2_PLACEMENT_3D('',#7263,#7264,#7265);
#7263 = CARTESIAN_POINT('',(18.,680.,317.57869931156));
#7264 = DIRECTION('',(1.,0.,-0.));
#7265 = DIRECTION('',(0.,0.,1.));
#7266 = FACE_BOUND('',#7267,.F.);
#7267 = EDGE_LOOP('',(#7268));
#7268 = ORIENTED_EDGE('',*,*,#7269,.F.);
#7269 = EDGE_CURVE('',#7270,#7270,#7272,.T.);
#7270 = VERTEX_POINT('',#7271);
#7271 = CARTESIAN_POINT('',(18.,680.,330.32869931156));
#7272 = CIRCLE('',#7273,2.75);
#7273 = AXIS2_PLACEMENT_3D('',#7274,#7275,#7276);
#7274 = CARTESIAN_POINT('',(18.,680.,327.57869931156));
#7275 = DIRECTION('',(1.,0.,-0.));
#7276 = DIRECTION('',(0.,0.,1.));
#7277 = FACE_BOUND('',#7278,.F.);
#7278 = EDGE_LOOP('',(#7279));
#7279 = ORIENTED_EDGE('',*,*,#7280,.F.);
#7280 = EDGE_CURVE('',#7281,#7281,#7283,.T.);
#7281 = VERTEX_POINT('',#7282);
#7282 = CARTESIAN_POINT('',(18.,678.,362.32869931156));
#7283 = CIRCLE('',#7284,2.75);
#7284 = AXIS2_PLACEMENT_3D('',#7285,#7286,#7287);
#7285 = CARTESIAN_POINT('',(18.,678.,359.57869931156));
#7286 = DIRECTION('',(1.,0.,-0.));
#7287 = DIRECTION('',(0.,0.,1.));
#7288 = FACE_BOUND('',#7289,.F.);
#7289 = EDGE_LOOP('',(#7290));
#7290 = ORIENTED_EDGE('',*,*,#7291,.F.);
#7291 = EDGE_CURVE('',#7292,#7292,#7294,.T.);
#7292 = VERTEX_POINT('',#7293);
#7293 = CARTESIAN_POINT('',(18.,678.,417.32869931156));
#7294 = CIRCLE('',#7295,2.75);
#7295 = AXIS2_PLACEMENT_3D('',#7296,#7297,#7298);
#7296 = CARTESIAN_POINT('',(18.,678.,414.57869931156));
#7297 = DIRECTION('',(1.,0.,-0.));
#7298 = DIRECTION('',(0.,0.,1.));
#7299 = PLANE('',#7300);
#7300 = AXIS2_PLACEMENT_3D('',#7301,#7302,#7303);
#7301 = CARTESIAN_POINT('',(18.,670.,294.57869931156));
#7302 = DIRECTION('',(1.,0.,0.));
#7303 = DIRECTION('',(0.,0.,1.));
#7304 = ADVANCED_FACE('',(#7305),#7330,.F.);
#7305 = FACE_BOUND('',#7306,.F.);
#7306 = EDGE_LOOP('',(#7307,#7315,#7316,#7324));
#7307 = ORIENTED_EDGE('',*,*,#7308,.F.);
#7308 = EDGE_CURVE('',#7159,#7309,#7311,.T.);
#7309 = VERTEX_POINT('',#7310);
#7310 = CARTESIAN_POINT('',(36.,670.,294.57869931156));
#7311 = LINE('',#7312,#7313);
#7312 = CARTESIAN_POINT('',(18.,670.,294.57869931156));
#7313 = VECTOR('',#7314,1.);
#7314 = DIRECTION('',(1.,0.,0.));
#7315 = ORIENTED_EDGE('',*,*,#7158,.T.);
#7316 = ORIENTED_EDGE('',*,*,#7317,.T.);
#7317 = EDGE_CURVE('',#7161,#7318,#7320,.T.);
#7318 = VERTEX_POINT('',#7319);
#7319 = CARTESIAN_POINT('',(36.,670.,439.57869931156));
#7320 = LINE('',#7321,#7322);
#7321 = CARTESIAN_POINT('',(18.,670.,439.57869931156));
#7322 = VECTOR('',#7323,1.);
#7323 = DIRECTION('',(1.,0.,0.));
#7324 = ORIENTED_EDGE('',*,*,#7325,.F.);
#7325 = EDGE_CURVE('',#7309,#7318,#7326,.T.);
#7326 = LINE('',#7327,#7328);
#7327 = CARTESIAN_POINT('',(36.,670.,294.57869931156));
#7328 = VECTOR('',#7329,1.);
#7329 = DIRECTION('',(0.,0.,1.));
#7330 = PLANE('',#7331);
#7331 = AXIS2_PLACEMENT_3D('',#7332,#7333,#7334);
#7332 = CARTESIAN_POINT('',(18.,670.,294.57869931156));
#7333 = DIRECTION('',(0.,1.,0.));
#7334 = DIRECTION('',(0.,0.,1.));
#7335 = ADVANCED_FACE('',(#7336),#7386,.T.);
#7336 = FACE_BOUND('',#7337,.T.);
#7337 = EDGE_LOOP('',(#7338,#7346,#7347,#7348,#7356,#7364,#7372,#7380));
#7338 = ORIENTED_EDGE('',*,*,#7339,.F.);
#7339 = EDGE_CURVE('',#7177,#7340,#7342,.T.);
#7340 = VERTEX_POINT('',#7341);
#7341 = CARTESIAN_POINT('',(36.,730.,439.57869931156));
#7342 = LINE('',#7343,#7344);
#7343 = CARTESIAN_POINT('',(18.,730.,439.57869931156));
#7344 = VECTOR('',#7345,1.);
#7345 = DIRECTION('',(1.,0.,0.));
#7346 = ORIENTED_EDGE('',*,*,#7184,.F.);
#7347 = ORIENTED_EDGE('',*,*,#7317,.T.);
#7348 = ORIENTED_EDGE('',*,*,#7349,.T.);
#7349 = EDGE_CURVE('',#7318,#7350,#7352,.T.);
#7350 = VERTEX_POINT('',#7351);
#7351 = CARTESIAN_POINT('',(36.,690.8,439.57869931156));
#7352 = LINE('',#7353,#7354);
#7353 = CARTESIAN_POINT('',(36.,670.,439.57869931156));
#7354 = VECTOR('',#7355,1.);
#7355 = DIRECTION('',(0.,1.,0.));
#7356 = ORIENTED_EDGE('',*,*,#7357,.T.);
#7357 = EDGE_CURVE('',#7350,#7358,#7360,.T.);
#7358 = VERTEX_POINT('',#7359);
#7359 = CARTESIAN_POINT('',(30.,690.8,439.57869931156));
#7360 = LINE('',#7361,#7362);
#7361 = CARTESIAN_POINT('',(24.,690.8,439.57869931156));
#7362 = VECTOR('',#7363,1.);
#7363 = DIRECTION('',(-1.,0.,0.));
#7364 = ORIENTED_EDGE('',*,*,#7365,.T.);
#7365 = EDGE_CURVE('',#7358,#7366,#7368,.T.);
#7366 = VERTEX_POINT('',#7367);
#7367 = CARTESIAN_POINT('',(30.,709.2,439.57869931156));
#7368 = LINE('',#7369,#7370);
#7369 = CARTESIAN_POINT('',(30.,680.4,439.57869931156));
#7370 = VECTOR('',#7371,1.);
#7371 = DIRECTION('',(0.,1.,0.));
#7372 = ORIENTED_EDGE('',*,*,#7373,.F.);
#7373 = EDGE_CURVE('',#7374,#7366,#7376,.T.);
#7374 = VERTEX_POINT('',#7375);
#7375 = CARTESIAN_POINT('',(36.,709.2,439.57869931156));
#7376 = LINE('',#7377,#7378);
#7377 = CARTESIAN_POINT('',(24.,709.2,439.57869931156));
#7378 = VECTOR('',#7379,1.);
#7379 = DIRECTION('',(-1.,0.,0.));
#7380 = ORIENTED_EDGE('',*,*,#7381,.T.);
#7381 = EDGE_CURVE('',#7374,#7340,#7382,.T.);
#7382 = LINE('',#7383,#7384);
#7383 = CARTESIAN_POINT('',(36.,670.,439.57869931156));
#7384 = VECTOR('',#7385,1.);
#7385 = DIRECTION('',(0.,1.,0.));
#7386 = PLANE('',#7387);
#7387 = AXIS2_PLACEMENT_3D('',#7388,#7389,#7390);
#7388 = CARTESIAN_POINT('',(18.,670.,439.57869931156));
#7389 = DIRECTION('',(0.,0.,1.));
#7390 = DIRECTION('',(1.,0.,0.));
#7391 = ADVANCED_FACE('',(#7392),#7410,.F.);
#7392 = FACE_BOUND('',#7393,.F.);
#7393 = EDGE_LOOP('',(#7394,#7395,#7396,#7404));
#7394 = ORIENTED_EDGE('',*,*,#7168,.F.);
#7395 = ORIENTED_EDGE('',*,*,#7308,.T.);
#7396 = ORIENTED_EDGE('',*,*,#7397,.T.);
#7397 = EDGE_CURVE('',#7309,#7398,#7400,.T.);
#7398 = VERTEX_POINT('',#7399);
#7399 = CARTESIAN_POINT('',(36.,730.,294.57869931156));
#7400 = LINE('',#7401,#7402);
#7401 = CARTESIAN_POINT('',(36.,670.,294.57869931156));
#7402 = VECTOR('',#7403,1.);
#7403 = DIRECTION('',(0.,1.,0.));
#7404 = ORIENTED_EDGE('',*,*,#7405,.F.);
#7405 = EDGE_CURVE('',#7169,#7398,#7406,.T.);
#7406 = LINE('',#7407,#7408);
#7407 = CARTESIAN_POINT('',(18.,730.,294.57869931156));
#7408 = VECTOR('',#7409,1.);
#7409 = DIRECTION('',(1.,0.,0.));
#7410 = PLANE('',#7411);
#7411 = AXIS2_PLACEMENT_3D('',#7412,#7413,#7414);
#7412 = CARTESIAN_POINT('',(18.,670.,294.57869931156));
#7413 = DIRECTION('',(0.,0.,1.));
#7414 = DIRECTION('',(1.,0.,0.));
#7415 = ADVANCED_FACE('',(#7416),#7427,.T.);
#7416 = FACE_BOUND('',#7417,.T.);
#7417 = EDGE_LOOP('',(#7418,#7419,#7420,#7421));
#7418 = ORIENTED_EDGE('',*,*,#7405,.F.);
#7419 = ORIENTED_EDGE('',*,*,#7176,.T.);
#7420 = ORIENTED_EDGE('',*,*,#7339,.T.);
#7421 = ORIENTED_EDGE('',*,*,#7422,.F.);
#7422 = EDGE_CURVE('',#7398,#7340,#7423,.T.);
#7423 = LINE('',#7424,#7425);
#7424 = CARTESIAN_POINT('',(36.,730.,294.57869931156));
#7425 = VECTOR('',#7426,1.);
#7426 = DIRECTION('',(0.,0.,1.));
#7427 = PLANE('',#7428);
#7428 = AXIS2_PLACEMENT_3D('',#7429,#7430,#7431);
#7429 = CARTESIAN_POINT('',(18.,730.,294.57869931156));
#7430 = DIRECTION('',(0.,1.,0.));
#7431 = DIRECTION('',(0.,0.,1.));
#7432 = ADVANCED_FACE('',(#7433),#7452,.F.);
#7433 = FACE_BOUND('',#7434,.F.);
#7434 = EDGE_LOOP('',(#7435,#7444,#7450,#7451));
#7435 = ORIENTED_EDGE('',*,*,#7436,.F.);
#7436 = EDGE_CURVE('',#7437,#7437,#7439,.T.);
#7437 = VERTEX_POINT('',#7438);
#7438 = CARTESIAN_POINT('',(36.,720.,310.32869931156));
#7439 = CIRCLE('',#7440,2.75);
#7440 = AXIS2_PLACEMENT_3D('',#7441,#7442,#7443);
#7441 = CARTESIAN_POINT('',(36.,720.,307.57869931156));
#7442 = DIRECTION('',(1.,0.,-0.));
#7443 = DIRECTION('',(0.,0.,1.));
#7444 = ORIENTED_EDGE('',*,*,#7445,.F.);
#7445 = EDGE_CURVE('',#7193,#7437,#7446,.T.);
#7446 = LINE('',#7447,#7448);
#7447 = CARTESIAN_POINT('',(17.,720.,310.32869931156));
#7448 = VECTOR('',#7449,1.);
#7449 = DIRECTION('',(1.,0.,0.));
#7450 = ORIENTED_EDGE('',*,*,#7192,.T.);
#7451 = ORIENTED_EDGE('',*,*,#7445,.T.);
#7452 = CYLINDRICAL_SURFACE('',#7453,2.75);
#7453 = AXIS2_PLACEMENT_3D('',#7454,#7455,#7456);
#7454 = CARTESIAN_POINT('',(17.,720.,307.57869931156));
#7455 = DIRECTION('',(1.,0.,0.));
#7456 = DIRECTION('',(0.,0.,1.));
#7457 = ADVANCED_FACE('',(#7458),#7477,.F.);
#7458 = FACE_BOUND('',#7459,.F.);
#7459 = EDGE_LOOP('',(#7460,#7469,#7475,#7476));
#7460 = ORIENTED_EDGE('',*,*,#7461,.F.);
#7461 = EDGE_CURVE('',#7462,#7462,#7464,.T.);
#7462 = VERTEX_POINT('',#7463);
#7463 = CARTESIAN_POINT('',(36.,720.,320.32869931156));
#7464 = CIRCLE('',#7465,2.75);
#7465 = AXIS2_PLACEMENT_3D('',#7466,#7467,#7468);
#7466 = CARTESIAN_POINT('',(36.,720.,317.57869931156));
#7467 = DIRECTION('',(1.,0.,-0.));
#7468 = DIRECTION('',(0.,0.,1.));
#7469 = ORIENTED_EDGE('',*,*,#7470,.F.);
#7470 = EDGE_CURVE('',#7204,#7462,#7471,.T.);
#7471 = LINE('',#7472,#7473);
#7472 = CARTESIAN_POINT('',(17.,720.,320.32869931156));
#7473 = VECTOR('',#7474,1.);
#7474 = DIRECTION('',(1.,0.,0.));
#7475 = ORIENTED_EDGE('',*,*,#7203,.T.);
#7476 = ORIENTED_EDGE('',*,*,#7470,.T.);
#7477 = CYLINDRICAL_SURFACE('',#7478,2.75);
#7478 = AXIS2_PLACEMENT_3D('',#7479,#7480,#7481);
#7479 = CARTESIAN_POINT('',(17.,720.,317.57869931156));
#7480 = DIRECTION('',(1.,0.,0.));
#7481 = DIRECTION('',(0.,0.,1.));
#7482 = ADVANCED_FACE('',(#7483),#7502,.F.);
#7483 = FACE_BOUND('',#7484,.F.);
#7484 = EDGE_LOOP('',(#7485,#7494,#7500,#7501));
#7485 = ORIENTED_EDGE('',*,*,#7486,.F.);
#7486 = EDGE_CURVE('',#7487,#7487,#7489,.T.);
#7487 = VERTEX_POINT('',#7488);
#7488 = CARTESIAN_POINT('',(36.,720.,330.32869931156));
#7489 = CIRCLE('',#7490,2.75);
#7490 = AXIS2_PLACEMENT_3D('',#7491,#7492,#7493);
#7491 = CARTESIAN_POINT('',(36.,720.,327.57869931156));
#7492 = DIRECTION('',(1.,0.,-0.));
#7493 = DIRECTION('',(0.,0.,1.));
#7494 = ORIENTED_EDGE('',*,*,#7495,.F.);
#7495 = EDGE_CURVE('',#7215,#7487,#7496,.T.);
#7496 = LINE('',#7497,#7498);
#7497 = CARTESIAN_POINT('',(17.,720.,330.32869931156));
#7498 = VECTOR('',#7499,1.);
#7499 = DIRECTION('',(1.,0.,0.));
#7500 = ORIENTED_EDGE('',*,*,#7214,.T.);
#7501 = ORIENTED_EDGE('',*,*,#7495,.T.);
#7502 = CYLINDRICAL_SURFACE('',#7503,2.75);
#7503 = AXIS2_PLACEMENT_3D('',#7504,#7505,#7506);
#7504 = CARTESIAN_POINT('',(17.,720.,327.57869931156));
#7505 = DIRECTION('',(1.,0.,0.));
#7506 = DIRECTION('',(0.,0.,1.));
#7507 = ADVANCED_FACE('',(#7508),#7527,.F.);
#7508 = FACE_BOUND('',#7509,.F.);
#7509 = EDGE_LOOP('',(#7510,#7519,#7525,#7526));
#7510 = ORIENTED_EDGE('',*,*,#7511,.F.);
#7511 = EDGE_CURVE('',#7512,#7512,#7514,.T.);
#7512 = VERTEX_POINT('',#7513);
#7513 = CARTESIAN_POINT('',(36.,722.,362.32869931156));
#7514 = CIRCLE('',#7515,2.75);
#7515 = AXIS2_PLACEMENT_3D('',#7516,#7517,#7518);
#7516 = CARTESIAN_POINT('',(36.,722.,359.57869931156));
#7517 = DIRECTION('',(1.,0.,-0.));
#7518 = DIRECTION('',(0.,0.,1.));
#7519 = ORIENTED_EDGE('',*,*,#7520,.F.);
#7520 = EDGE_CURVE('',#7226,#7512,#7521,.T.);
#7521 = LINE('',#7522,#7523);
#7522 = CARTESIAN_POINT('',(17.,722.,362.32869931156));
#7523 = VECTOR('',#7524,1.);
#7524 = DIRECTION('',(1.,0.,0.));
#7525 = ORIENTED_EDGE('',*,*,#7225,.T.);
#7526 = ORIENTED_EDGE('',*,*,#7520,.T.);
#7527 = CYLINDRICAL_SURFACE('',#7528,2.75);
#7528 = AXIS2_PLACEMENT_3D('',#7529,#7530,#7531);
#7529 = CARTESIAN_POINT('',(17.,722.,359.57869931156));
#7530 = DIRECTION('',(1.,0.,0.));
#7531 = DIRECTION('',(0.,0.,1.));
#7532 = ADVANCED_FACE('',(#7533),#7552,.F.);
#7533 = FACE_BOUND('',#7534,.F.);
#7534 = EDGE_LOOP('',(#7535,#7544,#7550,#7551));
#7535 = ORIENTED_EDGE('',*,*,#7536,.F.);
#7536 = EDGE_CURVE('',#7537,#7537,#7539,.T.);
#7537 = VERTEX_POINT('',#7538);
#7538 = CARTESIAN_POINT('',(36.,722.,417.32869931156));
#7539 = CIRCLE('',#7540,2.75);
#7540 = AXIS2_PLACEMENT_3D('',#7541,#7542,#7543);
#7541 = CARTESIAN_POINT('',(36.,722.,414.57869931156));
#7542 = DIRECTION('',(1.,0.,-0.));
#7543 = DIRECTION('',(0.,0.,1.));
#7544 = ORIENTED_EDGE('',*,*,#7545,.F.);
#7545 = EDGE_CURVE('',#7237,#7537,#7546,.T.);
#7546 = LINE('',#7547,#7548);
#7547 = CARTESIAN_POINT('',(17.,722.,417.32869931156));
#7548 = VECTOR('',#7549,1.);
#7549 = DIRECTION('',(1.,0.,0.));
#7550 = ORIENTED_EDGE('',*,*,#7236,.T.);
#7551 = ORIENTED_EDGE('',*,*,#7545,.T.);
#7552 = CYLINDRICAL_SURFACE('',#7553,2.75);
#7553 = AXIS2_PLACEMENT_3D('',#7554,#7555,#7556);
#7554 = CARTESIAN_POINT('',(17.,722.,414.57869931156));
#7555 = DIRECTION('',(1.,0.,0.));
#7556 = DIRECTION('',(0.,0.,1.));
#7557 = ADVANCED_FACE('',(#7558),#7577,.F.);
#7558 = FACE_BOUND('',#7559,.F.);
#7559 = EDGE_LOOP('',(#7560,#7569,#7575,#7576));
#7560 = ORIENTED_EDGE('',*,*,#7561,.F.);
#7561 = EDGE_CURVE('',#7562,#7562,#7564,.T.);
#7562 = VERTEX_POINT('',#7563);
#7563 = CARTESIAN_POINT('',(36.,680.,310.32869931156));
#7564 = CIRCLE('',#7565,2.75);
#7565 = AXIS2_PLACEMENT_3D('',#7566,#7567,#7568);
#7566 = CARTESIAN_POINT('',(36.,680.,307.57869931156));
#7567 = DIRECTION('',(1.,0.,-0.));
#7568 = DIRECTION('',(0.,0.,1.));
#7569 = ORIENTED_EDGE('',*,*,#7570,.F.);
#7570 = EDGE_CURVE('',#7248,#7562,#7571,.T.);
#7571 = LINE('',#7572,#7573);
#7572 = CARTESIAN_POINT('',(17.,680.,310.32869931156));
#7573 = VECTOR('',#7574,1.);
#7574 = DIRECTION('',(1.,0.,0.));
#7575 = ORIENTED_EDGE('',*,*,#7247,.T.);
#7576 = ORIENTED_EDGE('',*,*,#7570,.T.);
#7577 = CYLINDRICAL_SURFACE('',#7578,2.75);
#7578 = AXIS2_PLACEMENT_3D('',#7579,#7580,#7581);
#7579 = CARTESIAN_POINT('',(17.,680.,307.57869931156));
#7580 = DIRECTION('',(1.,0.,0.));
#7581 = DIRECTION('',(0.,0.,1.));
#7582 = ADVANCED_FACE('',(#7583),#7602,.F.);
#7583 = FACE_BOUND('',#7584,.F.);
#7584 = EDGE_LOOP('',(#7585,#7594,#7600,#7601));
#7585 = ORIENTED_EDGE('',*,*,#7586,.F.);
#7586 = EDGE_CURVE('',#7587,#7587,#7589,.T.);
#7587 = VERTEX_POINT('',#7588);
#7588 = CARTESIAN_POINT('',(36.,680.,320.32869931156));
#7589 = CIRCLE('',#7590,2.75);
#7590 = AXIS2_PLACEMENT_3D('',#7591,#7592,#7593);
#7591 = CARTESIAN_POINT('',(36.,680.,317.57869931156));
#7592 = DIRECTION('',(1.,0.,-0.));
#7593 = DIRECTION('',(0.,0.,1.));
#7594 = ORIENTED_EDGE('',*,*,#7595,.F.);
#7595 = EDGE_CURVE('',#7259,#7587,#7596,.T.);
#7596 = LINE('',#7597,#7598);
#7597 = CARTESIAN_POINT('',(17.,680.,320.32869931156));
#7598 = VECTOR('',#7599,1.);
#7599 = DIRECTION('',(1.,0.,0.));
#7600 = ORIENTED_EDGE('',*,*,#7258,.T.);
#7601 = ORIENTED_EDGE('',*,*,#7595,.T.);
#7602 = CYLINDRICAL_SURFACE('',#7603,2.75);
#7603 = AXIS2_PLACEMENT_3D('',#7604,#7605,#7606);
#7604 = CARTESIAN_POINT('',(17.,680.,317.57869931156));
#7605 = DIRECTION('',(1.,0.,0.));
#7606 = DIRECTION('',(0.,0.,1.));
#7607 = ADVANCED_FACE('',(#7608),#7627,.F.);
#7608 = FACE_BOUND('',#7609,.F.);
#7609 = EDGE_LOOP('',(#7610,#7619,#7625,#7626));
#7610 = ORIENTED_EDGE('',*,*,#7611,.F.);
#7611 = EDGE_CURVE('',#7612,#7612,#7614,.T.);
#7612 = VERTEX_POINT('',#7613);
#7613 = CARTESIAN_POINT('',(36.,680.,330.32869931156));
#7614 = CIRCLE('',#7615,2.75);
#7615 = AXIS2_PLACEMENT_3D('',#7616,#7617,#7618);
#7616 = CARTESIAN_POINT('',(36.,680.,327.57869931156));
#7617 = DIRECTION('',(1.,0.,-0.));
#7618 = DIRECTION('',(0.,0.,1.));
#7619 = ORIENTED_EDGE('',*,*,#7620,.F.);
#7620 = EDGE_CURVE('',#7270,#7612,#7621,.T.);
#7621 = LINE('',#7622,#7623);
#7622 = CARTESIAN_POINT('',(17.,680.,330.32869931156));
#7623 = VECTOR('',#7624,1.);
#7624 = DIRECTION('',(1.,0.,0.));
#7625 = ORIENTED_EDGE('',*,*,#7269,.T.);
#7626 = ORIENTED_EDGE('',*,*,#7620,.T.);
#7627 = CYLINDRICAL_SURFACE('',#7628,2.75);
#7628 = AXIS2_PLACEMENT_3D('',#7629,#7630,#7631);
#7629 = CARTESIAN_POINT('',(17.,680.,327.57869931156));
#7630 = DIRECTION('',(1.,0.,0.));
#7631 = DIRECTION('',(0.,0.,1.));
#7632 = ADVANCED_FACE('',(#7633),#7652,.F.);
#7633 = FACE_BOUND('',#7634,.F.);
#7634 = EDGE_LOOP('',(#7635,#7644,#7650,#7651));
#7635 = ORIENTED_EDGE('',*,*,#7636,.F.);
#7636 = EDGE_CURVE('',#7637,#7637,#7639,.T.);
#7637 = VERTEX_POINT('',#7638);
#7638 = CARTESIAN_POINT('',(36.,678.,362.32869931156));
#7639 = CIRCLE('',#7640,2.75);
#7640 = AXIS2_PLACEMENT_3D('',#7641,#7642,#7643);
#7641 = CARTESIAN_POINT('',(36.,678.,359.57869931156));
#7642 = DIRECTION('',(1.,0.,-0.));
#7643 = DIRECTION('',(0.,0.,1.));
#7644 = ORIENTED_EDGE('',*,*,#7645,.F.);
#7645 = EDGE_CURVE('',#7281,#7637,#7646,.T.);
#7646 = LINE('',#7647,#7648);
#7647 = CARTESIAN_POINT('',(17.,678.,362.32869931156));
#7648 = VECTOR('',#7649,1.);
#7649 = DIRECTION('',(1.,0.,0.));
#7650 = ORIENTED_EDGE('',*,*,#7280,.T.);
#7651 = ORIENTED_EDGE('',*,*,#7645,.T.);
#7652 = CYLINDRICAL_SURFACE('',#7653,2.75);
#7653 = AXIS2_PLACEMENT_3D('',#7654,#7655,#7656);
#7654 = CARTESIAN_POINT('',(17.,678.,359.57869931156));
#7655 = DIRECTION('',(1.,0.,0.));
#7656 = DIRECTION('',(0.,0.,1.));
#7657 = ADVANCED_FACE('',(#7658),#7677,.F.);
#7658 = FACE_BOUND('',#7659,.F.);
#7659 = EDGE_LOOP('',(#7660,#7669,#7675,#7676));
#7660 = ORIENTED_EDGE('',*,*,#7661,.F.);
#7661 = EDGE_CURVE('',#7662,#7662,#7664,.T.);
#7662 = VERTEX_POINT('',#7663);
#7663 = CARTESIAN_POINT('',(36.,678.,417.32869931156));
#7664 = CIRCLE('',#7665,2.75);
#7665 = AXIS2_PLACEMENT_3D('',#7666,#7667,#7668);
#7666 = CARTESIAN_POINT('',(36.,678.,414.57869931156));
#7667 = DIRECTION('',(1.,0.,-0.));
#7668 = DIRECTION('',(0.,0.,1.));
#7669 = ORIENTED_EDGE('',*,*,#7670,.F.);
#7670 = EDGE_CURVE('',#7292,#7662,#7671,.T.);
#7671 = LINE('',#7672,#7673);
#7672 = CARTESIAN_POINT('',(17.,678.,417.32869931156));
#7673 = VECTOR('',#7674,1.);
#7674 = DIRECTION('',(1.,0.,0.));
#7675 = ORIENTED_EDGE('',*,*,#7291,.T.);
#7676 = ORIENTED_EDGE('',*,*,#7670,.T.);
#7677 = CYLINDRICAL_SURFACE('',#7678,2.75);
#7678 = AXIS2_PLACEMENT_3D('',#7679,#7680,#7681);
#7679 = CARTESIAN_POINT('',(17.,678.,414.57869931156));
#7680 = DIRECTION('',(1.,0.,0.));
#7681 = DIRECTION('',(0.,0.,1.));
#7682 = ADVANCED_FACE('',(#7683,#7712,#7715,#7718,#7721,#7724,#7727,
    #7730,#7733,#7736,#7739),#7742,.T.);
#7683 = FACE_BOUND('',#7684,.T.);
#7684 = EDGE_LOOP('',(#7685,#7686,#7687,#7688,#7689,#7690,#7698,#7706));
#7685 = ORIENTED_EDGE('',*,*,#7349,.F.);
#7686 = ORIENTED_EDGE('',*,*,#7325,.F.);
#7687 = ORIENTED_EDGE('',*,*,#7397,.T.);
#7688 = ORIENTED_EDGE('',*,*,#7422,.T.);
#7689 = ORIENTED_EDGE('',*,*,#7381,.F.);
#7690 = ORIENTED_EDGE('',*,*,#7691,.F.);
#7691 = EDGE_CURVE('',#7692,#7374,#7694,.T.);
#7692 = VERTEX_POINT('',#7693);
#7693 = CARTESIAN_POINT('',(36.,709.2,314.57869931156));
#7694 = LINE('',#7695,#7696);
#7695 = CARTESIAN_POINT('',(36.,709.2,314.57869931156));
#7696 = VECTOR('',#7697,1.);
#7697 = DIRECTION('',(0.,0.,1.));
#7698 = ORIENTED_EDGE('',*,*,#7699,.F.);
#7699 = EDGE_CURVE('',#7700,#7692,#7702,.T.);
#7700 = VERTEX_POINT('',#7701);
#7701 = CARTESIAN_POINT('',(36.,690.8,314.57869931156));
#7702 = LINE('',#7703,#7704);
#7703 = CARTESIAN_POINT('',(36.,690.8,314.57869931156));
#7704 = VECTOR('',#7705,1.);
#7705 = DIRECTION('',(0.,1.,0.));
#7706 = ORIENTED_EDGE('',*,*,#7707,.T.);
#7707 = EDGE_CURVE('',#7700,#7350,#7708,.T.);
#7708 = LINE('',#7709,#7710);
#7709 = CARTESIAN_POINT('',(36.,690.8,314.57869931156));
#7710 = VECTOR('',#7711,1.);
#7711 = DIRECTION('',(0.,0.,1.));
#7712 = FACE_BOUND('',#7713,.T.);
#7713 = EDGE_LOOP('',(#7714));
#7714 = ORIENTED_EDGE('',*,*,#7436,.F.);
#7715 = FACE_BOUND('',#7716,.T.);
#7716 = EDGE_LOOP('',(#7717));
#7717 = ORIENTED_EDGE('',*,*,#7461,.F.);
#7718 = FACE_BOUND('',#7719,.T.);
#7719 = EDGE_LOOP('',(#7720));
#7720 = ORIENTED_EDGE('',*,*,#7486,.F.);
#7721 = FACE_BOUND('',#7722,.T.);
#7722 = EDGE_LOOP('',(#7723));
#7723 = ORIENTED_EDGE('',*,*,#7511,.F.);
#7724 = FACE_BOUND('',#7725,.T.);
#7725 = EDGE_LOOP('',(#7726));
#7726 = ORIENTED_EDGE('',*,*,#7536,.F.);
#7727 = FACE_BOUND('',#7728,.T.);
#7728 = EDGE_LOOP('',(#7729));
#7729 = ORIENTED_EDGE('',*,*,#7561,.F.);
#7730 = FACE_BOUND('',#7731,.T.);
#7731 = EDGE_LOOP('',(#7732));
#7732 = ORIENTED_EDGE('',*,*,#7586,.F.);
#7733 = FACE_BOUND('',#7734,.T.);
#7734 = EDGE_LOOP('',(#7735));
#7735 = ORIENTED_EDGE('',*,*,#7611,.F.);
#7736 = FACE_BOUND('',#7737,.T.);
#7737 = EDGE_LOOP('',(#7738));
#7738 = ORIENTED_EDGE('',*,*,#7636,.F.);
#7739 = FACE_BOUND('',#7740,.T.);
#7740 = EDGE_LOOP('',(#7741));
#7741 = ORIENTED_EDGE('',*,*,#7661,.F.);
#7742 = PLANE('',#7743);
#7743 = AXIS2_PLACEMENT_3D('',#7744,#7745,#7746);
#7744 = CARTESIAN_POINT('',(36.,670.,294.57869931156));
#7745 = DIRECTION('',(1.,0.,0.));
#7746 = DIRECTION('',(0.,0.,1.));
#7747 = ADVANCED_FACE('',(#7748),#7766,.F.);
#7748 = FACE_BOUND('',#7749,.F.);
#7749 = EDGE_LOOP('',(#7750,#7758,#7764,#7765));
#7750 = ORIENTED_EDGE('',*,*,#7751,.F.);
#7751 = EDGE_CURVE('',#7752,#7692,#7754,.T.);
#7752 = VERTEX_POINT('',#7753);
#7753 = CARTESIAN_POINT('',(30.,709.2,314.57869931156));
#7754 = LINE('',#7755,#7756);
#7755 = CARTESIAN_POINT('',(30.,709.2,314.57869931156));
#7756 = VECTOR('',#7757,1.);
#7757 = DIRECTION('',(1.,0.,0.));
#7758 = ORIENTED_EDGE('',*,*,#7759,.T.);
#7759 = EDGE_CURVE('',#7752,#7366,#7760,.T.);
#7760 = LINE('',#7761,#7762);
#7761 = CARTESIAN_POINT('',(30.,709.2,314.57869931156));
#7762 = VECTOR('',#7763,1.);
#7763 = DIRECTION('',(0.,0.,1.));
#7764 = ORIENTED_EDGE('',*,*,#7373,.F.);
#7765 = ORIENTED_EDGE('',*,*,#7691,.F.);
#7766 = PLANE('',#7767);
#7767 = AXIS2_PLACEMENT_3D('',#7768,#7769,#7770);
#7768 = CARTESIAN_POINT('',(30.,709.2,314.57869931156));
#7769 = DIRECTION('',(0.,1.,0.));
#7770 = DIRECTION('',(0.,0.,1.));
#7771 = ADVANCED_FACE('',(#7772),#7790,.T.);
#7772 = FACE_BOUND('',#7773,.T.);
#7773 = EDGE_LOOP('',(#7774,#7782,#7788,#7789));
#7774 = ORIENTED_EDGE('',*,*,#7775,.F.);
#7775 = EDGE_CURVE('',#7776,#7358,#7778,.T.);
#7776 = VERTEX_POINT('',#7777);
#7777 = CARTESIAN_POINT('',(30.,690.8,314.57869931156));
#7778 = LINE('',#7779,#7780);
#7779 = CARTESIAN_POINT('',(30.,690.8,314.57869931156));
#7780 = VECTOR('',#7781,1.);
#7781 = DIRECTION('',(0.,0.,1.));
#7782 = ORIENTED_EDGE('',*,*,#7783,.T.);
#7783 = EDGE_CURVE('',#7776,#7752,#7784,.T.);
#7784 = LINE('',#7785,#7786);
#7785 = CARTESIAN_POINT('',(30.,690.8,314.57869931156));
#7786 = VECTOR('',#7787,1.);
#7787 = DIRECTION('',(0.,1.,0.));
#7788 = ORIENTED_EDGE('',*,*,#7759,.T.);
#7789 = ORIENTED_EDGE('',*,*,#7365,.F.);
#7790 = PLANE('',#7791);
#7791 = AXIS2_PLACEMENT_3D('',#7792,#7793,#7794);
#7792 = CARTESIAN_POINT('',(30.,690.8,314.57869931156));
#7793 = DIRECTION('',(1.,0.,0.));
#7794 = DIRECTION('',(0.,0.,1.));
#7795 = ADVANCED_FACE('',(#7796),#7807,.T.);
#7796 = FACE_BOUND('',#7797,.T.);
#7797 = EDGE_LOOP('',(#7798,#7804,#7805,#7806));
#7798 = ORIENTED_EDGE('',*,*,#7799,.F.);
#7799 = EDGE_CURVE('',#7776,#7700,#7800,.T.);
#7800 = LINE('',#7801,#7802);
#7801 = CARTESIAN_POINT('',(30.,690.8,314.57869931156));
#7802 = VECTOR('',#7803,1.);
#7803 = DIRECTION('',(1.,0.,0.));
#7804 = ORIENTED_EDGE('',*,*,#7775,.T.);
#7805 = ORIENTED_EDGE('',*,*,#7357,.F.);
#7806 = ORIENTED_EDGE('',*,*,#7707,.F.);
#7807 = PLANE('',#7808);
#7808 = AXIS2_PLACEMENT_3D('',#7809,#7810,#7811);
#7809 = CARTESIAN_POINT('',(30.,690.8,314.57869931156));
#7810 = DIRECTION('',(0.,1.,0.));
#7811 = DIRECTION('',(0.,0.,1.));
#7812 = ADVANCED_FACE('',(#7813),#7819,.T.);
#7813 = FACE_BOUND('',#7814,.T.);
#7814 = EDGE_LOOP('',(#7815,#7816,#7817,#7818));
#7815 = ORIENTED_EDGE('',*,*,#7783,.F.);
#7816 = ORIENTED_EDGE('',*,*,#7799,.T.);
#7817 = ORIENTED_EDGE('',*,*,#7699,.T.);
#7818 = ORIENTED_EDGE('',*,*,#7751,.F.);
#7819 = PLANE('',#7820);
#7820 = AXIS2_PLACEMENT_3D('',#7821,#7822,#7823);
#7821 = CARTESIAN_POINT('',(30.,690.8,314.57869931156));
#7822 = DIRECTION('',(0.,0.,1.));
#7823 = DIRECTION('',(1.,0.,0.));
#7824 = MANIFOLD_SOLID_BREP('',#7825);
#7825 = CLOSED_SHELL('',(#7826,#7866,#7919,#7959,#8005,#8038,#8055,#8072
    ,#8089,#8106));
#7826 = ADVANCED_FACE('',(#7827),#7861,.F.);
#7827 = FACE_BOUND('',#7828,.F.);
#7828 = EDGE_LOOP('',(#7829,#7839,#7847,#7855));
#7829 = ORIENTED_EDGE('',*,*,#7830,.F.);
#7830 = EDGE_CURVE('',#7831,#7833,#7835,.T.);
#7831 = VERTEX_POINT('',#7832);
#7832 = CARTESIAN_POINT('',(36.,675.,299.57869931156));
#7833 = VERTEX_POINT('',#7834);
#7834 = CARTESIAN_POINT('',(36.,725.,299.57869931156));
#7835 = LINE('',#7836,#7837);
#7836 = CARTESIAN_POINT('',(36.,675.,299.57869931156));
#7837 = VECTOR('',#7838,1.);
#7838 = DIRECTION('',(0.,1.,0.));
#7839 = ORIENTED_EDGE('',*,*,#7840,.T.);
#7840 = EDGE_CURVE('',#7831,#7841,#7843,.T.);
#7841 = VERTEX_POINT('',#7842);
#7842 = CARTESIAN_POINT('',(39.,675.,299.57869931156));
#7843 = LINE('',#7844,#7845);
#7844 = CARTESIAN_POINT('',(36.,675.,299.57869931156));
#7845 = VECTOR('',#7846,1.);
#7846 = DIRECTION('',(1.,0.,0.));
#7847 = ORIENTED_EDGE('',*,*,#7848,.T.);
#7848 = EDGE_CURVE('',#7841,#7849,#7851,.T.);
#7849 = VERTEX_POINT('',#7850);
#7850 = CARTESIAN_POINT('',(39.,725.,299.57869931156));
#7851 = LINE('',#7852,#7853);
#7852 = CARTESIAN_POINT('',(39.,675.,299.57869931156));
#7853 = VECTOR('',#7854,1.);
#7854 = DIRECTION('',(0.,1.,0.));
#7855 = ORIENTED_EDGE('',*,*,#7856,.F.);
#7856 = EDGE_CURVE('',#7833,#7849,#7857,.T.);
#7857 = LINE('',#7858,#7859);
#7858 = CARTESIAN_POINT('',(36.,725.,299.57869931156));
#7859 = VECTOR('',#7860,1.);
#7860 = DIRECTION('',(1.,0.,0.));
#7861 = PLANE('',#7862);
#7862 = AXIS2_PLACEMENT_3D('',#7863,#7864,#7865);
#7863 = CARTESIAN_POINT('',(36.,675.,299.57869931156));
#7864 = DIRECTION('',(0.,0.,1.));
#7865 = DIRECTION('',(1.,0.,0.));
#7866 = ADVANCED_FACE('',(#7867,#7892,#7903),#7914,.T.);
#7867 = FACE_BOUND('',#7868,.T.);
#7868 = EDGE_LOOP('',(#7869,#7879,#7885,#7886));
#7869 = ORIENTED_EDGE('',*,*,#7870,.T.);
#7870 = EDGE_CURVE('',#7871,#7873,#7875,.T.);
#7871 = VERTEX_POINT('',#7872);
#7872 = CARTESIAN_POINT('',(36.,675.,339.57869931156));
#7873 = VERTEX_POINT('',#7874);
#7874 = CARTESIAN_POINT('',(36.,725.,339.57869931156));
#7875 = LINE('',#7876,#7877);
#7876 = CARTESIAN_POINT('',(36.,675.,339.57869931156));
#7877 = VECTOR('',#7878,1.);
#7878 = DIRECTION('',(0.,1.,0.));
#7879 = ORIENTED_EDGE('',*,*,#7880,.F.);
#7880 = EDGE_CURVE('',#7833,#7873,#7881,.T.);
#7881 = LINE('',#7882,#7883);
#7882 = CARTESIAN_POINT('',(36.,725.,336.57869931156));
#7883 = VECTOR('',#7884,1.);
#7884 = DIRECTION('',(0.,0.,1.));
#7885 = ORIENTED_EDGE('',*,*,#7830,.F.);
#7886 = ORIENTED_EDGE('',*,*,#7887,.T.);
#7887 = EDGE_CURVE('',#7831,#7871,#7888,.T.);
#7888 = LINE('',#7889,#7890);
#7889 = CARTESIAN_POINT('',(36.,675.,299.57869931156));
#7890 = VECTOR('',#7891,1.);
#7891 = DIRECTION('',(0.,0.,1.));
#7892 = FACE_BOUND('',#7893,.T.);
#7893 = EDGE_LOOP('',(#7894));
#7894 = ORIENTED_EDGE('',*,*,#7895,.T.);
#7895 = EDGE_CURVE('',#7896,#7896,#7898,.T.);
#7896 = VERTEX_POINT('',#7897);
#7897 = CARTESIAN_POINT('',(36.,720.,320.32869931156));
#7898 = CIRCLE('',#7899,2.75);
#7899 = AXIS2_PLACEMENT_3D('',#7900,#7901,#7902);
#7900 = CARTESIAN_POINT('',(36.,720.,317.57869931156));
#7901 = DIRECTION('',(1.,0.,-0.));
#7902 = DIRECTION('',(0.,0.,1.));
#7903 = FACE_BOUND('',#7904,.T.);
#7904 = EDGE_LOOP('',(#7905));
#7905 = ORIENTED_EDGE('',*,*,#7906,.T.);
#7906 = EDGE_CURVE('',#7907,#7907,#7909,.T.);
#7907 = VERTEX_POINT('',#7908);
#7908 = CARTESIAN_POINT('',(36.,680.,320.32869931156));
#7909 = CIRCLE('',#7910,2.75);
#7910 = AXIS2_PLACEMENT_3D('',#7911,#7912,#7913);
#7911 = CARTESIAN_POINT('',(36.,680.,317.57869931156));
#7912 = DIRECTION('',(1.,0.,-0.));
#7913 = DIRECTION('',(0.,0.,1.));
#7914 = PLANE('',#7915);
#7915 = AXIS2_PLACEMENT_3D('',#7916,#7917,#7918);
#7916 = CARTESIAN_POINT('',(36.,700.,319.57869931156));
#7917 = DIRECTION('',(-1.,-0.,-0.));
#7918 = DIRECTION('',(0.,0.,-1.));
#7919 = ADVANCED_FACE('',(#7920),#7954,.T.);
#7920 = FACE_BOUND('',#7921,.T.);
#7921 = EDGE_LOOP('',(#7922,#7930,#7938,#7946,#7952,#7953));
#7922 = ORIENTED_EDGE('',*,*,#7923,.T.);
#7923 = EDGE_CURVE('',#7873,#7924,#7926,.T.);
#7924 = VERTEX_POINT('',#7925);
#7925 = CARTESIAN_POINT('',(76.,725.,339.57869931156));
#7926 = LINE('',#7927,#7928);
#7927 = CARTESIAN_POINT('',(36.,725.,339.57869931156));
#7928 = VECTOR('',#7929,1.);
#7929 = DIRECTION('',(1.,0.,0.));
#7930 = ORIENTED_EDGE('',*,*,#7931,.F.);
#7931 = EDGE_CURVE('',#7932,#7924,#7934,.T.);
#7932 = VERTEX_POINT('',#7933);
#7933 = CARTESIAN_POINT('',(76.,725.,336.57869931156));
#7934 = LINE('',#7935,#7936);
#7935 = CARTESIAN_POINT('',(76.,725.,336.57869931156));
#7936 = VECTOR('',#7937,1.);
#7937 = DIRECTION('',(0.,0.,1.));
#7938 = ORIENTED_EDGE('',*,*,#7939,.F.);
#7939 = EDGE_CURVE('',#7940,#7932,#7942,.T.);
#7940 = VERTEX_POINT('',#7941);
#7941 = CARTESIAN_POINT('',(39.,725.,336.57869931156));
#7942 = LINE('',#7943,#7944);
#7943 = CARTESIAN_POINT('',(36.,725.,336.57869931156));
#7944 = VECTOR('',#7945,1.);
#7945 = DIRECTION('',(1.,0.,0.));
#7946 = ORIENTED_EDGE('',*,*,#7947,.F.);
#7947 = EDGE_CURVE('',#7849,#7940,#7948,.T.);
#7948 = LINE('',#7949,#7950);
#7949 = CARTESIAN_POINT('',(39.,725.,299.57869931156));
#7950 = VECTOR('',#7951,1.);
#7951 = DIRECTION('',(0.,0.,1.));
#7952 = ORIENTED_EDGE('',*,*,#7856,.F.);
#7953 = ORIENTED_EDGE('',*,*,#7880,.T.);
#7954 = PLANE('',#7955);
#7955 = AXIS2_PLACEMENT_3D('',#7956,#7957,#7958);
#7956 = CARTESIAN_POINT('',(47.44375,725.,328.13494931156));
#7957 = DIRECTION('',(0.,1.,0.));
#7958 = DIRECTION('',(0.,0.,1.));
#7959 = ADVANCED_FACE('',(#7960,#7978,#7989),#8000,.T.);
#7960 = FACE_BOUND('',#7961,.T.);
#7961 = EDGE_LOOP('',(#7962,#7970,#7971,#7972));
#7962 = ORIENTED_EDGE('',*,*,#7963,.F.);
#7963 = EDGE_CURVE('',#7841,#7964,#7966,.T.);
#7964 = VERTEX_POINT('',#7965);
#7965 = CARTESIAN_POINT('',(39.,675.,336.57869931156));
#7966 = LINE('',#7967,#7968);
#7967 = CARTESIAN_POINT('',(39.,675.,299.57869931156));
#7968 = VECTOR('',#7969,1.);
#7969 = DIRECTION('',(0.,0.,1.));
#7970 = ORIENTED_EDGE('',*,*,#7848,.T.);
#7971 = ORIENTED_EDGE('',*,*,#7947,.T.);
#7972 = ORIENTED_EDGE('',*,*,#7973,.F.);
#7973 = EDGE_CURVE('',#7964,#7940,#7974,.T.);
#7974 = LINE('',#7975,#7976);
#7975 = CARTESIAN_POINT('',(39.,675.,336.57869931156));
#7976 = VECTOR('',#7977,1.);
#7977 = DIRECTION('',(0.,1.,0.));
#7978 = FACE_BOUND('',#7979,.T.);
#7979 = EDGE_LOOP('',(#7980));
#7980 = ORIENTED_EDGE('',*,*,#7981,.F.);
#7981 = EDGE_CURVE('',#7982,#7982,#7984,.T.);
#7982 = VERTEX_POINT('',#7983);
#7983 = CARTESIAN_POINT('',(39.,720.,320.32869931156));
#7984 = CIRCLE('',#7985,2.75);
#7985 = AXIS2_PLACEMENT_3D('',#7986,#7987,#7988);
#7986 = CARTESIAN_POINT('',(39.,720.,317.57869931156));
#7987 = DIRECTION('',(1.,0.,-0.));
#7988 = DIRECTION('',(0.,0.,1.));
#7989 = FACE_BOUND('',#7990,.T.);
#7990 = EDGE_LOOP('',(#7991));
#7991 = ORIENTED_EDGE('',*,*,#7992,.F.);
#7992 = EDGE_CURVE('',#7993,#7993,#7995,.T.);
#7993 = VERTEX_POINT('',#7994);
#7994 = CARTESIAN_POINT('',(39.,680.,320.32869931156));
#7995 = CIRCLE('',#7996,2.75);
#7996 = AXIS2_PLACEMENT_3D('',#7997,#7998,#7999);
#7997 = CARTESIAN_POINT('',(39.,680.,317.57869931156));
#7998 = DIRECTION('',(1.,0.,-0.));
#7999 = DIRECTION('',(0.,0.,1.));
#8000 = PLANE('',#8001);
#8001 = AXIS2_PLACEMENT_3D('',#8002,#8003,#8004);
#8002 = CARTESIAN_POINT('',(39.,675.,299.57869931156));
#8003 = DIRECTION('',(1.,0.,0.));
#8004 = DIRECTION('',(0.,0.,1.));
#8005 = ADVANCED_FACE('',(#8006),#8033,.T.);
#8006 = FACE_BOUND('',#8007,.T.);
#8007 = EDGE_LOOP('',(#8008,#8009,#8010,#8011,#8019,#8027));
#8008 = ORIENTED_EDGE('',*,*,#7887,.F.);
#8009 = ORIENTED_EDGE('',*,*,#7840,.T.);
#8010 = ORIENTED_EDGE('',*,*,#7963,.T.);
#8011 = ORIENTED_EDGE('',*,*,#8012,.T.);
#8012 = EDGE_CURVE('',#7964,#8013,#8015,.T.);
#8013 = VERTEX_POINT('',#8014);
#8014 = CARTESIAN_POINT('',(76.,675.,336.57869931156));
#8015 = LINE('',#8016,#8017);
#8016 = CARTESIAN_POINT('',(36.,675.,336.57869931156));
#8017 = VECTOR('',#8018,1.);
#8018 = DIRECTION('',(1.,0.,0.));
#8019 = ORIENTED_EDGE('',*,*,#8020,.T.);
#8020 = EDGE_CURVE('',#8013,#8021,#8023,.T.);
#8021 = VERTEX_POINT('',#8022);
#8022 = CARTESIAN_POINT('',(76.,675.,339.57869931156));
#8023 = LINE('',#8024,#8025);
#8024 = CARTESIAN_POINT('',(76.,675.,336.57869931156));
#8025 = VECTOR('',#8026,1.);
#8026 = DIRECTION('',(0.,0.,1.));
#8027 = ORIENTED_EDGE('',*,*,#8028,.F.);
#8028 = EDGE_CURVE('',#7871,#8021,#8029,.T.);
#8029 = LINE('',#8030,#8031);
#8030 = CARTESIAN_POINT('',(36.,675.,339.57869931156));
#8031 = VECTOR('',#8032,1.);
#8032 = DIRECTION('',(1.,0.,0.));
#8033 = PLANE('',#8034);
#8034 = AXIS2_PLACEMENT_3D('',#8035,#8036,#8037);
#8035 = CARTESIAN_POINT('',(47.44375,675.,328.13494931156));
#8036 = DIRECTION('',(-0.,-1.,-0.));
#8037 = DIRECTION('',(0.,0.,-1.));
#8038 = ADVANCED_FACE('',(#8039),#8050,.T.);
#8039 = FACE_BOUND('',#8040,.T.);
#8040 = EDGE_LOOP('',(#8041,#8042,#8043,#8049));
#8041 = ORIENTED_EDGE('',*,*,#7870,.F.);
#8042 = ORIENTED_EDGE('',*,*,#8028,.T.);
#8043 = ORIENTED_EDGE('',*,*,#8044,.T.);
#8044 = EDGE_CURVE('',#8021,#7924,#8045,.T.);
#8045 = LINE('',#8046,#8047);
#8046 = CARTESIAN_POINT('',(76.,675.,339.57869931156));
#8047 = VECTOR('',#8048,1.);
#8048 = DIRECTION('',(0.,1.,0.));
#8049 = ORIENTED_EDGE('',*,*,#7923,.F.);
#8050 = PLANE('',#8051);
#8051 = AXIS2_PLACEMENT_3D('',#8052,#8053,#8054);
#8052 = CARTESIAN_POINT('',(36.,675.,339.57869931156));
#8053 = DIRECTION('',(0.,0.,1.));
#8054 = DIRECTION('',(1.,0.,0.));
#8055 = ADVANCED_FACE('',(#8056),#8067,.F.);
#8056 = FACE_BOUND('',#8057,.F.);
#8057 = EDGE_LOOP('',(#8058,#8059,#8065,#8066));
#8058 = ORIENTED_EDGE('',*,*,#7981,.F.);
#8059 = ORIENTED_EDGE('',*,*,#8060,.F.);
#8060 = EDGE_CURVE('',#7896,#7982,#8061,.T.);
#8061 = LINE('',#8062,#8063);
#8062 = CARTESIAN_POINT('',(35.,720.,320.32869931156));
#8063 = VECTOR('',#8064,1.);
#8064 = DIRECTION('',(1.,0.,0.));
#8065 = ORIENTED_EDGE('',*,*,#7895,.T.);
#8066 = ORIENTED_EDGE('',*,*,#8060,.T.);
#8067 = CYLINDRICAL_SURFACE('',#8068,2.75);
#8068 = AXIS2_PLACEMENT_3D('',#8069,#8070,#8071);
#8069 = CARTESIAN_POINT('',(35.,720.,317.57869931156));
#8070 = DIRECTION('',(1.,0.,0.));
#8071 = DIRECTION('',(0.,0.,1.));
#8072 = ADVANCED_FACE('',(#8073),#8084,.F.);
#8073 = FACE_BOUND('',#8074,.F.);
#8074 = EDGE_LOOP('',(#8075,#8076,#8082,#8083));
#8075 = ORIENTED_EDGE('',*,*,#7992,.F.);
#8076 = ORIENTED_EDGE('',*,*,#8077,.F.);
#8077 = EDGE_CURVE('',#7907,#7993,#8078,.T.);
#8078 = LINE('',#8079,#8080);
#8079 = CARTESIAN_POINT('',(35.,680.,320.32869931156));
#8080 = VECTOR('',#8081,1.);
#8081 = DIRECTION('',(1.,0.,0.));
#8082 = ORIENTED_EDGE('',*,*,#7906,.T.);
#8083 = ORIENTED_EDGE('',*,*,#8077,.T.);
#8084 = CYLINDRICAL_SURFACE('',#8085,2.75);
#8085 = AXIS2_PLACEMENT_3D('',#8086,#8087,#8088);
#8086 = CARTESIAN_POINT('',(35.,680.,317.57869931156));
#8087 = DIRECTION('',(1.,0.,0.));
#8088 = DIRECTION('',(0.,0.,1.));
#8089 = ADVANCED_FACE('',(#8090),#8101,.T.);
#8090 = FACE_BOUND('',#8091,.T.);
#8091 = EDGE_LOOP('',(#8092,#8093,#8099,#8100));
#8092 = ORIENTED_EDGE('',*,*,#8020,.F.);
#8093 = ORIENTED_EDGE('',*,*,#8094,.T.);
#8094 = EDGE_CURVE('',#8013,#7932,#8095,.T.);
#8095 = LINE('',#8096,#8097);
#8096 = CARTESIAN_POINT('',(76.,675.,336.57869931156));
#8097 = VECTOR('',#8098,1.);
#8098 = DIRECTION('',(0.,1.,0.));
#8099 = ORIENTED_EDGE('',*,*,#7931,.T.);
#8100 = ORIENTED_EDGE('',*,*,#8044,.F.);
#8101 = PLANE('',#8102);
#8102 = AXIS2_PLACEMENT_3D('',#8103,#8104,#8105);
#8103 = CARTESIAN_POINT('',(76.,675.,336.57869931156));
#8104 = DIRECTION('',(1.,0.,0.));
#8105 = DIRECTION('',(0.,0.,1.));
#8106 = ADVANCED_FACE('',(#8107),#8113,.F.);
#8107 = FACE_BOUND('',#8108,.F.);
#8108 = EDGE_LOOP('',(#8109,#8110,#8111,#8112));
#8109 = ORIENTED_EDGE('',*,*,#7973,.F.);
#8110 = ORIENTED_EDGE('',*,*,#8012,.T.);
#8111 = ORIENTED_EDGE('',*,*,#8094,.T.);
#8112 = ORIENTED_EDGE('',*,*,#7939,.F.);
#8113 = PLANE('',#8114);
#8114 = AXIS2_PLACEMENT_3D('',#8115,#8116,#8117);
#8115 = CARTESIAN_POINT('',(36.,675.,336.57869931156));
#8116 = DIRECTION('',(0.,0.,1.));
#8117 = DIRECTION('',(1.,0.,0.));
#8118 = MANIFOLD_SOLID_BREP('',#8119);
#8119 = CLOSED_SHELL('',(#8120,#8302,#8356,#8380,#8404,#8428,#8452,#8469
    ,#8486,#8511,#8536,#8561,#8586,#8611,#8636,#8661,#8686,#8711,#8736,
    #8748));
#8120 = ADVANCED_FACE('',(#8121,#8187,#8198,#8209,#8220,#8231,#8242,
    #8253,#8264,#8275,#8286),#8297,.F.);
#8121 = FACE_BOUND('',#8122,.F.);
#8122 = EDGE_LOOP('',(#8123,#8133,#8141,#8149,#8157,#8165,#8173,#8181));
#8123 = ORIENTED_EDGE('',*,*,#8124,.F.);
#8124 = EDGE_CURVE('',#8125,#8127,#8129,.T.);
#8125 = VERTEX_POINT('',#8126);
#8126 = CARTESIAN_POINT('',(564.,670.,439.57869931156));
#8127 = VERTEX_POINT('',#8128);
#8128 = CARTESIAN_POINT('',(564.,690.8,439.57869931156));
#8129 = LINE('',#8130,#8131);
#8130 = CARTESIAN_POINT('',(564.,670.,439.57869931156));
#8131 = VECTOR('',#8132,1.);
#8132 = DIRECTION('',(0.,1.,0.));
#8133 = ORIENTED_EDGE('',*,*,#8134,.F.);
#8134 = EDGE_CURVE('',#8135,#8125,#8137,.T.);
#8135 = VERTEX_POINT('',#8136);
#8136 = CARTESIAN_POINT('',(564.,670.,294.57869931156));
#8137 = LINE('',#8138,#8139);
#8138 = CARTESIAN_POINT('',(564.,670.,294.57869931156));
#8139 = VECTOR('',#8140,1.);
#8140 = DIRECTION('',(0.,0.,1.));
#8141 = ORIENTED_EDGE('',*,*,#8142,.T.);
#8142 = EDGE_CURVE('',#8135,#8143,#8145,.T.);
#8143 = VERTEX_POINT('',#8144);
#8144 = CARTESIAN_POINT('',(564.,730.,294.57869931156));
#8145 = LINE('',#8146,#8147);
#8146 = CARTESIAN_POINT('',(564.,670.,294.57869931156));
#8147 = VECTOR('',#8148,1.);
#8148 = DIRECTION('',(0.,1.,0.));
#8149 = ORIENTED_EDGE('',*,*,#8150,.T.);
#8150 = EDGE_CURVE('',#8143,#8151,#8153,.T.);
#8151 = VERTEX_POINT('',#8152);
#8152 = CARTESIAN_POINT('',(564.,730.,439.57869931156));
#8153 = LINE('',#8154,#8155);
#8154 = CARTESIAN_POINT('',(564.,730.,294.57869931156));
#8155 = VECTOR('',#8156,1.);
#8156 = DIRECTION('',(0.,0.,1.));
#8157 = ORIENTED_EDGE('',*,*,#8158,.F.);
#8158 = EDGE_CURVE('',#8159,#8151,#8161,.T.);
#8159 = VERTEX_POINT('',#8160);
#8160 = CARTESIAN_POINT('',(564.,709.2,439.57869931156));
#8161 = LINE('',#8162,#8163);
#8162 = CARTESIAN_POINT('',(564.,670.,439.57869931156));
#8163 = VECTOR('',#8164,1.);
#8164 = DIRECTION('',(0.,1.,0.));
#8165 = ORIENTED_EDGE('',*,*,#8166,.F.);
#8166 = EDGE_CURVE('',#8167,#8159,#8169,.T.);
#8167 = VERTEX_POINT('',#8168);
#8168 = CARTESIAN_POINT('',(564.,709.2,314.57869931156));
#8169 = LINE('',#8170,#8171);
#8170 = CARTESIAN_POINT('',(564.,709.2,314.57869931156));
#8171 = VECTOR('',#8172,1.);
#8172 = DIRECTION('',(0.,0.,1.));
#8173 = ORIENTED_EDGE('',*,*,#8174,.F.);
#8174 = EDGE_CURVE('',#8175,#8167,#8177,.T.);
#8175 = VERTEX_POINT('',#8176);
#8176 = CARTESIAN_POINT('',(564.,690.8,314.57869931156));
#8177 = LINE('',#8178,#8179);
#8178 = CARTESIAN_POINT('',(564.,690.8,314.57869931156));
#8179 = VECTOR('',#8180,1.);
#8180 = DIRECTION('',(0.,1.,0.));
#8181 = ORIENTED_EDGE('',*,*,#8182,.T.);
#8182 = EDGE_CURVE('',#8175,#8127,#8183,.T.);
#8183 = LINE('',#8184,#8185);
#8184 = CARTESIAN_POINT('',(564.,690.8,314.57869931156));
#8185 = VECTOR('',#8186,1.);
#8186 = DIRECTION('',(0.,0.,1.));
#8187 = FACE_BOUND('',#8188,.F.);
#8188 = EDGE_LOOP('',(#8189));
#8189 = ORIENTED_EDGE('',*,*,#8190,.F.);
#8190 = EDGE_CURVE('',#8191,#8191,#8193,.T.);
#8191 = VERTEX_POINT('',#8192);
#8192 = CARTESIAN_POINT('',(564.,720.,310.32869931156));
#8193 = CIRCLE('',#8194,2.75);
#8194 = AXIS2_PLACEMENT_3D('',#8195,#8196,#8197);
#8195 = CARTESIAN_POINT('',(564.,720.,307.57869931156));
#8196 = DIRECTION('',(1.,0.,-0.));
#8197 = DIRECTION('',(0.,0.,1.));
#8198 = FACE_BOUND('',#8199,.F.);
#8199 = EDGE_LOOP('',(#8200));
#8200 = ORIENTED_EDGE('',*,*,#8201,.F.);
#8201 = EDGE_CURVE('',#8202,#8202,#8204,.T.);
#8202 = VERTEX_POINT('',#8203);
#8203 = CARTESIAN_POINT('',(564.,720.,320.32869931156));
#8204 = CIRCLE('',#8205,2.75);
#8205 = AXIS2_PLACEMENT_3D('',#8206,#8207,#8208);
#8206 = CARTESIAN_POINT('',(564.,720.,317.57869931156));
#8207 = DIRECTION('',(1.,0.,-0.));
#8208 = DIRECTION('',(0.,0.,1.));
#8209 = FACE_BOUND('',#8210,.F.);
#8210 = EDGE_LOOP('',(#8211));
#8211 = ORIENTED_EDGE('',*,*,#8212,.F.);
#8212 = EDGE_CURVE('',#8213,#8213,#8215,.T.);
#8213 = VERTEX_POINT('',#8214);
#8214 = CARTESIAN_POINT('',(564.,720.,330.32869931156));
#8215 = CIRCLE('',#8216,2.75);
#8216 = AXIS2_PLACEMENT_3D('',#8217,#8218,#8219);
#8217 = CARTESIAN_POINT('',(564.,720.,327.57869931156));
#8218 = DIRECTION('',(1.,0.,-0.));
#8219 = DIRECTION('',(0.,0.,1.));
#8220 = FACE_BOUND('',#8221,.F.);
#8221 = EDGE_LOOP('',(#8222));
#8222 = ORIENTED_EDGE('',*,*,#8223,.F.);
#8223 = EDGE_CURVE('',#8224,#8224,#8226,.T.);
#8224 = VERTEX_POINT('',#8225);
#8225 = CARTESIAN_POINT('',(564.,722.,362.32869931156));
#8226 = CIRCLE('',#8227,2.75);
#8227 = AXIS2_PLACEMENT_3D('',#8228,#8229,#8230);
#8228 = CARTESIAN_POINT('',(564.,722.,359.57869931156));
#8229 = DIRECTION('',(1.,0.,-0.));
#8230 = DIRECTION('',(0.,0.,1.));
#8231 = FACE_BOUND('',#8232,.F.);
#8232 = EDGE_LOOP('',(#8233));
#8233 = ORIENTED_EDGE('',*,*,#8234,.F.);
#8234 = EDGE_CURVE('',#8235,#8235,#8237,.T.);
#8235 = VERTEX_POINT('',#8236);
#8236 = CARTESIAN_POINT('',(564.,722.,417.32869931156));
#8237 = CIRCLE('',#8238,2.75);
#8238 = AXIS2_PLACEMENT_3D('',#8239,#8240,#8241);
#8239 = CARTESIAN_POINT('',(564.,722.,414.57869931156));
#8240 = DIRECTION('',(1.,0.,-0.));
#8241 = DIRECTION('',(0.,0.,1.));
#8242 = FACE_BOUND('',#8243,.F.);
#8243 = EDGE_LOOP('',(#8244));
#8244 = ORIENTED_EDGE('',*,*,#8245,.F.);
#8245 = EDGE_CURVE('',#8246,#8246,#8248,.T.);
#8246 = VERTEX_POINT('',#8247);
#8247 = CARTESIAN_POINT('',(564.,680.,310.32869931156));
#8248 = CIRCLE('',#8249,2.75);
#8249 = AXIS2_PLACEMENT_3D('',#8250,#8251,#8252);
#8250 = CARTESIAN_POINT('',(564.,680.,307.57869931156));
#8251 = DIRECTION('',(1.,0.,-0.));
#8252 = DIRECTION('',(0.,0.,1.));
#8253 = FACE_BOUND('',#8254,.F.);
#8254 = EDGE_LOOP('',(#8255));
#8255 = ORIENTED_EDGE('',*,*,#8256,.F.);
#8256 = EDGE_CURVE('',#8257,#8257,#8259,.T.);
#8257 = VERTEX_POINT('',#8258);
#8258 = CARTESIAN_POINT('',(564.,680.,320.32869931156));
#8259 = CIRCLE('',#8260,2.75);
#8260 = AXIS2_PLACEMENT_3D('',#8261,#8262,#8263);
#8261 = CARTESIAN_POINT('',(564.,680.,317.57869931156));
#8262 = DIRECTION('',(1.,0.,-0.));
#8263 = DIRECTION('',(0.,0.,1.));
#8264 = FACE_BOUND('',#8265,.F.);
#8265 = EDGE_LOOP('',(#8266));
#8266 = ORIENTED_EDGE('',*,*,#8267,.F.);
#8267 = EDGE_CURVE('',#8268,#8268,#8270,.T.);
#8268 = VERTEX_POINT('',#8269);
#8269 = CARTESIAN_POINT('',(564.,680.,330.32869931156));
#8270 = CIRCLE('',#8271,2.75);
#8271 = AXIS2_PLACEMENT_3D('',#8272,#8273,#8274);
#8272 = CARTESIAN_POINT('',(564.,680.,327.57869931156));
#8273 = DIRECTION('',(1.,0.,-0.));
#8274 = DIRECTION('',(0.,0.,1.));
#8275 = FACE_BOUND('',#8276,.F.);
#8276 = EDGE_LOOP('',(#8277));
#8277 = ORIENTED_EDGE('',*,*,#8278,.F.);
#8278 = EDGE_CURVE('',#8279,#8279,#8281,.T.);
#8279 = VERTEX_POINT('',#8280);
#8280 = CARTESIAN_POINT('',(564.,678.,362.32869931156));
#8281 = CIRCLE('',#8282,2.75);
#8282 = AXIS2_PLACEMENT_3D('',#8283,#8284,#8285);
#8283 = CARTESIAN_POINT('',(564.,678.,359.57869931156));
#8284 = DIRECTION('',(1.,0.,-0.));
#8285 = DIRECTION('',(0.,0.,1.));
#8286 = FACE_BOUND('',#8287,.F.);
#8287 = EDGE_LOOP('',(#8288));
#8288 = ORIENTED_EDGE('',*,*,#8289,.F.);
#8289 = EDGE_CURVE('',#8290,#8290,#8292,.T.);
#8290 = VERTEX_POINT('',#8291);
#8291 = CARTESIAN_POINT('',(564.,678.,417.32869931156));
#8292 = CIRCLE('',#8293,2.75);
#8293 = AXIS2_PLACEMENT_3D('',#8294,#8295,#8296);
#8294 = CARTESIAN_POINT('',(564.,678.,414.57869931156));
#8295 = DIRECTION('',(1.,0.,-0.));
#8296 = DIRECTION('',(0.,0.,1.));
#8297 = PLANE('',#8298);
#8298 = AXIS2_PLACEMENT_3D('',#8299,#8300,#8301);
#8299 = CARTESIAN_POINT('',(564.,670.,294.57869931156));
#8300 = DIRECTION('',(1.,0.,0.));
#8301 = DIRECTION('',(0.,0.,1.));
#8302 = ADVANCED_FACE('',(#8303),#8351,.T.);
#8303 = FACE_BOUND('',#8304,.T.);
#8304 = EDGE_LOOP('',(#8305,#8306,#8314,#8322,#8328,#8329,#8337,#8345));
#8305 = ORIENTED_EDGE('',*,*,#8124,.F.);
#8306 = ORIENTED_EDGE('',*,*,#8307,.T.);
#8307 = EDGE_CURVE('',#8125,#8308,#8310,.T.);
#8308 = VERTEX_POINT('',#8309);
#8309 = CARTESIAN_POINT('',(582.,670.,439.57869931156));
#8310 = LINE('',#8311,#8312);
#8311 = CARTESIAN_POINT('',(564.,670.,439.57869931156));
#8312 = VECTOR('',#8313,1.);
#8313 = DIRECTION('',(1.,0.,0.));
#8314 = ORIENTED_EDGE('',*,*,#8315,.T.);
#8315 = EDGE_CURVE('',#8308,#8316,#8318,.T.);
#8316 = VERTEX_POINT('',#8317);
#8317 = CARTESIAN_POINT('',(582.,730.,439.57869931156));
#8318 = LINE('',#8319,#8320);
#8319 = CARTESIAN_POINT('',(582.,670.,439.57869931156));
#8320 = VECTOR('',#8321,1.);
#8321 = DIRECTION('',(0.,1.,0.));
#8322 = ORIENTED_EDGE('',*,*,#8323,.F.);
#8323 = EDGE_CURVE('',#8151,#8316,#8324,.T.);
#8324 = LINE('',#8325,#8326);
#8325 = CARTESIAN_POINT('',(564.,730.,439.57869931156));
#8326 = VECTOR('',#8327,1.);
#8327 = DIRECTION('',(1.,0.,0.));
#8328 = ORIENTED_EDGE('',*,*,#8158,.F.);
#8329 = ORIENTED_EDGE('',*,*,#8330,.F.);
#8330 = EDGE_CURVE('',#8331,#8159,#8333,.T.);
#8331 = VERTEX_POINT('',#8332);
#8332 = CARTESIAN_POINT('',(570.,709.2,439.57869931156));
#8333 = LINE('',#8334,#8335);
#8334 = CARTESIAN_POINT('',(564.,709.2,439.57869931156));
#8335 = VECTOR('',#8336,1.);
#8336 = DIRECTION('',(-1.,0.,0.));
#8337 = ORIENTED_EDGE('',*,*,#8338,.F.);
#8338 = EDGE_CURVE('',#8339,#8331,#8341,.T.);
#8339 = VERTEX_POINT('',#8340);
#8340 = CARTESIAN_POINT('',(570.,690.8,439.57869931156));
#8341 = LINE('',#8342,#8343);
#8342 = CARTESIAN_POINT('',(570.,680.4,439.57869931156));
#8343 = VECTOR('',#8344,1.);
#8344 = DIRECTION('',(0.,1.,0.));
#8345 = ORIENTED_EDGE('',*,*,#8346,.T.);
#8346 = EDGE_CURVE('',#8339,#8127,#8347,.T.);
#8347 = LINE('',#8348,#8349);
#8348 = CARTESIAN_POINT('',(564.,690.8,439.57869931156));
#8349 = VECTOR('',#8350,1.);
#8350 = DIRECTION('',(-1.,0.,0.));
#8351 = PLANE('',#8352);
#8352 = AXIS2_PLACEMENT_3D('',#8353,#8354,#8355);
#8353 = CARTESIAN_POINT('',(564.,670.,439.57869931156));
#8354 = DIRECTION('',(0.,0.,1.));
#8355 = DIRECTION('',(1.,0.,0.));
#8356 = ADVANCED_FACE('',(#8357),#8375,.F.);
#8357 = FACE_BOUND('',#8358,.F.);
#8358 = EDGE_LOOP('',(#8359,#8367,#8368,#8369));
#8359 = ORIENTED_EDGE('',*,*,#8360,.F.);
#8360 = EDGE_CURVE('',#8135,#8361,#8363,.T.);
#8361 = VERTEX_POINT('',#8362);
#8362 = CARTESIAN_POINT('',(582.,670.,294.57869931156));
#8363 = LINE('',#8364,#8365);
#8364 = CARTESIAN_POINT('',(564.,670.,294.57869931156));
#8365 = VECTOR('',#8366,1.);
#8366 = DIRECTION('',(1.,0.,0.));
#8367 = ORIENTED_EDGE('',*,*,#8134,.T.);
#8368 = ORIENTED_EDGE('',*,*,#8307,.T.);
#8369 = ORIENTED_EDGE('',*,*,#8370,.F.);
#8370 = EDGE_CURVE('',#8361,#8308,#8371,.T.);
#8371 = LINE('',#8372,#8373);
#8372 = CARTESIAN_POINT('',(582.,670.,294.57869931156));
#8373 = VECTOR('',#8374,1.);
#8374 = DIRECTION('',(0.,0.,1.));
#8375 = PLANE('',#8376);
#8376 = AXIS2_PLACEMENT_3D('',#8377,#8378,#8379);
#8377 = CARTESIAN_POINT('',(564.,670.,294.57869931156));
#8378 = DIRECTION('',(0.,1.,0.));
#8379 = DIRECTION('',(0.,0.,1.));
#8380 = ADVANCED_FACE('',(#8381),#8399,.T.);
#8381 = FACE_BOUND('',#8382,.T.);
#8382 = EDGE_LOOP('',(#8383,#8391,#8392,#8393));
#8383 = ORIENTED_EDGE('',*,*,#8384,.F.);
#8384 = EDGE_CURVE('',#8175,#8385,#8387,.T.);
#8385 = VERTEX_POINT('',#8386);
#8386 = CARTESIAN_POINT('',(570.,690.8,314.57869931156));
#8387 = LINE('',#8388,#8389);
#8388 = CARTESIAN_POINT('',(564.,690.8,314.57869931156));
#8389 = VECTOR('',#8390,1.);
#8390 = DIRECTION('',(1.,0.,0.));
#8391 = ORIENTED_EDGE('',*,*,#8182,.T.);
#8392 = ORIENTED_EDGE('',*,*,#8346,.F.);
#8393 = ORIENTED_EDGE('',*,*,#8394,.F.);
#8394 = EDGE_CURVE('',#8385,#8339,#8395,.T.);
#8395 = LINE('',#8396,#8397);
#8396 = CARTESIAN_POINT('',(570.,690.8,314.57869931156));
#8397 = VECTOR('',#8398,1.);
#8398 = DIRECTION('',(0.,0.,1.));
#8399 = PLANE('',#8400);
#8400 = AXIS2_PLACEMENT_3D('',#8401,#8402,#8403);
#8401 = CARTESIAN_POINT('',(564.,690.8,314.57869931156));
#8402 = DIRECTION('',(0.,1.,0.));
#8403 = DIRECTION('',(0.,0.,1.));
#8404 = ADVANCED_FACE('',(#8405),#8423,.F.);
#8405 = FACE_BOUND('',#8406,.F.);
#8406 = EDGE_LOOP('',(#8407,#8408,#8409,#8417));
#8407 = ORIENTED_EDGE('',*,*,#8142,.F.);
#8408 = ORIENTED_EDGE('',*,*,#8360,.T.);
#8409 = ORIENTED_EDGE('',*,*,#8410,.T.);
#8410 = EDGE_CURVE('',#8361,#8411,#8413,.T.);
#8411 = VERTEX_POINT('',#8412);
#8412 = CARTESIAN_POINT('',(582.,730.,294.57869931156));
#8413 = LINE('',#8414,#8415);
#8414 = CARTESIAN_POINT('',(582.,670.,294.57869931156));
#8415 = VECTOR('',#8416,1.);
#8416 = DIRECTION('',(0.,1.,0.));
#8417 = ORIENTED_EDGE('',*,*,#8418,.F.);
#8418 = EDGE_CURVE('',#8143,#8411,#8419,.T.);
#8419 = LINE('',#8420,#8421);
#8420 = CARTESIAN_POINT('',(564.,730.,294.57869931156));
#8421 = VECTOR('',#8422,1.);
#8422 = DIRECTION('',(1.,0.,0.));
#8423 = PLANE('',#8424);
#8424 = AXIS2_PLACEMENT_3D('',#8425,#8426,#8427);
#8425 = CARTESIAN_POINT('',(564.,670.,294.57869931156));
#8426 = DIRECTION('',(0.,0.,1.));
#8427 = DIRECTION('',(1.,0.,0.));
#8428 = ADVANCED_FACE('',(#8429),#8447,.T.);
#8429 = FACE_BOUND('',#8430,.T.);
#8430 = EDGE_LOOP('',(#8431,#8432,#8433,#8441));
#8431 = ORIENTED_EDGE('',*,*,#8174,.F.);
#8432 = ORIENTED_EDGE('',*,*,#8384,.T.);
#8433 = ORIENTED_EDGE('',*,*,#8434,.T.);
#8434 = EDGE_CURVE('',#8385,#8435,#8437,.T.);
#8435 = VERTEX_POINT('',#8436);
#8436 = CARTESIAN_POINT('',(570.,709.2,314.57869931156));
#8437 = LINE('',#8438,#8439);
#8438 = CARTESIAN_POINT('',(570.,690.8,314.57869931156));
#8439 = VECTOR('',#8440,1.);
#8440 = DIRECTION('',(0.,1.,0.));
#8441 = ORIENTED_EDGE('',*,*,#8442,.F.);
#8442 = EDGE_CURVE('',#8167,#8435,#8443,.T.);
#8443 = LINE('',#8444,#8445);
#8444 = CARTESIAN_POINT('',(564.,709.2,314.57869931156));
#8445 = VECTOR('',#8446,1.);
#8446 = DIRECTION('',(1.,0.,0.));
#8447 = PLANE('',#8448);
#8448 = AXIS2_PLACEMENT_3D('',#8449,#8450,#8451);
#8449 = CARTESIAN_POINT('',(564.,690.8,314.57869931156));
#8450 = DIRECTION('',(0.,0.,1.));
#8451 = DIRECTION('',(1.,0.,0.));
#8452 = ADVANCED_FACE('',(#8453),#8464,.T.);
#8453 = FACE_BOUND('',#8454,.T.);
#8454 = EDGE_LOOP('',(#8455,#8456,#8457,#8458));
#8455 = ORIENTED_EDGE('',*,*,#8418,.F.);
#8456 = ORIENTED_EDGE('',*,*,#8150,.T.);
#8457 = ORIENTED_EDGE('',*,*,#8323,.T.);
#8458 = ORIENTED_EDGE('',*,*,#8459,.F.);
#8459 = EDGE_CURVE('',#8411,#8316,#8460,.T.);
#8460 = LINE('',#8461,#8462);
#8461 = CARTESIAN_POINT('',(582.,730.,294.57869931156));
#8462 = VECTOR('',#8463,1.);
#8463 = DIRECTION('',(0.,0.,1.));
#8464 = PLANE('',#8465);
#8465 = AXIS2_PLACEMENT_3D('',#8466,#8467,#8468);
#8466 = CARTESIAN_POINT('',(564.,730.,294.57869931156));
#8467 = DIRECTION('',(0.,1.,0.));
#8468 = DIRECTION('',(0.,0.,1.));
#8469 = ADVANCED_FACE('',(#8470),#8481,.F.);
#8470 = FACE_BOUND('',#8471,.F.);
#8471 = EDGE_LOOP('',(#8472,#8473,#8474,#8475));
#8472 = ORIENTED_EDGE('',*,*,#8442,.F.);
#8473 = ORIENTED_EDGE('',*,*,#8166,.T.);
#8474 = ORIENTED_EDGE('',*,*,#8330,.F.);
#8475 = ORIENTED_EDGE('',*,*,#8476,.F.);
#8476 = EDGE_CURVE('',#8435,#8331,#8477,.T.);
#8477 = LINE('',#8478,#8479);
#8478 = CARTESIAN_POINT('',(570.,709.2,314.57869931156));
#8479 = VECTOR('',#8480,1.);
#8480 = DIRECTION('',(0.,0.,1.));
#8481 = PLANE('',#8482);
#8482 = AXIS2_PLACEMENT_3D('',#8483,#8484,#8485);
#8483 = CARTESIAN_POINT('',(564.,709.2,314.57869931156));
#8484 = DIRECTION('',(0.,1.,0.));
#8485 = DIRECTION('',(0.,0.,1.));
#8486 = ADVANCED_FACE('',(#8487),#8506,.F.);
#8487 = FACE_BOUND('',#8488,.F.);
#8488 = EDGE_LOOP('',(#8489,#8498,#8504,#8505));
#8489 = ORIENTED_EDGE('',*,*,#8490,.F.);
#8490 = EDGE_CURVE('',#8491,#8491,#8493,.T.);
#8491 = VERTEX_POINT('',#8492);
#8492 = CARTESIAN_POINT('',(582.,720.,310.32869931156));
#8493 = CIRCLE('',#8494,2.75);
#8494 = AXIS2_PLACEMENT_3D('',#8495,#8496,#8497);
#8495 = CARTESIAN_POINT('',(582.,720.,307.57869931156));
#8496 = DIRECTION('',(1.,0.,-0.));
#8497 = DIRECTION('',(0.,0.,1.));
#8498 = ORIENTED_EDGE('',*,*,#8499,.F.);
#8499 = EDGE_CURVE('',#8191,#8491,#8500,.T.);
#8500 = LINE('',#8501,#8502);
#8501 = CARTESIAN_POINT('',(563.,720.,310.32869931156));
#8502 = VECTOR('',#8503,1.);
#8503 = DIRECTION('',(1.,0.,0.));
#8504 = ORIENTED_EDGE('',*,*,#8190,.T.);
#8505 = ORIENTED_EDGE('',*,*,#8499,.T.);
#8506 = CYLINDRICAL_SURFACE('',#8507,2.75);
#8507 = AXIS2_PLACEMENT_3D('',#8508,#8509,#8510);
#8508 = CARTESIAN_POINT('',(563.,720.,307.57869931156));
#8509 = DIRECTION('',(1.,0.,0.));
#8510 = DIRECTION('',(0.,0.,1.));
#8511 = ADVANCED_FACE('',(#8512),#8531,.F.);
#8512 = FACE_BOUND('',#8513,.F.);
#8513 = EDGE_LOOP('',(#8514,#8523,#8529,#8530));
#8514 = ORIENTED_EDGE('',*,*,#8515,.F.);
#8515 = EDGE_CURVE('',#8516,#8516,#8518,.T.);
#8516 = VERTEX_POINT('',#8517);
#8517 = CARTESIAN_POINT('',(582.,720.,320.32869931156));
#8518 = CIRCLE('',#8519,2.75);
#8519 = AXIS2_PLACEMENT_3D('',#8520,#8521,#8522);
#8520 = CARTESIAN_POINT('',(582.,720.,317.57869931156));
#8521 = DIRECTION('',(1.,0.,-0.));
#8522 = DIRECTION('',(0.,0.,1.));
#8523 = ORIENTED_EDGE('',*,*,#8524,.F.);
#8524 = EDGE_CURVE('',#8202,#8516,#8525,.T.);
#8525 = LINE('',#8526,#8527);
#8526 = CARTESIAN_POINT('',(563.,720.,320.32869931156));
#8527 = VECTOR('',#8528,1.);
#8528 = DIRECTION('',(1.,0.,0.));
#8529 = ORIENTED_EDGE('',*,*,#8201,.T.);
#8530 = ORIENTED_EDGE('',*,*,#8524,.T.);
#8531 = CYLINDRICAL_SURFACE('',#8532,2.75);
#8532 = AXIS2_PLACEMENT_3D('',#8533,#8534,#8535);
#8533 = CARTESIAN_POINT('',(563.,720.,317.57869931156));
#8534 = DIRECTION('',(1.,0.,0.));
#8535 = DIRECTION('',(0.,0.,1.));
#8536 = ADVANCED_FACE('',(#8537),#8556,.F.);
#8537 = FACE_BOUND('',#8538,.F.);
#8538 = EDGE_LOOP('',(#8539,#8548,#8554,#8555));
#8539 = ORIENTED_EDGE('',*,*,#8540,.F.);
#8540 = EDGE_CURVE('',#8541,#8541,#8543,.T.);
#8541 = VERTEX_POINT('',#8542);
#8542 = CARTESIAN_POINT('',(582.,720.,330.32869931156));
#8543 = CIRCLE('',#8544,2.75);
#8544 = AXIS2_PLACEMENT_3D('',#8545,#8546,#8547);
#8545 = CARTESIAN_POINT('',(582.,720.,327.57869931156));
#8546 = DIRECTION('',(1.,0.,-0.));
#8547 = DIRECTION('',(0.,0.,1.));
#8548 = ORIENTED_EDGE('',*,*,#8549,.F.);
#8549 = EDGE_CURVE('',#8213,#8541,#8550,.T.);
#8550 = LINE('',#8551,#8552);
#8551 = CARTESIAN_POINT('',(563.,720.,330.32869931156));
#8552 = VECTOR('',#8553,1.);
#8553 = DIRECTION('',(1.,0.,0.));
#8554 = ORIENTED_EDGE('',*,*,#8212,.T.);
#8555 = ORIENTED_EDGE('',*,*,#8549,.T.);
#8556 = CYLINDRICAL_SURFACE('',#8557,2.75);
#8557 = AXIS2_PLACEMENT_3D('',#8558,#8559,#8560);
#8558 = CARTESIAN_POINT('',(563.,720.,327.57869931156));
#8559 = DIRECTION('',(1.,0.,0.));
#8560 = DIRECTION('',(0.,0.,1.));
#8561 = ADVANCED_FACE('',(#8562),#8581,.F.);
#8562 = FACE_BOUND('',#8563,.F.);
#8563 = EDGE_LOOP('',(#8564,#8573,#8579,#8580));
#8564 = ORIENTED_EDGE('',*,*,#8565,.F.);
#8565 = EDGE_CURVE('',#8566,#8566,#8568,.T.);
#8566 = VERTEX_POINT('',#8567);
#8567 = CARTESIAN_POINT('',(582.,722.,362.32869931156));
#8568 = CIRCLE('',#8569,2.75);
#8569 = AXIS2_PLACEMENT_3D('',#8570,#8571,#8572);
#8570 = CARTESIAN_POINT('',(582.,722.,359.57869931156));
#8571 = DIRECTION('',(1.,0.,-0.));
#8572 = DIRECTION('',(0.,0.,1.));
#8573 = ORIENTED_EDGE('',*,*,#8574,.F.);
#8574 = EDGE_CURVE('',#8224,#8566,#8575,.T.);
#8575 = LINE('',#8576,#8577);
#8576 = CARTESIAN_POINT('',(563.,722.,362.32869931156));
#8577 = VECTOR('',#8578,1.);
#8578 = DIRECTION('',(1.,0.,0.));
#8579 = ORIENTED_EDGE('',*,*,#8223,.T.);
#8580 = ORIENTED_EDGE('',*,*,#8574,.T.);
#8581 = CYLINDRICAL_SURFACE('',#8582,2.75);
#8582 = AXIS2_PLACEMENT_3D('',#8583,#8584,#8585);
#8583 = CARTESIAN_POINT('',(563.,722.,359.57869931156));
#8584 = DIRECTION('',(1.,0.,0.));
#8585 = DIRECTION('',(0.,0.,1.));
#8586 = ADVANCED_FACE('',(#8587),#8606,.F.);
#8587 = FACE_BOUND('',#8588,.F.);
#8588 = EDGE_LOOP('',(#8589,#8598,#8604,#8605));
#8589 = ORIENTED_EDGE('',*,*,#8590,.F.);
#8590 = EDGE_CURVE('',#8591,#8591,#8593,.T.);
#8591 = VERTEX_POINT('',#8592);
#8592 = CARTESIAN_POINT('',(582.,722.,417.32869931156));
#8593 = CIRCLE('',#8594,2.75);
#8594 = AXIS2_PLACEMENT_3D('',#8595,#8596,#8597);
#8595 = CARTESIAN_POINT('',(582.,722.,414.57869931156));
#8596 = DIRECTION('',(1.,0.,-0.));
#8597 = DIRECTION('',(0.,0.,1.));
#8598 = ORIENTED_EDGE('',*,*,#8599,.F.);
#8599 = EDGE_CURVE('',#8235,#8591,#8600,.T.);
#8600 = LINE('',#8601,#8602);
#8601 = CARTESIAN_POINT('',(563.,722.,417.32869931156));
#8602 = VECTOR('',#8603,1.);
#8603 = DIRECTION('',(1.,0.,0.));
#8604 = ORIENTED_EDGE('',*,*,#8234,.T.);
#8605 = ORIENTED_EDGE('',*,*,#8599,.T.);
#8606 = CYLINDRICAL_SURFACE('',#8607,2.75);
#8607 = AXIS2_PLACEMENT_3D('',#8608,#8609,#8610);
#8608 = CARTESIAN_POINT('',(563.,722.,414.57869931156));
#8609 = DIRECTION('',(1.,0.,0.));
#8610 = DIRECTION('',(0.,0.,1.));
#8611 = ADVANCED_FACE('',(#8612),#8631,.F.);
#8612 = FACE_BOUND('',#8613,.F.);
#8613 = EDGE_LOOP('',(#8614,#8623,#8629,#8630));
#8614 = ORIENTED_EDGE('',*,*,#8615,.F.);
#8615 = EDGE_CURVE('',#8616,#8616,#8618,.T.);
#8616 = VERTEX_POINT('',#8617);
#8617 = CARTESIAN_POINT('',(582.,680.,310.32869931156));
#8618 = CIRCLE('',#8619,2.75);
#8619 = AXIS2_PLACEMENT_3D('',#8620,#8621,#8622);
#8620 = CARTESIAN_POINT('',(582.,680.,307.57869931156));
#8621 = DIRECTION('',(1.,0.,-0.));
#8622 = DIRECTION('',(0.,0.,1.));
#8623 = ORIENTED_EDGE('',*,*,#8624,.F.);
#8624 = EDGE_CURVE('',#8246,#8616,#8625,.T.);
#8625 = LINE('',#8626,#8627);
#8626 = CARTESIAN_POINT('',(563.,680.,310.32869931156));
#8627 = VECTOR('',#8628,1.);
#8628 = DIRECTION('',(1.,0.,0.));
#8629 = ORIENTED_EDGE('',*,*,#8245,.T.);
#8630 = ORIENTED_EDGE('',*,*,#8624,.T.);
#8631 = CYLINDRICAL_SURFACE('',#8632,2.75);
#8632 = AXIS2_PLACEMENT_3D('',#8633,#8634,#8635);
#8633 = CARTESIAN_POINT('',(563.,680.,307.57869931156));
#8634 = DIRECTION('',(1.,0.,0.));
#8635 = DIRECTION('',(0.,0.,1.));
#8636 = ADVANCED_FACE('',(#8637),#8656,.F.);
#8637 = FACE_BOUND('',#8638,.F.);
#8638 = EDGE_LOOP('',(#8639,#8648,#8654,#8655));
#8639 = ORIENTED_EDGE('',*,*,#8640,.F.);
#8640 = EDGE_CURVE('',#8641,#8641,#8643,.T.);
#8641 = VERTEX_POINT('',#8642);
#8642 = CARTESIAN_POINT('',(582.,680.,320.32869931156));
#8643 = CIRCLE('',#8644,2.75);
#8644 = AXIS2_PLACEMENT_3D('',#8645,#8646,#8647);
#8645 = CARTESIAN_POINT('',(582.,680.,317.57869931156));
#8646 = DIRECTION('',(1.,0.,-0.));
#8647 = DIRECTION('',(0.,0.,1.));
#8648 = ORIENTED_EDGE('',*,*,#8649,.F.);
#8649 = EDGE_CURVE('',#8257,#8641,#8650,.T.);
#8650 = LINE('',#8651,#8652);
#8651 = CARTESIAN_POINT('',(563.,680.,320.32869931156));
#8652 = VECTOR('',#8653,1.);
#8653 = DIRECTION('',(1.,0.,0.));
#8654 = ORIENTED_EDGE('',*,*,#8256,.T.);
#8655 = ORIENTED_EDGE('',*,*,#8649,.T.);
#8656 = CYLINDRICAL_SURFACE('',#8657,2.75);
#8657 = AXIS2_PLACEMENT_3D('',#8658,#8659,#8660);
#8658 = CARTESIAN_POINT('',(563.,680.,317.57869931156));
#8659 = DIRECTION('',(1.,0.,0.));
#8660 = DIRECTION('',(0.,0.,1.));
#8661 = ADVANCED_FACE('',(#8662),#8681,.F.);
#8662 = FACE_BOUND('',#8663,.F.);
#8663 = EDGE_LOOP('',(#8664,#8673,#8679,#8680));
#8664 = ORIENTED_EDGE('',*,*,#8665,.F.);
#8665 = EDGE_CURVE('',#8666,#8666,#8668,.T.);
#8666 = VERTEX_POINT('',#8667);
#8667 = CARTESIAN_POINT('',(582.,680.,330.32869931156));
#8668 = CIRCLE('',#8669,2.75);
#8669 = AXIS2_PLACEMENT_3D('',#8670,#8671,#8672);
#8670 = CARTESIAN_POINT('',(582.,680.,327.57869931156));
#8671 = DIRECTION('',(1.,0.,-0.));
#8672 = DIRECTION('',(0.,0.,1.));
#8673 = ORIENTED_EDGE('',*,*,#8674,.F.);
#8674 = EDGE_CURVE('',#8268,#8666,#8675,.T.);
#8675 = LINE('',#8676,#8677);
#8676 = CARTESIAN_POINT('',(563.,680.,330.32869931156));
#8677 = VECTOR('',#8678,1.);
#8678 = DIRECTION('',(1.,0.,0.));
#8679 = ORIENTED_EDGE('',*,*,#8267,.T.);
#8680 = ORIENTED_EDGE('',*,*,#8674,.T.);
#8681 = CYLINDRICAL_SURFACE('',#8682,2.75);
#8682 = AXIS2_PLACEMENT_3D('',#8683,#8684,#8685);
#8683 = CARTESIAN_POINT('',(563.,680.,327.57869931156));
#8684 = DIRECTION('',(1.,0.,0.));
#8685 = DIRECTION('',(0.,0.,1.));
#8686 = ADVANCED_FACE('',(#8687),#8706,.F.);
#8687 = FACE_BOUND('',#8688,.F.);
#8688 = EDGE_LOOP('',(#8689,#8698,#8704,#8705));
#8689 = ORIENTED_EDGE('',*,*,#8690,.F.);
#8690 = EDGE_CURVE('',#8691,#8691,#8693,.T.);
#8691 = VERTEX_POINT('',#8692);
#8692 = CARTESIAN_POINT('',(582.,678.,362.32869931156));
#8693 = CIRCLE('',#8694,2.75);
#8694 = AXIS2_PLACEMENT_3D('',#8695,#8696,#8697);
#8695 = CARTESIAN_POINT('',(582.,678.,359.57869931156));
#8696 = DIRECTION('',(1.,0.,-0.));
#8697 = DIRECTION('',(0.,0.,1.));
#8698 = ORIENTED_EDGE('',*,*,#8699,.F.);
#8699 = EDGE_CURVE('',#8279,#8691,#8700,.T.);
#8700 = LINE('',#8701,#8702);
#8701 = CARTESIAN_POINT('',(563.,678.,362.32869931156));
#8702 = VECTOR('',#8703,1.);
#8703 = DIRECTION('',(1.,0.,0.));
#8704 = ORIENTED_EDGE('',*,*,#8278,.T.);
#8705 = ORIENTED_EDGE('',*,*,#8699,.T.);
#8706 = CYLINDRICAL_SURFACE('',#8707,2.75);
#8707 = AXIS2_PLACEMENT_3D('',#8708,#8709,#8710);
#8708 = CARTESIAN_POINT('',(563.,678.,359.57869931156));
#8709 = DIRECTION('',(1.,0.,0.));
#8710 = DIRECTION('',(0.,0.,1.));
#8711 = ADVANCED_FACE('',(#8712),#8731,.F.);
#8712 = FACE_BOUND('',#8713,.F.);
#8713 = EDGE_LOOP('',(#8714,#8723,#8729,#8730));
#8714 = ORIENTED_EDGE('',*,*,#8715,.F.);
#8715 = EDGE_CURVE('',#8716,#8716,#8718,.T.);
#8716 = VERTEX_POINT('',#8717);
#8717 = CARTESIAN_POINT('',(582.,678.,417.32869931156));
#8718 = CIRCLE('',#8719,2.75);
#8719 = AXIS2_PLACEMENT_3D('',#8720,#8721,#8722);
#8720 = CARTESIAN_POINT('',(582.,678.,414.57869931156));
#8721 = DIRECTION('',(1.,0.,-0.));
#8722 = DIRECTION('',(0.,0.,1.));
#8723 = ORIENTED_EDGE('',*,*,#8724,.F.);
#8724 = EDGE_CURVE('',#8290,#8716,#8725,.T.);
#8725 = LINE('',#8726,#8727);
#8726 = CARTESIAN_POINT('',(563.,678.,417.32869931156));
#8727 = VECTOR('',#8728,1.);
#8728 = DIRECTION('',(1.,0.,0.));
#8729 = ORIENTED_EDGE('',*,*,#8289,.T.);
#8730 = ORIENTED_EDGE('',*,*,#8724,.T.);
#8731 = CYLINDRICAL_SURFACE('',#8732,2.75);
#8732 = AXIS2_PLACEMENT_3D('',#8733,#8734,#8735);
#8733 = CARTESIAN_POINT('',(563.,678.,414.57869931156));
#8734 = DIRECTION('',(1.,0.,0.));
#8735 = DIRECTION('',(0.,0.,1.));
#8736 = ADVANCED_FACE('',(#8737),#8743,.F.);
#8737 = FACE_BOUND('',#8738,.F.);
#8738 = EDGE_LOOP('',(#8739,#8740,#8741,#8742));
#8739 = ORIENTED_EDGE('',*,*,#8394,.F.);
#8740 = ORIENTED_EDGE('',*,*,#8434,.T.);
#8741 = ORIENTED_EDGE('',*,*,#8476,.T.);
#8742 = ORIENTED_EDGE('',*,*,#8338,.F.);
#8743 = PLANE('',#8744);
#8744 = AXIS2_PLACEMENT_3D('',#8745,#8746,#8747);
#8745 = CARTESIAN_POINT('',(570.,690.8,314.57869931156));
#8746 = DIRECTION('',(1.,0.,0.));
#8747 = DIRECTION('',(0.,0.,1.));
#8748 = ADVANCED_FACE('',(#8749,#8755,#8758,#8761,#8764,#8767,#8770,
    #8773,#8776,#8779,#8782),#8785,.T.);
#8749 = FACE_BOUND('',#8750,.T.);
#8750 = EDGE_LOOP('',(#8751,#8752,#8753,#8754));
#8751 = ORIENTED_EDGE('',*,*,#8370,.F.);
#8752 = ORIENTED_EDGE('',*,*,#8410,.T.);
#8753 = ORIENTED_EDGE('',*,*,#8459,.T.);
#8754 = ORIENTED_EDGE('',*,*,#8315,.F.);
#8755 = FACE_BOUND('',#8756,.T.);
#8756 = EDGE_LOOP('',(#8757));
#8757 = ORIENTED_EDGE('',*,*,#8490,.F.);
#8758 = FACE_BOUND('',#8759,.T.);
#8759 = EDGE_LOOP('',(#8760));
#8760 = ORIENTED_EDGE('',*,*,#8515,.F.);
#8761 = FACE_BOUND('',#8762,.T.);
#8762 = EDGE_LOOP('',(#8763));
#8763 = ORIENTED_EDGE('',*,*,#8540,.F.);
#8764 = FACE_BOUND('',#8765,.T.);
#8765 = EDGE_LOOP('',(#8766));
#8766 = ORIENTED_EDGE('',*,*,#8565,.F.);
#8767 = FACE_BOUND('',#8768,.T.);
#8768 = EDGE_LOOP('',(#8769));
#8769 = ORIENTED_EDGE('',*,*,#8590,.F.);
#8770 = FACE_BOUND('',#8771,.T.);
#8771 = EDGE_LOOP('',(#8772));
#8772 = ORIENTED_EDGE('',*,*,#8615,.F.);
#8773 = FACE_BOUND('',#8774,.T.);
#8774 = EDGE_LOOP('',(#8775));
#8775 = ORIENTED_EDGE('',*,*,#8640,.F.);
#8776 = FACE_BOUND('',#8777,.T.);
#8777 = EDGE_LOOP('',(#8778));
#8778 = ORIENTED_EDGE('',*,*,#8665,.F.);
#8779 = FACE_BOUND('',#8780,.T.);
#8780 = EDGE_LOOP('',(#8781));
#8781 = ORIENTED_EDGE('',*,*,#8690,.F.);
#8782 = FACE_BOUND('',#8783,.T.);
#8783 = EDGE_LOOP('',(#8784));
#8784 = ORIENTED_EDGE('',*,*,#8715,.F.);
#8785 = PLANE('',#8786);
#8786 = AXIS2_PLACEMENT_3D('',#8787,#8788,#8789);
#8787 = CARTESIAN_POINT('',(582.,670.,294.57869931156));
#8788 = DIRECTION('',(1.,0.,0.));
#8789 = DIRECTION('',(0.,0.,1.));
#8790 = MANIFOLD_SOLID_BREP('',#8791);
#8791 = CLOSED_SHELL('',(#8792,#8832,#8879,#8903,#8943,#8960,#8999,#9016
    ,#9050,#9067));
#8792 = ADVANCED_FACE('',(#8793),#8827,.F.);
#8793 = FACE_BOUND('',#8794,.F.);
#8794 = EDGE_LOOP('',(#8795,#8805,#8813,#8821));
#8795 = ORIENTED_EDGE('',*,*,#8796,.F.);
#8796 = EDGE_CURVE('',#8797,#8799,#8801,.T.);
#8797 = VERTEX_POINT('',#8798);
#8798 = CARTESIAN_POINT('',(524.,675.,336.57869931156));
#8799 = VERTEX_POINT('',#8800);
#8800 = CARTESIAN_POINT('',(524.,675.,339.57869931156));
#8801 = LINE('',#8802,#8803);
#8802 = CARTESIAN_POINT('',(524.,675.,336.57869931156));
#8803 = VECTOR('',#8804,1.);
#8804 = DIRECTION('',(0.,0.,1.));
#8805 = ORIENTED_EDGE('',*,*,#8806,.T.);
#8806 = EDGE_CURVE('',#8797,#8807,#8809,.T.);
#8807 = VERTEX_POINT('',#8808);
#8808 = CARTESIAN_POINT('',(524.,725.,336.57869931156));
#8809 = LINE('',#8810,#8811);
#8810 = CARTESIAN_POINT('',(524.,675.,336.57869931156));
#8811 = VECTOR('',#8812,1.);
#8812 = DIRECTION('',(0.,1.,0.));
#8813 = ORIENTED_EDGE('',*,*,#8814,.T.);
#8814 = EDGE_CURVE('',#8807,#8815,#8817,.T.);
#8815 = VERTEX_POINT('',#8816);
#8816 = CARTESIAN_POINT('',(524.,725.,339.57869931156));
#8817 = LINE('',#8818,#8819);
#8818 = CARTESIAN_POINT('',(524.,725.,336.57869931156));
#8819 = VECTOR('',#8820,1.);
#8820 = DIRECTION('',(0.,0.,1.));
#8821 = ORIENTED_EDGE('',*,*,#8822,.F.);
#8822 = EDGE_CURVE('',#8799,#8815,#8823,.T.);
#8823 = LINE('',#8824,#8825);
#8824 = CARTESIAN_POINT('',(524.,675.,339.57869931156));
#8825 = VECTOR('',#8826,1.);
#8826 = DIRECTION('',(0.,1.,0.));
#8827 = PLANE('',#8828);
#8828 = AXIS2_PLACEMENT_3D('',#8829,#8830,#8831);
#8829 = CARTESIAN_POINT('',(524.,675.,336.57869931156));
#8830 = DIRECTION('',(1.,0.,0.));
#8831 = DIRECTION('',(0.,0.,1.));
#8832 = ADVANCED_FACE('',(#8833),#8874,.T.);
#8833 = FACE_BOUND('',#8834,.T.);
#8834 = EDGE_LOOP('',(#8835,#8843,#8851,#8859,#8867,#8873));
#8835 = ORIENTED_EDGE('',*,*,#8836,.T.);
#8836 = EDGE_CURVE('',#8797,#8837,#8839,.T.);
#8837 = VERTEX_POINT('',#8838);
#8838 = CARTESIAN_POINT('',(561.,675.,336.57869931156));
#8839 = LINE('',#8840,#8841);
#8840 = CARTESIAN_POINT('',(524.,675.,336.57869931156));
#8841 = VECTOR('',#8842,1.);
#8842 = DIRECTION('',(1.,0.,0.));
#8843 = ORIENTED_EDGE('',*,*,#8844,.F.);
#8844 = EDGE_CURVE('',#8845,#8837,#8847,.T.);
#8845 = VERTEX_POINT('',#8846);
#8846 = CARTESIAN_POINT('',(561.,675.,299.57869931156));
#8847 = LINE('',#8848,#8849);
#8848 = CARTESIAN_POINT('',(561.,675.,299.57869931156));
#8849 = VECTOR('',#8850,1.);
#8850 = DIRECTION('',(0.,0.,1.));
#8851 = ORIENTED_EDGE('',*,*,#8852,.T.);
#8852 = EDGE_CURVE('',#8845,#8853,#8855,.T.);
#8853 = VERTEX_POINT('',#8854);
#8854 = CARTESIAN_POINT('',(564.,675.,299.57869931156));
#8855 = LINE('',#8856,#8857);
#8856 = CARTESIAN_POINT('',(561.,675.,299.57869931156));
#8857 = VECTOR('',#8858,1.);
#8858 = DIRECTION('',(1.,0.,0.));
#8859 = ORIENTED_EDGE('',*,*,#8860,.T.);
#8860 = EDGE_CURVE('',#8853,#8861,#8863,.T.);
#8861 = VERTEX_POINT('',#8862);
#8862 = CARTESIAN_POINT('',(564.,675.,339.57869931156));
#8863 = LINE('',#8864,#8865);
#8864 = CARTESIAN_POINT('',(564.,675.,299.57869931156));
#8865 = VECTOR('',#8866,1.);
#8866 = DIRECTION('',(0.,0.,1.));
#8867 = ORIENTED_EDGE('',*,*,#8868,.F.);
#8868 = EDGE_CURVE('',#8799,#8861,#8869,.T.);
#8869 = LINE('',#8870,#8871);
#8870 = CARTESIAN_POINT('',(524.,675.,339.57869931156));
#8871 = VECTOR('',#8872,1.);
#8872 = DIRECTION('',(1.,0.,0.));
#8873 = ORIENTED_EDGE('',*,*,#8796,.F.);
#8874 = PLANE('',#8875);
#8875 = AXIS2_PLACEMENT_3D('',#8876,#8877,#8878);
#8876 = CARTESIAN_POINT('',(552.55625,675.,328.13494931156));
#8877 = DIRECTION('',(-0.,-1.,-0.));
#8878 = DIRECTION('',(0.,0.,-1.));
#8879 = ADVANCED_FACE('',(#8880),#8898,.T.);
#8880 = FACE_BOUND('',#8881,.T.);
#8881 = EDGE_LOOP('',(#8882,#8883,#8884,#8892));
#8882 = ORIENTED_EDGE('',*,*,#8822,.F.);
#8883 = ORIENTED_EDGE('',*,*,#8868,.T.);
#8884 = ORIENTED_EDGE('',*,*,#8885,.T.);
#8885 = EDGE_CURVE('',#8861,#8886,#8888,.T.);
#8886 = VERTEX_POINT('',#8887);
#8887 = CARTESIAN_POINT('',(564.,725.,339.57869931156));
#8888 = LINE('',#8889,#8890);
#8889 = CARTESIAN_POINT('',(564.,675.,339.57869931156));
#8890 = VECTOR('',#8891,1.);
#8891 = DIRECTION('',(0.,1.,0.));
#8892 = ORIENTED_EDGE('',*,*,#8893,.F.);
#8893 = EDGE_CURVE('',#8815,#8886,#8894,.T.);
#8894 = LINE('',#8895,#8896);
#8895 = CARTESIAN_POINT('',(524.,725.,339.57869931156));
#8896 = VECTOR('',#8897,1.);
#8897 = DIRECTION('',(1.,0.,0.));
#8898 = PLANE('',#8899);
#8899 = AXIS2_PLACEMENT_3D('',#8900,#8901,#8902);
#8900 = CARTESIAN_POINT('',(524.,675.,339.57869931156));
#8901 = DIRECTION('',(0.,0.,1.));
#8902 = DIRECTION('',(1.,0.,0.));
#8903 = ADVANCED_FACE('',(#8904),#8938,.T.);
#8904 = FACE_BOUND('',#8905,.T.);
#8905 = EDGE_LOOP('',(#8906,#8914,#8915,#8916,#8924,#8932));
#8906 = ORIENTED_EDGE('',*,*,#8907,.F.);
#8907 = EDGE_CURVE('',#8807,#8908,#8910,.T.);
#8908 = VERTEX_POINT('',#8909);
#8909 = CARTESIAN_POINT('',(561.,725.,336.57869931156));
#8910 = LINE('',#8911,#8912);
#8911 = CARTESIAN_POINT('',(524.,725.,336.57869931156));
#8912 = VECTOR('',#8913,1.);
#8913 = DIRECTION('',(1.,0.,0.));
#8914 = ORIENTED_EDGE('',*,*,#8814,.T.);
#8915 = ORIENTED_EDGE('',*,*,#8893,.T.);
#8916 = ORIENTED_EDGE('',*,*,#8917,.F.);
#8917 = EDGE_CURVE('',#8918,#8886,#8920,.T.);
#8918 = VERTEX_POINT('',#8919);
#8919 = CARTESIAN_POINT('',(564.,725.,299.57869931156));
#8920 = LINE('',#8921,#8922);
#8921 = CARTESIAN_POINT('',(564.,725.,336.57869931156));
#8922 = VECTOR('',#8923,1.);
#8923 = DIRECTION('',(0.,0.,1.));
#8924 = ORIENTED_EDGE('',*,*,#8925,.F.);
#8925 = EDGE_CURVE('',#8926,#8918,#8928,.T.);
#8926 = VERTEX_POINT('',#8927);
#8927 = CARTESIAN_POINT('',(561.,725.,299.57869931156));
#8928 = LINE('',#8929,#8930);
#8929 = CARTESIAN_POINT('',(561.,725.,299.57869931156));
#8930 = VECTOR('',#8931,1.);
#8931 = DIRECTION('',(1.,0.,0.));
#8932 = ORIENTED_EDGE('',*,*,#8933,.T.);
#8933 = EDGE_CURVE('',#8926,#8908,#8934,.T.);
#8934 = LINE('',#8935,#8936);
#8935 = CARTESIAN_POINT('',(561.,725.,299.57869931156));
#8936 = VECTOR('',#8937,1.);
#8937 = DIRECTION('',(0.,0.,1.));
#8938 = PLANE('',#8939);
#8939 = AXIS2_PLACEMENT_3D('',#8940,#8941,#8942);
#8940 = CARTESIAN_POINT('',(552.55625,725.,328.13494931156));
#8941 = DIRECTION('',(0.,1.,0.));
#8942 = DIRECTION('',(0.,0.,1.));
#8943 = ADVANCED_FACE('',(#8944),#8955,.F.);
#8944 = FACE_BOUND('',#8945,.F.);
#8945 = EDGE_LOOP('',(#8946,#8947,#8948,#8949));
#8946 = ORIENTED_EDGE('',*,*,#8907,.F.);
#8947 = ORIENTED_EDGE('',*,*,#8806,.F.);
#8948 = ORIENTED_EDGE('',*,*,#8836,.T.);
#8949 = ORIENTED_EDGE('',*,*,#8950,.T.);
#8950 = EDGE_CURVE('',#8837,#8908,#8951,.T.);
#8951 = LINE('',#8952,#8953);
#8952 = CARTESIAN_POINT('',(561.,675.,336.57869931156));
#8953 = VECTOR('',#8954,1.);
#8954 = DIRECTION('',(0.,1.,0.));
#8955 = PLANE('',#8956);
#8956 = AXIS2_PLACEMENT_3D('',#8957,#8958,#8959);
#8957 = CARTESIAN_POINT('',(524.,675.,336.57869931156));
#8958 = DIRECTION('',(0.,0.,1.));
#8959 = DIRECTION('',(1.,0.,0.));
#8960 = ADVANCED_FACE('',(#8961,#8972,#8983),#8994,.F.);
#8961 = FACE_BOUND('',#8962,.F.);
#8962 = EDGE_LOOP('',(#8963,#8964,#8970,#8971));
#8963 = ORIENTED_EDGE('',*,*,#8844,.F.);
#8964 = ORIENTED_EDGE('',*,*,#8965,.T.);
#8965 = EDGE_CURVE('',#8845,#8926,#8966,.T.);
#8966 = LINE('',#8967,#8968);
#8967 = CARTESIAN_POINT('',(561.,675.,299.57869931156));
#8968 = VECTOR('',#8969,1.);
#8969 = DIRECTION('',(0.,1.,0.));
#8970 = ORIENTED_EDGE('',*,*,#8933,.T.);
#8971 = ORIENTED_EDGE('',*,*,#8950,.F.);
#8972 = FACE_BOUND('',#8973,.F.);
#8973 = EDGE_LOOP('',(#8974));
#8974 = ORIENTED_EDGE('',*,*,#8975,.F.);
#8975 = EDGE_CURVE('',#8976,#8976,#8978,.T.);
#8976 = VERTEX_POINT('',#8977);
#8977 = CARTESIAN_POINT('',(561.,720.,320.32869931156));
#8978 = CIRCLE('',#8979,2.75);
#8979 = AXIS2_PLACEMENT_3D('',#8980,#8981,#8982);
#8980 = CARTESIAN_POINT('',(561.,720.,317.57869931156));
#8981 = DIRECTION('',(1.,0.,-0.));
#8982 = DIRECTION('',(0.,0.,1.));
#8983 = FACE_BOUND('',#8984,.F.);
#8984 = EDGE_LOOP('',(#8985));
#8985 = ORIENTED_EDGE('',*,*,#8986,.F.);
#8986 = EDGE_CURVE('',#8987,#8987,#8989,.T.);
#8987 = VERTEX_POINT('',#8988);
#8988 = CARTESIAN_POINT('',(561.,680.,320.32869931156));
#8989 = CIRCLE('',#8990,2.75);
#8990 = AXIS2_PLACEMENT_3D('',#8991,#8992,#8993);
#8991 = CARTESIAN_POINT('',(561.,680.,317.57869931156));
#8992 = DIRECTION('',(1.,0.,-0.));
#8993 = DIRECTION('',(0.,0.,1.));
#8994 = PLANE('',#8995);
#8995 = AXIS2_PLACEMENT_3D('',#8996,#8997,#8998);
#8996 = CARTESIAN_POINT('',(561.,675.,299.57869931156));
#8997 = DIRECTION('',(1.,0.,0.));
#8998 = DIRECTION('',(0.,0.,1.));
#8999 = ADVANCED_FACE('',(#9000),#9011,.F.);
#9000 = FACE_BOUND('',#9001,.F.);
#9001 = EDGE_LOOP('',(#9002,#9003,#9004,#9010));
#9002 = ORIENTED_EDGE('',*,*,#8965,.F.);
#9003 = ORIENTED_EDGE('',*,*,#8852,.T.);
#9004 = ORIENTED_EDGE('',*,*,#9005,.T.);
#9005 = EDGE_CURVE('',#8853,#8918,#9006,.T.);
#9006 = LINE('',#9007,#9008);
#9007 = CARTESIAN_POINT('',(564.,675.,299.57869931156));
#9008 = VECTOR('',#9009,1.);
#9009 = DIRECTION('',(0.,1.,0.));
#9010 = ORIENTED_EDGE('',*,*,#8925,.F.);
#9011 = PLANE('',#9012);
#9012 = AXIS2_PLACEMENT_3D('',#9013,#9014,#9015);
#9013 = CARTESIAN_POINT('',(561.,675.,299.57869931156));
#9014 = DIRECTION('',(0.,0.,1.));
#9015 = DIRECTION('',(1.,0.,0.));
#9016 = ADVANCED_FACE('',(#9017,#9023,#9034),#9045,.T.);
#9017 = FACE_BOUND('',#9018,.T.);
#9018 = EDGE_LOOP('',(#9019,#9020,#9021,#9022));
#9019 = ORIENTED_EDGE('',*,*,#8860,.F.);
#9020 = ORIENTED_EDGE('',*,*,#9005,.T.);
#9021 = ORIENTED_EDGE('',*,*,#8917,.T.);
#9022 = ORIENTED_EDGE('',*,*,#8885,.F.);
#9023 = FACE_BOUND('',#9024,.T.);
#9024 = EDGE_LOOP('',(#9025));
#9025 = ORIENTED_EDGE('',*,*,#9026,.F.);
#9026 = EDGE_CURVE('',#9027,#9027,#9029,.T.);
#9027 = VERTEX_POINT('',#9028);
#9028 = CARTESIAN_POINT('',(564.,720.,320.32869931156));
#9029 = CIRCLE('',#9030,2.75);
#9030 = AXIS2_PLACEMENT_3D('',#9031,#9032,#9033);
#9031 = CARTESIAN_POINT('',(564.,720.,317.57869931156));
#9032 = DIRECTION('',(1.,0.,-0.));
#9033 = DIRECTION('',(0.,0.,1.));
#9034 = FACE_BOUND('',#9035,.T.);
#9035 = EDGE_LOOP('',(#9036));
#9036 = ORIENTED_EDGE('',*,*,#9037,.F.);
#9037 = EDGE_CURVE('',#9038,#9038,#9040,.T.);
#9038 = VERTEX_POINT('',#9039);
#9039 = CARTESIAN_POINT('',(564.,680.,320.32869931156));
#9040 = CIRCLE('',#9041,2.75);
#9041 = AXIS2_PLACEMENT_3D('',#9042,#9043,#9044);
#9042 = CARTESIAN_POINT('',(564.,680.,317.57869931156));
#9043 = DIRECTION('',(1.,0.,-0.));
#9044 = DIRECTION('',(0.,0.,1.));
#9045 = PLANE('',#9046);
#9046 = AXIS2_PLACEMENT_3D('',#9047,#9048,#9049);
#9047 = CARTESIAN_POINT('',(564.,700.,319.57869931156));
#9048 = DIRECTION('',(1.,0.,0.));
#9049 = DIRECTION('',(0.,0.,1.));
#9050 = ADVANCED_FACE('',(#9051),#9062,.F.);
#9051 = FACE_BOUND('',#9052,.F.);
#9052 = EDGE_LOOP('',(#9053,#9054,#9060,#9061));
#9053 = ORIENTED_EDGE('',*,*,#9026,.F.);
#9054 = ORIENTED_EDGE('',*,*,#9055,.F.);
#9055 = EDGE_CURVE('',#8976,#9027,#9056,.T.);
#9056 = LINE('',#9057,#9058);
#9057 = CARTESIAN_POINT('',(560.,720.,320.32869931156));
#9058 = VECTOR('',#9059,1.);
#9059 = DIRECTION('',(1.,0.,0.));
#9060 = ORIENTED_EDGE('',*,*,#8975,.T.);
#9061 = ORIENTED_EDGE('',*,*,#9055,.T.);
#9062 = CYLINDRICAL_SURFACE('',#9063,2.75);
#9063 = AXIS2_PLACEMENT_3D('',#9064,#9065,#9066);
#9064 = CARTESIAN_POINT('',(560.,720.,317.57869931156));
#9065 = DIRECTION('',(1.,0.,0.));
#9066 = DIRECTION('',(0.,0.,1.));
#9067 = ADVANCED_FACE('',(#9068),#9079,.F.);
#9068 = FACE_BOUND('',#9069,.F.);
#9069 = EDGE_LOOP('',(#9070,#9071,#9077,#9078));
#9070 = ORIENTED_EDGE('',*,*,#9037,.F.);
#9071 = ORIENTED_EDGE('',*,*,#9072,.F.);
#9072 = EDGE_CURVE('',#8987,#9038,#9073,.T.);
#9073 = LINE('',#9074,#9075);
#9074 = CARTESIAN_POINT('',(560.,680.,320.32869931156));
#9075 = VECTOR('',#9076,1.);
#9076 = DIRECTION('',(1.,0.,0.));
#9077 = ORIENTED_EDGE('',*,*,#8986,.T.);
#9078 = ORIENTED_EDGE('',*,*,#9072,.T.);
#9079 = CYLINDRICAL_SURFACE('',#9080,2.75);
#9080 = AXIS2_PLACEMENT_3D('',#9081,#9082,#9083);
#9081 = CARTESIAN_POINT('',(560.,680.,317.57869931156));
#9082 = DIRECTION('',(1.,0.,0.));
#9083 = DIRECTION('',(0.,0.,1.));
#9084 = MANIFOLD_SOLID_BREP('',#9085);
#9085 = CLOSED_SHELL('',(#9086,#9126,#9157,#9188,#9210,#9222));
#9086 = ADVANCED_FACE('',(#9087),#9121,.F.);
#9087 = FACE_BOUND('',#9088,.F.);
#9088 = EDGE_LOOP('',(#9089,#9099,#9107,#9115));
#9089 = ORIENTED_EDGE('',*,*,#9090,.T.);
#9090 = EDGE_CURVE('',#9091,#9093,#9095,.T.);
#9091 = VERTEX_POINT('',#9092);
#9092 = CARTESIAN_POINT('',(30.2,971.,388.48010776226));
#9093 = VERTEX_POINT('',#9094);
#9094 = CARTESIAN_POINT('',(569.8,971.,388.48010776226));
#9095 = LINE('',#9096,#9097);
#9096 = CARTESIAN_POINT('',(30.2,971.,388.48010776226));
#9097 = VECTOR('',#9098,1.);
#9098 = DIRECTION('',(1.,0.,0.));
#9099 = ORIENTED_EDGE('',*,*,#9100,.T.);
#9100 = EDGE_CURVE('',#9093,#9101,#9103,.T.);
#9101 = VERTEX_POINT('',#9102);
#9102 = CARTESIAN_POINT('',(569.8,989.,388.48010776226));
#9103 = LINE('',#9104,#9105);
#9104 = CARTESIAN_POINT('',(569.8,971.,388.48010776226));
#9105 = VECTOR('',#9106,1.);
#9106 = DIRECTION('',(0.,1.,0.));
#9107 = ORIENTED_EDGE('',*,*,#9108,.F.);
#9108 = EDGE_CURVE('',#9109,#9101,#9111,.T.);
#9109 = VERTEX_POINT('',#9110);
#9110 = CARTESIAN_POINT('',(30.2,989.,388.48010776226));
#9111 = LINE('',#9112,#9113);
#9112 = CARTESIAN_POINT('',(30.2,989.,388.48010776226));
#9113 = VECTOR('',#9114,1.);
#9114 = DIRECTION('',(1.,0.,0.));
#9115 = ORIENTED_EDGE('',*,*,#9116,.F.);
#9116 = EDGE_CURVE('',#9091,#9109,#9117,.T.);
#9117 = LINE('',#9118,#9119);
#9118 = CARTESIAN_POINT('',(30.2,971.,388.48010776226));
#9119 = VECTOR('',#9120,1.);
#9120 = DIRECTION('',(0.,1.,0.));
#9121 = PLANE('',#9122);
#9122 = AXIS2_PLACEMENT_3D('',#9123,#9124,#9125);
#9123 = CARTESIAN_POINT('',(30.2,971.,388.48010776226));
#9124 = DIRECTION('',(0.,0.,1.));
#9125 = DIRECTION('',(0.,1.,0.));
#9126 = ADVANCED_FACE('',(#9127),#9152,.F.);
#9127 = FACE_BOUND('',#9128,.F.);
#9128 = EDGE_LOOP('',(#9129,#9130,#9138,#9146));
#9129 = ORIENTED_EDGE('',*,*,#9108,.T.);
#9130 = ORIENTED_EDGE('',*,*,#9131,.T.);
#9131 = EDGE_CURVE('',#9101,#9132,#9134,.T.);
#9132 = VERTEX_POINT('',#9133);
#9133 = CARTESIAN_POINT('',(569.8,989.,470.05193874818));
#9134 = LINE('',#9135,#9136);
#9135 = CARTESIAN_POINT('',(569.8,989.,388.48010776226));
#9136 = VECTOR('',#9137,1.);
#9137 = DIRECTION('',(0.,0.,1.));
#9138 = ORIENTED_EDGE('',*,*,#9139,.F.);
#9139 = EDGE_CURVE('',#9140,#9132,#9142,.T.);
#9140 = VERTEX_POINT('',#9141);
#9141 = CARTESIAN_POINT('',(30.2,989.,470.05193874818));
#9142 = LINE('',#9143,#9144);
#9143 = CARTESIAN_POINT('',(30.2,989.,470.05193874818));
#9144 = VECTOR('',#9145,1.);
#9145 = DIRECTION('',(1.,0.,0.));
#9146 = ORIENTED_EDGE('',*,*,#9147,.F.);
#9147 = EDGE_CURVE('',#9109,#9140,#9148,.T.);
#9148 = LINE('',#9149,#9150);
#9149 = CARTESIAN_POINT('',(30.2,989.,388.48010776226));
#9150 = VECTOR('',#9151,1.);
#9151 = DIRECTION('',(0.,0.,1.));
#9152 = PLANE('',#9153);
#9153 = AXIS2_PLACEMENT_3D('',#9154,#9155,#9156);
#9154 = CARTESIAN_POINT('',(30.2,989.,388.48010776226));
#9155 = DIRECTION('',(0.,-1.,0.));
#9156 = DIRECTION('',(0.,0.,1.));
#9157 = ADVANCED_FACE('',(#9158),#9183,.F.);
#9158 = FACE_BOUND('',#9159,.F.);
#9159 = EDGE_LOOP('',(#9160,#9161,#9169,#9177));
#9160 = ORIENTED_EDGE('',*,*,#9139,.T.);
#9161 = ORIENTED_EDGE('',*,*,#9162,.T.);
#9162 = EDGE_CURVE('',#9132,#9163,#9165,.T.);
#9163 = VERTEX_POINT('',#9164);
#9164 = CARTESIAN_POINT('',(569.8,971.,466.90827677635));
#9165 = LINE('',#9166,#9167);
#9166 = CARTESIAN_POINT('',(569.8,989.,470.05193874818));
#9167 = VECTOR('',#9168,1.);
#9168 = DIRECTION('',(0.,-0.985089306859,-0.172043766268));
#9169 = ORIENTED_EDGE('',*,*,#9170,.F.);
#9170 = EDGE_CURVE('',#9171,#9163,#9173,.T.);
#9171 = VERTEX_POINT('',#9172);
#9172 = CARTESIAN_POINT('',(30.2,971.,466.90827677635));
#9173 = LINE('',#9174,#9175);
#9174 = CARTESIAN_POINT('',(30.2,971.,466.90827677635));
#9175 = VECTOR('',#9176,1.);
#9176 = DIRECTION('',(1.,0.,0.));
#9177 = ORIENTED_EDGE('',*,*,#9178,.F.);
#9178 = EDGE_CURVE('',#9140,#9171,#9179,.T.);
#9179 = LINE('',#9180,#9181);
#9180 = CARTESIAN_POINT('',(30.2,989.,470.05193874818));
#9181 = VECTOR('',#9182,1.);
#9182 = DIRECTION('',(0.,-0.985089306859,-0.172043766268));
#9183 = PLANE('',#9184);
#9184 = AXIS2_PLACEMENT_3D('',#9185,#9186,#9187);
#9185 = CARTESIAN_POINT('',(30.2,989.,470.05193874818));
#9186 = DIRECTION('',(0.,0.172043766268,-0.985089306859));
#9187 = DIRECTION('',(0.,-0.985089306859,-0.172043766268));
#9188 = ADVANCED_FACE('',(#9189),#9205,.F.);
#9189 = FACE_BOUND('',#9190,.F.);
#9190 = EDGE_LOOP('',(#9191,#9192,#9198,#9199));
#9191 = ORIENTED_EDGE('',*,*,#9170,.T.);
#9192 = ORIENTED_EDGE('',*,*,#9193,.T.);
#9193 = EDGE_CURVE('',#9163,#9093,#9194,.T.);
#9194 = LINE('',#9195,#9196);
#9195 = CARTESIAN_POINT('',(569.8,971.,466.90827677635));
#9196 = VECTOR('',#9197,1.);
#9197 = DIRECTION('',(0.,0.,-1.));
#9198 = ORIENTED_EDGE('',*,*,#9090,.F.);
#9199 = ORIENTED_EDGE('',*,*,#9200,.F.);
#9200 = EDGE_CURVE('',#9171,#9091,#9201,.T.);
#9201 = LINE('',#9202,#9203);
#9202 = CARTESIAN_POINT('',(30.2,971.,466.90827677635));
#9203 = VECTOR('',#9204,1.);
#9204 = DIRECTION('',(0.,0.,-1.));
#9205 = PLANE('',#9206);
#9206 = AXIS2_PLACEMENT_3D('',#9207,#9208,#9209);
#9207 = CARTESIAN_POINT('',(30.2,971.,466.90827677635));
#9208 = DIRECTION('',(0.,1.,0.));
#9209 = DIRECTION('',(0.,0.,-1.));
#9210 = ADVANCED_FACE('',(#9211),#9217,.F.);
#9211 = FACE_BOUND('',#9212,.F.);
#9212 = EDGE_LOOP('',(#9213,#9214,#9215,#9216));
#9213 = ORIENTED_EDGE('',*,*,#9116,.T.);
#9214 = ORIENTED_EDGE('',*,*,#9147,.T.);
#9215 = ORIENTED_EDGE('',*,*,#9178,.T.);
#9216 = ORIENTED_EDGE('',*,*,#9200,.T.);
#9217 = PLANE('',#9218);
#9218 = AXIS2_PLACEMENT_3D('',#9219,#9220,#9221);
#9219 = CARTESIAN_POINT('',(30.2,980.14415144372,428.54822150451));
#9220 = DIRECTION('',(1.,0.,0.));
#9221 = DIRECTION('',(0.,0.,1.));
#9222 = ADVANCED_FACE('',(#9223),#9229,.T.);
#9223 = FACE_BOUND('',#9224,.T.);
#9224 = EDGE_LOOP('',(#9225,#9226,#9227,#9228));
#9225 = ORIENTED_EDGE('',*,*,#9100,.T.);
#9226 = ORIENTED_EDGE('',*,*,#9131,.T.);
#9227 = ORIENTED_EDGE('',*,*,#9162,.T.);
#9228 = ORIENTED_EDGE('',*,*,#9193,.T.);
#9229 = PLANE('',#9230);
#9230 = AXIS2_PLACEMENT_3D('',#9231,#9232,#9233);
#9231 = CARTESIAN_POINT('',(569.8,980.14415144372,428.54822150451));
#9232 = DIRECTION('',(1.,0.,0.));
#9233 = DIRECTION('',(0.,0.,1.));
#9234 = MANIFOLD_SOLID_BREP('',#9235);
#9235 = CLOSED_SHELL('',(#9236,#9386,#9417,#9473,#9497,#9514,#9539,#9564
    ,#9589,#9614,#9639,#9664,#9689,#9714,#9739,#9764,#9829,#9853,#9877,
    #9894));
#9236 = ADVANCED_FACE('',(#9237,#9271,#9282,#9293,#9304,#9315,#9326,
    #9337,#9348,#9359,#9370),#9381,.F.);
#9237 = FACE_BOUND('',#9238,.F.);
#9238 = EDGE_LOOP('',(#9239,#9249,#9257,#9265));
#9239 = ORIENTED_EDGE('',*,*,#9240,.F.);
#9240 = EDGE_CURVE('',#9241,#9243,#9245,.T.);
#9241 = VERTEX_POINT('',#9242);
#9242 = CARTESIAN_POINT('',(18.,950.,343.48010776226));
#9243 = VERTEX_POINT('',#9244);
#9244 = CARTESIAN_POINT('',(18.,950.,488.48010776226));
#9245 = LINE('',#9246,#9247);
#9246 = CARTESIAN_POINT('',(18.,950.,343.48010776226));
#9247 = VECTOR('',#9248,1.);
#9248 = DIRECTION('',(0.,0.,1.));
#9249 = ORIENTED_EDGE('',*,*,#9250,.T.);
#9250 = EDGE_CURVE('',#9241,#9251,#9253,.T.);
#9251 = VERTEX_POINT('',#9252);
#9252 = CARTESIAN_POINT('',(18.,1.01E+03,343.48010776226));
#9253 = LINE('',#9254,#9255);
#9254 = CARTESIAN_POINT('',(18.,950.,343.48010776226));
#9255 = VECTOR('',#9256,1.);
#9256 = DIRECTION('',(0.,1.,0.));
#9257 = ORIENTED_EDGE('',*,*,#9258,.T.);
#9258 = EDGE_CURVE('',#9251,#9259,#9261,.T.);
#9259 = VERTEX_POINT('',#9260);
#9260 = CARTESIAN_POINT('',(18.,1.01E+03,488.48010776226));
#9261 = LINE('',#9262,#9263);
#9262 = CARTESIAN_POINT('',(18.,1.01E+03,343.48010776226));
#9263 = VECTOR('',#9264,1.);
#9264 = DIRECTION('',(0.,0.,1.));
#9265 = ORIENTED_EDGE('',*,*,#9266,.F.);
#9266 = EDGE_CURVE('',#9243,#9259,#9267,.T.);
#9267 = LINE('',#9268,#9269);
#9268 = CARTESIAN_POINT('',(18.,950.,488.48010776226));
#9269 = VECTOR('',#9270,1.);
#9270 = DIRECTION('',(0.,1.,0.));
#9271 = FACE_BOUND('',#9272,.F.);
#9272 = EDGE_LOOP('',(#9273));
#9273 = ORIENTED_EDGE('',*,*,#9274,.F.);
#9274 = EDGE_CURVE('',#9275,#9275,#9277,.T.);
#9275 = VERTEX_POINT('',#9276);
#9276 = CARTESIAN_POINT('',(18.,1.E+03,359.23010776226));
#9277 = CIRCLE('',#9278,2.75);
#9278 = AXIS2_PLACEMENT_3D('',#9279,#9280,#9281);
#9279 = CARTESIAN_POINT('',(18.,1.E+03,356.48010776226));
#9280 = DIRECTION('',(1.,0.,-0.));
#9281 = DIRECTION('',(0.,0.,1.));
#9282 = FACE_BOUND('',#9283,.F.);
#9283 = EDGE_LOOP('',(#9284));
#9284 = ORIENTED_EDGE('',*,*,#9285,.F.);
#9285 = EDGE_CURVE('',#9286,#9286,#9288,.T.);
#9286 = VERTEX_POINT('',#9287);
#9287 = CARTESIAN_POINT('',(18.,1.E+03,369.23010776226));
#9288 = CIRCLE('',#9289,2.75);
#9289 = AXIS2_PLACEMENT_3D('',#9290,#9291,#9292);
#9290 = CARTESIAN_POINT('',(18.,1.E+03,366.48010776226));
#9291 = DIRECTION('',(1.,0.,-0.));
#9292 = DIRECTION('',(0.,0.,1.));
#9293 = FACE_BOUND('',#9294,.F.);
#9294 = EDGE_LOOP('',(#9295));
#9295 = ORIENTED_EDGE('',*,*,#9296,.F.);
#9296 = EDGE_CURVE('',#9297,#9297,#9299,.T.);
#9297 = VERTEX_POINT('',#9298);
#9298 = CARTESIAN_POINT('',(18.,1.E+03,379.23010776226));
#9299 = CIRCLE('',#9300,2.75);
#9300 = AXIS2_PLACEMENT_3D('',#9301,#9302,#9303);
#9301 = CARTESIAN_POINT('',(18.,1.E+03,376.48010776226));
#9302 = DIRECTION('',(1.,0.,-0.));
#9303 = DIRECTION('',(0.,0.,1.));
#9304 = FACE_BOUND('',#9305,.F.);
#9305 = EDGE_LOOP('',(#9306));
#9306 = ORIENTED_EDGE('',*,*,#9307,.F.);
#9307 = EDGE_CURVE('',#9308,#9308,#9310,.T.);
#9308 = VERTEX_POINT('',#9309);
#9309 = CARTESIAN_POINT('',(18.,1.002E+03,411.23010776226));
#9310 = CIRCLE('',#9311,2.75);
#9311 = AXIS2_PLACEMENT_3D('',#9312,#9313,#9314);
#9312 = CARTESIAN_POINT('',(18.,1.002E+03,408.48010776226));
#9313 = DIRECTION('',(1.,0.,-0.));
#9314 = DIRECTION('',(0.,0.,1.));
#9315 = FACE_BOUND('',#9316,.F.);
#9316 = EDGE_LOOP('',(#9317));
#9317 = ORIENTED_EDGE('',*,*,#9318,.F.);
#9318 = EDGE_CURVE('',#9319,#9319,#9321,.T.);
#9319 = VERTEX_POINT('',#9320);
#9320 = CARTESIAN_POINT('',(18.,1.002E+03,466.23010776226));
#9321 = CIRCLE('',#9322,2.75);
#9322 = AXIS2_PLACEMENT_3D('',#9323,#9324,#9325);
#9323 = CARTESIAN_POINT('',(18.,1.002E+03,463.48010776226));
#9324 = DIRECTION('',(1.,0.,-0.));
#9325 = DIRECTION('',(0.,0.,1.));
#9326 = FACE_BOUND('',#9327,.F.);
#9327 = EDGE_LOOP('',(#9328));
#9328 = ORIENTED_EDGE('',*,*,#9329,.F.);
#9329 = EDGE_CURVE('',#9330,#9330,#9332,.T.);
#9330 = VERTEX_POINT('',#9331);
#9331 = CARTESIAN_POINT('',(18.,960.,359.23010776226));
#9332 = CIRCLE('',#9333,2.75);
#9333 = AXIS2_PLACEMENT_3D('',#9334,#9335,#9336);
#9334 = CARTESIAN_POINT('',(18.,960.,356.48010776226));
#9335 = DIRECTION('',(1.,0.,-0.));
#9336 = DIRECTION('',(0.,0.,1.));
#9337 = FACE_BOUND('',#9338,.F.);
#9338 = EDGE_LOOP('',(#9339));
#9339 = ORIENTED_EDGE('',*,*,#9340,.F.);
#9340 = EDGE_CURVE('',#9341,#9341,#9343,.T.);
#9341 = VERTEX_POINT('',#9342);
#9342 = CARTESIAN_POINT('',(18.,960.,369.23010776226));
#9343 = CIRCLE('',#9344,2.75);
#9344 = AXIS2_PLACEMENT_3D('',#9345,#9346,#9347);
#9345 = CARTESIAN_POINT('',(18.,960.,366.48010776226));
#9346 = DIRECTION('',(1.,0.,-0.));
#9347 = DIRECTION('',(0.,0.,1.));
#9348 = FACE_BOUND('',#9349,.F.);
#9349 = EDGE_LOOP('',(#9350));
#9350 = ORIENTED_EDGE('',*,*,#9351,.F.);
#9351 = EDGE_CURVE('',#9352,#9352,#9354,.T.);
#9352 = VERTEX_POINT('',#9353);
#9353 = CARTESIAN_POINT('',(18.,960.,379.23010776226));
#9354 = CIRCLE('',#9355,2.75);
#9355 = AXIS2_PLACEMENT_3D('',#9356,#9357,#9358);
#9356 = CARTESIAN_POINT('',(18.,960.,376.48010776226));
#9357 = DIRECTION('',(1.,0.,-0.));
#9358 = DIRECTION('',(0.,0.,1.));
#9359 = FACE_BOUND('',#9360,.F.);
#9360 = EDGE_LOOP('',(#9361));
#9361 = ORIENTED_EDGE('',*,*,#9362,.F.);
#9362 = EDGE_CURVE('',#9363,#9363,#9365,.T.);
#9363 = VERTEX_POINT('',#9364);
#9364 = CARTESIAN_POINT('',(18.,958.,411.23010776226));
#9365 = CIRCLE('',#9366,2.75);
#9366 = AXIS2_PLACEMENT_3D('',#9367,#9368,#9369);
#9367 = CARTESIAN_POINT('',(18.,958.,408.48010776226));
#9368 = DIRECTION('',(1.,0.,-0.));
#9369 = DIRECTION('',(0.,0.,1.));
#9370 = FACE_BOUND('',#9371,.F.);
#9371 = EDGE_LOOP('',(#9372));
#9372 = ORIENTED_EDGE('',*,*,#9373,.F.);
#9373 = EDGE_CURVE('',#9374,#9374,#9376,.T.);
#9374 = VERTEX_POINT('',#9375);
#9375 = CARTESIAN_POINT('',(18.,958.,466.23010776226));
#9376 = CIRCLE('',#9377,2.75);
#9377 = AXIS2_PLACEMENT_3D('',#9378,#9379,#9380);
#9378 = CARTESIAN_POINT('',(18.,958.,463.48010776226));
#9379 = DIRECTION('',(1.,0.,-0.));
#9380 = DIRECTION('',(0.,0.,1.));
#9381 = PLANE('',#9382);
#9382 = AXIS2_PLACEMENT_3D('',#9383,#9384,#9385);
#9383 = CARTESIAN_POINT('',(18.,950.,343.48010776226));
#9384 = DIRECTION('',(1.,0.,0.));
#9385 = DIRECTION('',(0.,0.,1.));
#9386 = ADVANCED_FACE('',(#9387),#9412,.F.);
#9387 = FACE_BOUND('',#9388,.F.);
#9388 = EDGE_LOOP('',(#9389,#9397,#9398,#9406));
#9389 = ORIENTED_EDGE('',*,*,#9390,.F.);
#9390 = EDGE_CURVE('',#9241,#9391,#9393,.T.);
#9391 = VERTEX_POINT('',#9392);
#9392 = CARTESIAN_POINT('',(36.,950.,343.48010776226));
#9393 = LINE('',#9394,#9395);
#9394 = CARTESIAN_POINT('',(18.,950.,343.48010776226));
#9395 = VECTOR('',#9396,1.);
#9396 = DIRECTION('',(1.,0.,0.));
#9397 = ORIENTED_EDGE('',*,*,#9240,.T.);
#9398 = ORIENTED_EDGE('',*,*,#9399,.T.);
#9399 = EDGE_CURVE('',#9243,#9400,#9402,.T.);
#9400 = VERTEX_POINT('',#9401);
#9401 = CARTESIAN_POINT('',(36.,950.,488.48010776226));
#9402 = LINE('',#9403,#9404);
#9403 = CARTESIAN_POINT('',(18.,950.,488.48010776226));
#9404 = VECTOR('',#9405,1.);
#9405 = DIRECTION('',(1.,0.,0.));
#9406 = ORIENTED_EDGE('',*,*,#9407,.F.);
#9407 = EDGE_CURVE('',#9391,#9400,#9408,.T.);
#9408 = LINE('',#9409,#9410);
#9409 = CARTESIAN_POINT('',(36.,950.,343.48010776226));
#9410 = VECTOR('',#9411,1.);
#9411 = DIRECTION('',(0.,0.,1.));
#9412 = PLANE('',#9413);
#9413 = AXIS2_PLACEMENT_3D('',#9414,#9415,#9416);
#9414 = CARTESIAN_POINT('',(18.,950.,343.48010776226));
#9415 = DIRECTION('',(0.,1.,0.));
#9416 = DIRECTION('',(0.,0.,1.));
#9417 = ADVANCED_FACE('',(#9418),#9468,.T.);
#9418 = FACE_BOUND('',#9419,.T.);
#9419 = EDGE_LOOP('',(#9420,#9428,#9429,#9430,#9438,#9446,#9454,#9462));
#9420 = ORIENTED_EDGE('',*,*,#9421,.F.);
#9421 = EDGE_CURVE('',#9259,#9422,#9424,.T.);
#9422 = VERTEX_POINT('',#9423);
#9423 = CARTESIAN_POINT('',(36.,1.01E+03,488.48010776226));
#9424 = LINE('',#9425,#9426);
#9425 = CARTESIAN_POINT('',(18.,1.01E+03,488.48010776226));
#9426 = VECTOR('',#9427,1.);
#9427 = DIRECTION('',(1.,0.,0.));
#9428 = ORIENTED_EDGE('',*,*,#9266,.F.);
#9429 = ORIENTED_EDGE('',*,*,#9399,.T.);
#9430 = ORIENTED_EDGE('',*,*,#9431,.T.);
#9431 = EDGE_CURVE('',#9400,#9432,#9434,.T.);
#9432 = VERTEX_POINT('',#9433);
#9433 = CARTESIAN_POINT('',(36.,970.8,488.48010776226));
#9434 = LINE('',#9435,#9436);
#9435 = CARTESIAN_POINT('',(36.,950.,488.48010776226));
#9436 = VECTOR('',#9437,1.);
#9437 = DIRECTION('',(0.,1.,0.));
#9438 = ORIENTED_EDGE('',*,*,#9439,.T.);
#9439 = EDGE_CURVE('',#9432,#9440,#9442,.T.);
#9440 = VERTEX_POINT('',#9441);
#9441 = CARTESIAN_POINT('',(30.,970.8,488.48010776226));
#9442 = LINE('',#9443,#9444);
#9443 = CARTESIAN_POINT('',(24.,970.8,488.48010776226));
#9444 = VECTOR('',#9445,1.);
#9445 = DIRECTION('',(-1.,0.,0.));
#9446 = ORIENTED_EDGE('',*,*,#9447,.T.);
#9447 = EDGE_CURVE('',#9440,#9448,#9450,.T.);
#9448 = VERTEX_POINT('',#9449);
#9449 = CARTESIAN_POINT('',(30.,989.2,488.48010776226));
#9450 = LINE('',#9451,#9452);
#9451 = CARTESIAN_POINT('',(30.,960.4,488.48010776226));
#9452 = VECTOR('',#9453,1.);
#9453 = DIRECTION('',(0.,1.,0.));
#9454 = ORIENTED_EDGE('',*,*,#9455,.F.);
#9455 = EDGE_CURVE('',#9456,#9448,#9458,.T.);
#9456 = VERTEX_POINT('',#9457);
#9457 = CARTESIAN_POINT('',(36.,989.2,488.48010776226));
#9458 = LINE('',#9459,#9460);
#9459 = CARTESIAN_POINT('',(24.,989.2,488.48010776226));
#9460 = VECTOR('',#9461,1.);
#9461 = DIRECTION('',(-1.,0.,0.));
#9462 = ORIENTED_EDGE('',*,*,#9463,.T.);
#9463 = EDGE_CURVE('',#9456,#9422,#9464,.T.);
#9464 = LINE('',#9465,#9466);
#9465 = CARTESIAN_POINT('',(36.,950.,488.48010776226));
#9466 = VECTOR('',#9467,1.);
#9467 = DIRECTION('',(0.,1.,0.));
#9468 = PLANE('',#9469);
#9469 = AXIS2_PLACEMENT_3D('',#9470,#9471,#9472);
#9470 = CARTESIAN_POINT('',(18.,950.,488.48010776226));
#9471 = DIRECTION('',(0.,0.,1.));
#9472 = DIRECTION('',(1.,0.,0.));
#9473 = ADVANCED_FACE('',(#9474),#9492,.F.);
#9474 = FACE_BOUND('',#9475,.F.);
#9475 = EDGE_LOOP('',(#9476,#9477,#9478,#9486));
#9476 = ORIENTED_EDGE('',*,*,#9250,.F.);
#9477 = ORIENTED_EDGE('',*,*,#9390,.T.);
#9478 = ORIENTED_EDGE('',*,*,#9479,.T.);
#9479 = EDGE_CURVE('',#9391,#9480,#9482,.T.);
#9480 = VERTEX_POINT('',#9481);
#9481 = CARTESIAN_POINT('',(36.,1.01E+03,343.48010776226));
#9482 = LINE('',#9483,#9484);
#9483 = CARTESIAN_POINT('',(36.,950.,343.48010776226));
#9484 = VECTOR('',#9485,1.);
#9485 = DIRECTION('',(0.,1.,0.));
#9486 = ORIENTED_EDGE('',*,*,#9487,.F.);
#9487 = EDGE_CURVE('',#9251,#9480,#9488,.T.);
#9488 = LINE('',#9489,#9490);
#9489 = CARTESIAN_POINT('',(18.,1.01E+03,343.48010776226));
#9490 = VECTOR('',#9491,1.);
#9491 = DIRECTION('',(1.,0.,0.));
#9492 = PLANE('',#9493);
#9493 = AXIS2_PLACEMENT_3D('',#9494,#9495,#9496);
#9494 = CARTESIAN_POINT('',(18.,950.,343.48010776226));
#9495 = DIRECTION('',(0.,0.,1.));
#9496 = DIRECTION('',(1.,0.,0.));
#9497 = ADVANCED_FACE('',(#9498),#9509,.T.);
#9498 = FACE_BOUND('',#9499,.T.);
#9499 = EDGE_LOOP('',(#9500,#9501,#9502,#9503));
#9500 = ORIENTED_EDGE('',*,*,#9487,.F.);
#9501 = ORIENTED_EDGE('',*,*,#9258,.T.);
#9502 = ORIENTED_EDGE('',*,*,#9421,.T.);
#9503 = ORIENTED_EDGE('',*,*,#9504,.F.);
#9504 = EDGE_CURVE('',#9480,#9422,#9505,.T.);
#9505 = LINE('',#9506,#9507);
#9506 = CARTESIAN_POINT('',(36.,1.01E+03,343.48010776226));
#9507 = VECTOR('',#9508,1.);
#9508 = DIRECTION('',(0.,0.,1.));
#9509 = PLANE('',#9510);
#9510 = AXIS2_PLACEMENT_3D('',#9511,#9512,#9513);
#9511 = CARTESIAN_POINT('',(18.,1.01E+03,343.48010776226));
#9512 = DIRECTION('',(0.,1.,0.));
#9513 = DIRECTION('',(0.,0.,1.));
#9514 = ADVANCED_FACE('',(#9515),#9534,.F.);
#9515 = FACE_BOUND('',#9516,.F.);
#9516 = EDGE_LOOP('',(#9517,#9526,#9532,#9533));
#9517 = ORIENTED_EDGE('',*,*,#9518,.F.);
#9518 = EDGE_CURVE('',#9519,#9519,#9521,.T.);
#9519 = VERTEX_POINT('',#9520);
#9520 = CARTESIAN_POINT('',(36.,1.E+03,359.23010776226));
#9521 = CIRCLE('',#9522,2.75);
#9522 = AXIS2_PLACEMENT_3D('',#9523,#9524,#9525);
#9523 = CARTESIAN_POINT('',(36.,1.E+03,356.48010776226));
#9524 = DIRECTION('',(1.,0.,-0.));
#9525 = DIRECTION('',(0.,0.,1.));
#9526 = ORIENTED_EDGE('',*,*,#9527,.F.);
#9527 = EDGE_CURVE('',#9275,#9519,#9528,.T.);
#9528 = LINE('',#9529,#9530);
#9529 = CARTESIAN_POINT('',(17.,1.E+03,359.23010776226));
#9530 = VECTOR('',#9531,1.);
#9531 = DIRECTION('',(1.,0.,0.));
#9532 = ORIENTED_EDGE('',*,*,#9274,.T.);
#9533 = ORIENTED_EDGE('',*,*,#9527,.T.);
#9534 = CYLINDRICAL_SURFACE('',#9535,2.75);
#9535 = AXIS2_PLACEMENT_3D('',#9536,#9537,#9538);
#9536 = CARTESIAN_POINT('',(17.,1.E+03,356.48010776226));
#9537 = DIRECTION('',(1.,0.,0.));
#9538 = DIRECTION('',(0.,0.,1.));
#9539 = ADVANCED_FACE('',(#9540),#9559,.F.);
#9540 = FACE_BOUND('',#9541,.F.);
#9541 = EDGE_LOOP('',(#9542,#9551,#9557,#9558));
#9542 = ORIENTED_EDGE('',*,*,#9543,.F.);
#9543 = EDGE_CURVE('',#9544,#9544,#9546,.T.);
#9544 = VERTEX_POINT('',#9545);
#9545 = CARTESIAN_POINT('',(36.,1.E+03,369.23010776226));
#9546 = CIRCLE('',#9547,2.75);
#9547 = AXIS2_PLACEMENT_3D('',#9548,#9549,#9550);
#9548 = CARTESIAN_POINT('',(36.,1.E+03,366.48010776226));
#9549 = DIRECTION('',(1.,0.,-0.));
#9550 = DIRECTION('',(0.,0.,1.));
#9551 = ORIENTED_EDGE('',*,*,#9552,.F.);
#9552 = EDGE_CURVE('',#9286,#9544,#9553,.T.);
#9553 = LINE('',#9554,#9555);
#9554 = CARTESIAN_POINT('',(17.,1.E+03,369.23010776226));
#9555 = VECTOR('',#9556,1.);
#9556 = DIRECTION('',(1.,0.,0.));
#9557 = ORIENTED_EDGE('',*,*,#9285,.T.);
#9558 = ORIENTED_EDGE('',*,*,#9552,.T.);
#9559 = CYLINDRICAL_SURFACE('',#9560,2.75);
#9560 = AXIS2_PLACEMENT_3D('',#9561,#9562,#9563);
#9561 = CARTESIAN_POINT('',(17.,1.E+03,366.48010776226));
#9562 = DIRECTION('',(1.,0.,0.));
#9563 = DIRECTION('',(0.,0.,1.));
#9564 = ADVANCED_FACE('',(#9565),#9584,.F.);
#9565 = FACE_BOUND('',#9566,.F.);
#9566 = EDGE_LOOP('',(#9567,#9576,#9582,#9583));
#9567 = ORIENTED_EDGE('',*,*,#9568,.F.);
#9568 = EDGE_CURVE('',#9569,#9569,#9571,.T.);
#9569 = VERTEX_POINT('',#9570);
#9570 = CARTESIAN_POINT('',(36.,1.E+03,379.23010776226));
#9571 = CIRCLE('',#9572,2.75);
#9572 = AXIS2_PLACEMENT_3D('',#9573,#9574,#9575);
#9573 = CARTESIAN_POINT('',(36.,1.E+03,376.48010776226));
#9574 = DIRECTION('',(1.,0.,-0.));
#9575 = DIRECTION('',(0.,0.,1.));
#9576 = ORIENTED_EDGE('',*,*,#9577,.F.);
#9577 = EDGE_CURVE('',#9297,#9569,#9578,.T.);
#9578 = LINE('',#9579,#9580);
#9579 = CARTESIAN_POINT('',(17.,1.E+03,379.23010776226));
#9580 = VECTOR('',#9581,1.);
#9581 = DIRECTION('',(1.,0.,0.));
#9582 = ORIENTED_EDGE('',*,*,#9296,.T.);
#9583 = ORIENTED_EDGE('',*,*,#9577,.T.);
#9584 = CYLINDRICAL_SURFACE('',#9585,2.75);
#9585 = AXIS2_PLACEMENT_3D('',#9586,#9587,#9588);
#9586 = CARTESIAN_POINT('',(17.,1.E+03,376.48010776226));
#9587 = DIRECTION('',(1.,0.,0.));
#9588 = DIRECTION('',(0.,0.,1.));
#9589 = ADVANCED_FACE('',(#9590),#9609,.F.);
#9590 = FACE_BOUND('',#9591,.F.);
#9591 = EDGE_LOOP('',(#9592,#9601,#9607,#9608));
#9592 = ORIENTED_EDGE('',*,*,#9593,.F.);
#9593 = EDGE_CURVE('',#9594,#9594,#9596,.T.);
#9594 = VERTEX_POINT('',#9595);
#9595 = CARTESIAN_POINT('',(36.,1.002E+03,411.23010776226));
#9596 = CIRCLE('',#9597,2.75);
#9597 = AXIS2_PLACEMENT_3D('',#9598,#9599,#9600);
#9598 = CARTESIAN_POINT('',(36.,1.002E+03,408.48010776226));
#9599 = DIRECTION('',(1.,0.,-0.));
#9600 = DIRECTION('',(0.,0.,1.));
#9601 = ORIENTED_EDGE('',*,*,#9602,.F.);
#9602 = EDGE_CURVE('',#9308,#9594,#9603,.T.);
#9603 = LINE('',#9604,#9605);
#9604 = CARTESIAN_POINT('',(17.,1.002E+03,411.23010776226));
#9605 = VECTOR('',#9606,1.);
#9606 = DIRECTION('',(1.,0.,0.));
#9607 = ORIENTED_EDGE('',*,*,#9307,.T.);
#9608 = ORIENTED_EDGE('',*,*,#9602,.T.);
#9609 = CYLINDRICAL_SURFACE('',#9610,2.75);
#9610 = AXIS2_PLACEMENT_3D('',#9611,#9612,#9613);
#9611 = CARTESIAN_POINT('',(17.,1.002E+03,408.48010776226));
#9612 = DIRECTION('',(1.,0.,0.));
#9613 = DIRECTION('',(0.,0.,1.));
#9614 = ADVANCED_FACE('',(#9615),#9634,.F.);
#9615 = FACE_BOUND('',#9616,.F.);
#9616 = EDGE_LOOP('',(#9617,#9626,#9632,#9633));
#9617 = ORIENTED_EDGE('',*,*,#9618,.F.);
#9618 = EDGE_CURVE('',#9619,#9619,#9621,.T.);
#9619 = VERTEX_POINT('',#9620);
#9620 = CARTESIAN_POINT('',(36.,1.002E+03,466.23010776226));
#9621 = CIRCLE('',#9622,2.75);
#9622 = AXIS2_PLACEMENT_3D('',#9623,#9624,#9625);
#9623 = CARTESIAN_POINT('',(36.,1.002E+03,463.48010776226));
#9624 = DIRECTION('',(1.,0.,-0.));
#9625 = DIRECTION('',(0.,0.,1.));
#9626 = ORIENTED_EDGE('',*,*,#9627,.F.);
#9627 = EDGE_CURVE('',#9319,#9619,#9628,.T.);
#9628 = LINE('',#9629,#9630);
#9629 = CARTESIAN_POINT('',(17.,1.002E+03,466.23010776226));
#9630 = VECTOR('',#9631,1.);
#9631 = DIRECTION('',(1.,0.,0.));
#9632 = ORIENTED_EDGE('',*,*,#9318,.T.);
#9633 = ORIENTED_EDGE('',*,*,#9627,.T.);
#9634 = CYLINDRICAL_SURFACE('',#9635,2.75);
#9635 = AXIS2_PLACEMENT_3D('',#9636,#9637,#9638);
#9636 = CARTESIAN_POINT('',(17.,1.002E+03,463.48010776226));
#9637 = DIRECTION('',(1.,0.,0.));
#9638 = DIRECTION('',(0.,0.,1.));
#9639 = ADVANCED_FACE('',(#9640),#9659,.F.);
#9640 = FACE_BOUND('',#9641,.F.);
#9641 = EDGE_LOOP('',(#9642,#9651,#9657,#9658));
#9642 = ORIENTED_EDGE('',*,*,#9643,.F.);
#9643 = EDGE_CURVE('',#9644,#9644,#9646,.T.);
#9644 = VERTEX_POINT('',#9645);
#9645 = CARTESIAN_POINT('',(36.,960.,359.23010776226));
#9646 = CIRCLE('',#9647,2.75);
#9647 = AXIS2_PLACEMENT_3D('',#9648,#9649,#9650);
#9648 = CARTESIAN_POINT('',(36.,960.,356.48010776226));
#9649 = DIRECTION('',(1.,0.,-0.));
#9650 = DIRECTION('',(0.,0.,1.));
#9651 = ORIENTED_EDGE('',*,*,#9652,.F.);
#9652 = EDGE_CURVE('',#9330,#9644,#9653,.T.);
#9653 = LINE('',#9654,#9655);
#9654 = CARTESIAN_POINT('',(17.,960.,359.23010776226));
#9655 = VECTOR('',#9656,1.);
#9656 = DIRECTION('',(1.,0.,0.));
#9657 = ORIENTED_EDGE('',*,*,#9329,.T.);
#9658 = ORIENTED_EDGE('',*,*,#9652,.T.);
#9659 = CYLINDRICAL_SURFACE('',#9660,2.75);
#9660 = AXIS2_PLACEMENT_3D('',#9661,#9662,#9663);
#9661 = CARTESIAN_POINT('',(17.,960.,356.48010776226));
#9662 = DIRECTION('',(1.,0.,0.));
#9663 = DIRECTION('',(0.,0.,1.));
#9664 = ADVANCED_FACE('',(#9665),#9684,.F.);
#9665 = FACE_BOUND('',#9666,.F.);
#9666 = EDGE_LOOP('',(#9667,#9676,#9682,#9683));
#9667 = ORIENTED_EDGE('',*,*,#9668,.F.);
#9668 = EDGE_CURVE('',#9669,#9669,#9671,.T.);
#9669 = VERTEX_POINT('',#9670);
#9670 = CARTESIAN_POINT('',(36.,960.,369.23010776226));
#9671 = CIRCLE('',#9672,2.75);
#9672 = AXIS2_PLACEMENT_3D('',#9673,#9674,#9675);
#9673 = CARTESIAN_POINT('',(36.,960.,366.48010776226));
#9674 = DIRECTION('',(1.,0.,-0.));
#9675 = DIRECTION('',(0.,0.,1.));
#9676 = ORIENTED_EDGE('',*,*,#9677,.F.);
#9677 = EDGE_CURVE('',#9341,#9669,#9678,.T.);
#9678 = LINE('',#9679,#9680);
#9679 = CARTESIAN_POINT('',(17.,960.,369.23010776226));
#9680 = VECTOR('',#9681,1.);
#9681 = DIRECTION('',(1.,0.,0.));
#9682 = ORIENTED_EDGE('',*,*,#9340,.T.);
#9683 = ORIENTED_EDGE('',*,*,#9677,.T.);
#9684 = CYLINDRICAL_SURFACE('',#9685,2.75);
#9685 = AXIS2_PLACEMENT_3D('',#9686,#9687,#9688);
#9686 = CARTESIAN_POINT('',(17.,960.,366.48010776226));
#9687 = DIRECTION('',(1.,0.,0.));
#9688 = DIRECTION('',(0.,0.,1.));
#9689 = ADVANCED_FACE('',(#9690),#9709,.F.);
#9690 = FACE_BOUND('',#9691,.F.);
#9691 = EDGE_LOOP('',(#9692,#9701,#9707,#9708));
#9692 = ORIENTED_EDGE('',*,*,#9693,.F.);
#9693 = EDGE_CURVE('',#9694,#9694,#9696,.T.);
#9694 = VERTEX_POINT('',#9695);
#9695 = CARTESIAN_POINT('',(36.,960.,379.23010776226));
#9696 = CIRCLE('',#9697,2.75);
#9697 = AXIS2_PLACEMENT_3D('',#9698,#9699,#9700);
#9698 = CARTESIAN_POINT('',(36.,960.,376.48010776226));
#9699 = DIRECTION('',(1.,0.,-0.));
#9700 = DIRECTION('',(0.,0.,1.));
#9701 = ORIENTED_EDGE('',*,*,#9702,.F.);
#9702 = EDGE_CURVE('',#9352,#9694,#9703,.T.);
#9703 = LINE('',#9704,#9705);
#9704 = CARTESIAN_POINT('',(17.,960.,379.23010776226));
#9705 = VECTOR('',#9706,1.);
#9706 = DIRECTION('',(1.,0.,0.));
#9707 = ORIENTED_EDGE('',*,*,#9351,.T.);
#9708 = ORIENTED_EDGE('',*,*,#9702,.T.);
#9709 = CYLINDRICAL_SURFACE('',#9710,2.75);
#9710 = AXIS2_PLACEMENT_3D('',#9711,#9712,#9713);
#9711 = CARTESIAN_POINT('',(17.,960.,376.48010776226));
#9712 = DIRECTION('',(1.,0.,0.));
#9713 = DIRECTION('',(0.,0.,1.));
#9714 = ADVANCED_FACE('',(#9715),#9734,.F.);
#9715 = FACE_BOUND('',#9716,.F.);
#9716 = EDGE_LOOP('',(#9717,#9726,#9732,#9733));
#9717 = ORIENTED_EDGE('',*,*,#9718,.F.);
#9718 = EDGE_CURVE('',#9719,#9719,#9721,.T.);
#9719 = VERTEX_POINT('',#9720);
#9720 = CARTESIAN_POINT('',(36.,958.,411.23010776226));
#9721 = CIRCLE('',#9722,2.75);
#9722 = AXIS2_PLACEMENT_3D('',#9723,#9724,#9725);
#9723 = CARTESIAN_POINT('',(36.,958.,408.48010776226));
#9724 = DIRECTION('',(1.,0.,-0.));
#9725 = DIRECTION('',(0.,0.,1.));
#9726 = ORIENTED_EDGE('',*,*,#9727,.F.);
#9727 = EDGE_CURVE('',#9363,#9719,#9728,.T.);
#9728 = LINE('',#9729,#9730);
#9729 = CARTESIAN_POINT('',(17.,958.,411.23010776226));
#9730 = VECTOR('',#9731,1.);
#9731 = DIRECTION('',(1.,0.,0.));
#9732 = ORIENTED_EDGE('',*,*,#9362,.T.);
#9733 = ORIENTED_EDGE('',*,*,#9727,.T.);
#9734 = CYLINDRICAL_SURFACE('',#9735,2.75);
#9735 = AXIS2_PLACEMENT_3D('',#9736,#9737,#9738);
#9736 = CARTESIAN_POINT('',(17.,958.,408.48010776226));
#9737 = DIRECTION('',(1.,0.,0.));
#9738 = DIRECTION('',(0.,0.,1.));
#9739 = ADVANCED_FACE('',(#9740),#9759,.F.);
#9740 = FACE_BOUND('',#9741,.F.);
#9741 = EDGE_LOOP('',(#9742,#9751,#9757,#9758));
#9742 = ORIENTED_EDGE('',*,*,#9743,.F.);
#9743 = EDGE_CURVE('',#9744,#9744,#9746,.T.);
#9744 = VERTEX_POINT('',#9745);
#9745 = CARTESIAN_POINT('',(36.,958.,466.23010776226));
#9746 = CIRCLE('',#9747,2.75);
#9747 = AXIS2_PLACEMENT_3D('',#9748,#9749,#9750);
#9748 = CARTESIAN_POINT('',(36.,958.,463.48010776226));
#9749 = DIRECTION('',(1.,0.,-0.));
#9750 = DIRECTION('',(0.,0.,1.));
#9751 = ORIENTED_EDGE('',*,*,#9752,.F.);
#9752 = EDGE_CURVE('',#9374,#9744,#9753,.T.);
#9753 = LINE('',#9754,#9755);
#9754 = CARTESIAN_POINT('',(17.,958.,466.23010776226));
#9755 = VECTOR('',#9756,1.);
#9756 = DIRECTION('',(1.,0.,0.));
#9757 = ORIENTED_EDGE('',*,*,#9373,.T.);
#9758 = ORIENTED_EDGE('',*,*,#9752,.T.);
#9759 = CYLINDRICAL_SURFACE('',#9760,2.75);
#9760 = AXIS2_PLACEMENT_3D('',#9761,#9762,#9763);
#9761 = CARTESIAN_POINT('',(17.,958.,463.48010776226));
#9762 = DIRECTION('',(1.,0.,0.));
#9763 = DIRECTION('',(0.,0.,1.));
#9764 = ADVANCED_FACE('',(#9765,#9794,#9797,#9800,#9803,#9806,#9809,
    #9812,#9815,#9818,#9821),#9824,.T.);
#9765 = FACE_BOUND('',#9766,.T.);
#9766 = EDGE_LOOP('',(#9767,#9768,#9769,#9770,#9771,#9772,#9780,#9788));
#9767 = ORIENTED_EDGE('',*,*,#9431,.F.);
#9768 = ORIENTED_EDGE('',*,*,#9407,.F.);
#9769 = ORIENTED_EDGE('',*,*,#9479,.T.);
#9770 = ORIENTED_EDGE('',*,*,#9504,.T.);
#9771 = ORIENTED_EDGE('',*,*,#9463,.F.);
#9772 = ORIENTED_EDGE('',*,*,#9773,.F.);
#9773 = EDGE_CURVE('',#9774,#9456,#9776,.T.);
#9774 = VERTEX_POINT('',#9775);
#9775 = CARTESIAN_POINT('',(36.,989.2,363.48010776226));
#9776 = LINE('',#9777,#9778);
#9777 = CARTESIAN_POINT('',(36.,989.2,363.48010776226));
#9778 = VECTOR('',#9779,1.);
#9779 = DIRECTION('',(0.,0.,1.));
#9780 = ORIENTED_EDGE('',*,*,#9781,.F.);
#9781 = EDGE_CURVE('',#9782,#9774,#9784,.T.);
#9782 = VERTEX_POINT('',#9783);
#9783 = CARTESIAN_POINT('',(36.,970.8,363.48010776226));
#9784 = LINE('',#9785,#9786);
#9785 = CARTESIAN_POINT('',(36.,970.8,363.48010776226));
#9786 = VECTOR('',#9787,1.);
#9787 = DIRECTION('',(0.,1.,0.));
#9788 = ORIENTED_EDGE('',*,*,#9789,.T.);
#9789 = EDGE_CURVE('',#9782,#9432,#9790,.T.);
#9790 = LINE('',#9791,#9792);
#9791 = CARTESIAN_POINT('',(36.,970.8,363.48010776226));
#9792 = VECTOR('',#9793,1.);
#9793 = DIRECTION('',(0.,0.,1.));
#9794 = FACE_BOUND('',#9795,.T.);
#9795 = EDGE_LOOP('',(#9796));
#9796 = ORIENTED_EDGE('',*,*,#9518,.F.);
#9797 = FACE_BOUND('',#9798,.T.);
#9798 = EDGE_LOOP('',(#9799));
#9799 = ORIENTED_EDGE('',*,*,#9543,.F.);
#9800 = FACE_BOUND('',#9801,.T.);
#9801 = EDGE_LOOP('',(#9802));
#9802 = ORIENTED_EDGE('',*,*,#9568,.F.);
#9803 = FACE_BOUND('',#9804,.T.);
#9804 = EDGE_LOOP('',(#9805));
#9805 = ORIENTED_EDGE('',*,*,#9593,.F.);
#9806 = FACE_BOUND('',#9807,.T.);
#9807 = EDGE_LOOP('',(#9808));
#9808 = ORIENTED_EDGE('',*,*,#9618,.F.);
#9809 = FACE_BOUND('',#9810,.T.);
#9810 = EDGE_LOOP('',(#9811));
#9811 = ORIENTED_EDGE('',*,*,#9643,.F.);
#9812 = FACE_BOUND('',#9813,.T.);
#9813 = EDGE_LOOP('',(#9814));
#9814 = ORIENTED_EDGE('',*,*,#9668,.F.);
#9815 = FACE_BOUND('',#9816,.T.);
#9816 = EDGE_LOOP('',(#9817));
#9817 = ORIENTED_EDGE('',*,*,#9693,.F.);
#9818 = FACE_BOUND('',#9819,.T.);
#9819 = EDGE_LOOP('',(#9820));
#9820 = ORIENTED_EDGE('',*,*,#9718,.F.);
#9821 = FACE_BOUND('',#9822,.T.);
#9822 = EDGE_LOOP('',(#9823));
#9823 = ORIENTED_EDGE('',*,*,#9743,.F.);
#9824 = PLANE('',#9825);
#9825 = AXIS2_PLACEMENT_3D('',#9826,#9827,#9828);
#9826 = CARTESIAN_POINT('',(36.,950.,343.48010776226));
#9827 = DIRECTION('',(1.,0.,0.));
#9828 = DIRECTION('',(0.,0.,1.));
#9829 = ADVANCED_FACE('',(#9830),#9848,.F.);
#9830 = FACE_BOUND('',#9831,.F.);
#9831 = EDGE_LOOP('',(#9832,#9840,#9846,#9847));
#9832 = ORIENTED_EDGE('',*,*,#9833,.F.);
#9833 = EDGE_CURVE('',#9834,#9774,#9836,.T.);
#9834 = VERTEX_POINT('',#9835);
#9835 = CARTESIAN_POINT('',(30.,989.2,363.48010776226));
#9836 = LINE('',#9837,#9838);
#9837 = CARTESIAN_POINT('',(30.,989.2,363.48010776226));
#9838 = VECTOR('',#9839,1.);
#9839 = DIRECTION('',(1.,0.,0.));
#9840 = ORIENTED_EDGE('',*,*,#9841,.T.);
#9841 = EDGE_CURVE('',#9834,#9448,#9842,.T.);
#9842 = LINE('',#9843,#9844);
#9843 = CARTESIAN_POINT('',(30.,989.2,363.48010776226));
#9844 = VECTOR('',#9845,1.);
#9845 = DIRECTION('',(0.,0.,1.));
#9846 = ORIENTED_EDGE('',*,*,#9455,.F.);
#9847 = ORIENTED_EDGE('',*,*,#9773,.F.);
#9848 = PLANE('',#9849);
#9849 = AXIS2_PLACEMENT_3D('',#9850,#9851,#9852);
#9850 = CARTESIAN_POINT('',(30.,989.2,363.48010776226));
#9851 = DIRECTION('',(0.,1.,0.));
#9852 = DIRECTION('',(0.,0.,1.));
#9853 = ADVANCED_FACE('',(#9854),#9872,.T.);
#9854 = FACE_BOUND('',#9855,.T.);
#9855 = EDGE_LOOP('',(#9856,#9864,#9870,#9871));
#9856 = ORIENTED_EDGE('',*,*,#9857,.F.);
#9857 = EDGE_CURVE('',#9858,#9440,#9860,.T.);
#9858 = VERTEX_POINT('',#9859);
#9859 = CARTESIAN_POINT('',(30.,970.8,363.48010776226));
#9860 = LINE('',#9861,#9862);
#9861 = CARTESIAN_POINT('',(30.,970.8,363.48010776226));
#9862 = VECTOR('',#9863,1.);
#9863 = DIRECTION('',(0.,0.,1.));
#9864 = ORIENTED_EDGE('',*,*,#9865,.T.);
#9865 = EDGE_CURVE('',#9858,#9834,#9866,.T.);
#9866 = LINE('',#9867,#9868);
#9867 = CARTESIAN_POINT('',(30.,970.8,363.48010776226));
#9868 = VECTOR('',#9869,1.);
#9869 = DIRECTION('',(0.,1.,0.));
#9870 = ORIENTED_EDGE('',*,*,#9841,.T.);
#9871 = ORIENTED_EDGE('',*,*,#9447,.F.);
#9872 = PLANE('',#9873);
#9873 = AXIS2_PLACEMENT_3D('',#9874,#9875,#9876);
#9874 = CARTESIAN_POINT('',(30.,970.8,363.48010776226));
#9875 = DIRECTION('',(1.,0.,0.));
#9876 = DIRECTION('',(0.,0.,1.));
#9877 = ADVANCED_FACE('',(#9878),#9889,.T.);
#9878 = FACE_BOUND('',#9879,.T.);
#9879 = EDGE_LOOP('',(#9880,#9886,#9887,#9888));
#9880 = ORIENTED_EDGE('',*,*,#9881,.F.);
#9881 = EDGE_CURVE('',#9858,#9782,#9882,.T.);
#9882 = LINE('',#9883,#9884);
#9883 = CARTESIAN_POINT('',(30.,970.8,363.48010776226));
#9884 = VECTOR('',#9885,1.);
#9885 = DIRECTION('',(1.,0.,0.));
#9886 = ORIENTED_EDGE('',*,*,#9857,.T.);
#9887 = ORIENTED_EDGE('',*,*,#9439,.F.);
#9888 = ORIENTED_EDGE('',*,*,#9789,.F.);
#9889 = PLANE('',#9890);
#9890 = AXIS2_PLACEMENT_3D('',#9891,#9892,#9893);
#9891 = CARTESIAN_POINT('',(30.,970.8,363.48010776226));
#9892 = DIRECTION('',(0.,1.,0.));
#9893 = DIRECTION('',(0.,0.,1.));
#9894 = ADVANCED_FACE('',(#9895),#9901,.T.);
#9895 = FACE_BOUND('',#9896,.T.);
#9896 = EDGE_LOOP('',(#9897,#9898,#9899,#9900));
#9897 = ORIENTED_EDGE('',*,*,#9865,.F.);
#9898 = ORIENTED_EDGE('',*,*,#9881,.T.);
#9899 = ORIENTED_EDGE('',*,*,#9781,.T.);
#9900 = ORIENTED_EDGE('',*,*,#9833,.F.);
#9901 = PLANE('',#9902);
#9902 = AXIS2_PLACEMENT_3D('',#9903,#9904,#9905);
#9903 = CARTESIAN_POINT('',(30.,970.8,363.48010776226));
#9904 = DIRECTION('',(0.,0.,1.));
#9905 = DIRECTION('',(1.,0.,0.));
#9906 = MANIFOLD_SOLID_BREP('',#9907);
#9907 = CLOSED_SHELL('',(#9908,#9948,#10001,#10041,#10087,#10120,#10137,
    #10154,#10171,#10188));
#9908 = ADVANCED_FACE('',(#9909),#9943,.F.);
#9909 = FACE_BOUND('',#9910,.F.);
#9910 = EDGE_LOOP('',(#9911,#9921,#9929,#9937));
#9911 = ORIENTED_EDGE('',*,*,#9912,.F.);
#9912 = EDGE_CURVE('',#9913,#9915,#9917,.T.);
#9913 = VERTEX_POINT('',#9914);
#9914 = CARTESIAN_POINT('',(36.,955.,348.48010776226));
#9915 = VERTEX_POINT('',#9916);
#9916 = CARTESIAN_POINT('',(36.,1.005E+03,348.48010776226));
#9917 = LINE('',#9918,#9919);
#9918 = CARTESIAN_POINT('',(36.,955.,348.48010776226));
#9919 = VECTOR('',#9920,1.);
#9920 = DIRECTION('',(0.,1.,0.));
#9921 = ORIENTED_EDGE('',*,*,#9922,.T.);
#9922 = EDGE_CURVE('',#9913,#9923,#9925,.T.);
#9923 = VERTEX_POINT('',#9924);
#9924 = CARTESIAN_POINT('',(39.,955.,348.48010776226));
#9925 = LINE('',#9926,#9927);
#9926 = CARTESIAN_POINT('',(36.,955.,348.48010776226));
#9927 = VECTOR('',#9928,1.);
#9928 = DIRECTION('',(1.,0.,0.));
#9929 = ORIENTED_EDGE('',*,*,#9930,.T.);
#9930 = EDGE_CURVE('',#9923,#9931,#9933,.T.);
#9931 = VERTEX_POINT('',#9932);
#9932 = CARTESIAN_POINT('',(39.,1.005E+03,348.48010776226));
#9933 = LINE('',#9934,#9935);
#9934 = CARTESIAN_POINT('',(39.,955.,348.48010776226));
#9935 = VECTOR('',#9936,1.);
#9936 = DIRECTION('',(0.,1.,0.));
#9937 = ORIENTED_EDGE('',*,*,#9938,.F.);
#9938 = EDGE_CURVE('',#9915,#9931,#9939,.T.);
#9939 = LINE('',#9940,#9941);
#9940 = CARTESIAN_POINT('',(36.,1.005E+03,348.48010776226));
#9941 = VECTOR('',#9942,1.);
#9942 = DIRECTION('',(1.,0.,0.));
#9943 = PLANE('',#9944);
#9944 = AXIS2_PLACEMENT_3D('',#9945,#9946,#9947);
#9945 = CARTESIAN_POINT('',(36.,955.,348.48010776226));
#9946 = DIRECTION('',(0.,0.,1.));
#9947 = DIRECTION('',(1.,0.,0.));
#9948 = ADVANCED_FACE('',(#9949,#9974,#9985),#9996,.T.);
#9949 = FACE_BOUND('',#9950,.T.);
#9950 = EDGE_LOOP('',(#9951,#9961,#9967,#9968));
#9951 = ORIENTED_EDGE('',*,*,#9952,.T.);
#9952 = EDGE_CURVE('',#9953,#9955,#9957,.T.);
#9953 = VERTEX_POINT('',#9954);
#9954 = CARTESIAN_POINT('',(36.,955.,388.48010776226));
#9955 = VERTEX_POINT('',#9956);
#9956 = CARTESIAN_POINT('',(36.,1.005E+03,388.48010776226));
#9957 = LINE('',#9958,#9959);
#9958 = CARTESIAN_POINT('',(36.,955.,388.48010776226));
#9959 = VECTOR('',#9960,1.);
#9960 = DIRECTION('',(0.,1.,0.));
#9961 = ORIENTED_EDGE('',*,*,#9962,.F.);
#9962 = EDGE_CURVE('',#9915,#9955,#9963,.T.);
#9963 = LINE('',#9964,#9965);
#9964 = CARTESIAN_POINT('',(36.,1.005E+03,385.48010776226));
#9965 = VECTOR('',#9966,1.);
#9966 = DIRECTION('',(0.,0.,1.));
#9967 = ORIENTED_EDGE('',*,*,#9912,.F.);
#9968 = ORIENTED_EDGE('',*,*,#9969,.T.);
#9969 = EDGE_CURVE('',#9913,#9953,#9970,.T.);
#9970 = LINE('',#9971,#9972);
#9971 = CARTESIAN_POINT('',(36.,955.,348.48010776226));
#9972 = VECTOR('',#9973,1.);
#9973 = DIRECTION('',(0.,0.,1.));
#9974 = FACE_BOUND('',#9975,.T.);
#9975 = EDGE_LOOP('',(#9976));
#9976 = ORIENTED_EDGE('',*,*,#9977,.T.);
#9977 = EDGE_CURVE('',#9978,#9978,#9980,.T.);
#9978 = VERTEX_POINT('',#9979);
#9979 = CARTESIAN_POINT('',(36.,1.E+03,369.23010776226));
#9980 = CIRCLE('',#9981,2.75);
#9981 = AXIS2_PLACEMENT_3D('',#9982,#9983,#9984);
#9982 = CARTESIAN_POINT('',(36.,1.E+03,366.48010776226));
#9983 = DIRECTION('',(1.,0.,-0.));
#9984 = DIRECTION('',(0.,0.,1.));
#9985 = FACE_BOUND('',#9986,.T.);
#9986 = EDGE_LOOP('',(#9987));
#9987 = ORIENTED_EDGE('',*,*,#9988,.T.);
#9988 = EDGE_CURVE('',#9989,#9989,#9991,.T.);
#9989 = VERTEX_POINT('',#9990);
#9990 = CARTESIAN_POINT('',(36.,960.,369.23010776226));
#9991 = CIRCLE('',#9992,2.75);
#9992 = AXIS2_PLACEMENT_3D('',#9993,#9994,#9995);
#9993 = CARTESIAN_POINT('',(36.,960.,366.48010776226));
#9994 = DIRECTION('',(1.,0.,-0.));
#9995 = DIRECTION('',(0.,0.,1.));
#9996 = PLANE('',#9997);
#9997 = AXIS2_PLACEMENT_3D('',#9998,#9999,#10000);
#9998 = CARTESIAN_POINT('',(36.,980.,368.48010776226));
#9999 = DIRECTION('',(-1.,-0.,-0.));
#10000 = DIRECTION('',(0.,0.,-1.));
#10001 = ADVANCED_FACE('',(#10002),#10036,.T.);
#10002 = FACE_BOUND('',#10003,.T.);
#10003 = EDGE_LOOP('',(#10004,#10012,#10020,#10028,#10034,#10035));
#10004 = ORIENTED_EDGE('',*,*,#10005,.T.);
#10005 = EDGE_CURVE('',#9955,#10006,#10008,.T.);
#10006 = VERTEX_POINT('',#10007);
#10007 = CARTESIAN_POINT('',(76.,1.005E+03,388.48010776226));
#10008 = LINE('',#10009,#10010);
#10009 = CARTESIAN_POINT('',(36.,1.005E+03,388.48010776226));
#10010 = VECTOR('',#10011,1.);
#10011 = DIRECTION('',(1.,0.,0.));
#10012 = ORIENTED_EDGE('',*,*,#10013,.F.);
#10013 = EDGE_CURVE('',#10014,#10006,#10016,.T.);
#10014 = VERTEX_POINT('',#10015);
#10015 = CARTESIAN_POINT('',(76.,1.005E+03,385.48010776226));
#10016 = LINE('',#10017,#10018);
#10017 = CARTESIAN_POINT('',(76.,1.005E+03,385.48010776226));
#10018 = VECTOR('',#10019,1.);
#10019 = DIRECTION('',(0.,0.,1.));
#10020 = ORIENTED_EDGE('',*,*,#10021,.F.);
#10021 = EDGE_CURVE('',#10022,#10014,#10024,.T.);
#10022 = VERTEX_POINT('',#10023);
#10023 = CARTESIAN_POINT('',(39.,1.005E+03,385.48010776226));
#10024 = LINE('',#10025,#10026);
#10025 = CARTESIAN_POINT('',(36.,1.005E+03,385.48010776226));
#10026 = VECTOR('',#10027,1.);
#10027 = DIRECTION('',(1.,0.,0.));
#10028 = ORIENTED_EDGE('',*,*,#10029,.F.);
#10029 = EDGE_CURVE('',#9931,#10022,#10030,.T.);
#10030 = LINE('',#10031,#10032);
#10031 = CARTESIAN_POINT('',(39.,1.005E+03,348.48010776226));
#10032 = VECTOR('',#10033,1.);
#10033 = DIRECTION('',(0.,0.,1.));
#10034 = ORIENTED_EDGE('',*,*,#9938,.F.);
#10035 = ORIENTED_EDGE('',*,*,#9962,.T.);
#10036 = PLANE('',#10037);
#10037 = AXIS2_PLACEMENT_3D('',#10038,#10039,#10040);
#10038 = CARTESIAN_POINT('',(47.44375,1.005E+03,377.03635776226));
#10039 = DIRECTION('',(0.,1.,0.));
#10040 = DIRECTION('',(0.,0.,1.));
#10041 = ADVANCED_FACE('',(#10042,#10060,#10071),#10082,.T.);
#10042 = FACE_BOUND('',#10043,.T.);
#10043 = EDGE_LOOP('',(#10044,#10052,#10053,#10054));
#10044 = ORIENTED_EDGE('',*,*,#10045,.F.);
#10045 = EDGE_CURVE('',#9923,#10046,#10048,.T.);
#10046 = VERTEX_POINT('',#10047);
#10047 = CARTESIAN_POINT('',(39.,955.,385.48010776226));
#10048 = LINE('',#10049,#10050);
#10049 = CARTESIAN_POINT('',(39.,955.,348.48010776226));
#10050 = VECTOR('',#10051,1.);
#10051 = DIRECTION('',(0.,0.,1.));
#10052 = ORIENTED_EDGE('',*,*,#9930,.T.);
#10053 = ORIENTED_EDGE('',*,*,#10029,.T.);
#10054 = ORIENTED_EDGE('',*,*,#10055,.F.);
#10055 = EDGE_CURVE('',#10046,#10022,#10056,.T.);
#10056 = LINE('',#10057,#10058);
#10057 = CARTESIAN_POINT('',(39.,955.,385.48010776226));
#10058 = VECTOR('',#10059,1.);
#10059 = DIRECTION('',(0.,1.,0.));
#10060 = FACE_BOUND('',#10061,.T.);
#10061 = EDGE_LOOP('',(#10062));
#10062 = ORIENTED_EDGE('',*,*,#10063,.F.);
#10063 = EDGE_CURVE('',#10064,#10064,#10066,.T.);
#10064 = VERTEX_POINT('',#10065);
#10065 = CARTESIAN_POINT('',(39.,1.E+03,369.23010776226));
#10066 = CIRCLE('',#10067,2.75);
#10067 = AXIS2_PLACEMENT_3D('',#10068,#10069,#10070);
#10068 = CARTESIAN_POINT('',(39.,1.E+03,366.48010776226));
#10069 = DIRECTION('',(1.,0.,-0.));
#10070 = DIRECTION('',(0.,0.,1.));
#10071 = FACE_BOUND('',#10072,.T.);
#10072 = EDGE_LOOP('',(#10073));
#10073 = ORIENTED_EDGE('',*,*,#10074,.F.);
#10074 = EDGE_CURVE('',#10075,#10075,#10077,.T.);
#10075 = VERTEX_POINT('',#10076);
#10076 = CARTESIAN_POINT('',(39.,960.,369.23010776226));
#10077 = CIRCLE('',#10078,2.75);
#10078 = AXIS2_PLACEMENT_3D('',#10079,#10080,#10081);
#10079 = CARTESIAN_POINT('',(39.,960.,366.48010776226));
#10080 = DIRECTION('',(1.,0.,-0.));
#10081 = DIRECTION('',(0.,0.,1.));
#10082 = PLANE('',#10083);
#10083 = AXIS2_PLACEMENT_3D('',#10084,#10085,#10086);
#10084 = CARTESIAN_POINT('',(39.,955.,348.48010776226));
#10085 = DIRECTION('',(1.,0.,0.));
#10086 = DIRECTION('',(0.,0.,1.));
#10087 = ADVANCED_FACE('',(#10088),#10115,.T.);
#10088 = FACE_BOUND('',#10089,.T.);
#10089 = EDGE_LOOP('',(#10090,#10091,#10092,#10093,#10101,#10109));
#10090 = ORIENTED_EDGE('',*,*,#9969,.F.);
#10091 = ORIENTED_EDGE('',*,*,#9922,.T.);
#10092 = ORIENTED_EDGE('',*,*,#10045,.T.);
#10093 = ORIENTED_EDGE('',*,*,#10094,.T.);
#10094 = EDGE_CURVE('',#10046,#10095,#10097,.T.);
#10095 = VERTEX_POINT('',#10096);
#10096 = CARTESIAN_POINT('',(76.,955.,385.48010776226));
#10097 = LINE('',#10098,#10099);
#10098 = CARTESIAN_POINT('',(36.,955.,385.48010776226));
#10099 = VECTOR('',#10100,1.);
#10100 = DIRECTION('',(1.,0.,0.));
#10101 = ORIENTED_EDGE('',*,*,#10102,.T.);
#10102 = EDGE_CURVE('',#10095,#10103,#10105,.T.);
#10103 = VERTEX_POINT('',#10104);
#10104 = CARTESIAN_POINT('',(76.,955.,388.48010776226));
#10105 = LINE('',#10106,#10107);
#10106 = CARTESIAN_POINT('',(76.,955.,385.48010776226));
#10107 = VECTOR('',#10108,1.);
#10108 = DIRECTION('',(0.,0.,1.));
#10109 = ORIENTED_EDGE('',*,*,#10110,.F.);
#10110 = EDGE_CURVE('',#9953,#10103,#10111,.T.);
#10111 = LINE('',#10112,#10113);
#10112 = CARTESIAN_POINT('',(36.,955.,388.48010776226));
#10113 = VECTOR('',#10114,1.);
#10114 = DIRECTION('',(1.,0.,0.));
#10115 = PLANE('',#10116);
#10116 = AXIS2_PLACEMENT_3D('',#10117,#10118,#10119);
#10117 = CARTESIAN_POINT('',(47.44375,955.,377.03635776226));
#10118 = DIRECTION('',(-0.,-1.,-0.));
#10119 = DIRECTION('',(0.,0.,-1.));
#10120 = ADVANCED_FACE('',(#10121),#10132,.T.);
#10121 = FACE_BOUND('',#10122,.T.);
#10122 = EDGE_LOOP('',(#10123,#10124,#10125,#10131));
#10123 = ORIENTED_EDGE('',*,*,#9952,.F.);
#10124 = ORIENTED_EDGE('',*,*,#10110,.T.);
#10125 = ORIENTED_EDGE('',*,*,#10126,.T.);
#10126 = EDGE_CURVE('',#10103,#10006,#10127,.T.);
#10127 = LINE('',#10128,#10129);
#10128 = CARTESIAN_POINT('',(76.,955.,388.48010776226));
#10129 = VECTOR('',#10130,1.);
#10130 = DIRECTION('',(0.,1.,0.));
#10131 = ORIENTED_EDGE('',*,*,#10005,.F.);
#10132 = PLANE('',#10133);
#10133 = AXIS2_PLACEMENT_3D('',#10134,#10135,#10136);
#10134 = CARTESIAN_POINT('',(36.,955.,388.48010776226));
#10135 = DIRECTION('',(0.,0.,1.));
#10136 = DIRECTION('',(1.,0.,0.));
#10137 = ADVANCED_FACE('',(#10138),#10149,.F.);
#10138 = FACE_BOUND('',#10139,.F.);
#10139 = EDGE_LOOP('',(#10140,#10141,#10147,#10148));
#10140 = ORIENTED_EDGE('',*,*,#10063,.F.);
#10141 = ORIENTED_EDGE('',*,*,#10142,.F.);
#10142 = EDGE_CURVE('',#9978,#10064,#10143,.T.);
#10143 = LINE('',#10144,#10145);
#10144 = CARTESIAN_POINT('',(35.,1.E+03,369.23010776226));
#10145 = VECTOR('',#10146,1.);
#10146 = DIRECTION('',(1.,0.,0.));
#10147 = ORIENTED_EDGE('',*,*,#9977,.T.);
#10148 = ORIENTED_EDGE('',*,*,#10142,.T.);
#10149 = CYLINDRICAL_SURFACE('',#10150,2.75);
#10150 = AXIS2_PLACEMENT_3D('',#10151,#10152,#10153);
#10151 = CARTESIAN_POINT('',(35.,1.E+03,366.48010776226));
#10152 = DIRECTION('',(1.,0.,0.));
#10153 = DIRECTION('',(0.,0.,1.));
#10154 = ADVANCED_FACE('',(#10155),#10166,.F.);
#10155 = FACE_BOUND('',#10156,.F.);
#10156 = EDGE_LOOP('',(#10157,#10158,#10164,#10165));
#10157 = ORIENTED_EDGE('',*,*,#10074,.F.);
#10158 = ORIENTED_EDGE('',*,*,#10159,.F.);
#10159 = EDGE_CURVE('',#9989,#10075,#10160,.T.);
#10160 = LINE('',#10161,#10162);
#10161 = CARTESIAN_POINT('',(35.,960.,369.23010776226));
#10162 = VECTOR('',#10163,1.);
#10163 = DIRECTION('',(1.,0.,0.));
#10164 = ORIENTED_EDGE('',*,*,#9988,.T.);
#10165 = ORIENTED_EDGE('',*,*,#10159,.T.);
#10166 = CYLINDRICAL_SURFACE('',#10167,2.75);
#10167 = AXIS2_PLACEMENT_3D('',#10168,#10169,#10170);
#10168 = CARTESIAN_POINT('',(35.,960.,366.48010776226));
#10169 = DIRECTION('',(1.,0.,0.));
#10170 = DIRECTION('',(0.,0.,1.));
#10171 = ADVANCED_FACE('',(#10172),#10183,.T.);
#10172 = FACE_BOUND('',#10173,.T.);
#10173 = EDGE_LOOP('',(#10174,#10175,#10181,#10182));
#10174 = ORIENTED_EDGE('',*,*,#10102,.F.);
#10175 = ORIENTED_EDGE('',*,*,#10176,.T.);
#10176 = EDGE_CURVE('',#10095,#10014,#10177,.T.);
#10177 = LINE('',#10178,#10179);
#10178 = CARTESIAN_POINT('',(76.,955.,385.48010776226));
#10179 = VECTOR('',#10180,1.);
#10180 = DIRECTION('',(0.,1.,0.));
#10181 = ORIENTED_EDGE('',*,*,#10013,.T.);
#10182 = ORIENTED_EDGE('',*,*,#10126,.F.);
#10183 = PLANE('',#10184);
#10184 = AXIS2_PLACEMENT_3D('',#10185,#10186,#10187);
#10185 = CARTESIAN_POINT('',(76.,955.,385.48010776226));
#10186 = DIRECTION('',(1.,0.,0.));
#10187 = DIRECTION('',(0.,0.,1.));
#10188 = ADVANCED_FACE('',(#10189),#10195,.F.);
#10189 = FACE_BOUND('',#10190,.F.);
#10190 = EDGE_LOOP('',(#10191,#10192,#10193,#10194));
#10191 = ORIENTED_EDGE('',*,*,#10055,.F.);
#10192 = ORIENTED_EDGE('',*,*,#10094,.T.);
#10193 = ORIENTED_EDGE('',*,*,#10176,.T.);
#10194 = ORIENTED_EDGE('',*,*,#10021,.F.);
#10195 = PLANE('',#10196);
#10196 = AXIS2_PLACEMENT_3D('',#10197,#10198,#10199);
#10197 = CARTESIAN_POINT('',(36.,955.,385.48010776226));
#10198 = DIRECTION('',(0.,0.,1.));
#10199 = DIRECTION('',(1.,0.,0.));
#10200 = MANIFOLD_SOLID_BREP('',#10201);
#10201 = CLOSED_SHELL('',(#10202,#10384,#10438,#10462,#10486,#10510,
    #10534,#10551,#10568,#10593,#10618,#10643,#10668,#10693,#10718,
    #10743,#10768,#10793,#10818,#10830));
#10202 = ADVANCED_FACE('',(#10203,#10269,#10280,#10291,#10302,#10313,
    #10324,#10335,#10346,#10357,#10368),#10379,.F.);
#10203 = FACE_BOUND('',#10204,.F.);
#10204 = EDGE_LOOP('',(#10205,#10215,#10223,#10231,#10239,#10247,#10255,
    #10263));
#10205 = ORIENTED_EDGE('',*,*,#10206,.F.);
#10206 = EDGE_CURVE('',#10207,#10209,#10211,.T.);
#10207 = VERTEX_POINT('',#10208);
#10208 = CARTESIAN_POINT('',(564.,950.,488.48010776226));
#10209 = VERTEX_POINT('',#10210);
#10210 = CARTESIAN_POINT('',(564.,970.8,488.48010776226));
#10211 = LINE('',#10212,#10213);
#10212 = CARTESIAN_POINT('',(564.,950.,488.48010776226));
#10213 = VECTOR('',#10214,1.);
#10214 = DIRECTION('',(0.,1.,0.));
#10215 = ORIENTED_EDGE('',*,*,#10216,.F.);
#10216 = EDGE_CURVE('',#10217,#10207,#10219,.T.);
#10217 = VERTEX_POINT('',#10218);
#10218 = CARTESIAN_POINT('',(564.,950.,343.48010776226));
#10219 = LINE('',#10220,#10221);
#10220 = CARTESIAN_POINT('',(564.,950.,343.48010776226));
#10221 = VECTOR('',#10222,1.);
#10222 = DIRECTION('',(0.,0.,1.));
#10223 = ORIENTED_EDGE('',*,*,#10224,.T.);
#10224 = EDGE_CURVE('',#10217,#10225,#10227,.T.);
#10225 = VERTEX_POINT('',#10226);
#10226 = CARTESIAN_POINT('',(564.,1.01E+03,343.48010776226));
#10227 = LINE('',#10228,#10229);
#10228 = CARTESIAN_POINT('',(564.,950.,343.48010776226));
#10229 = VECTOR('',#10230,1.);
#10230 = DIRECTION('',(0.,1.,0.));
#10231 = ORIENTED_EDGE('',*,*,#10232,.T.);
#10232 = EDGE_CURVE('',#10225,#10233,#10235,.T.);
#10233 = VERTEX_POINT('',#10234);
#10234 = CARTESIAN_POINT('',(564.,1.01E+03,488.48010776226));
#10235 = LINE('',#10236,#10237);
#10236 = CARTESIAN_POINT('',(564.,1.01E+03,343.48010776226));
#10237 = VECTOR('',#10238,1.);
#10238 = DIRECTION('',(0.,0.,1.));
#10239 = ORIENTED_EDGE('',*,*,#10240,.F.);
#10240 = EDGE_CURVE('',#10241,#10233,#10243,.T.);
#10241 = VERTEX_POINT('',#10242);
#10242 = CARTESIAN_POINT('',(564.,989.2,488.48010776226));
#10243 = LINE('',#10244,#10245);
#10244 = CARTESIAN_POINT('',(564.,950.,488.48010776226));
#10245 = VECTOR('',#10246,1.);
#10246 = DIRECTION('',(0.,1.,0.));
#10247 = ORIENTED_EDGE('',*,*,#10248,.F.);
#10248 = EDGE_CURVE('',#10249,#10241,#10251,.T.);
#10249 = VERTEX_POINT('',#10250);
#10250 = CARTESIAN_POINT('',(564.,989.2,363.48010776226));
#10251 = LINE('',#10252,#10253);
#10252 = CARTESIAN_POINT('',(564.,989.2,363.48010776226));
#10253 = VECTOR('',#10254,1.);
#10254 = DIRECTION('',(0.,0.,1.));
#10255 = ORIENTED_EDGE('',*,*,#10256,.F.);
#10256 = EDGE_CURVE('',#10257,#10249,#10259,.T.);
#10257 = VERTEX_POINT('',#10258);
#10258 = CARTESIAN_POINT('',(564.,970.8,363.48010776226));
#10259 = LINE('',#10260,#10261);
#10260 = CARTESIAN_POINT('',(564.,970.8,363.48010776226));
#10261 = VECTOR('',#10262,1.);
#10262 = DIRECTION('',(0.,1.,0.));
#10263 = ORIENTED_EDGE('',*,*,#10264,.T.);
#10264 = EDGE_CURVE('',#10257,#10209,#10265,.T.);
#10265 = LINE('',#10266,#10267);
#10266 = CARTESIAN_POINT('',(564.,970.8,363.48010776226));
#10267 = VECTOR('',#10268,1.);
#10268 = DIRECTION('',(0.,0.,1.));
#10269 = FACE_BOUND('',#10270,.F.);
#10270 = EDGE_LOOP('',(#10271));
#10271 = ORIENTED_EDGE('',*,*,#10272,.F.);
#10272 = EDGE_CURVE('',#10273,#10273,#10275,.T.);
#10273 = VERTEX_POINT('',#10274);
#10274 = CARTESIAN_POINT('',(564.,1.E+03,359.23010776226));
#10275 = CIRCLE('',#10276,2.75);
#10276 = AXIS2_PLACEMENT_3D('',#10277,#10278,#10279);
#10277 = CARTESIAN_POINT('',(564.,1.E+03,356.48010776226));
#10278 = DIRECTION('',(1.,0.,-0.));
#10279 = DIRECTION('',(0.,0.,1.));
#10280 = FACE_BOUND('',#10281,.F.);
#10281 = EDGE_LOOP('',(#10282));
#10282 = ORIENTED_EDGE('',*,*,#10283,.F.);
#10283 = EDGE_CURVE('',#10284,#10284,#10286,.T.);
#10284 = VERTEX_POINT('',#10285);
#10285 = CARTESIAN_POINT('',(564.,1.E+03,369.23010776226));
#10286 = CIRCLE('',#10287,2.75);
#10287 = AXIS2_PLACEMENT_3D('',#10288,#10289,#10290);
#10288 = CARTESIAN_POINT('',(564.,1.E+03,366.48010776226));
#10289 = DIRECTION('',(1.,0.,-0.));
#10290 = DIRECTION('',(0.,0.,1.));
#10291 = FACE_BOUND('',#10292,.F.);
#10292 = EDGE_LOOP('',(#10293));
#10293 = ORIENTED_EDGE('',*,*,#10294,.F.);
#10294 = EDGE_CURVE('',#10295,#10295,#10297,.T.);
#10295 = VERTEX_POINT('',#10296);
#10296 = CARTESIAN_POINT('',(564.,1.E+03,379.23010776226));
#10297 = CIRCLE('',#10298,2.75);
#10298 = AXIS2_PLACEMENT_3D('',#10299,#10300,#10301);
#10299 = CARTESIAN_POINT('',(564.,1.E+03,376.48010776226));
#10300 = DIRECTION('',(1.,0.,-0.));
#10301 = DIRECTION('',(0.,0.,1.));
#10302 = FACE_BOUND('',#10303,.F.);
#10303 = EDGE_LOOP('',(#10304));
#10304 = ORIENTED_EDGE('',*,*,#10305,.F.);
#10305 = EDGE_CURVE('',#10306,#10306,#10308,.T.);
#10306 = VERTEX_POINT('',#10307);
#10307 = CARTESIAN_POINT('',(564.,1.002E+03,411.23010776226));
#10308 = CIRCLE('',#10309,2.75);
#10309 = AXIS2_PLACEMENT_3D('',#10310,#10311,#10312);
#10310 = CARTESIAN_POINT('',(564.,1.002E+03,408.48010776226));
#10311 = DIRECTION('',(1.,0.,-0.));
#10312 = DIRECTION('',(0.,0.,1.));
#10313 = FACE_BOUND('',#10314,.F.);
#10314 = EDGE_LOOP('',(#10315));
#10315 = ORIENTED_EDGE('',*,*,#10316,.F.);
#10316 = EDGE_CURVE('',#10317,#10317,#10319,.T.);
#10317 = VERTEX_POINT('',#10318);
#10318 = CARTESIAN_POINT('',(564.,1.002E+03,466.23010776226));
#10319 = CIRCLE('',#10320,2.75);
#10320 = AXIS2_PLACEMENT_3D('',#10321,#10322,#10323);
#10321 = CARTESIAN_POINT('',(564.,1.002E+03,463.48010776226));
#10322 = DIRECTION('',(1.,0.,-0.));
#10323 = DIRECTION('',(0.,0.,1.));
#10324 = FACE_BOUND('',#10325,.F.);
#10325 = EDGE_LOOP('',(#10326));
#10326 = ORIENTED_EDGE('',*,*,#10327,.F.);
#10327 = EDGE_CURVE('',#10328,#10328,#10330,.T.);
#10328 = VERTEX_POINT('',#10329);
#10329 = CARTESIAN_POINT('',(564.,960.,359.23010776226));
#10330 = CIRCLE('',#10331,2.75);
#10331 = AXIS2_PLACEMENT_3D('',#10332,#10333,#10334);
#10332 = CARTESIAN_POINT('',(564.,960.,356.48010776226));
#10333 = DIRECTION('',(1.,0.,-0.));
#10334 = DIRECTION('',(0.,0.,1.));
#10335 = FACE_BOUND('',#10336,.F.);
#10336 = EDGE_LOOP('',(#10337));
#10337 = ORIENTED_EDGE('',*,*,#10338,.F.);
#10338 = EDGE_CURVE('',#10339,#10339,#10341,.T.);
#10339 = VERTEX_POINT('',#10340);
#10340 = CARTESIAN_POINT('',(564.,960.,369.23010776226));
#10341 = CIRCLE('',#10342,2.75);
#10342 = AXIS2_PLACEMENT_3D('',#10343,#10344,#10345);
#10343 = CARTESIAN_POINT('',(564.,960.,366.48010776226));
#10344 = DIRECTION('',(1.,0.,-0.));
#10345 = DIRECTION('',(0.,0.,1.));
#10346 = FACE_BOUND('',#10347,.F.);
#10347 = EDGE_LOOP('',(#10348));
#10348 = ORIENTED_EDGE('',*,*,#10349,.F.);
#10349 = EDGE_CURVE('',#10350,#10350,#10352,.T.);
#10350 = VERTEX_POINT('',#10351);
#10351 = CARTESIAN_POINT('',(564.,960.,379.23010776226));
#10352 = CIRCLE('',#10353,2.75);
#10353 = AXIS2_PLACEMENT_3D('',#10354,#10355,#10356);
#10354 = CARTESIAN_POINT('',(564.,960.,376.48010776226));
#10355 = DIRECTION('',(1.,0.,-0.));
#10356 = DIRECTION('',(0.,0.,1.));
#10357 = FACE_BOUND('',#10358,.F.);
#10358 = EDGE_LOOP('',(#10359));
#10359 = ORIENTED_EDGE('',*,*,#10360,.F.);
#10360 = EDGE_CURVE('',#10361,#10361,#10363,.T.);
#10361 = VERTEX_POINT('',#10362);
#10362 = CARTESIAN_POINT('',(564.,958.,411.23010776226));
#10363 = CIRCLE('',#10364,2.75);
#10364 = AXIS2_PLACEMENT_3D('',#10365,#10366,#10367);
#10365 = CARTESIAN_POINT('',(564.,958.,408.48010776226));
#10366 = DIRECTION('',(1.,0.,-0.));
#10367 = DIRECTION('',(0.,0.,1.));
#10368 = FACE_BOUND('',#10369,.F.);
#10369 = EDGE_LOOP('',(#10370));
#10370 = ORIENTED_EDGE('',*,*,#10371,.F.);
#10371 = EDGE_CURVE('',#10372,#10372,#10374,.T.);
#10372 = VERTEX_POINT('',#10373);
#10373 = CARTESIAN_POINT('',(564.,958.,466.23010776226));
#10374 = CIRCLE('',#10375,2.75);
#10375 = AXIS2_PLACEMENT_3D('',#10376,#10377,#10378);
#10376 = CARTESIAN_POINT('',(564.,958.,463.48010776226));
#10377 = DIRECTION('',(1.,0.,-0.));
#10378 = DIRECTION('',(0.,0.,1.));
#10379 = PLANE('',#10380);
#10380 = AXIS2_PLACEMENT_3D('',#10381,#10382,#10383);
#10381 = CARTESIAN_POINT('',(564.,950.,343.48010776226));
#10382 = DIRECTION('',(1.,0.,0.));
#10383 = DIRECTION('',(0.,0.,1.));
#10384 = ADVANCED_FACE('',(#10385),#10433,.T.);
#10385 = FACE_BOUND('',#10386,.T.);
#10386 = EDGE_LOOP('',(#10387,#10388,#10396,#10404,#10410,#10411,#10419,
    #10427));
#10387 = ORIENTED_EDGE('',*,*,#10206,.F.);
#10388 = ORIENTED_EDGE('',*,*,#10389,.T.);
#10389 = EDGE_CURVE('',#10207,#10390,#10392,.T.);
#10390 = VERTEX_POINT('',#10391);
#10391 = CARTESIAN_POINT('',(582.,950.,488.48010776226));
#10392 = LINE('',#10393,#10394);
#10393 = CARTESIAN_POINT('',(564.,950.,488.48010776226));
#10394 = VECTOR('',#10395,1.);
#10395 = DIRECTION('',(1.,0.,0.));
#10396 = ORIENTED_EDGE('',*,*,#10397,.T.);
#10397 = EDGE_CURVE('',#10390,#10398,#10400,.T.);
#10398 = VERTEX_POINT('',#10399);
#10399 = CARTESIAN_POINT('',(582.,1.01E+03,488.48010776226));
#10400 = LINE('',#10401,#10402);
#10401 = CARTESIAN_POINT('',(582.,950.,488.48010776226));
#10402 = VECTOR('',#10403,1.);
#10403 = DIRECTION('',(0.,1.,0.));
#10404 = ORIENTED_EDGE('',*,*,#10405,.F.);
#10405 = EDGE_CURVE('',#10233,#10398,#10406,.T.);
#10406 = LINE('',#10407,#10408);
#10407 = CARTESIAN_POINT('',(564.,1.01E+03,488.48010776226));
#10408 = VECTOR('',#10409,1.);
#10409 = DIRECTION('',(1.,0.,0.));
#10410 = ORIENTED_EDGE('',*,*,#10240,.F.);
#10411 = ORIENTED_EDGE('',*,*,#10412,.F.);
#10412 = EDGE_CURVE('',#10413,#10241,#10415,.T.);
#10413 = VERTEX_POINT('',#10414);
#10414 = CARTESIAN_POINT('',(570.,989.2,488.48010776226));
#10415 = LINE('',#10416,#10417);
#10416 = CARTESIAN_POINT('',(564.,989.2,488.48010776226));
#10417 = VECTOR('',#10418,1.);
#10418 = DIRECTION('',(-1.,0.,0.));
#10419 = ORIENTED_EDGE('',*,*,#10420,.F.);
#10420 = EDGE_CURVE('',#10421,#10413,#10423,.T.);
#10421 = VERTEX_POINT('',#10422);
#10422 = CARTESIAN_POINT('',(570.,970.8,488.48010776226));
#10423 = LINE('',#10424,#10425);
#10424 = CARTESIAN_POINT('',(570.,960.4,488.48010776226));
#10425 = VECTOR('',#10426,1.);
#10426 = DIRECTION('',(0.,1.,0.));
#10427 = ORIENTED_EDGE('',*,*,#10428,.T.);
#10428 = EDGE_CURVE('',#10421,#10209,#10429,.T.);
#10429 = LINE('',#10430,#10431);
#10430 = CARTESIAN_POINT('',(564.,970.8,488.48010776226));
#10431 = VECTOR('',#10432,1.);
#10432 = DIRECTION('',(-1.,0.,0.));
#10433 = PLANE('',#10434);
#10434 = AXIS2_PLACEMENT_3D('',#10435,#10436,#10437);
#10435 = CARTESIAN_POINT('',(564.,950.,488.48010776226));
#10436 = DIRECTION('',(0.,0.,1.));
#10437 = DIRECTION('',(1.,0.,0.));
#10438 = ADVANCED_FACE('',(#10439),#10457,.F.);
#10439 = FACE_BOUND('',#10440,.F.);
#10440 = EDGE_LOOP('',(#10441,#10449,#10450,#10451));
#10441 = ORIENTED_EDGE('',*,*,#10442,.F.);
#10442 = EDGE_CURVE('',#10217,#10443,#10445,.T.);
#10443 = VERTEX_POINT('',#10444);
#10444 = CARTESIAN_POINT('',(582.,950.,343.48010776226));
#10445 = LINE('',#10446,#10447);
#10446 = CARTESIAN_POINT('',(564.,950.,343.48010776226));
#10447 = VECTOR('',#10448,1.);
#10448 = DIRECTION('',(1.,0.,0.));
#10449 = ORIENTED_EDGE('',*,*,#10216,.T.);
#10450 = ORIENTED_EDGE('',*,*,#10389,.T.);
#10451 = ORIENTED_EDGE('',*,*,#10452,.F.);
#10452 = EDGE_CURVE('',#10443,#10390,#10453,.T.);
#10453 = LINE('',#10454,#10455);
#10454 = CARTESIAN_POINT('',(582.,950.,343.48010776226));
#10455 = VECTOR('',#10456,1.);
#10456 = DIRECTION('',(0.,0.,1.));
#10457 = PLANE('',#10458);
#10458 = AXIS2_PLACEMENT_3D('',#10459,#10460,#10461);
#10459 = CARTESIAN_POINT('',(564.,950.,343.48010776226));
#10460 = DIRECTION('',(0.,1.,0.));
#10461 = DIRECTION('',(0.,0.,1.));
#10462 = ADVANCED_FACE('',(#10463),#10481,.T.);
#10463 = FACE_BOUND('',#10464,.T.);
#10464 = EDGE_LOOP('',(#10465,#10473,#10474,#10475));
#10465 = ORIENTED_EDGE('',*,*,#10466,.F.);
#10466 = EDGE_CURVE('',#10257,#10467,#10469,.T.);
#10467 = VERTEX_POINT('',#10468);
#10468 = CARTESIAN_POINT('',(570.,970.8,363.48010776226));
#10469 = LINE('',#10470,#10471);
#10470 = CARTESIAN_POINT('',(564.,970.8,363.48010776226));
#10471 = VECTOR('',#10472,1.);
#10472 = DIRECTION('',(1.,0.,0.));
#10473 = ORIENTED_EDGE('',*,*,#10264,.T.);
#10474 = ORIENTED_EDGE('',*,*,#10428,.F.);
#10475 = ORIENTED_EDGE('',*,*,#10476,.F.);
#10476 = EDGE_CURVE('',#10467,#10421,#10477,.T.);
#10477 = LINE('',#10478,#10479);
#10478 = CARTESIAN_POINT('',(570.,970.8,363.48010776226));
#10479 = VECTOR('',#10480,1.);
#10480 = DIRECTION('',(0.,0.,1.));
#10481 = PLANE('',#10482);
#10482 = AXIS2_PLACEMENT_3D('',#10483,#10484,#10485);
#10483 = CARTESIAN_POINT('',(564.,970.8,363.48010776226));
#10484 = DIRECTION('',(0.,1.,0.));
#10485 = DIRECTION('',(0.,0.,1.));
#10486 = ADVANCED_FACE('',(#10487),#10505,.F.);
#10487 = FACE_BOUND('',#10488,.F.);
#10488 = EDGE_LOOP('',(#10489,#10490,#10491,#10499));
#10489 = ORIENTED_EDGE('',*,*,#10224,.F.);
#10490 = ORIENTED_EDGE('',*,*,#10442,.T.);
#10491 = ORIENTED_EDGE('',*,*,#10492,.T.);
#10492 = EDGE_CURVE('',#10443,#10493,#10495,.T.);
#10493 = VERTEX_POINT('',#10494);
#10494 = CARTESIAN_POINT('',(582.,1.01E+03,343.48010776226));
#10495 = LINE('',#10496,#10497);
#10496 = CARTESIAN_POINT('',(582.,950.,343.48010776226));
#10497 = VECTOR('',#10498,1.);
#10498 = DIRECTION('',(0.,1.,0.));
#10499 = ORIENTED_EDGE('',*,*,#10500,.F.);
#10500 = EDGE_CURVE('',#10225,#10493,#10501,.T.);
#10501 = LINE('',#10502,#10503);
#10502 = CARTESIAN_POINT('',(564.,1.01E+03,343.48010776226));
#10503 = VECTOR('',#10504,1.);
#10504 = DIRECTION('',(1.,0.,0.));
#10505 = PLANE('',#10506);
#10506 = AXIS2_PLACEMENT_3D('',#10507,#10508,#10509);
#10507 = CARTESIAN_POINT('',(564.,950.,343.48010776226));
#10508 = DIRECTION('',(0.,0.,1.));
#10509 = DIRECTION('',(1.,0.,0.));
#10510 = ADVANCED_FACE('',(#10511),#10529,.T.);
#10511 = FACE_BOUND('',#10512,.T.);
#10512 = EDGE_LOOP('',(#10513,#10514,#10515,#10523));
#10513 = ORIENTED_EDGE('',*,*,#10256,.F.);
#10514 = ORIENTED_EDGE('',*,*,#10466,.T.);
#10515 = ORIENTED_EDGE('',*,*,#10516,.T.);
#10516 = EDGE_CURVE('',#10467,#10517,#10519,.T.);
#10517 = VERTEX_POINT('',#10518);
#10518 = CARTESIAN_POINT('',(570.,989.2,363.48010776226));
#10519 = LINE('',#10520,#10521);
#10520 = CARTESIAN_POINT('',(570.,970.8,363.48010776226));
#10521 = VECTOR('',#10522,1.);
#10522 = DIRECTION('',(0.,1.,0.));
#10523 = ORIENTED_EDGE('',*,*,#10524,.F.);
#10524 = EDGE_CURVE('',#10249,#10517,#10525,.T.);
#10525 = LINE('',#10526,#10527);
#10526 = CARTESIAN_POINT('',(564.,989.2,363.48010776226));
#10527 = VECTOR('',#10528,1.);
#10528 = DIRECTION('',(1.,0.,0.));
#10529 = PLANE('',#10530);
#10530 = AXIS2_PLACEMENT_3D('',#10531,#10532,#10533);
#10531 = CARTESIAN_POINT('',(564.,970.8,363.48010776226));
#10532 = DIRECTION('',(0.,0.,1.));
#10533 = DIRECTION('',(1.,0.,0.));
#10534 = ADVANCED_FACE('',(#10535),#10546,.T.);
#10535 = FACE_BOUND('',#10536,.T.);
#10536 = EDGE_LOOP('',(#10537,#10538,#10539,#10540));
#10537 = ORIENTED_EDGE('',*,*,#10500,.F.);
#10538 = ORIENTED_EDGE('',*,*,#10232,.T.);
#10539 = ORIENTED_EDGE('',*,*,#10405,.T.);
#10540 = ORIENTED_EDGE('',*,*,#10541,.F.);
#10541 = EDGE_CURVE('',#10493,#10398,#10542,.T.);
#10542 = LINE('',#10543,#10544);
#10543 = CARTESIAN_POINT('',(582.,1.01E+03,343.48010776226));
#10544 = VECTOR('',#10545,1.);
#10545 = DIRECTION('',(0.,0.,1.));
#10546 = PLANE('',#10547);
#10547 = AXIS2_PLACEMENT_3D('',#10548,#10549,#10550);
#10548 = CARTESIAN_POINT('',(564.,1.01E+03,343.48010776226));
#10549 = DIRECTION('',(0.,1.,0.));
#10550 = DIRECTION('',(0.,0.,1.));
#10551 = ADVANCED_FACE('',(#10552),#10563,.F.);
#10552 = FACE_BOUND('',#10553,.F.);
#10553 = EDGE_LOOP('',(#10554,#10555,#10556,#10557));
#10554 = ORIENTED_EDGE('',*,*,#10524,.F.);
#10555 = ORIENTED_EDGE('',*,*,#10248,.T.);
#10556 = ORIENTED_EDGE('',*,*,#10412,.F.);
#10557 = ORIENTED_EDGE('',*,*,#10558,.F.);
#10558 = EDGE_CURVE('',#10517,#10413,#10559,.T.);
#10559 = LINE('',#10560,#10561);
#10560 = CARTESIAN_POINT('',(570.,989.2,363.48010776226));
#10561 = VECTOR('',#10562,1.);
#10562 = DIRECTION('',(0.,0.,1.));
#10563 = PLANE('',#10564);
#10564 = AXIS2_PLACEMENT_3D('',#10565,#10566,#10567);
#10565 = CARTESIAN_POINT('',(564.,989.2,363.48010776226));
#10566 = DIRECTION('',(0.,1.,0.));
#10567 = DIRECTION('',(0.,0.,1.));
#10568 = ADVANCED_FACE('',(#10569),#10588,.F.);
#10569 = FACE_BOUND('',#10570,.F.);
#10570 = EDGE_LOOP('',(#10571,#10580,#10586,#10587));
#10571 = ORIENTED_EDGE('',*,*,#10572,.F.);
#10572 = EDGE_CURVE('',#10573,#10573,#10575,.T.);
#10573 = VERTEX_POINT('',#10574);
#10574 = CARTESIAN_POINT('',(582.,1.E+03,359.23010776226));
#10575 = CIRCLE('',#10576,2.75);
#10576 = AXIS2_PLACEMENT_3D('',#10577,#10578,#10579);
#10577 = CARTESIAN_POINT('',(582.,1.E+03,356.48010776226));
#10578 = DIRECTION('',(1.,0.,-0.));
#10579 = DIRECTION('',(0.,0.,1.));
#10580 = ORIENTED_EDGE('',*,*,#10581,.F.);
#10581 = EDGE_CURVE('',#10273,#10573,#10582,.T.);
#10582 = LINE('',#10583,#10584);
#10583 = CARTESIAN_POINT('',(563.,1.E+03,359.23010776226));
#10584 = VECTOR('',#10585,1.);
#10585 = DIRECTION('',(1.,0.,0.));
#10586 = ORIENTED_EDGE('',*,*,#10272,.T.);
#10587 = ORIENTED_EDGE('',*,*,#10581,.T.);
#10588 = CYLINDRICAL_SURFACE('',#10589,2.75);
#10589 = AXIS2_PLACEMENT_3D('',#10590,#10591,#10592);
#10590 = CARTESIAN_POINT('',(563.,1.E+03,356.48010776226));
#10591 = DIRECTION('',(1.,0.,0.));
#10592 = DIRECTION('',(0.,0.,1.));
#10593 = ADVANCED_FACE('',(#10594),#10613,.F.);
#10594 = FACE_BOUND('',#10595,.F.);
#10595 = EDGE_LOOP('',(#10596,#10605,#10611,#10612));
#10596 = ORIENTED_EDGE('',*,*,#10597,.F.);
#10597 = EDGE_CURVE('',#10598,#10598,#10600,.T.);
#10598 = VERTEX_POINT('',#10599);
#10599 = CARTESIAN_POINT('',(582.,1.E+03,369.23010776226));
#10600 = CIRCLE('',#10601,2.75);
#10601 = AXIS2_PLACEMENT_3D('',#10602,#10603,#10604);
#10602 = CARTESIAN_POINT('',(582.,1.E+03,366.48010776226));
#10603 = DIRECTION('',(1.,0.,-0.));
#10604 = DIRECTION('',(0.,0.,1.));
#10605 = ORIENTED_EDGE('',*,*,#10606,.F.);
#10606 = EDGE_CURVE('',#10284,#10598,#10607,.T.);
#10607 = LINE('',#10608,#10609);
#10608 = CARTESIAN_POINT('',(563.,1.E+03,369.23010776226));
#10609 = VECTOR('',#10610,1.);
#10610 = DIRECTION('',(1.,0.,0.));
#10611 = ORIENTED_EDGE('',*,*,#10283,.T.);
#10612 = ORIENTED_EDGE('',*,*,#10606,.T.);
#10613 = CYLINDRICAL_SURFACE('',#10614,2.75);
#10614 = AXIS2_PLACEMENT_3D('',#10615,#10616,#10617);
#10615 = CARTESIAN_POINT('',(563.,1.E+03,366.48010776226));
#10616 = DIRECTION('',(1.,0.,0.));
#10617 = DIRECTION('',(0.,0.,1.));
#10618 = ADVANCED_FACE('',(#10619),#10638,.F.);
#10619 = FACE_BOUND('',#10620,.F.);
#10620 = EDGE_LOOP('',(#10621,#10630,#10636,#10637));
#10621 = ORIENTED_EDGE('',*,*,#10622,.F.);
#10622 = EDGE_CURVE('',#10623,#10623,#10625,.T.);
#10623 = VERTEX_POINT('',#10624);
#10624 = CARTESIAN_POINT('',(582.,1.E+03,379.23010776226));
#10625 = CIRCLE('',#10626,2.75);
#10626 = AXIS2_PLACEMENT_3D('',#10627,#10628,#10629);
#10627 = CARTESIAN_POINT('',(582.,1.E+03,376.48010776226));
#10628 = DIRECTION('',(1.,0.,-0.));
#10629 = DIRECTION('',(0.,0.,1.));
#10630 = ORIENTED_EDGE('',*,*,#10631,.F.);
#10631 = EDGE_CURVE('',#10295,#10623,#10632,.T.);
#10632 = LINE('',#10633,#10634);
#10633 = CARTESIAN_POINT('',(563.,1.E+03,379.23010776226));
#10634 = VECTOR('',#10635,1.);
#10635 = DIRECTION('',(1.,0.,0.));
#10636 = ORIENTED_EDGE('',*,*,#10294,.T.);
#10637 = ORIENTED_EDGE('',*,*,#10631,.T.);
#10638 = CYLINDRICAL_SURFACE('',#10639,2.75);
#10639 = AXIS2_PLACEMENT_3D('',#10640,#10641,#10642);
#10640 = CARTESIAN_POINT('',(563.,1.E+03,376.48010776226));
#10641 = DIRECTION('',(1.,0.,0.));
#10642 = DIRECTION('',(0.,0.,1.));
#10643 = ADVANCED_FACE('',(#10644),#10663,.F.);
#10644 = FACE_BOUND('',#10645,.F.);
#10645 = EDGE_LOOP('',(#10646,#10655,#10661,#10662));
#10646 = ORIENTED_EDGE('',*,*,#10647,.F.);
#10647 = EDGE_CURVE('',#10648,#10648,#10650,.T.);
#10648 = VERTEX_POINT('',#10649);
#10649 = CARTESIAN_POINT('',(582.,1.002E+03,411.23010776226));
#10650 = CIRCLE('',#10651,2.75);
#10651 = AXIS2_PLACEMENT_3D('',#10652,#10653,#10654);
#10652 = CARTESIAN_POINT('',(582.,1.002E+03,408.48010776226));
#10653 = DIRECTION('',(1.,0.,-0.));
#10654 = DIRECTION('',(0.,0.,1.));
#10655 = ORIENTED_EDGE('',*,*,#10656,.F.);
#10656 = EDGE_CURVE('',#10306,#10648,#10657,.T.);
#10657 = LINE('',#10658,#10659);
#10658 = CARTESIAN_POINT('',(563.,1.002E+03,411.23010776226));
#10659 = VECTOR('',#10660,1.);
#10660 = DIRECTION('',(1.,0.,0.));
#10661 = ORIENTED_EDGE('',*,*,#10305,.T.);
#10662 = ORIENTED_EDGE('',*,*,#10656,.T.);
#10663 = CYLINDRICAL_SURFACE('',#10664,2.75);
#10664 = AXIS2_PLACEMENT_3D('',#10665,#10666,#10667);
#10665 = CARTESIAN_POINT('',(563.,1.002E+03,408.48010776226));
#10666 = DIRECTION('',(1.,0.,0.));
#10667 = DIRECTION('',(0.,0.,1.));
#10668 = ADVANCED_FACE('',(#10669),#10688,.F.);
#10669 = FACE_BOUND('',#10670,.F.);
#10670 = EDGE_LOOP('',(#10671,#10680,#10686,#10687));
#10671 = ORIENTED_EDGE('',*,*,#10672,.F.);
#10672 = EDGE_CURVE('',#10673,#10673,#10675,.T.);
#10673 = VERTEX_POINT('',#10674);
#10674 = CARTESIAN_POINT('',(582.,1.002E+03,466.23010776226));
#10675 = CIRCLE('',#10676,2.75);
#10676 = AXIS2_PLACEMENT_3D('',#10677,#10678,#10679);
#10677 = CARTESIAN_POINT('',(582.,1.002E+03,463.48010776226));
#10678 = DIRECTION('',(1.,0.,-0.));
#10679 = DIRECTION('',(0.,0.,1.));
#10680 = ORIENTED_EDGE('',*,*,#10681,.F.);
#10681 = EDGE_CURVE('',#10317,#10673,#10682,.T.);
#10682 = LINE('',#10683,#10684);
#10683 = CARTESIAN_POINT('',(563.,1.002E+03,466.23010776226));
#10684 = VECTOR('',#10685,1.);
#10685 = DIRECTION('',(1.,0.,0.));
#10686 = ORIENTED_EDGE('',*,*,#10316,.T.);
#10687 = ORIENTED_EDGE('',*,*,#10681,.T.);
#10688 = CYLINDRICAL_SURFACE('',#10689,2.75);
#10689 = AXIS2_PLACEMENT_3D('',#10690,#10691,#10692);
#10690 = CARTESIAN_POINT('',(563.,1.002E+03,463.48010776226));
#10691 = DIRECTION('',(1.,0.,0.));
#10692 = DIRECTION('',(0.,0.,1.));
#10693 = ADVANCED_FACE('',(#10694),#10713,.F.);
#10694 = FACE_BOUND('',#10695,.F.);
#10695 = EDGE_LOOP('',(#10696,#10705,#10711,#10712));
#10696 = ORIENTED_EDGE('',*,*,#10697,.F.);
#10697 = EDGE_CURVE('',#10698,#10698,#10700,.T.);
#10698 = VERTEX_POINT('',#10699);
#10699 = CARTESIAN_POINT('',(582.,960.,359.23010776226));
#10700 = CIRCLE('',#10701,2.75);
#10701 = AXIS2_PLACEMENT_3D('',#10702,#10703,#10704);
#10702 = CARTESIAN_POINT('',(582.,960.,356.48010776226));
#10703 = DIRECTION('',(1.,0.,-0.));
#10704 = DIRECTION('',(0.,0.,1.));
#10705 = ORIENTED_EDGE('',*,*,#10706,.F.);
#10706 = EDGE_CURVE('',#10328,#10698,#10707,.T.);
#10707 = LINE('',#10708,#10709);
#10708 = CARTESIAN_POINT('',(563.,960.,359.23010776226));
#10709 = VECTOR('',#10710,1.);
#10710 = DIRECTION('',(1.,0.,0.));
#10711 = ORIENTED_EDGE('',*,*,#10327,.T.);
#10712 = ORIENTED_EDGE('',*,*,#10706,.T.);
#10713 = CYLINDRICAL_SURFACE('',#10714,2.75);
#10714 = AXIS2_PLACEMENT_3D('',#10715,#10716,#10717);
#10715 = CARTESIAN_POINT('',(563.,960.,356.48010776226));
#10716 = DIRECTION('',(1.,0.,0.));
#10717 = DIRECTION('',(0.,0.,1.));
#10718 = ADVANCED_FACE('',(#10719),#10738,.F.);
#10719 = FACE_BOUND('',#10720,.F.);
#10720 = EDGE_LOOP('',(#10721,#10730,#10736,#10737));
#10721 = ORIENTED_EDGE('',*,*,#10722,.F.);
#10722 = EDGE_CURVE('',#10723,#10723,#10725,.T.);
#10723 = VERTEX_POINT('',#10724);
#10724 = CARTESIAN_POINT('',(582.,960.,369.23010776226));
#10725 = CIRCLE('',#10726,2.75);
#10726 = AXIS2_PLACEMENT_3D('',#10727,#10728,#10729);
#10727 = CARTESIAN_POINT('',(582.,960.,366.48010776226));
#10728 = DIRECTION('',(1.,0.,-0.));
#10729 = DIRECTION('',(0.,0.,1.));
#10730 = ORIENTED_EDGE('',*,*,#10731,.F.);
#10731 = EDGE_CURVE('',#10339,#10723,#10732,.T.);
#10732 = LINE('',#10733,#10734);
#10733 = CARTESIAN_POINT('',(563.,960.,369.23010776226));
#10734 = VECTOR('',#10735,1.);
#10735 = DIRECTION('',(1.,0.,0.));
#10736 = ORIENTED_EDGE('',*,*,#10338,.T.);
#10737 = ORIENTED_EDGE('',*,*,#10731,.T.);
#10738 = CYLINDRICAL_SURFACE('',#10739,2.75);
#10739 = AXIS2_PLACEMENT_3D('',#10740,#10741,#10742);
#10740 = CARTESIAN_POINT('',(563.,960.,366.48010776226));
#10741 = DIRECTION('',(1.,0.,0.));
#10742 = DIRECTION('',(0.,0.,1.));
#10743 = ADVANCED_FACE('',(#10744),#10763,.F.);
#10744 = FACE_BOUND('',#10745,.F.);
#10745 = EDGE_LOOP('',(#10746,#10755,#10761,#10762));
#10746 = ORIENTED_EDGE('',*,*,#10747,.F.);
#10747 = EDGE_CURVE('',#10748,#10748,#10750,.T.);
#10748 = VERTEX_POINT('',#10749);
#10749 = CARTESIAN_POINT('',(582.,960.,379.23010776226));
#10750 = CIRCLE('',#10751,2.75);
#10751 = AXIS2_PLACEMENT_3D('',#10752,#10753,#10754);
#10752 = CARTESIAN_POINT('',(582.,960.,376.48010776226));
#10753 = DIRECTION('',(1.,0.,-0.));
#10754 = DIRECTION('',(0.,0.,1.));
#10755 = ORIENTED_EDGE('',*,*,#10756,.F.);
#10756 = EDGE_CURVE('',#10350,#10748,#10757,.T.);
#10757 = LINE('',#10758,#10759);
#10758 = CARTESIAN_POINT('',(563.,960.,379.23010776226));
#10759 = VECTOR('',#10760,1.);
#10760 = DIRECTION('',(1.,0.,0.));
#10761 = ORIENTED_EDGE('',*,*,#10349,.T.);
#10762 = ORIENTED_EDGE('',*,*,#10756,.T.);
#10763 = CYLINDRICAL_SURFACE('',#10764,2.75);
#10764 = AXIS2_PLACEMENT_3D('',#10765,#10766,#10767);
#10765 = CARTESIAN_POINT('',(563.,960.,376.48010776226));
#10766 = DIRECTION('',(1.,0.,0.));
#10767 = DIRECTION('',(0.,0.,1.));
#10768 = ADVANCED_FACE('',(#10769),#10788,.F.);
#10769 = FACE_BOUND('',#10770,.F.);
#10770 = EDGE_LOOP('',(#10771,#10780,#10786,#10787));
#10771 = ORIENTED_EDGE('',*,*,#10772,.F.);
#10772 = EDGE_CURVE('',#10773,#10773,#10775,.T.);
#10773 = VERTEX_POINT('',#10774);
#10774 = CARTESIAN_POINT('',(582.,958.,411.23010776226));
#10775 = CIRCLE('',#10776,2.75);
#10776 = AXIS2_PLACEMENT_3D('',#10777,#10778,#10779);
#10777 = CARTESIAN_POINT('',(582.,958.,408.48010776226));
#10778 = DIRECTION('',(1.,0.,-0.));
#10779 = DIRECTION('',(0.,0.,1.));
#10780 = ORIENTED_EDGE('',*,*,#10781,.F.);
#10781 = EDGE_CURVE('',#10361,#10773,#10782,.T.);
#10782 = LINE('',#10783,#10784);
#10783 = CARTESIAN_POINT('',(563.,958.,411.23010776226));
#10784 = VECTOR('',#10785,1.);
#10785 = DIRECTION('',(1.,0.,0.));
#10786 = ORIENTED_EDGE('',*,*,#10360,.T.);
#10787 = ORIENTED_EDGE('',*,*,#10781,.T.);
#10788 = CYLINDRICAL_SURFACE('',#10789,2.75);
#10789 = AXIS2_PLACEMENT_3D('',#10790,#10791,#10792);
#10790 = CARTESIAN_POINT('',(563.,958.,408.48010776226));
#10791 = DIRECTION('',(1.,0.,0.));
#10792 = DIRECTION('',(0.,0.,1.));
#10793 = ADVANCED_FACE('',(#10794),#10813,.F.);
#10794 = FACE_BOUND('',#10795,.F.);
#10795 = EDGE_LOOP('',(#10796,#10805,#10811,#10812));
#10796 = ORIENTED_EDGE('',*,*,#10797,.F.);
#10797 = EDGE_CURVE('',#10798,#10798,#10800,.T.);
#10798 = VERTEX_POINT('',#10799);
#10799 = CARTESIAN_POINT('',(582.,958.,466.23010776226));
#10800 = CIRCLE('',#10801,2.75);
#10801 = AXIS2_PLACEMENT_3D('',#10802,#10803,#10804);
#10802 = CARTESIAN_POINT('',(582.,958.,463.48010776226));
#10803 = DIRECTION('',(1.,0.,-0.));
#10804 = DIRECTION('',(0.,0.,1.));
#10805 = ORIENTED_EDGE('',*,*,#10806,.F.);
#10806 = EDGE_CURVE('',#10372,#10798,#10807,.T.);
#10807 = LINE('',#10808,#10809);
#10808 = CARTESIAN_POINT('',(563.,958.,466.23010776226));
#10809 = VECTOR('',#10810,1.);
#10810 = DIRECTION('',(1.,0.,0.));
#10811 = ORIENTED_EDGE('',*,*,#10371,.T.);
#10812 = ORIENTED_EDGE('',*,*,#10806,.T.);
#10813 = CYLINDRICAL_SURFACE('',#10814,2.75);
#10814 = AXIS2_PLACEMENT_3D('',#10815,#10816,#10817);
#10815 = CARTESIAN_POINT('',(563.,958.,463.48010776226));
#10816 = DIRECTION('',(1.,0.,0.));
#10817 = DIRECTION('',(0.,0.,1.));
#10818 = ADVANCED_FACE('',(#10819),#10825,.F.);
#10819 = FACE_BOUND('',#10820,.F.);
#10820 = EDGE_LOOP('',(#10821,#10822,#10823,#10824));
#10821 = ORIENTED_EDGE('',*,*,#10476,.F.);
#10822 = ORIENTED_EDGE('',*,*,#10516,.T.);
#10823 = ORIENTED_EDGE('',*,*,#10558,.T.);
#10824 = ORIENTED_EDGE('',*,*,#10420,.F.);
#10825 = PLANE('',#10826);
#10826 = AXIS2_PLACEMENT_3D('',#10827,#10828,#10829);
#10827 = CARTESIAN_POINT('',(570.,970.8,363.48010776226));
#10828 = DIRECTION('',(1.,0.,0.));
#10829 = DIRECTION('',(0.,0.,1.));
#10830 = ADVANCED_FACE('',(#10831,#10837,#10840,#10843,#10846,#10849,
    #10852,#10855,#10858,#10861,#10864),#10867,.T.);
#10831 = FACE_BOUND('',#10832,.T.);
#10832 = EDGE_LOOP('',(#10833,#10834,#10835,#10836));
#10833 = ORIENTED_EDGE('',*,*,#10452,.F.);
#10834 = ORIENTED_EDGE('',*,*,#10492,.T.);
#10835 = ORIENTED_EDGE('',*,*,#10541,.T.);
#10836 = ORIENTED_EDGE('',*,*,#10397,.F.);
#10837 = FACE_BOUND('',#10838,.T.);
#10838 = EDGE_LOOP('',(#10839));
#10839 = ORIENTED_EDGE('',*,*,#10572,.F.);
#10840 = FACE_BOUND('',#10841,.T.);
#10841 = EDGE_LOOP('',(#10842));
#10842 = ORIENTED_EDGE('',*,*,#10597,.F.);
#10843 = FACE_BOUND('',#10844,.T.);
#10844 = EDGE_LOOP('',(#10845));
#10845 = ORIENTED_EDGE('',*,*,#10622,.F.);
#10846 = FACE_BOUND('',#10847,.T.);
#10847 = EDGE_LOOP('',(#10848));
#10848 = ORIENTED_EDGE('',*,*,#10647,.F.);
#10849 = FACE_BOUND('',#10850,.T.);
#10850 = EDGE_LOOP('',(#10851));
#10851 = ORIENTED_EDGE('',*,*,#10672,.F.);
#10852 = FACE_BOUND('',#10853,.T.);
#10853 = EDGE_LOOP('',(#10854));
#10854 = ORIENTED_EDGE('',*,*,#10697,.F.);
#10855 = FACE_BOUND('',#10856,.T.);
#10856 = EDGE_LOOP('',(#10857));
#10857 = ORIENTED_EDGE('',*,*,#10722,.F.);
#10858 = FACE_BOUND('',#10859,.T.);
#10859 = EDGE_LOOP('',(#10860));
#10860 = ORIENTED_EDGE('',*,*,#10747,.F.);
#10861 = FACE_BOUND('',#10862,.T.);
#10862 = EDGE_LOOP('',(#10863));
#10863 = ORIENTED_EDGE('',*,*,#10772,.F.);
#10864 = FACE_BOUND('',#10865,.T.);
#10865 = EDGE_LOOP('',(#10866));
#10866 = ORIENTED_EDGE('',*,*,#10797,.F.);
#10867 = PLANE('',#10868);
#10868 = AXIS2_PLACEMENT_3D('',#10869,#10870,#10871);
#10869 = CARTESIAN_POINT('',(582.,950.,343.48010776226));
#10870 = DIRECTION('',(1.,0.,0.));
#10871 = DIRECTION('',(0.,0.,1.));
#10872 = MANIFOLD_SOLID_BREP('',#10873);
#10873 = CLOSED_SHELL('',(#10874,#10914,#10961,#10985,#11025,#11042,
    #11081,#11098,#11132,#11149));
#10874 = ADVANCED_FACE('',(#10875),#10909,.F.);
#10875 = FACE_BOUND('',#10876,.F.);
#10876 = EDGE_LOOP('',(#10877,#10887,#10895,#10903));
#10877 = ORIENTED_EDGE('',*,*,#10878,.F.);
#10878 = EDGE_CURVE('',#10879,#10881,#10883,.T.);
#10879 = VERTEX_POINT('',#10880);
#10880 = CARTESIAN_POINT('',(524.,955.,385.48010776226));
#10881 = VERTEX_POINT('',#10882);
#10882 = CARTESIAN_POINT('',(524.,955.,388.48010776226));
#10883 = LINE('',#10884,#10885);
#10884 = CARTESIAN_POINT('',(524.,955.,385.48010776226));
#10885 = VECTOR('',#10886,1.);
#10886 = DIRECTION('',(0.,0.,1.));
#10887 = ORIENTED_EDGE('',*,*,#10888,.T.);
#10888 = EDGE_CURVE('',#10879,#10889,#10891,.T.);
#10889 = VERTEX_POINT('',#10890);
#10890 = CARTESIAN_POINT('',(524.,1.005E+03,385.48010776226));
#10891 = LINE('',#10892,#10893);
#10892 = CARTESIAN_POINT('',(524.,955.,385.48010776226));
#10893 = VECTOR('',#10894,1.);
#10894 = DIRECTION('',(0.,1.,0.));
#10895 = ORIENTED_EDGE('',*,*,#10896,.T.);
#10896 = EDGE_CURVE('',#10889,#10897,#10899,.T.);
#10897 = VERTEX_POINT('',#10898);
#10898 = CARTESIAN_POINT('',(524.,1.005E+03,388.48010776226));
#10899 = LINE('',#10900,#10901);
#10900 = CARTESIAN_POINT('',(524.,1.005E+03,385.48010776226));
#10901 = VECTOR('',#10902,1.);
#10902 = DIRECTION('',(0.,0.,1.));
#10903 = ORIENTED_EDGE('',*,*,#10904,.F.);
#10904 = EDGE_CURVE('',#10881,#10897,#10905,.T.);
#10905 = LINE('',#10906,#10907);
#10906 = CARTESIAN_POINT('',(524.,955.,388.48010776226));
#10907 = VECTOR('',#10908,1.);
#10908 = DIRECTION('',(0.,1.,0.));
#10909 = PLANE('',#10910);
#10910 = AXIS2_PLACEMENT_3D('',#10911,#10912,#10913);
#10911 = CARTESIAN_POINT('',(524.,955.,385.48010776226));
#10912 = DIRECTION('',(1.,0.,0.));
#10913 = DIRECTION('',(0.,0.,1.));
#10914 = ADVANCED_FACE('',(#10915),#10956,.T.);
#10915 = FACE_BOUND('',#10916,.T.);
#10916 = EDGE_LOOP('',(#10917,#10925,#10933,#10941,#10949,#10955));
#10917 = ORIENTED_EDGE('',*,*,#10918,.T.);
#10918 = EDGE_CURVE('',#10879,#10919,#10921,.T.);
#10919 = VERTEX_POINT('',#10920);
#10920 = CARTESIAN_POINT('',(561.,955.,385.48010776226));
#10921 = LINE('',#10922,#10923);
#10922 = CARTESIAN_POINT('',(524.,955.,385.48010776226));
#10923 = VECTOR('',#10924,1.);
#10924 = DIRECTION('',(1.,0.,0.));
#10925 = ORIENTED_EDGE('',*,*,#10926,.F.);
#10926 = EDGE_CURVE('',#10927,#10919,#10929,.T.);
#10927 = VERTEX_POINT('',#10928);
#10928 = CARTESIAN_POINT('',(561.,955.,348.48010776226));
#10929 = LINE('',#10930,#10931);
#10930 = CARTESIAN_POINT('',(561.,955.,348.48010776226));
#10931 = VECTOR('',#10932,1.);
#10932 = DIRECTION('',(0.,0.,1.));
#10933 = ORIENTED_EDGE('',*,*,#10934,.T.);
#10934 = EDGE_CURVE('',#10927,#10935,#10937,.T.);
#10935 = VERTEX_POINT('',#10936);
#10936 = CARTESIAN_POINT('',(564.,955.,348.48010776226));
#10937 = LINE('',#10938,#10939);
#10938 = CARTESIAN_POINT('',(561.,955.,348.48010776226));
#10939 = VECTOR('',#10940,1.);
#10940 = DIRECTION('',(1.,0.,0.));
#10941 = ORIENTED_EDGE('',*,*,#10942,.T.);
#10942 = EDGE_CURVE('',#10935,#10943,#10945,.T.);
#10943 = VERTEX_POINT('',#10944);
#10944 = CARTESIAN_POINT('',(564.,955.,388.48010776226));
#10945 = LINE('',#10946,#10947);
#10946 = CARTESIAN_POINT('',(564.,955.,348.48010776226));
#10947 = VECTOR('',#10948,1.);
#10948 = DIRECTION('',(0.,0.,1.));
#10949 = ORIENTED_EDGE('',*,*,#10950,.F.);
#10950 = EDGE_CURVE('',#10881,#10943,#10951,.T.);
#10951 = LINE('',#10952,#10953);
#10952 = CARTESIAN_POINT('',(524.,955.,388.48010776226));
#10953 = VECTOR('',#10954,1.);
#10954 = DIRECTION('',(1.,0.,0.));
#10955 = ORIENTED_EDGE('',*,*,#10878,.F.);
#10956 = PLANE('',#10957);
#10957 = AXIS2_PLACEMENT_3D('',#10958,#10959,#10960);
#10958 = CARTESIAN_POINT('',(552.55625,955.,377.03635776226));
#10959 = DIRECTION('',(-0.,-1.,-0.));
#10960 = DIRECTION('',(0.,0.,-1.));
#10961 = ADVANCED_FACE('',(#10962),#10980,.T.);
#10962 = FACE_BOUND('',#10963,.T.);
#10963 = EDGE_LOOP('',(#10964,#10965,#10966,#10974));
#10964 = ORIENTED_EDGE('',*,*,#10904,.F.);
#10965 = ORIENTED_EDGE('',*,*,#10950,.T.);
#10966 = ORIENTED_EDGE('',*,*,#10967,.T.);
#10967 = EDGE_CURVE('',#10943,#10968,#10970,.T.);
#10968 = VERTEX_POINT('',#10969);
#10969 = CARTESIAN_POINT('',(564.,1.005E+03,388.48010776226));
#10970 = LINE('',#10971,#10972);
#10971 = CARTESIAN_POINT('',(564.,955.,388.48010776226));
#10972 = VECTOR('',#10973,1.);
#10973 = DIRECTION('',(0.,1.,0.));
#10974 = ORIENTED_EDGE('',*,*,#10975,.F.);
#10975 = EDGE_CURVE('',#10897,#10968,#10976,.T.);
#10976 = LINE('',#10977,#10978);
#10977 = CARTESIAN_POINT('',(524.,1.005E+03,388.48010776226));
#10978 = VECTOR('',#10979,1.);
#10979 = DIRECTION('',(1.,0.,0.));
#10980 = PLANE('',#10981);
#10981 = AXIS2_PLACEMENT_3D('',#10982,#10983,#10984);
#10982 = CARTESIAN_POINT('',(524.,955.,388.48010776226));
#10983 = DIRECTION('',(0.,0.,1.));
#10984 = DIRECTION('',(1.,0.,0.));
#10985 = ADVANCED_FACE('',(#10986),#11020,.T.);
#10986 = FACE_BOUND('',#10987,.T.);
#10987 = EDGE_LOOP('',(#10988,#10996,#10997,#10998,#11006,#11014));
#10988 = ORIENTED_EDGE('',*,*,#10989,.F.);
#10989 = EDGE_CURVE('',#10889,#10990,#10992,.T.);
#10990 = VERTEX_POINT('',#10991);
#10991 = CARTESIAN_POINT('',(561.,1.005E+03,385.48010776226));
#10992 = LINE('',#10993,#10994);
#10993 = CARTESIAN_POINT('',(524.,1.005E+03,385.48010776226));
#10994 = VECTOR('',#10995,1.);
#10995 = DIRECTION('',(1.,0.,0.));
#10996 = ORIENTED_EDGE('',*,*,#10896,.T.);
#10997 = ORIENTED_EDGE('',*,*,#10975,.T.);
#10998 = ORIENTED_EDGE('',*,*,#10999,.F.);
#10999 = EDGE_CURVE('',#11000,#10968,#11002,.T.);
#11000 = VERTEX_POINT('',#11001);
#11001 = CARTESIAN_POINT('',(564.,1.005E+03,348.48010776226));
#11002 = LINE('',#11003,#11004);
#11003 = CARTESIAN_POINT('',(564.,1.005E+03,385.48010776226));
#11004 = VECTOR('',#11005,1.);
#11005 = DIRECTION('',(0.,0.,1.));
#11006 = ORIENTED_EDGE('',*,*,#11007,.F.);
#11007 = EDGE_CURVE('',#11008,#11000,#11010,.T.);
#11008 = VERTEX_POINT('',#11009);
#11009 = CARTESIAN_POINT('',(561.,1.005E+03,348.48010776226));
#11010 = LINE('',#11011,#11012);
#11011 = CARTESIAN_POINT('',(561.,1.005E+03,348.48010776226));
#11012 = VECTOR('',#11013,1.);
#11013 = DIRECTION('',(1.,0.,0.));
#11014 = ORIENTED_EDGE('',*,*,#11015,.T.);
#11015 = EDGE_CURVE('',#11008,#10990,#11016,.T.);
#11016 = LINE('',#11017,#11018);
#11017 = CARTESIAN_POINT('',(561.,1.005E+03,348.48010776226));
#11018 = VECTOR('',#11019,1.);
#11019 = DIRECTION('',(0.,0.,1.));
#11020 = PLANE('',#11021);
#11021 = AXIS2_PLACEMENT_3D('',#11022,#11023,#11024);
#11022 = CARTESIAN_POINT('',(552.55625,1.005E+03,377.03635776226));
#11023 = DIRECTION('',(0.,1.,0.));
#11024 = DIRECTION('',(0.,0.,1.));
#11025 = ADVANCED_FACE('',(#11026),#11037,.F.);
#11026 = FACE_BOUND('',#11027,.F.);
#11027 = EDGE_LOOP('',(#11028,#11029,#11030,#11031));
#11028 = ORIENTED_EDGE('',*,*,#10989,.F.);
#11029 = ORIENTED_EDGE('',*,*,#10888,.F.);
#11030 = ORIENTED_EDGE('',*,*,#10918,.T.);
#11031 = ORIENTED_EDGE('',*,*,#11032,.T.);
#11032 = EDGE_CURVE('',#10919,#10990,#11033,.T.);
#11033 = LINE('',#11034,#11035);
#11034 = CARTESIAN_POINT('',(561.,955.,385.48010776226));
#11035 = VECTOR('',#11036,1.);
#11036 = DIRECTION('',(0.,1.,0.));
#11037 = PLANE('',#11038);
#11038 = AXIS2_PLACEMENT_3D('',#11039,#11040,#11041);
#11039 = CARTESIAN_POINT('',(524.,955.,385.48010776226));
#11040 = DIRECTION('',(0.,0.,1.));
#11041 = DIRECTION('',(1.,0.,0.));
#11042 = ADVANCED_FACE('',(#11043,#11054,#11065),#11076,.F.);
#11043 = FACE_BOUND('',#11044,.F.);
#11044 = EDGE_LOOP('',(#11045,#11046,#11052,#11053));
#11045 = ORIENTED_EDGE('',*,*,#10926,.F.);
#11046 = ORIENTED_EDGE('',*,*,#11047,.T.);
#11047 = EDGE_CURVE('',#10927,#11008,#11048,.T.);
#11048 = LINE('',#11049,#11050);
#11049 = CARTESIAN_POINT('',(561.,955.,348.48010776226));
#11050 = VECTOR('',#11051,1.);
#11051 = DIRECTION('',(0.,1.,0.));
#11052 = ORIENTED_EDGE('',*,*,#11015,.T.);
#11053 = ORIENTED_EDGE('',*,*,#11032,.F.);
#11054 = FACE_BOUND('',#11055,.F.);
#11055 = EDGE_LOOP('',(#11056));
#11056 = ORIENTED_EDGE('',*,*,#11057,.F.);
#11057 = EDGE_CURVE('',#11058,#11058,#11060,.T.);
#11058 = VERTEX_POINT('',#11059);
#11059 = CARTESIAN_POINT('',(561.,1.E+03,369.23010776226));
#11060 = CIRCLE('',#11061,2.75);
#11061 = AXIS2_PLACEMENT_3D('',#11062,#11063,#11064);
#11062 = CARTESIAN_POINT('',(561.,1.E+03,366.48010776226));
#11063 = DIRECTION('',(1.,0.,-0.));
#11064 = DIRECTION('',(0.,0.,1.));
#11065 = FACE_BOUND('',#11066,.F.);
#11066 = EDGE_LOOP('',(#11067));
#11067 = ORIENTED_EDGE('',*,*,#11068,.F.);
#11068 = EDGE_CURVE('',#11069,#11069,#11071,.T.);
#11069 = VERTEX_POINT('',#11070);
#11070 = CARTESIAN_POINT('',(561.,960.,369.23010776226));
#11071 = CIRCLE('',#11072,2.75);
#11072 = AXIS2_PLACEMENT_3D('',#11073,#11074,#11075);
#11073 = CARTESIAN_POINT('',(561.,960.,366.48010776226));
#11074 = DIRECTION('',(1.,0.,-0.));
#11075 = DIRECTION('',(0.,0.,1.));
#11076 = PLANE('',#11077);
#11077 = AXIS2_PLACEMENT_3D('',#11078,#11079,#11080);
#11078 = CARTESIAN_POINT('',(561.,955.,348.48010776226));
#11079 = DIRECTION('',(1.,0.,0.));
#11080 = DIRECTION('',(0.,0.,1.));
#11081 = ADVANCED_FACE('',(#11082),#11093,.F.);
#11082 = FACE_BOUND('',#11083,.F.);
#11083 = EDGE_LOOP('',(#11084,#11085,#11086,#11092));
#11084 = ORIENTED_EDGE('',*,*,#11047,.F.);
#11085 = ORIENTED_EDGE('',*,*,#10934,.T.);
#11086 = ORIENTED_EDGE('',*,*,#11087,.T.);
#11087 = EDGE_CURVE('',#10935,#11000,#11088,.T.);
#11088 = LINE('',#11089,#11090);
#11089 = CARTESIAN_POINT('',(564.,955.,348.48010776226));
#11090 = VECTOR('',#11091,1.);
#11091 = DIRECTION('',(0.,1.,0.));
#11092 = ORIENTED_EDGE('',*,*,#11007,.F.);
#11093 = PLANE('',#11094);
#11094 = AXIS2_PLACEMENT_3D('',#11095,#11096,#11097);
#11095 = CARTESIAN_POINT('',(561.,955.,348.48010776226));
#11096 = DIRECTION('',(0.,0.,1.));
#11097 = DIRECTION('',(1.,0.,0.));
#11098 = ADVANCED_FACE('',(#11099,#11105,#11116),#11127,.T.);
#11099 = FACE_BOUND('',#11100,.T.);
#11100 = EDGE_LOOP('',(#11101,#11102,#11103,#11104));
#11101 = ORIENTED_EDGE('',*,*,#10942,.F.);
#11102 = ORIENTED_EDGE('',*,*,#11087,.T.);
#11103 = ORIENTED_EDGE('',*,*,#10999,.T.);
#11104 = ORIENTED_EDGE('',*,*,#10967,.F.);
#11105 = FACE_BOUND('',#11106,.T.);
#11106 = EDGE_LOOP('',(#11107));
#11107 = ORIENTED_EDGE('',*,*,#11108,.F.);
#11108 = EDGE_CURVE('',#11109,#11109,#11111,.T.);
#11109 = VERTEX_POINT('',#11110);
#11110 = CARTESIAN_POINT('',(564.,1.E+03,369.23010776226));
#11111 = CIRCLE('',#11112,2.75);
#11112 = AXIS2_PLACEMENT_3D('',#11113,#11114,#11115);
#11113 = CARTESIAN_POINT('',(564.,1.E+03,366.48010776226));
#11114 = DIRECTION('',(1.,0.,-0.));
#11115 = DIRECTION('',(0.,0.,1.));
#11116 = FACE_BOUND('',#11117,.T.);
#11117 = EDGE_LOOP('',(#11118));
#11118 = ORIENTED_EDGE('',*,*,#11119,.F.);
#11119 = EDGE_CURVE('',#11120,#11120,#11122,.T.);
#11120 = VERTEX_POINT('',#11121);
#11121 = CARTESIAN_POINT('',(564.,960.,369.23010776226));
#11122 = CIRCLE('',#11123,2.75);
#11123 = AXIS2_PLACEMENT_3D('',#11124,#11125,#11126);
#11124 = CARTESIAN_POINT('',(564.,960.,366.48010776226));
#11125 = DIRECTION('',(1.,0.,-0.));
#11126 = DIRECTION('',(0.,0.,1.));
#11127 = PLANE('',#11128);
#11128 = AXIS2_PLACEMENT_3D('',#11129,#11130,#11131);
#11129 = CARTESIAN_POINT('',(564.,980.,368.48010776226));
#11130 = DIRECTION('',(1.,0.,0.));
#11131 = DIRECTION('',(0.,0.,1.));
#11132 = ADVANCED_FACE('',(#11133),#11144,.F.);
#11133 = FACE_BOUND('',#11134,.F.);
#11134 = EDGE_LOOP('',(#11135,#11136,#11142,#11143));
#11135 = ORIENTED_EDGE('',*,*,#11108,.F.);
#11136 = ORIENTED_EDGE('',*,*,#11137,.F.);
#11137 = EDGE_CURVE('',#11058,#11109,#11138,.T.);
#11138 = LINE('',#11139,#11140);
#11139 = CARTESIAN_POINT('',(560.,1.E+03,369.23010776226));
#11140 = VECTOR('',#11141,1.);
#11141 = DIRECTION('',(1.,0.,0.));
#11142 = ORIENTED_EDGE('',*,*,#11057,.T.);
#11143 = ORIENTED_EDGE('',*,*,#11137,.T.);
#11144 = CYLINDRICAL_SURFACE('',#11145,2.75);
#11145 = AXIS2_PLACEMENT_3D('',#11146,#11147,#11148);
#11146 = CARTESIAN_POINT('',(560.,1.E+03,366.48010776226));
#11147 = DIRECTION('',(1.,0.,0.));
#11148 = DIRECTION('',(0.,0.,1.));
#11149 = ADVANCED_FACE('',(#11150),#11161,.F.);
#11150 = FACE_BOUND('',#11151,.F.);
#11151 = EDGE_LOOP('',(#11152,#11153,#11159,#11160));
#11152 = ORIENTED_EDGE('',*,*,#11119,.F.);
#11153 = ORIENTED_EDGE('',*,*,#11154,.F.);
#11154 = EDGE_CURVE('',#11069,#11120,#11155,.T.);
#11155 = LINE('',#11156,#11157);
#11156 = CARTESIAN_POINT('',(560.,960.,369.23010776226));
#11157 = VECTOR('',#11158,1.);
#11158 = DIRECTION('',(1.,0.,0.));
#11159 = ORIENTED_EDGE('',*,*,#11068,.T.);
#11160 = ORIENTED_EDGE('',*,*,#11154,.T.);
#11161 = CYLINDRICAL_SURFACE('',#11162,2.75);
#11162 = AXIS2_PLACEMENT_3D('',#11163,#11164,#11165);
#11163 = CARTESIAN_POINT('',(560.,960.,366.48010776226));
#11164 = DIRECTION('',(1.,0.,0.));
#11165 = DIRECTION('',(0.,0.,1.));
#11166 = MANIFOLD_SOLID_BREP('',#11167);
#11167 = CLOSED_SHELL('',(#11168,#11208,#11248,#11270,#11292,#11304));
#11168 = ADVANCED_FACE('',(#11169),#11203,.F.);
#11169 = FACE_BOUND('',#11170,.F.);
#11170 = EDGE_LOOP('',(#11171,#11181,#11189,#11197));
#11171 = ORIENTED_EDGE('',*,*,#11172,.F.);
#11172 = EDGE_CURVE('',#11173,#11175,#11177,.T.);
#11173 = VERTEX_POINT('',#11174);
#11174 = CARTESIAN_POINT('',(55.,110.2989339972,316.58865398149));
#11175 = VERTEX_POINT('',#11176);
#11176 = CARTESIAN_POINT('',(55.,107.20214620437,334.32026150496));
#11177 = LINE('',#11178,#11179);
#11178 = CARTESIAN_POINT('',(55.,110.2989339972,316.58865398149));
#11179 = VECTOR('',#11180,1.);
#11180 = DIRECTION('',(0.,-0.172043766268,0.985089306859));
#11181 = ORIENTED_EDGE('',*,*,#11182,.T.);
#11182 = EDGE_CURVE('',#11173,#11183,#11185,.T.);
#11183 = VERTEX_POINT('',#11184);
#11184 = CARTESIAN_POINT('',(55.,1.036282882445E+03,478.30979427375));
#11185 = LINE('',#11186,#11187);
#11186 = CARTESIAN_POINT('',(55.,110.2989339972,316.58865398149));
#11187 = VECTOR('',#11188,1.);
#11188 = DIRECTION('',(0.,0.985089306859,0.172043766268));
#11189 = ORIENTED_EDGE('',*,*,#11190,.T.);
#11190 = EDGE_CURVE('',#11183,#11191,#11193,.T.);
#11191 = VERTEX_POINT('',#11192);
#11192 = CARTESIAN_POINT('',(55.,1.033186094652E+03,496.04140179721));
#11193 = LINE('',#11194,#11195);
#11194 = CARTESIAN_POINT('',(55.,1.036282882445E+03,478.30979427375));
#11195 = VECTOR('',#11196,1.);
#11196 = DIRECTION('',(0.,-0.172043766268,0.985089306859));
#11197 = ORIENTED_EDGE('',*,*,#11198,.F.);
#11198 = EDGE_CURVE('',#11175,#11191,#11199,.T.);
#11199 = LINE('',#11200,#11201);
#11200 = CARTESIAN_POINT('',(55.,107.20214620437,334.32026150496));
#11201 = VECTOR('',#11202,1.);
#11202 = DIRECTION('',(0.,0.985089306859,0.172043766268));
#11203 = PLANE('',#11204);
#11204 = AXIS2_PLACEMENT_3D('',#11205,#11206,#11207);
#11205 = CARTESIAN_POINT('',(55.,110.2989339972,316.58865398149));
#11206 = DIRECTION('',(1.,0.,0.));
#11207 = DIRECTION('',(0.,-0.172043766268,0.985089306859));
#11208 = ADVANCED_FACE('',(#11209),#11243,.T.);
#11209 = FACE_BOUND('',#11210,.T.);
#11210 = EDGE_LOOP('',(#11211,#11221,#11229,#11237));
#11211 = ORIENTED_EDGE('',*,*,#11212,.F.);
#11212 = EDGE_CURVE('',#11213,#11215,#11217,.T.);
#11213 = VERTEX_POINT('',#11214);
#11214 = CARTESIAN_POINT('',(85.,110.2989339972,316.58865398149));
#11215 = VERTEX_POINT('',#11216);
#11216 = CARTESIAN_POINT('',(85.,107.20214620437,334.32026150496));
#11217 = LINE('',#11218,#11219);
#11218 = CARTESIAN_POINT('',(85.,110.2989339972,316.58865398149));
#11219 = VECTOR('',#11220,1.);
#11220 = DIRECTION('',(0.,-0.172043766268,0.985089306859));
#11221 = ORIENTED_EDGE('',*,*,#11222,.T.);
#11222 = EDGE_CURVE('',#11213,#11223,#11225,.T.);
#11223 = VERTEX_POINT('',#11224);
#11224 = CARTESIAN_POINT('',(85.,1.036282882445E+03,478.30979427375));
#11225 = LINE('',#11226,#11227);
#11226 = CARTESIAN_POINT('',(85.,110.2989339972,316.58865398149));
#11227 = VECTOR('',#11228,1.);
#11228 = DIRECTION('',(0.,0.985089306859,0.172043766268));
#11229 = ORIENTED_EDGE('',*,*,#11230,.T.);
#11230 = EDGE_CURVE('',#11223,#11231,#11233,.T.);
#11231 = VERTEX_POINT('',#11232);
#11232 = CARTESIAN_POINT('',(85.,1.033186094652E+03,496.04140179721));
#11233 = LINE('',#11234,#11235);
#11234 = CARTESIAN_POINT('',(85.,1.036282882445E+03,478.30979427375));
#11235 = VECTOR('',#11236,1.);
#11236 = DIRECTION('',(0.,-0.172043766268,0.985089306859));
#11237 = ORIENTED_EDGE('',*,*,#11238,.F.);
#11238 = EDGE_CURVE('',#11215,#11231,#11239,.T.);
#11239 = LINE('',#11240,#11241);
#11240 = CARTESIAN_POINT('',(85.,107.20214620437,334.32026150496));
#11241 = VECTOR('',#11242,1.);
#11242 = DIRECTION('',(0.,0.985089306859,0.172043766268));
#11243 = PLANE('',#11244);
#11244 = AXIS2_PLACEMENT_3D('',#11245,#11246,#11247);
#11245 = CARTESIAN_POINT('',(85.,110.2989339972,316.58865398149));
#11246 = DIRECTION('',(1.,0.,0.));
#11247 = DIRECTION('',(0.,-0.172043766268,0.985089306859));
#11248 = ADVANCED_FACE('',(#11249),#11265,.F.);
#11249 = FACE_BOUND('',#11250,.F.);
#11250 = EDGE_LOOP('',(#11251,#11257,#11258,#11264));
#11251 = ORIENTED_EDGE('',*,*,#11252,.F.);
#11252 = EDGE_CURVE('',#11173,#11213,#11253,.T.);
#11253 = LINE('',#11254,#11255);
#11254 = CARTESIAN_POINT('',(55.,110.2989339972,316.58865398149));
#11255 = VECTOR('',#11256,1.);
#11256 = DIRECTION('',(1.,0.,0.));
#11257 = ORIENTED_EDGE('',*,*,#11172,.T.);
#11258 = ORIENTED_EDGE('',*,*,#11259,.T.);
#11259 = EDGE_CURVE('',#11175,#11215,#11260,.T.);
#11260 = LINE('',#11261,#11262);
#11261 = CARTESIAN_POINT('',(55.,107.20214620437,334.32026150496));
#11262 = VECTOR('',#11263,1.);
#11263 = DIRECTION('',(1.,0.,0.));
#11264 = ORIENTED_EDGE('',*,*,#11212,.F.);
#11265 = PLANE('',#11266);
#11266 = AXIS2_PLACEMENT_3D('',#11267,#11268,#11269);
#11267 = CARTESIAN_POINT('',(55.,110.2989339972,316.58865398149));
#11268 = DIRECTION('',(0.,0.985089306859,0.172043766268));
#11269 = DIRECTION('',(0.,-0.172043766268,0.985089306859));
#11270 = ADVANCED_FACE('',(#11271),#11287,.T.);
#11271 = FACE_BOUND('',#11272,.T.);
#11272 = EDGE_LOOP('',(#11273,#11279,#11280,#11286));
#11273 = ORIENTED_EDGE('',*,*,#11274,.F.);
#11274 = EDGE_CURVE('',#11183,#11223,#11275,.T.);
#11275 = LINE('',#11276,#11277);
#11276 = CARTESIAN_POINT('',(55.,1.036282882445E+03,478.30979427375));
#11277 = VECTOR('',#11278,1.);
#11278 = DIRECTION('',(1.,0.,0.));
#11279 = ORIENTED_EDGE('',*,*,#11190,.T.);
#11280 = ORIENTED_EDGE('',*,*,#11281,.T.);
#11281 = EDGE_CURVE('',#11191,#11231,#11282,.T.);
#11282 = LINE('',#11283,#11284);
#11283 = CARTESIAN_POINT('',(55.,1.033186094652E+03,496.04140179721));
#11284 = VECTOR('',#11285,1.);
#11285 = DIRECTION('',(1.,0.,0.));
#11286 = ORIENTED_EDGE('',*,*,#11230,.F.);
#11287 = PLANE('',#11288);
#11288 = AXIS2_PLACEMENT_3D('',#11289,#11290,#11291);
#11289 = CARTESIAN_POINT('',(55.,1.036282882445E+03,478.30979427375));
#11290 = DIRECTION('',(0.,0.985089306859,0.172043766268));
#11291 = DIRECTION('',(0.,-0.172043766268,0.985089306859));
#11292 = ADVANCED_FACE('',(#11293),#11299,.F.);
#11293 = FACE_BOUND('',#11294,.F.);
#11294 = EDGE_LOOP('',(#11295,#11296,#11297,#11298));
#11295 = ORIENTED_EDGE('',*,*,#11182,.F.);
#11296 = ORIENTED_EDGE('',*,*,#11252,.T.);
#11297 = ORIENTED_EDGE('',*,*,#11222,.T.);
#11298 = ORIENTED_EDGE('',*,*,#11274,.F.);
#11299 = PLANE('',#11300);
#11300 = AXIS2_PLACEMENT_3D('',#11301,#11302,#11303);
#11301 = CARTESIAN_POINT('',(55.,110.2989339972,316.58865398149));
#11302 = DIRECTION('',(0.,-0.172043766268,0.985089306859));
#11303 = DIRECTION('',(1.,0.,0.));
#11304 = ADVANCED_FACE('',(#11305),#11311,.T.);
#11305 = FACE_BOUND('',#11306,.T.);
#11306 = EDGE_LOOP('',(#11307,#11308,#11309,#11310));
#11307 = ORIENTED_EDGE('',*,*,#11198,.F.);
#11308 = ORIENTED_EDGE('',*,*,#11259,.T.);
#11309 = ORIENTED_EDGE('',*,*,#11238,.T.);
#11310 = ORIENTED_EDGE('',*,*,#11281,.F.);
#11311 = PLANE('',#11312);
#11312 = AXIS2_PLACEMENT_3D('',#11313,#11314,#11315);
#11313 = CARTESIAN_POINT('',(55.,107.20214620437,334.32026150496));
#11314 = DIRECTION('',(0.,-0.172043766268,0.985089306859));
#11315 = DIRECTION('',(1.,0.,0.));
#11316 = MANIFOLD_SOLID_BREP('',#11317);
#11317 = CLOSED_SHELL('',(#11318,#11358,#11398,#11420,#11442,#11454));
#11318 = ADVANCED_FACE('',(#11319),#11353,.F.);
#11319 = FACE_BOUND('',#11320,.F.);
#11320 = EDGE_LOOP('',(#11321,#11331,#11339,#11347));
#11321 = ORIENTED_EDGE('',*,*,#11322,.F.);
#11322 = EDGE_CURVE('',#11323,#11325,#11327,.T.);
#11323 = VERTEX_POINT('',#11324);
#11324 = CARTESIAN_POINT('',(515.,110.2989339972,316.58865398149));
#11325 = VERTEX_POINT('',#11326);
#11326 = CARTESIAN_POINT('',(515.,107.20214620437,334.32026150496));
#11327 = LINE('',#11328,#11329);
#11328 = CARTESIAN_POINT('',(515.,110.2989339972,316.58865398149));
#11329 = VECTOR('',#11330,1.);
#11330 = DIRECTION('',(0.,-0.172043766268,0.985089306859));
#11331 = ORIENTED_EDGE('',*,*,#11332,.T.);
#11332 = EDGE_CURVE('',#11323,#11333,#11335,.T.);
#11333 = VERTEX_POINT('',#11334);
#11334 = CARTESIAN_POINT('',(515.,1.036282882445E+03,478.30979427375));
#11335 = LINE('',#11336,#11337);
#11336 = CARTESIAN_POINT('',(515.,110.2989339972,316.58865398149));
#11337 = VECTOR('',#11338,1.);
#11338 = DIRECTION('',(0.,0.985089306859,0.172043766268));
#11339 = ORIENTED_EDGE('',*,*,#11340,.T.);
#11340 = EDGE_CURVE('',#11333,#11341,#11343,.T.);
#11341 = VERTEX_POINT('',#11342);
#11342 = CARTESIAN_POINT('',(515.,1.033186094652E+03,496.04140179721));
#11343 = LINE('',#11344,#11345);
#11344 = CARTESIAN_POINT('',(515.,1.036282882445E+03,478.30979427375));
#11345 = VECTOR('',#11346,1.);
#11346 = DIRECTION('',(0.,-0.172043766268,0.985089306859));
#11347 = ORIENTED_EDGE('',*,*,#11348,.F.);
#11348 = EDGE_CURVE('',#11325,#11341,#11349,.T.);
#11349 = LINE('',#11350,#11351);
#11350 = CARTESIAN_POINT('',(515.,107.20214620437,334.32026150496));
#11351 = VECTOR('',#11352,1.);
#11352 = DIRECTION('',(0.,0.985089306859,0.172043766268));
#11353 = PLANE('',#11354);
#11354 = AXIS2_PLACEMENT_3D('',#11355,#11356,#11357);
#11355 = CARTESIAN_POINT('',(515.,110.2989339972,316.58865398149));
#11356 = DIRECTION('',(1.,0.,0.));
#11357 = DIRECTION('',(0.,-0.172043766268,0.985089306859));
#11358 = ADVANCED_FACE('',(#11359),#11393,.T.);
#11359 = FACE_BOUND('',#11360,.T.);
#11360 = EDGE_LOOP('',(#11361,#11371,#11379,#11387));
#11361 = ORIENTED_EDGE('',*,*,#11362,.F.);
#11362 = EDGE_CURVE('',#11363,#11365,#11367,.T.);
#11363 = VERTEX_POINT('',#11364);
#11364 = CARTESIAN_POINT('',(545.,110.2989339972,316.58865398149));
#11365 = VERTEX_POINT('',#11366);
#11366 = CARTESIAN_POINT('',(545.,107.20214620437,334.32026150496));
#11367 = LINE('',#11368,#11369);
#11368 = CARTESIAN_POINT('',(545.,110.2989339972,316.58865398149));
#11369 = VECTOR('',#11370,1.);
#11370 = DIRECTION('',(0.,-0.172043766268,0.985089306859));
#11371 = ORIENTED_EDGE('',*,*,#11372,.T.);
#11372 = EDGE_CURVE('',#11363,#11373,#11375,.T.);
#11373 = VERTEX_POINT('',#11374);
#11374 = CARTESIAN_POINT('',(545.,1.036282882445E+03,478.30979427375));
#11375 = LINE('',#11376,#11377);
#11376 = CARTESIAN_POINT('',(545.,110.2989339972,316.58865398149));
#11377 = VECTOR('',#11378,1.);
#11378 = DIRECTION('',(0.,0.985089306859,0.172043766268));
#11379 = ORIENTED_EDGE('',*,*,#11380,.T.);
#11380 = EDGE_CURVE('',#11373,#11381,#11383,.T.);
#11381 = VERTEX_POINT('',#11382);
#11382 = CARTESIAN_POINT('',(545.,1.033186094652E+03,496.04140179721));
#11383 = LINE('',#11384,#11385);
#11384 = CARTESIAN_POINT('',(545.,1.036282882445E+03,478.30979427375));
#11385 = VECTOR('',#11386,1.);
#11386 = DIRECTION('',(0.,-0.172043766268,0.985089306859));
#11387 = ORIENTED_EDGE('',*,*,#11388,.F.);
#11388 = EDGE_CURVE('',#11365,#11381,#11389,.T.);
#11389 = LINE('',#11390,#11391);
#11390 = CARTESIAN_POINT('',(545.,107.20214620437,334.32026150496));
#11391 = VECTOR('',#11392,1.);
#11392 = DIRECTION('',(0.,0.985089306859,0.172043766268));
#11393 = PLANE('',#11394);
#11394 = AXIS2_PLACEMENT_3D('',#11395,#11396,#11397);
#11395 = CARTESIAN_POINT('',(545.,110.2989339972,316.58865398149));
#11396 = DIRECTION('',(1.,0.,0.));
#11397 = DIRECTION('',(0.,-0.172043766268,0.985089306859));
#11398 = ADVANCED_FACE('',(#11399),#11415,.F.);
#11399 = FACE_BOUND('',#11400,.F.);
#11400 = EDGE_LOOP('',(#11401,#11407,#11408,#11414));
#11401 = ORIENTED_EDGE('',*,*,#11402,.F.);
#11402 = EDGE_CURVE('',#11323,#11363,#11403,.T.);
#11403 = LINE('',#11404,#11405);
#11404 = CARTESIAN_POINT('',(515.,110.2989339972,316.58865398149));
#11405 = VECTOR('',#11406,1.);
#11406 = DIRECTION('',(1.,0.,0.));
#11407 = ORIENTED_EDGE('',*,*,#11322,.T.);
#11408 = ORIENTED_EDGE('',*,*,#11409,.T.);
#11409 = EDGE_CURVE('',#11325,#11365,#11410,.T.);
#11410 = LINE('',#11411,#11412);
#11411 = CARTESIAN_POINT('',(515.,107.20214620437,334.32026150496));
#11412 = VECTOR('',#11413,1.);
#11413 = DIRECTION('',(1.,0.,0.));
#11414 = ORIENTED_EDGE('',*,*,#11362,.F.);
#11415 = PLANE('',#11416);
#11416 = AXIS2_PLACEMENT_3D('',#11417,#11418,#11419);
#11417 = CARTESIAN_POINT('',(515.,110.2989339972,316.58865398149));
#11418 = DIRECTION('',(0.,0.985089306859,0.172043766268));
#11419 = DIRECTION('',(0.,-0.172043766268,0.985089306859));
#11420 = ADVANCED_FACE('',(#11421),#11437,.T.);
#11421 = FACE_BOUND('',#11422,.T.);
#11422 = EDGE_LOOP('',(#11423,#11429,#11430,#11436));
#11423 = ORIENTED_EDGE('',*,*,#11424,.F.);
#11424 = EDGE_CURVE('',#11333,#11373,#11425,.T.);
#11425 = LINE('',#11426,#11427);
#11426 = CARTESIAN_POINT('',(515.,1.036282882445E+03,478.30979427375));
#11427 = VECTOR('',#11428,1.);
#11428 = DIRECTION('',(1.,0.,0.));
#11429 = ORIENTED_EDGE('',*,*,#11340,.T.);
#11430 = ORIENTED_EDGE('',*,*,#11431,.T.);
#11431 = EDGE_CURVE('',#11341,#11381,#11432,.T.);
#11432 = LINE('',#11433,#11434);
#11433 = CARTESIAN_POINT('',(515.,1.033186094652E+03,496.04140179721));
#11434 = VECTOR('',#11435,1.);
#11435 = DIRECTION('',(1.,0.,0.));
#11436 = ORIENTED_EDGE('',*,*,#11380,.F.);
#11437 = PLANE('',#11438);
#11438 = AXIS2_PLACEMENT_3D('',#11439,#11440,#11441);
#11439 = CARTESIAN_POINT('',(515.,1.036282882445E+03,478.30979427375));
#11440 = DIRECTION('',(0.,0.985089306859,0.172043766268));
#11441 = DIRECTION('',(0.,-0.172043766268,0.985089306859));
#11442 = ADVANCED_FACE('',(#11443),#11449,.F.);
#11443 = FACE_BOUND('',#11444,.F.);
#11444 = EDGE_LOOP('',(#11445,#11446,#11447,#11448));
#11445 = ORIENTED_EDGE('',*,*,#11332,.F.);
#11446 = ORIENTED_EDGE('',*,*,#11402,.T.);
#11447 = ORIENTED_EDGE('',*,*,#11372,.T.);
#11448 = ORIENTED_EDGE('',*,*,#11424,.F.);
#11449 = PLANE('',#11450);
#11450 = AXIS2_PLACEMENT_3D('',#11451,#11452,#11453);
#11451 = CARTESIAN_POINT('',(515.,110.2989339972,316.58865398149));
#11452 = DIRECTION('',(0.,-0.172043766268,0.985089306859));
#11453 = DIRECTION('',(1.,0.,0.));
#11454 = ADVANCED_FACE('',(#11455),#11461,.T.);
#11455 = FACE_BOUND('',#11456,.T.);
#11456 = EDGE_LOOP('',(#11457,#11458,#11459,#11460));
#11457 = ORIENTED_EDGE('',*,*,#11348,.F.);
#11458 = ORIENTED_EDGE('',*,*,#11409,.T.);
#11459 = ORIENTED_EDGE('',*,*,#11388,.T.);
#11460 = ORIENTED_EDGE('',*,*,#11431,.F.);
#11461 = PLANE('',#11462);
#11462 = AXIS2_PLACEMENT_3D('',#11463,#11464,#11465);
#11463 = CARTESIAN_POINT('',(515.,107.20214620437,334.32026150496));
#11464 = DIRECTION('',(0.,-0.172043766268,0.985089306859));
#11465 = DIRECTION('',(1.,0.,0.));
#11466 = MANIFOLD_SOLID_BREP('',#11467);
#11467 = CLOSED_SHELL('',(#11468,#11508,#11548,#11570,#11592,#11604));
#11468 = ADVANCED_FACE('',(#11469),#11503,.F.);
#11469 = FACE_BOUND('',#11470,.F.);
#11470 = EDGE_LOOP('',(#11471,#11481,#11489,#11497));
#11471 = ORIENTED_EDGE('',*,*,#11472,.F.);
#11472 = EDGE_CURVE('',#11473,#11475,#11477,.T.);
#11473 = VERTEX_POINT('',#11474);
#11474 = CARTESIAN_POINT('',(55.,402.72893826211,385.93339138546));
#11475 = VERTEX_POINT('',#11476);
#11476 = CARTESIAN_POINT('',(55.,399.63215046928,403.66499890893));
#11477 = LINE('',#11478,#11479);
#11478 = CARTESIAN_POINT('',(55.,402.72893826211,385.93339138546));
#11479 = VECTOR('',#11480,1.);
#11480 = DIRECTION('',(0.,-0.172043766268,0.985089306859));
#11481 = ORIENTED_EDGE('',*,*,#11482,.T.);
#11482 = EDGE_CURVE('',#11473,#11483,#11485,.T.);
#11483 = VERTEX_POINT('',#11484);
#11484 = CARTESIAN_POINT('',(55.,649.00126497689,428.94433295255));
#11485 = LINE('',#11486,#11487);
#11486 = CARTESIAN_POINT('',(55.,402.72893826211,385.93339138546));
#11487 = VECTOR('',#11488,1.);
#11488 = DIRECTION('',(0.,0.985089306859,0.172043766268));
#11489 = ORIENTED_EDGE('',*,*,#11490,.T.);
#11490 = EDGE_CURVE('',#11483,#11491,#11493,.T.);
#11491 = VERTEX_POINT('',#11492);
#11492 = CARTESIAN_POINT('',(55.,645.90447718406,446.67594047602));
#11493 = LINE('',#11494,#11495);
#11494 = CARTESIAN_POINT('',(55.,649.00126497689,428.94433295255));
#11495 = VECTOR('',#11496,1.);
#11496 = DIRECTION('',(0.,-0.172043766268,0.985089306859));
#11497 = ORIENTED_EDGE('',*,*,#11498,.F.);
#11498 = EDGE_CURVE('',#11475,#11491,#11499,.T.);
#11499 = LINE('',#11500,#11501);
#11500 = CARTESIAN_POINT('',(55.,399.63215046928,403.66499890893));
#11501 = VECTOR('',#11502,1.);
#11502 = DIRECTION('',(0.,0.985089306859,0.172043766268));
#11503 = PLANE('',#11504);
#11504 = AXIS2_PLACEMENT_3D('',#11505,#11506,#11507);
#11505 = CARTESIAN_POINT('',(55.,402.72893826211,385.93339138546));
#11506 = DIRECTION('',(1.,0.,0.));
#11507 = DIRECTION('',(0.,-0.172043766268,0.985089306859));
#11508 = ADVANCED_FACE('',(#11509),#11543,.T.);
#11509 = FACE_BOUND('',#11510,.T.);
#11510 = EDGE_LOOP('',(#11511,#11521,#11529,#11537));
#11511 = ORIENTED_EDGE('',*,*,#11512,.F.);
#11512 = EDGE_CURVE('',#11513,#11515,#11517,.T.);
#11513 = VERTEX_POINT('',#11514);
#11514 = CARTESIAN_POINT('',(545.,402.72893826211,385.93339138546));
#11515 = VERTEX_POINT('',#11516);
#11516 = CARTESIAN_POINT('',(545.,399.63215046928,403.66499890893));
#11517 = LINE('',#11518,#11519);
#11518 = CARTESIAN_POINT('',(545.,402.72893826211,385.93339138546));
#11519 = VECTOR('',#11520,1.);
#11520 = DIRECTION('',(0.,-0.172043766268,0.985089306859));
#11521 = ORIENTED_EDGE('',*,*,#11522,.T.);
#11522 = EDGE_CURVE('',#11513,#11523,#11525,.T.);
#11523 = VERTEX_POINT('',#11524);
#11524 = CARTESIAN_POINT('',(545.,649.00126497689,428.94433295255));
#11525 = LINE('',#11526,#11527);
#11526 = CARTESIAN_POINT('',(545.,402.72893826211,385.93339138546));
#11527 = VECTOR('',#11528,1.);
#11528 = DIRECTION('',(0.,0.985089306859,0.172043766268));
#11529 = ORIENTED_EDGE('',*,*,#11530,.T.);
#11530 = EDGE_CURVE('',#11523,#11531,#11533,.T.);
#11531 = VERTEX_POINT('',#11532);
#11532 = CARTESIAN_POINT('',(545.,645.90447718406,446.67594047602));
#11533 = LINE('',#11534,#11535);
#11534 = CARTESIAN_POINT('',(545.,649.00126497689,428.94433295255));
#11535 = VECTOR('',#11536,1.);
#11536 = DIRECTION('',(0.,-0.172043766268,0.985089306859));
#11537 = ORIENTED_EDGE('',*,*,#11538,.F.);
#11538 = EDGE_CURVE('',#11515,#11531,#11539,.T.);
#11539 = LINE('',#11540,#11541);
#11540 = CARTESIAN_POINT('',(545.,399.63215046928,403.66499890893));
#11541 = VECTOR('',#11542,1.);
#11542 = DIRECTION('',(0.,0.985089306859,0.172043766268));
#11543 = PLANE('',#11544);
#11544 = AXIS2_PLACEMENT_3D('',#11545,#11546,#11547);
#11545 = CARTESIAN_POINT('',(545.,402.72893826211,385.93339138546));
#11546 = DIRECTION('',(1.,0.,0.));
#11547 = DIRECTION('',(0.,-0.172043766268,0.985089306859));
#11548 = ADVANCED_FACE('',(#11549),#11565,.F.);
#11549 = FACE_BOUND('',#11550,.F.);
#11550 = EDGE_LOOP('',(#11551,#11557,#11558,#11564));
#11551 = ORIENTED_EDGE('',*,*,#11552,.F.);
#11552 = EDGE_CURVE('',#11473,#11513,#11553,.T.);
#11553 = LINE('',#11554,#11555);
#11554 = CARTESIAN_POINT('',(55.,402.72893826211,385.93339138546));
#11555 = VECTOR('',#11556,1.);
#11556 = DIRECTION('',(1.,0.,0.));
#11557 = ORIENTED_EDGE('',*,*,#11472,.T.);
#11558 = ORIENTED_EDGE('',*,*,#11559,.T.);
#11559 = EDGE_CURVE('',#11475,#11515,#11560,.T.);
#11560 = LINE('',#11561,#11562);
#11561 = CARTESIAN_POINT('',(55.,399.63215046928,403.66499890893));
#11562 = VECTOR('',#11563,1.);
#11563 = DIRECTION('',(1.,0.,0.));
#11564 = ORIENTED_EDGE('',*,*,#11512,.F.);
#11565 = PLANE('',#11566);
#11566 = AXIS2_PLACEMENT_3D('',#11567,#11568,#11569);
#11567 = CARTESIAN_POINT('',(55.,402.72893826211,385.93339138546));
#11568 = DIRECTION('',(0.,0.985089306859,0.172043766268));
#11569 = DIRECTION('',(0.,-0.172043766268,0.985089306859));
#11570 = ADVANCED_FACE('',(#11571),#11587,.T.);
#11571 = FACE_BOUND('',#11572,.T.);
#11572 = EDGE_LOOP('',(#11573,#11579,#11580,#11586));
#11573 = ORIENTED_EDGE('',*,*,#11574,.F.);
#11574 = EDGE_CURVE('',#11483,#11523,#11575,.T.);
#11575 = LINE('',#11576,#11577);
#11576 = CARTESIAN_POINT('',(55.,649.00126497689,428.94433295255));
#11577 = VECTOR('',#11578,1.);
#11578 = DIRECTION('',(1.,0.,0.));
#11579 = ORIENTED_EDGE('',*,*,#11490,.T.);
#11580 = ORIENTED_EDGE('',*,*,#11581,.T.);
#11581 = EDGE_CURVE('',#11491,#11531,#11582,.T.);
#11582 = LINE('',#11583,#11584);
#11583 = CARTESIAN_POINT('',(55.,645.90447718406,446.67594047602));
#11584 = VECTOR('',#11585,1.);
#11585 = DIRECTION('',(1.,0.,0.));
#11586 = ORIENTED_EDGE('',*,*,#11530,.F.);
#11587 = PLANE('',#11588);
#11588 = AXIS2_PLACEMENT_3D('',#11589,#11590,#11591);
#11589 = CARTESIAN_POINT('',(55.,649.00126497689,428.94433295255));
#11590 = DIRECTION('',(0.,0.985089306859,0.172043766268));
#11591 = DIRECTION('',(0.,-0.172043766268,0.985089306859));
#11592 = ADVANCED_FACE('',(#11593),#11599,.F.);
#11593 = FACE_BOUND('',#11594,.F.);
#11594 = EDGE_LOOP('',(#11595,#11596,#11597,#11598));
#11595 = ORIENTED_EDGE('',*,*,#11482,.F.);
#11596 = ORIENTED_EDGE('',*,*,#11552,.T.);
#11597 = ORIENTED_EDGE('',*,*,#11522,.T.);
#11598 = ORIENTED_EDGE('',*,*,#11574,.F.);
#11599 = PLANE('',#11600);
#11600 = AXIS2_PLACEMENT_3D('',#11601,#11602,#11603);
#11601 = CARTESIAN_POINT('',(55.,402.72893826211,385.93339138546));
#11602 = DIRECTION('',(0.,-0.172043766268,0.985089306859));
#11603 = DIRECTION('',(1.,0.,0.));
#11604 = ADVANCED_FACE('',(#11605),#11611,.T.);
#11605 = FACE_BOUND('',#11606,.T.);
#11606 = EDGE_LOOP('',(#11607,#11608,#11609,#11610));
#11607 = ORIENTED_EDGE('',*,*,#11498,.F.);
#11608 = ORIENTED_EDGE('',*,*,#11559,.T.);
#11609 = ORIENTED_EDGE('',*,*,#11538,.T.);
#11610 = ORIENTED_EDGE('',*,*,#11581,.F.);
#11611 = PLANE('',#11612);
#11612 = AXIS2_PLACEMENT_3D('',#11613,#11614,#11615);
#11613 = CARTESIAN_POINT('',(55.,399.63215046928,403.66499890893));
#11614 = DIRECTION('',(0.,-0.172043766268,0.985089306859));
#11615 = DIRECTION('',(1.,0.,0.));
#11616 = MANIFOLD_SOLID_BREP('',#11617);
#11617 = CLOSED_SHELL('',(#11618,#11658,#11698,#11720,#11742,#11754));
#11618 = ADVANCED_FACE('',(#11619),#11653,.F.);
#11619 = FACE_BOUND('',#11620,.F.);
#11620 = EDGE_LOOP('',(#11621,#11631,#11639,#11647));
#11621 = ORIENTED_EDGE('',*,*,#11622,.F.);
#11622 = EDGE_CURVE('',#11623,#11625,#11627,.T.);
#11623 = VERTEX_POINT('',#11624);
#11624 = CARTESIAN_POINT('',(157.5,830.,36.));
#11625 = VERTEX_POINT('',#11626);
#11626 = CARTESIAN_POINT('',(157.5,830.,54.));
#11627 = LINE('',#11628,#11629);
#11628 = CARTESIAN_POINT('',(157.5,830.,36.));
#11629 = VECTOR('',#11630,1.);
#11630 = DIRECTION('',(0.,0.,1.));
#11631 = ORIENTED_EDGE('',*,*,#11632,.T.);
#11632 = EDGE_CURVE('',#11623,#11633,#11635,.T.);
#11633 = VERTEX_POINT('',#11634);
#11634 = CARTESIAN_POINT('',(157.5,1.29E+03,36.));
#11635 = LINE('',#11636,#11637);
#11636 = CARTESIAN_POINT('',(157.5,830.,36.));
#11637 = VECTOR('',#11638,1.);
#11638 = DIRECTION('',(0.,1.,0.));
#11639 = ORIENTED_EDGE('',*,*,#11640,.T.);
#11640 = EDGE_CURVE('',#11633,#11641,#11643,.T.);
#11641 = VERTEX_POINT('',#11642);
#11642 = CARTESIAN_POINT('',(157.5,1.29E+03,54.));
#11643 = LINE('',#11644,#11645);
#11644 = CARTESIAN_POINT('',(157.5,1.29E+03,36.));
#11645 = VECTOR('',#11646,1.);
#11646 = DIRECTION('',(0.,0.,1.));
#11647 = ORIENTED_EDGE('',*,*,#11648,.F.);
#11648 = EDGE_CURVE('',#11625,#11641,#11649,.T.);
#11649 = LINE('',#11650,#11651);
#11650 = CARTESIAN_POINT('',(157.5,830.,54.));
#11651 = VECTOR('',#11652,1.);
#11652 = DIRECTION('',(0.,1.,0.));
#11653 = PLANE('',#11654);
#11654 = AXIS2_PLACEMENT_3D('',#11655,#11656,#11657);
#11655 = CARTESIAN_POINT('',(157.5,830.,36.));
#11656 = DIRECTION('',(1.,0.,0.));
#11657 = DIRECTION('',(0.,0.,1.));
#11658 = ADVANCED_FACE('',(#11659),#11693,.T.);
#11659 = FACE_BOUND('',#11660,.T.);
#11660 = EDGE_LOOP('',(#11661,#11671,#11679,#11687));
#11661 = ORIENTED_EDGE('',*,*,#11662,.F.);
#11662 = EDGE_CURVE('',#11663,#11665,#11667,.T.);
#11663 = VERTEX_POINT('',#11664);
#11664 = CARTESIAN_POINT('',(442.5,830.,36.));
#11665 = VERTEX_POINT('',#11666);
#11666 = CARTESIAN_POINT('',(442.5,830.,54.));
#11667 = LINE('',#11668,#11669);
#11668 = CARTESIAN_POINT('',(442.5,830.,36.));
#11669 = VECTOR('',#11670,1.);
#11670 = DIRECTION('',(0.,0.,1.));
#11671 = ORIENTED_EDGE('',*,*,#11672,.T.);
#11672 = EDGE_CURVE('',#11663,#11673,#11675,.T.);
#11673 = VERTEX_POINT('',#11674);
#11674 = CARTESIAN_POINT('',(442.5,1.29E+03,36.));
#11675 = LINE('',#11676,#11677);
#11676 = CARTESIAN_POINT('',(442.5,830.,36.));
#11677 = VECTOR('',#11678,1.);
#11678 = DIRECTION('',(0.,1.,0.));
#11679 = ORIENTED_EDGE('',*,*,#11680,.T.);
#11680 = EDGE_CURVE('',#11673,#11681,#11683,.T.);
#11681 = VERTEX_POINT('',#11682);
#11682 = CARTESIAN_POINT('',(442.5,1.29E+03,54.));
#11683 = LINE('',#11684,#11685);
#11684 = CARTESIAN_POINT('',(442.5,1.29E+03,36.));
#11685 = VECTOR('',#11686,1.);
#11686 = DIRECTION('',(0.,0.,1.));
#11687 = ORIENTED_EDGE('',*,*,#11688,.F.);
#11688 = EDGE_CURVE('',#11665,#11681,#11689,.T.);
#11689 = LINE('',#11690,#11691);
#11690 = CARTESIAN_POINT('',(442.5,830.,54.));
#11691 = VECTOR('',#11692,1.);
#11692 = DIRECTION('',(0.,1.,0.));
#11693 = PLANE('',#11694);
#11694 = AXIS2_PLACEMENT_3D('',#11695,#11696,#11697);
#11695 = CARTESIAN_POINT('',(442.5,830.,36.));
#11696 = DIRECTION('',(1.,0.,0.));
#11697 = DIRECTION('',(0.,0.,1.));
#11698 = ADVANCED_FACE('',(#11699),#11715,.F.);
#11699 = FACE_BOUND('',#11700,.F.);
#11700 = EDGE_LOOP('',(#11701,#11707,#11708,#11714));
#11701 = ORIENTED_EDGE('',*,*,#11702,.F.);
#11702 = EDGE_CURVE('',#11623,#11663,#11703,.T.);
#11703 = LINE('',#11704,#11705);
#11704 = CARTESIAN_POINT('',(157.5,830.,36.));
#11705 = VECTOR('',#11706,1.);
#11706 = DIRECTION('',(1.,0.,0.));
#11707 = ORIENTED_EDGE('',*,*,#11622,.T.);
#11708 = ORIENTED_EDGE('',*,*,#11709,.T.);
#11709 = EDGE_CURVE('',#11625,#11665,#11710,.T.);
#11710 = LINE('',#11711,#11712);
#11711 = CARTESIAN_POINT('',(157.5,830.,54.));
#11712 = VECTOR('',#11713,1.);
#11713 = DIRECTION('',(1.,0.,0.));
#11714 = ORIENTED_EDGE('',*,*,#11662,.F.);
#11715 = PLANE('',#11716);
#11716 = AXIS2_PLACEMENT_3D('',#11717,#11718,#11719);
#11717 = CARTESIAN_POINT('',(157.5,830.,36.));
#11718 = DIRECTION('',(0.,1.,0.));
#11719 = DIRECTION('',(0.,0.,1.));
#11720 = ADVANCED_FACE('',(#11721),#11737,.T.);
#11721 = FACE_BOUND('',#11722,.T.);
#11722 = EDGE_LOOP('',(#11723,#11729,#11730,#11736));
#11723 = ORIENTED_EDGE('',*,*,#11724,.F.);
#11724 = EDGE_CURVE('',#11633,#11673,#11725,.T.);
#11725 = LINE('',#11726,#11727);
#11726 = CARTESIAN_POINT('',(157.5,1.29E+03,36.));
#11727 = VECTOR('',#11728,1.);
#11728 = DIRECTION('',(1.,0.,0.));
#11729 = ORIENTED_EDGE('',*,*,#11640,.T.);
#11730 = ORIENTED_EDGE('',*,*,#11731,.T.);
#11731 = EDGE_CURVE('',#11641,#11681,#11732,.T.);
#11732 = LINE('',#11733,#11734);
#11733 = CARTESIAN_POINT('',(157.5,1.29E+03,54.));
#11734 = VECTOR('',#11735,1.);
#11735 = DIRECTION('',(1.,0.,0.));
#11736 = ORIENTED_EDGE('',*,*,#11680,.F.);
#11737 = PLANE('',#11738);
#11738 = AXIS2_PLACEMENT_3D('',#11739,#11740,#11741);
#11739 = CARTESIAN_POINT('',(157.5,1.29E+03,36.));
#11740 = DIRECTION('',(0.,1.,0.));
#11741 = DIRECTION('',(0.,0.,1.));
#11742 = ADVANCED_FACE('',(#11743),#11749,.F.);
#11743 = FACE_BOUND('',#11744,.F.);
#11744 = EDGE_LOOP('',(#11745,#11746,#11747,#11748));
#11745 = ORIENTED_EDGE('',*,*,#11632,.F.);
#11746 = ORIENTED_EDGE('',*,*,#11702,.T.);
#11747 = ORIENTED_EDGE('',*,*,#11672,.T.);
#11748 = ORIENTED_EDGE('',*,*,#11724,.F.);
#11749 = PLANE('',#11750);
#11750 = AXIS2_PLACEMENT_3D('',#11751,#11752,#11753);
#11751 = CARTESIAN_POINT('',(157.5,830.,36.));
#11752 = DIRECTION('',(0.,0.,1.));
#11753 = DIRECTION('',(1.,0.,0.));
#11754 = ADVANCED_FACE('',(#11755),#11761,.T.);
#11755 = FACE_BOUND('',#11756,.T.);
#11756 = EDGE_LOOP('',(#11757,#11758,#11759,#11760));
#11757 = ORIENTED_EDGE('',*,*,#11648,.F.);
#11758 = ORIENTED_EDGE('',*,*,#11709,.T.);
#11759 = ORIENTED_EDGE('',*,*,#11688,.T.);
#11760 = ORIENTED_EDGE('',*,*,#11731,.F.);
#11761 = PLANE('',#11762);
#11762 = AXIS2_PLACEMENT_3D('',#11763,#11764,#11765);
#11763 = CARTESIAN_POINT('',(157.5,830.,54.));
#11764 = DIRECTION('',(0.,0.,1.));
#11765 = DIRECTION('',(1.,0.,0.));
#11766 = MANIFOLD_SOLID_BREP('',#11767);
#11767 = CLOSED_SHELL('',(#11768,#11808,#11848,#11870,#11892,#11904));
#11768 = ADVANCED_FACE('',(#11769),#11803,.F.);
#11769 = FACE_BOUND('',#11770,.F.);
#11770 = EDGE_LOOP('',(#11771,#11781,#11789,#11797));
#11771 = ORIENTED_EDGE('',*,*,#11772,.F.);
#11772 = EDGE_CURVE('',#11773,#11775,#11777,.T.);
#11773 = VERTEX_POINT('',#11774);
#11774 = CARTESIAN_POINT('',(18.,1.127125E+03,578.9));
#11775 = VERTEX_POINT('',#11776);
#11776 = CARTESIAN_POINT('',(18.,1.127125E+03,596.9));
#11777 = LINE('',#11778,#11779);
#11778 = CARTESIAN_POINT('',(18.,1.127125E+03,578.9));
#11779 = VECTOR('',#11780,1.);
#11780 = DIRECTION('',(0.,0.,1.));
#11781 = ORIENTED_EDGE('',*,*,#11782,.T.);
#11782 = EDGE_CURVE('',#11773,#11783,#11785,.T.);
#11783 = VERTEX_POINT('',#11784);
#11784 = CARTESIAN_POINT('',(18.,1.2901E+03,578.9));
#11785 = LINE('',#11786,#11787);
#11786 = CARTESIAN_POINT('',(18.,1.127125E+03,578.9));
#11787 = VECTOR('',#11788,1.);
#11788 = DIRECTION('',(0.,1.,0.));
#11789 = ORIENTED_EDGE('',*,*,#11790,.T.);
#11790 = EDGE_CURVE('',#11783,#11791,#11793,.T.);
#11791 = VERTEX_POINT('',#11792);
#11792 = CARTESIAN_POINT('',(18.,1.2901E+03,596.9));
#11793 = LINE('',#11794,#11795);
#11794 = CARTESIAN_POINT('',(18.,1.2901E+03,578.9));
#11795 = VECTOR('',#11796,1.);
#11796 = DIRECTION('',(0.,0.,1.));
#11797 = ORIENTED_EDGE('',*,*,#11798,.F.);
#11798 = EDGE_CURVE('',#11775,#11791,#11799,.T.);
#11799 = LINE('',#11800,#11801);
#11800 = CARTESIAN_POINT('',(18.,1.127125E+03,596.9));
#11801 = VECTOR('',#11802,1.);
#11802 = DIRECTION('',(0.,1.,0.));
#11803 = PLANE('',#11804);
#11804 = AXIS2_PLACEMENT_3D('',#11805,#11806,#11807);
#11805 = CARTESIAN_POINT('',(18.,1.127125E+03,578.9));
#11806 = DIRECTION('',(1.,0.,0.));
#11807 = DIRECTION('',(0.,0.,1.));
#11808 = ADVANCED_FACE('',(#11809),#11843,.T.);
#11809 = FACE_BOUND('',#11810,.T.);
#11810 = EDGE_LOOP('',(#11811,#11821,#11829,#11837));
#11811 = ORIENTED_EDGE('',*,*,#11812,.F.);
#11812 = EDGE_CURVE('',#11813,#11815,#11817,.T.);
#11813 = VERTEX_POINT('',#11814);
#11814 = CARTESIAN_POINT('',(582.,1.127125E+03,578.9));
#11815 = VERTEX_POINT('',#11816);
#11816 = CARTESIAN_POINT('',(582.,1.127125E+03,596.9));
#11817 = LINE('',#11818,#11819);
#11818 = CARTESIAN_POINT('',(582.,1.127125E+03,578.9));
#11819 = VECTOR('',#11820,1.);
#11820 = DIRECTION('',(0.,0.,1.));
#11821 = ORIENTED_EDGE('',*,*,#11822,.T.);
#11822 = EDGE_CURVE('',#11813,#11823,#11825,.T.);
#11823 = VERTEX_POINT('',#11824);
#11824 = CARTESIAN_POINT('',(582.,1.2901E+03,578.9));
#11825 = LINE('',#11826,#11827);
#11826 = CARTESIAN_POINT('',(582.,1.127125E+03,578.9));
#11827 = VECTOR('',#11828,1.);
#11828 = DIRECTION('',(0.,1.,0.));
#11829 = ORIENTED_EDGE('',*,*,#11830,.T.);
#11830 = EDGE_CURVE('',#11823,#11831,#11833,.T.);
#11831 = VERTEX_POINT('',#11832);
#11832 = CARTESIAN_POINT('',(582.,1.2901E+03,596.9));
#11833 = LINE('',#11834,#11835);
#11834 = CARTESIAN_POINT('',(582.,1.2901E+03,578.9));
#11835 = VECTOR('',#11836,1.);
#11836 = DIRECTION('',(0.,0.,1.));
#11837 = ORIENTED_EDGE('',*,*,#11838,.F.);
#11838 = EDGE_CURVE('',#11815,#11831,#11839,.T.);
#11839 = LINE('',#11840,#11841);
#11840 = CARTESIAN_POINT('',(582.,1.127125E+03,596.9));
#11841 = VECTOR('',#11842,1.);
#11842 = DIRECTION('',(0.,1.,0.));
#11843 = PLANE('',#11844);
#11844 = AXIS2_PLACEMENT_3D('',#11845,#11846,#11847);
#11845 = CARTESIAN_POINT('',(582.,1.127125E+03,578.9));
#11846 = DIRECTION('',(1.,0.,0.));
#11847 = DIRECTION('',(0.,0.,1.));
#11848 = ADVANCED_FACE('',(#11849),#11865,.F.);
#11849 = FACE_BOUND('',#11850,.F.);
#11850 = EDGE_LOOP('',(#11851,#11857,#11858,#11864));
#11851 = ORIENTED_EDGE('',*,*,#11852,.F.);
#11852 = EDGE_CURVE('',#11773,#11813,#11853,.T.);
#11853 = LINE('',#11854,#11855);
#11854 = CARTESIAN_POINT('',(18.,1.127125E+03,578.9));
#11855 = VECTOR('',#11856,1.);
#11856 = DIRECTION('',(1.,0.,0.));
#11857 = ORIENTED_EDGE('',*,*,#11772,.T.);
#11858 = ORIENTED_EDGE('',*,*,#11859,.T.);
#11859 = EDGE_CURVE('',#11775,#11815,#11860,.T.);
#11860 = LINE('',#11861,#11862);
#11861 = CARTESIAN_POINT('',(18.,1.127125E+03,596.9));
#11862 = VECTOR('',#11863,1.);
#11863 = DIRECTION('',(1.,0.,0.));
#11864 = ORIENTED_EDGE('',*,*,#11812,.F.);
#11865 = PLANE('',#11866);
#11866 = AXIS2_PLACEMENT_3D('',#11867,#11868,#11869);
#11867 = CARTESIAN_POINT('',(18.,1.127125E+03,578.9));
#11868 = DIRECTION('',(0.,1.,0.));
#11869 = DIRECTION('',(0.,0.,1.));
#11870 = ADVANCED_FACE('',(#11871),#11887,.T.);
#11871 = FACE_BOUND('',#11872,.T.);
#11872 = EDGE_LOOP('',(#11873,#11879,#11880,#11886));
#11873 = ORIENTED_EDGE('',*,*,#11874,.F.);
#11874 = EDGE_CURVE('',#11783,#11823,#11875,.T.);
#11875 = LINE('',#11876,#11877);
#11876 = CARTESIAN_POINT('',(18.,1.2901E+03,578.9));
#11877 = VECTOR('',#11878,1.);
#11878 = DIRECTION('',(1.,0.,0.));
#11879 = ORIENTED_EDGE('',*,*,#11790,.T.);
#11880 = ORIENTED_EDGE('',*,*,#11881,.T.);
#11881 = EDGE_CURVE('',#11791,#11831,#11882,.T.);
#11882 = LINE('',#11883,#11884);
#11883 = CARTESIAN_POINT('',(18.,1.2901E+03,596.9));
#11884 = VECTOR('',#11885,1.);
#11885 = DIRECTION('',(1.,0.,0.));
#11886 = ORIENTED_EDGE('',*,*,#11830,.F.);
#11887 = PLANE('',#11888);
#11888 = AXIS2_PLACEMENT_3D('',#11889,#11890,#11891);
#11889 = CARTESIAN_POINT('',(18.,1.2901E+03,578.9));
#11890 = DIRECTION('',(0.,1.,0.));
#11891 = DIRECTION('',(0.,0.,1.));
#11892 = ADVANCED_FACE('',(#11893),#11899,.F.);
#11893 = FACE_BOUND('',#11894,.F.);
#11894 = EDGE_LOOP('',(#11895,#11896,#11897,#11898));
#11895 = ORIENTED_EDGE('',*,*,#11782,.F.);
#11896 = ORIENTED_EDGE('',*,*,#11852,.T.);
#11897 = ORIENTED_EDGE('',*,*,#11822,.T.);
#11898 = ORIENTED_EDGE('',*,*,#11874,.F.);
#11899 = PLANE('',#11900);
#11900 = AXIS2_PLACEMENT_3D('',#11901,#11902,#11903);
#11901 = CARTESIAN_POINT('',(18.,1.127125E+03,578.9));
#11902 = DIRECTION('',(0.,0.,1.));
#11903 = DIRECTION('',(1.,0.,0.));
#11904 = ADVANCED_FACE('',(#11905),#11911,.T.);
#11905 = FACE_BOUND('',#11906,.T.);
#11906 = EDGE_LOOP('',(#11907,#11908,#11909,#11910));
#11907 = ORIENTED_EDGE('',*,*,#11798,.F.);
#11908 = ORIENTED_EDGE('',*,*,#11859,.T.);
#11909 = ORIENTED_EDGE('',*,*,#11838,.T.);
#11910 = ORIENTED_EDGE('',*,*,#11881,.F.);
#11911 = PLANE('',#11912);
#11912 = AXIS2_PLACEMENT_3D('',#11913,#11914,#11915);
#11913 = CARTESIAN_POINT('',(18.,1.127125E+03,596.9));
#11914 = DIRECTION('',(0.,0.,1.));
#11915 = DIRECTION('',(1.,0.,0.));
#11916 = ( GEOMETRIC_REPRESENTATION_CONTEXT(3) 
GLOBAL_UNCERTAINTY_ASSIGNED_CONTEXT((#11920)) 
GLOBAL_UNIT_ASSIGNED_CONTEXT((#11917,#11918,#11919)) 
REPRESENTATION_CONTEXT('Context #1',
  '3D Context with UNIT and UNCERTAINTY') );
#11917 = ( LENGTH_UNIT() NAMED_UNIT(*) SI_UNIT(.MILLI.,.METRE.) );
#11918 = ( NAMED_UNIT(*) PLANE_ANGLE_UNIT() SI_UNIT($,.RADIAN.) );
#11919 = ( NAMED_UNIT(*) SI_UNIT($,.STERADIAN.) SOLID_ANGLE_UNIT() );
#11920 = UNCERTAINTY_MEASURE_WITH_UNIT(LENGTH_MEASURE(1.E-07),#11917,
  'distance_accuracy_value','confusion accuracy');
#11921 = PRODUCT_RELATED_PRODUCT_CATEGORY('part',$,(#7));
ENDSEC;
END-ISO-10303-21;
