DBRep_DrawableShape

CASCADE Topology V1, (c) Matra-Datavision
Locations 0
Curve2ds 804
1 0 9.5464560184662623 1 0 
2 0 0 1 0 -0 1 4
1 6.2831853071795862 -0 0 1 
1 0 -0 0 1 
1 0 0 1 0 
2 0 0 1 0 -0 1 4
1 0 9.3696626794955336 1 0 
2 0 0 1 0 -0 1 4
1 6.2831853071795862 -0 0 1 
1 0 -0 0 1 
1 0 0 1 0 
2 0 0 1 0 -0 1 4
1 0 9.1931688002324279 1 0 
2 0 0 1 0 -0 1 4
1 6.2831853071795862 -0 0 1 
1 0 -0 0 1 
1 0 0 1 0 
2 0 0 1 0 -0 1 4
1 0 9.0169919650968176 1 0 
2 0 0 1 0 -0 1 4
1 6.2831853071795862 -0 0 1 
1 0 -0 0 1 
1 0 0 1 0 
2 0 0 1 0 -0 1 4
1 0 8.8411511272395451 1 0 
2 0 0 1 0 -0 1 4
1 6.2831853071795862 -0 0 1 
1 0 -0 0 1 
1 0 0 1 0 
2 0 0 1 0 -0 1 4
1 0 8.6656667405211856 1 0 
2 0 0 1 0 -0 1 4
1 6.2831853071795862 -0 0 1 
1 0 -0 0 1 
1 0 0 1 0 
2 0 0 1 0 -0 1 4
1 0 8.4905609065525152 1 0 
2 0 0 1 0 -0 1 4
1 6.2831853071795862 -0 0 1 
1 0 -0 0 1 
1 0 0 1 0 
2 0 0 1 0 -0 1 4
1 0 8.3158575387627032 1 0 
2 0 0 1 0 -0 1 4
1 6.2831853071795862 -0 0 1 
1 0 -0 0 1 
1 0 0 1 0 
2 0 0 1 0 -0 1 4
1 0 8.1415825457420556 1 0 
2 0 0 1 0 -0 1 4
1 6.2831853071795862 -0 0 1 
1 0 -0 0 1 
1 0 0 1 0 
2 0 0 1 0 -0 1 4
1 0 7.9677640364335325 1 0 
2 0 0 1 0 -0 1 4
1 6.2831853071795862 -0 0 1 
1 0 -0 0 1 
1 0 0 1 0 
2 0 0 1 0 -0 1 4
1 0 7.7944325501251956 1 0 
2 0 0 1 0 -0 1 4
1 6.2831853071795862 -0 0 1 
1 0 -0 0 1 
1 0 0 1 0 
2 0 0 1 0 -0 1 4
1 0 7.6216213146309837 1 0 
2 0 0 1 0 -0 1 4
1 6.2831853071795862 -0 0 1 
1 0 -0 0 1 
1 0 0 1 0 
2 0 0 1 0 -0 1 4
1 0 7.4493665365477391 1 0 
2 0 0 1 0 -0 1 4
1 6.2831853071795862 -0 0 1 
1 0 -0 0 1 
1 0 0 1 0 
2 0 0 1 0 -0 1 4
1 0 7.2777077280594584 1 0 
2 0 0 1 0 -0 1 4
1 6.2831853071795862 -0 0 1 
1 0 -0 0 1 
1 0 0 1 0 
2 0 0 1 0 -0 1 4
1 0 7.1066880754180888 1 0 
2 0 0 1 0 -0 1 4
1 6.2831853071795862 -0 0 1 
1 0 -0 0 1 
1 0 0 1 0 
2 0 0 1 0 -0 1 4
1 0 6.9363548550042129 1 0 
2 0 0 1 0 -0 1 4
1 6.2831853071795862 -0 0 1 
1 0 -0 0 1 
1 0 0 1 0 
2 0 0 1 0 -0 1 4
1 0 6.7667599037359372 1 0 
2 0 0 1 0 -0 1 4
1 6.2831853071795862 -0 0 1 
1 0 -0 0 1 
1 0 0 1 0 
2 0 0 1 0 -0 1 4
1 0 6.5979601515992474 1 0 
2 0 0 1 0 -0 1 4
1 6.2831853071795862 -0 0 1 
1 0 -0 0 1 
1 0 0 1 0 
2 0 0 1 0 -0 1 4
1 0 6.4300182251990901 1 0 
2 0 0 1 0 -0 1 4
1 6.2831853071795862 -0 0 1 
1 0 -0 0 1 
1 0 0 1 0 
2 0 0 1 0 -0 1 4
1 0 6.2630031325003266 1 0 
2 0 0 1 0 -0 1 4
1 6.2831853071795862 -0 0 1 
1 0 -0 0 1 
1 0 0 1 0 
2 0 0 1 0 -0 1 4
1 0 6.0969910403445366 1 0 
2 0 0 1 0 -0 1 4
1 6.2831853071795862 -0 0 1 
1 0 -0 0 1 
1 0 0 1 0 
2 0 0 1 0 -0 1 4
1 0 5.93206615787388 1 0 
2 0 0 1 0 -0 1 4
1 6.2831853071795862 -0 0 1 
1 0 -0 0 1 
1 0 0 1 0 
2 0 0 1 0 -0 1 4
1 0 5.7683217406588545 1 0 
2 0 0 1 0 -0 1 4
1 6.2831853071795862 -0 0 1 
1 0 -0 0 1 
1 0 0 1 0 
2 0 0 1 0 -0 1 4
1 0 5.6058612320625265 1 0 
2 0 0 1 0 -0 1 4
1 6.2831853071795862 -0 0 1 
1 0 -0 0 1 
1 0 0 1 0 
2 0 0 1 0 -0 1 4
1 0 5.4447995600884722 1 0 
2 0 0 1 0 -0 1 4
1 6.2831853071795862 -0 0 1 
1 0 -0 0 1 
1 0 0 1 0 
2 0 0 1 0 -0 1 4
1 0 5.2852646095494542 1 0 
2 0 0 1 0 -0 1 4
1 6.2831853071795862 -0 0 1 
1 0 -0 0 1 
1 0 0 1 0 
2 0 0 1 0 -0 1 4
1 0 5.1273988906060914 1 0 
2 0 0 1 0 -0 1 4
1 6.2831853071795862 -0 0 1 
1 0 -0 0 1 
1 0 0 1 0 
2 0 0 1 0 -0 1 4
1 0 4.9713614252875056 1 0 
2 0 0 1 0 -0 1 4
1 6.2831853071795862 -0 0 1 
1 0 -0 0 1 
1 0 0 1 0 
2 0 0 1 0 -0 1 4
1 0 4.817329873000455 1 0 
2 0 0 1 0 -0 1 4
1 6.2831853071795862 -0 0 1 
1 0 -0 0 1 
1 0 0 1 0 
2 0 0 1 0 -0 1 4
1 0 4.6655029135971597 1 0 
2 0 0 1 0 -0 1 4
1 6.2831853071795862 -0 0 1 
1 0 -0 0 1 
1 0 0 1 0 
2 0 0 1 0 -0 1 4
1 0 4.5161029013168346 1 0 
2 0 0 1 0 -0 1 4
1 6.2831853071795862 -0 0 1 
1 0 -0 0 1 
1 0 0 1 0 
2 0 0 1 0 -0 1 4
1 0 4.3693787934667325 1 0 
2 0 0 1 0 -0 1 4
1 6.2831853071795862 -0 0 1 
1 0 -0 0 1 
1 0 0 1 0 
2 0 0 1 0 -0 1 4
1 0 4.2256093422521044 1 0 
2 0 0 1 0 -0 1 4
1 6.2831853071795862 -0 0 1 
1 0 -0 0 1 
1 0 0 1 0 
2 0 0 1 0 -0 1 4
1 0 4.0851065142632565 1 0 
2 0 0 1 0 -0 1 4
1 6.2831853071795862 -0 0 1 
1 0 -0 0 1 
1 0 0 1 0 
2 0 0 1 0 -0 1 4
1 0 3.9482190667995543 1 0 
2 0 0 1 0 -0 1 4
1 6.2831853071795862 -0 0 1 
1 0 -0 0 1 
1 0 0 1 0 
2 0 0 1 0 -0 1 4
1 0 3.8153361598974112 1 0 
2 0 0 1 0 -0 1 4
1 6.2831853071795862 -0 0 1 
1 0 -0 0 1 
1 0 0 1 0 
2 0 0 1 0 -0 1 4
1 0 3.6868908138996757 1 0 
2 0 0 1 0 -0 1 4
1 6.2831853071795862 -0 0 1 
1 0 -0 0 1 
1 0 0 1 0 
2 0 0 1 0 -0 1 4
1 0 3.5633629314499586 1 0 
2 0 0 1 0 -0 1 4
1 6.2831853071795862 -0 0 1 
1 0 -0 0 1 
1 0 0 1 0 
2 0 0 1 0 -0 1 4
1 0 3.4452814886250716 1 0 
2 0 0 1 0 -0 1 4
1 6.2831853071795862 -0 0 1 
1 0 -0 0 1 
1 0 0 1 0 
2 0 0 1 0 -0 1 4
1 0 3.3332253655443584 1 0 
2 0 0 1 0 -0 1 4
1 6.2831853071795862 -0 0 1 
1 0 -0 0 1 
1 0 0 1 0 
2 0 0 1 0 -0 1 4
1 0 3.2278221428963283 1 0 
2 0 0 1 0 -0 1 4
1 6.2831853071795862 -0 0 1 
1 0 -0 0 1 
1 0 0 1 0 
2 0 0 1 0 -0 1 4
1 0 3.1297440601191941 1 0 
2 0 0 1 0 -0 1 4
1 6.2831853071795862 -0 0 1 
1 0 -0 0 1 
1 0 0 1 0 
2 0 0 1 0 -0 1 4
1 0 3.0397002524176409 1 0 
2 0 0 1 0 -0 1 4
1 6.2831853071795862 -0 0 1 
1 0 -0 0 1 
1 0 0 1 0 
2 0 0 1 0 -0 1 4
1 0 2.9584244141536753 1 0 
2 0 0 1 0 -0 1 4
1 6.2831853071795862 -0 0 1 
1 0 -0 0 1 
1 0 0 1 0 
2 0 0 1 0 -0 1 4
1 0 2.8866572451521426 1 0 
2 0 0 1 0 -0 1 4
1 6.2831853071795862 -0 0 1 
1 0 -0 0 1 
1 0 0 1 0 
2 0 0 1 0 -0 1 4
1 0 2.825123490174434 1 0 
2 0 0 1 0 -0 1 4
1 6.2831853071795862 -0 0 1 
1 0 -0 0 1 
1 0 0 1 0 
2 0 0 1 0 -0 1 4
1 0 2.7745041116382625 1 0 
2 0 0 1 0 -0 1 4
1 6.2831853071795862 -0 0 1 
1 0 -0 0 1 
1 0 0 1 0 
2 0 0 1 0 -0 1 4
1 0 2.7354050967408785 1 0 
2 0 0 1 0 -0 1 4
1 6.2831853071795862 -0 0 1 
1 0 -0 0 1 
1 0 0 1 0 
2 0 0 1 0 -0 1 4
1 0 2.7083254361452305 1 0 
2 0 0 1 0 -0 1 4
1 6.2831853071795862 -0 0 1 
1 0 -0 0 1 
1 0 0 1 0 
2 0 0 1 0 -0 1 4
1 0 2.6936276542765047 1 0 
2 0 0 1 0 -0 1 4
1 6.2831853071795862 -0 0 1 
1 0 -0 0 1 
1 0 0 1 0 
2 0 0 1 0 -0 1 4
1 0 2.691514603101945 1 0 
2 0 0 1 0 -0 1 4
1 6.2831853071795862 -0 0 1 
1 0 -0 0 1 
1 0 0 1 0 
2 0 0 1 0 -0 1 4
1 0 2.702015807606621 1 0 
2 0 0 1 0 -0 1 4
1 6.2831853071795862 -0 0 1 
1 0 -0 0 1 
1 0 0 1 0 
2 0 0 1 0 -0 1 4
1 0 2.7249854380192247 1 0 
2 0 0 1 0 -0 1 4
1 6.2831853071795862 -0 0 1 
1 0 -0 0 1 
1 0 0 1 0 
2 0 0 1 0 -0 1 4
1 0 2.7601122254891517 1 0 
2 0 0 1 0 -0 1 4
1 6.2831853071795862 -0 0 1 
1 0 -0 0 1 
1 0 0 1 0 
2 0 0 1 0 -0 1 4
1 0 2.8069397934741169 1 0 
2 0 0 1 0 -0 1 4
1 6.2831853071795862 -0 0 1 
1 0 -0 0 1 
1 0 0 1 0 
2 0 0 1 0 -0 1 4
1 0 2.8648944410046617 1 0 
2 0 0 1 0 -0 1 4
1 6.2831853071795862 -0 0 1 
1 0 -0 0 1 
1 0 0 1 0 
2 0 0 1 0 -0 1 4
1 0 2.9333167164537524 1 0 
2 0 0 1 0 -0 1 4
1 6.2831853071795862 -0 0 1 
1 0 -0 0 1 
1 0 0 1 0 
2 0 0 1 0 -0 1 4
1 0 3.0114932188152248 1 0 
2 0 0 1 0 -0 1 4
1 6.2831853071795862 -0 0 1 
1 0 -0 0 1 
1 0 0 1 0 
2 0 0 1 0 -0 1 4
1 0 3.0986857701178243 1 0 
2 0 0 1 0 -0 1 4
1 6.2831853071795862 -0 0 1 
1 0 -0 0 1 
1 0 0 1 0 
2 0 0 1 0 -0 1 4
1 0 3.1941561082556156 1 0 
2 0 0 1 0 -0 1 4
1 6.2831853071795862 -0 0 1 
1 0 -0 0 1 
1 0 0 1 0 
2 0 0 1 0 -0 1 4
1 0 3.2971852591111528 1 0 
2 0 0 1 0 -0 1 4
1 6.2831853071795862 -0 0 1 
1 0 -0 0 1 
1 0 0 1 0 
2 0 0 1 0 -0 1 4
1 0 3.4070875640215692 1 0 
2 0 0 1 0 -0 1 4
1 6.2831853071795862 -0 0 1 
1 0 -0 0 1 
1 0 0 1 0 
2 0 0 1 0 -0 1 4
1 0 3.5232198841309432 1 0 
2 0 0 1 0 -0 1 4
1 6.2831853071795862 -0 0 1 
1 0 -0 0 1 
1 0 0 1 0 
2 0 0 1 0 -0 1 4
1 0 3.6449867876274449 1 0 
2 0 0 1 0 -0 1 4
1 6.2831853071795862 -0 0 1 
1 0 -0 0 1 
1 0 0 1 0 
2 0 0 1 0 -0 1 4
1 0 3.7718426079354934 1 0 
2 0 0 1 0 -0 1 4
1 6.2831853071795862 -0 0 1 
1 0 -0 0 1 
1 0 0 1 0 
2 0 0 1 0 -0 1 4
1 0 3.9032912116716028 1 0 
2 0 0 1 0 -0 1 4
1 6.2831853071795862 -0 0 1 
1 0 -0 0 1 
1 0 0 1 0 
2 0 0 1 0 -0 1 4
1 0 4.0388841966818125 1 0 
2 0 0 1 0 -0 1 4
1 6.2831853071795862 -0 0 1 
1 0 -0 0 1 
1 0 0 1 0 
2 0 0 1 0 -0 1 4
1 0 4.1782180977438355 1 0 
2 0 0 1 0 -0 1 4
1 6.2831853071795862 -0 0 1 
1 0 -0 0 1 
1 0 0 1 0 
2 0 0 1 0 -0 1 4
1 0 4.3209310382646819 1 0 
2 0 0 1 0 -0 1 4
1 6.2831853071795862 -0 0 1 
1 0 -0 0 1 
1 0 0 1 0 
2 0 0 1 0 -0 1 4
1 0 4.4666991447354629 1 0 
2 0 0 1 0 -0 1 4
1 6.2831853071795862 -0 0 1 
1 0 -0 0 1 
1 0 0 1 0 
2 0 0 1 0 -0 1 4
1 0 4.6152329419801115 1 0 
2 0 0 1 0 -0 1 4
1 6.2831853071795862 -0 0 1 
1 0 -0 0 1 
1 0 0 1 0 
2 0 0 1 0 -0 1 4
1 0 4.7662738711612018 1 0 
2 0 0 1 0 -0 1 4
1 6.2831853071795862 -0 0 1 
1 0 -0 0 1 
1 0 0 1 0 
2 0 0 1 0 -0 1 4
1 0 4.9195910163451968 1 0 
2 0 0 1 0 -0 1 4
1 6.2831853071795862 -0 0 1 
1 0 -0 0 1 
1 0 0 1 0 
2 0 0 1 0 -0 1 4
1 0 5.0749780855007058 1 0 
2 0 0 1 0 -0 1 4
1 6.2831853071795862 -0 0 1 
1 0 -0 0 1 
1 0 0 1 0 
2 0 0 1 0 -0 1 4
1 0 5.2322506644403246 1 0 
2 0 0 1 0 -0 1 4
1 6.2831853071795862 -0 0 1 
1 0 -0 0 1 
1 0 0 1 0 
2 0 0 1 0 -0 1 4
1 0 5.3912437442371814 1 0 
2 0 0 1 0 -0 1 4
1 6.2831853071795862 -0 0 1 
1 0 -0 0 1 
1 0 0 1 0 
2 0 0 1 0 -0 1 4
1 0 5.551809511414656 1 0 
2 0 0 1 0 -0 1 4
1 6.2831853071795862 -0 0 1 
1 0 -0 0 1 
1 0 0 1 0 
2 0 0 1 0 -0 1 4
1 0 5.7138153837262893 1 0 
2 0 0 1 0 -0 1 4
1 6.2831853071795862 -0 0 1 
1 0 -0 0 1 
1 0 0 1 0 
2 0 0 1 0 -0 1 4
1 0 5.8771422710870205 1 0 
2 0 0 1 0 -0 1 4
1 6.2831853071795862 -0 0 1 
1 0 -0 0 1 
1 0 0 1 0 
2 0 0 1 0 -0 1 4
1 0 6.0416830400893957 1 0 
2 0 0 1 0 -0 1 4
1 6.2831853071795862 -0 0 1 
1 0 -0 0 1 
1 0 0 1 0 
2 0 0 1 0 -0 1 4
1 0 1.5707963267948966 1 0 
1 6.2831853071795862 -6.2831853071795862 0 1 
1 0 -6.2831853071795862 0 1 
1 0 -1.5707963267948966 1 0 
1 0 1.5707963267948966 1 0 
1 6.2831853071795862 -6.2831853071795862 0 1 
1 0 -6.2831853071795862 0 1 
1 0 -1.5707963267948966 1 0 
1 0 1.5707963267948966 1 0 
1 6.2831853071795862 -6.2831853071795862 0 1 
1 0 -6.2831853071795862 0 1 
1 0 -1.5707963267948966 1 0 
1 0 1.5707963267948966 1 0 
1 6.2831853071795862 -6.2831853071795862 0 1 
1 0 -6.2831853071795862 0 1 
1 0 -1.5707963267948966 1 0 
1 0 1.5707963267948966 1 0 
1 6.2831853071795862 -6.2831853071795862 0 1 
1 0 -6.2831853071795862 0 1 
1 0 -1.5707963267948966 1 0 
1 0 1.5707963267948966 1 0 
1 6.2831853071795862 -6.2831853071795862 0 1 
1 0 -6.2831853071795862 0 1 
1 0 -1.5707963267948966 1 0 
1 0 1.5707963267948966 1 0 
1 6.2831853071795862 -6.2831853071795862 0 1 
1 0 -6.2831853071795862 0 1 
1 0 -1.5707963267948966 1 0 
1 0 1.5707963267948966 1 0 
1 6.2831853071795862 -6.2831853071795862 0 1 
1 0 -6.2831853071795862 0 1 
1 0 -1.5707963267948966 1 0 
1 0 1.5707963267948966 1 0 
1 6.2831853071795862 -6.2831853071795862 0 1 
1 0 -6.2831853071795862 0 1 
1 0 -1.5707963267948966 1 0 
1 0 1.5707963267948966 1 0 
1 6.2831853071795862 -6.2831853071795862 0 1 
1 0 -6.2831853071795862 0 1 
1 0 -1.5707963267948966 1 0 
1 0 1.5707963267948966 1 0 
1 6.2831853071795862 -6.2831853071795862 0 1 
1 0 -6.2831853071795862 0 1 
1 0 -1.5707963267948966 1 0 
1 0 1.5707963267948966 1 0 
1 6.2831853071795862 -6.2831853071795862 0 1 
1 0 -6.2831853071795862 0 1 
1 0 -1.5707963267948966 1 0 
1 0 1.5707963267948966 1 0 
1 6.2831853071795862 -6.2831853071795862 0 1 
1 0 -6.2831853071795862 0 1 
1 0 -1.5707963267948966 1 0 
1 0 1.5707963267948966 1 0 
1 6.2831853071795862 -6.2831853071795862 0 1 
1 0 -6.2831853071795862 0 1 
1 0 -1.5707963267948966 1 0 
1 0 1.5707963267948966 1 0 
1 6.2831853071795862 -6.2831853071795862 0 1 
1 0 -6.2831853071795862 0 1 
1 0 -1.5707963267948966 1 0 
1 0 1.5707963267948966 1 0 
1 6.2831853071795862 -6.2831853071795862 0 1 
1 0 -6.2831853071795862 0 1 
1 0 -1.5707963267948966 1 0 
1 0 1.5707963267948966 1 0 
1 6.2831853071795862 -6.2831853071795862 0 1 
1 0 -6.2831853071795862 0 1 
1 0 -1.5707963267948966 1 0 
1 0 1.5707963267948966 1 0 
1 6.2831853071795862 -6.2831853071795862 0 1 
1 0 -6.2831853071795862 0 1 
1 0 -1.5707963267948966 1 0 
1 0 1.5707963267948966 1 0 
1 6.2831853071795862 -6.2831853071795862 0 1 
1 0 -6.2831853071795862 0 1 
1 0 -1.5707963267948966 1 0 
1 0 1.5707963267948966 1 0 
1 6.2831853071795862 -6.2831853071795862 0 1 
1 0 -6.2831853071795862 0 1 
1 0 -1.5707963267948966 1 0 
1 0 1.5707963267948966 1 0 
1 6.2831853071795862 -6.2831853071795862 0 1 
1 0 -6.2831853071795862 0 1 
1 0 -1.5707963267948966 1 0 
1 0 1.5707963267948966 1 0 
1 6.2831853071795862 -6.2831853071795862 0 1 
1 0 -6.2831853071795862 0 1 
1 0 -1.5707963267948966 1 0 
1 0 1.5707963267948966 1 0 
1 6.2831853071795862 -6.2831853071795862 0 1 
1 0 -6.2831853071795862 0 1 
1 0 -1.5707963267948966 1 0 
1 0 1.5707963267948966 1 0 
1 6.2831853071795862 -6.2831853071795862 0 1 
1 0 -6.2831853071795862 0 1 
1 0 -1.5707963267948966 1 0 
1 0 1.5707963267948966 1 0 
1 6.2831853071795862 -6.2831853071795862 0 1 
1 0 -6.2831853071795862 0 1 
1 0 -1.5707963267948966 1 0 
1 0 1.5707963267948966 1 0 
1 6.2831853071795862 -6.2831853071795862 0 1 
1 0 -6.2831853071795862 0 1 
1 0 -1.5707963267948966 1 0 
1 0 1.5707963267948966 1 0 
1 6.2831853071795862 -6.2831853071795862 0 1 
1 0 -6.2831853071795862 0 1 
1 0 -1.5707963267948966 1 0 
1 0 1.5707963267948966 1 0 
1 6.2831853071795862 -6.2831853071795862 0 1 
1 0 -6.2831853071795862 0 1 
1 0 -1.5707963267948966 1 0 
1 0 1.5707963267948966 1 0 
1 6.2831853071795862 -6.2831853071795862 0 1 
1 0 -6.2831853071795862 0 1 
1 0 -1.5707963267948966 1 0 
1 0 1.5707963267948966 1 0 
1 6.2831853071795862 -6.2831853071795862 0 1 
1 0 -6.2831853071795862 0 1 
1 0 -1.5707963267948966 1 0 
1 0 1.5707963267948966 1 0 
1 6.2831853071795862 -6.2831853071795862 0 1 
1 0 -6.2831853071795862 0 1 
1 0 -1.5707963267948966 1 0 
1 0 1.5707963267948966 1 0 
1 6.2831853071795862 -6.2831853071795862 0 1 
1 0 -6.2831853071795862 0 1 
1 0 -1.5707963267948966 1 0 
1 0 1.5707963267948966 1 0 
1 6.2831853071795862 -6.2831853071795862 0 1 
1 0 -6.2831853071795862 0 1 
1 0 -1.5707963267948966 1 0 
1 0 1.5707963267948966 1 0 
1 6.2831853071795862 -6.2831853071795862 0 1 
1 0 -6.2831853071795862 0 1 
1 0 -1.5707963267948966 1 0 
1 0 1.5707963267948966 1 0 
1 6.2831853071795862 -6.2831853071795862 0 1 
1 0 -6.2831853071795862 0 1 
1 0 -1.5707963267948966 1 0 
1 0 1.5707963267948966 1 0 
1 6.2831853071795862 -6.2831853071795862 0 1 
1 0 -6.2831853071795862 0 1 
1 0 -1.5707963267948966 1 0 
1 0 1.5707963267948966 1 0 
1 6.2831853071795862 -6.2831853071795862 0 1 
1 0 -6.2831853071795862 0 1 
1 0 -1.5707963267948966 1 0 
1 0 1.5707963267948966 1 0 
1 6.2831853071795862 -6.2831853071795862 0 1 
1 0 -6.2831853071795862 0 1 
1 0 -1.5707963267948966 1 0 
1 0 1.5707963267948966 1 0 
1 6.2831853071795862 -6.2831853071795862 0 1 
1 0 -6.2831853071795862 0 1 
1 0 -1.5707963267948966 1 0 
1 0 1.5707963267948966 1 0 
1 6.2831853071795862 -6.2831853071795862 0 1 
1 0 -6.2831853071795862 0 1 
1 0 -1.5707963267948966 1 0 
1 0 1.5707963267948966 1 0 
1 6.2831853071795862 -6.2831853071795862 0 1 
1 0 -6.2831853071795862 0 1 
1 0 -1.5707963267948966 1 0 
1 0 1.5707963267948966 1 0 
1 6.2831853071795862 -6.2831853071795862 0 1 
1 0 -6.2831853071795862 0 1 
1 0 -1.5707963267948966 1 0 
1 0 1.5707963267948966 1 0 
1 6.2831853071795862 -6.2831853071795862 0 1 
1 0 -6.2831853071795862 0 1 
1 0 -1.5707963267948966 1 0 
1 0 1.5707963267948966 1 0 
1 6.2831853071795862 -6.2831853071795862 0 1 
1 0 -6.2831853071795862 0 1 
1 0 -1.5707963267948966 1 0 
1 0 1.5707963267948966 1 0 
1 6.2831853071795862 -6.2831853071795862 0 1 
1 0 -6.2831853071795862 0 1 
1 0 -1.5707963267948966 1 0 
1 0 1.5707963267948966 1 0 
1 6.2831853071795862 -6.2831853071795862 0 1 
1 0 -6.2831853071795862 0 1 
1 0 -1.5707963267948966 1 0 
1 0 1.5707963267948966 1 0 
1 6.2831853071795862 -6.2831853071795862 0 1 
1 0 -6.2831853071795862 0 1 
1 0 -1.5707963267948966 1 0 
1 0 1.5707963267948966 1 0 
1 6.2831853071795862 -6.2831853071795862 0 1 
1 0 -6.2831853071795862 0 1 
1 0 -1.5707963267948966 1 0 
1 0 1.5707963267948966 1 0 
1 6.2831853071795862 -6.2831853071795862 0 1 
1 0 -6.2831853071795862 0 1 
1 0 -1.5707963267948966 1 0 
1 0 1.5707963267948966 1 0 
1 6.2831853071795862 -6.2831853071795862 0 1 
1 0 -6.2831853071795862 0 1 
1 0 -1.5707963267948966 1 0 
1 0 1.5707963267948966 1 0 
1 6.2831853071795862 -6.2831853071795862 0 1 
1 0 -6.2831853071795862 0 1 
1 0 -1.5707963267948966 1 0 
1 0 1.5707963267948966 1 0 
1 6.2831853071795862 -6.2831853071795862 0 1 
1 0 -6.2831853071795862 0 1 
1 0 -1.5707963267948966 1 0 
1 0 1.5707963267948966 1 0 
1 6.2831853071795862 -6.2831853071795862 0 1 
1 0 -6.2831853071795862 0 1 
1 0 -1.5707963267948966 1 0 
1 0 1.5707963267948966 1 0 
1 6.2831853071795862 -6.2831853071795862 0 1 
1 0 -6.2831853071795862 0 1 
1 0 -1.5707963267948966 1 0 
1 0 1.5707963267948966 1 0 
1 6.2831853071795862 -6.2831853071795862 0 1 
1 0 -6.2831853071795862 0 1 
1 0 -1.5707963267948966 1 0 
1 0 1.5707963267948966 1 0 
1 6.2831853071795862 -6.2831853071795862 0 1 
1 0 -6.2831853071795862 0 1 
1 0 -1.5707963267948966 1 0 
1 0 1.5707963267948966 1 0 
1 6.2831853071795862 -6.2831853071795862 0 1 
1 0 -6.2831853071795862 0 1 
1 0 -1.5707963267948966 1 0 
1 0 1.5707963267948966 1 0 
1 6.2831853071795862 -6.2831853071795862 0 1 
1 0 -6.2831853071795862 0 1 
1 0 -1.5707963267948966 1 0 
1 0 1.5707963267948966 1 0 
1 6.2831853071795862 -6.2831853071795862 0 1 
1 0 -6.2831853071795862 0 1 
1 0 -1.5707963267948966 1 0 
1 0 1.5707963267948966 1 0 
1 6.2831853071795862 -6.2831853071795862 0 1 
1 0 -6.2831853071795862 0 1 
1 0 -1.5707963267948966 1 0 
1 0 1.5707963267948966 1 0 
1 6.2831853071795862 -6.2831853071795862 0 1 
1 0 -6.2831853071795862 0 1 
1 0 -1.5707963267948966 1 0 
1 0 1.5707963267948966 1 0 
1 6.2831853071795862 -6.2831853071795862 0 1 
1 0 -6.2831853071795862 0 1 
1 0 -1.5707963267948966 1 0 
1 0 1.5707963267948966 1 0 
1 6.2831853071795862 -6.2831853071795862 0 1 
1 0 -6.2831853071795862 0 1 
1 0 -1.5707963267948966 1 0 
1 0 1.5707963267948966 1 0 
1 6.2831853071795862 -6.2831853071795862 0 1 
1 0 -6.2831853071795862 0 1 
1 0 -1.5707963267948966 1 0 
1 0 1.5707963267948966 1 0 
1 6.2831853071795862 -6.2831853071795862 0 1 
1 0 -6.2831853071795862 0 1 
1 0 -1.5707963267948966 1 0 
1 0 1.5707963267948966 1 0 
1 6.2831853071795862 -6.2831853071795862 0 1 
1 0 -6.2831853071795862 0 1 
1 0 -1.5707963267948966 1 0 
1 0 1.5707963267948966 1 0 
1 6.2831853071795862 -6.2831853071795862 0 1 
1 0 -6.2831853071795862 0 1 
1 0 -1.5707963267948966 1 0 
1 0 1.5707963267948966 1 0 
1 6.2831853071795862 -6.2831853071795862 0 1 
1 0 -6.2831853071795862 0 1 
1 0 -1.5707963267948966 1 0 
1 0 1.5707963267948966 1 0 
1 6.2831853071795862 -6.2831853071795862 0 1 
1 0 -6.2831853071795862 0 1 
1 0 -1.5707963267948966 1 0 
1 0 1.5707963267948966 1 0 
1 6.2831853071795862 -6.2831853071795862 0 1 
1 0 -6.2831853071795862 0 1 
1 0 -1.5707963267948966 1 0 
1 0 1.5707963267948966 1 0 
1 6.2831853071795862 -6.2831853071795862 0 1 
1 0 -6.2831853071795862 0 1 
1 0 -1.5707963267948966 1 0 
1 0 1.5707963267948966 1 0 
1 6.2831853071795862 -6.2831853071795862 0 1 
1 0 -6.2831853071795862 0 1 
1 0 -1.5707963267948966 1 0 
1 0 1.5707963267948966 1 0 
1 6.2831853071795862 -6.2831853071795862 0 1 
1 0 -6.2831853071795862 0 1 
1 0 -1.5707963267948966 1 0 
1 0 1.5707963267948966 1 0 
1 6.2831853071795862 -6.2831853071795862 0 1 
1 0 -6.2831853071795862 0 1 
1 0 -1.5707963267948966 1 0 
1 0 1.5707963267948966 1 0 
1 6.2831853071795862 -6.2831853071795862 0 1 
1 0 -6.2831853071795862 0 1 
1 0 -1.5707963267948966 1 0 
1 0 1.5707963267948966 1 0 
1 6.2831853071795862 -6.2831853071795862 0 1 
1 0 -6.2831853071795862 0 1 
1 0 -1.5707963267948966 1 0 
1 0 1.5707963267948966 1 0 
1 6.2831853071795862 -6.2831853071795862 0 1 
1 0 -6.2831853071795862 0 1 
1 0 -1.5707963267948966 1 0 
1 0 1.5707963267948966 1 0 
1 6.2831853071795862 -6.2831853071795862 0 1 
1 0 -6.2831853071795862 0 1 
1 0 -1.5707963267948966 1 0 
1 0 1.5707963267948966 1 0 
1 6.2831853071795862 -6.2831853071795862 0 1 
1 0 -6.2831853071795862 0 1 
1 0 -1.5707963267948966 1 0 
1 0 1.5707963267948966 1 0 
1 6.2831853071795862 -6.2831853071795862 0 1 
1 0 -6.2831853071795862 0 1 
1 0 -1.5707963267948966 1 0 
1 0 1.5707963267948966 1 0 
1 6.2831853071795862 -6.2831853071795862 0 1 
1 0 -6.2831853071795862 0 1 
1 0 -1.5707963267948966 1 0 
Curves 321
2 309.15938514074759 912.20964497281318 470.22346693333407 0.95945397150838585 -0.016189512391959059 -0.2814000288651306 0.28143691363353029 2.6020852139652106e-18 0.95957973282288167 -0.015535127975608801 -0.99986894125605807 0.0045563264008247522 4
1 301.12574765453411 912.36419744082343 476.74815886378173 0.95945397150838585 -0.016189512391959059 -0.2814000288651306 
2 300 912.36419744082343 472.90983993249017 0.95945397150838585 -0.016189512391959059 -0.2814000288651306 0.28143691363353029 2.6020852139652106e-18 0.95957973282288167 -0.015535127975608801 -0.99986894125605807 0.0045563264008247522 4
2 318.13435546780539 912.05509250480281 467.5370939341779 0.95787550033135449 -0.016494987418126193 -0.28670968113238393 0.28674869373948814 8.6736173798840355e-19 0.95800583852015087 -0.015802294252881322 -0.99986394844002457 0.0047299160953969783 4
1 310.30637991570552 912.20964497281318 474.05549028741467 0.95787550033135449 -0.016494987418126193 -0.28670968113238393 
2 309.15938514074759 912.20964497281318 470.22346693333407 0.95787550033135449 -0.016494987418126193 -0.28670968113238393 0.28674869373948814 8.6736173798840355e-19 0.95800583852015087 -0.015802294252881322 -0.99986394844002457 0.0047299160953969783 4
2 326.92491098117335 911.90054003679256 464.8507209350218 0.95620516759636942 -0.016811664331274345 -0.29221404039575422 0.29225534367893097 8.6736173798840374e-19 0.95634032336355557 -0.016077672502850464 -0.99985867398468509 0.0049132987369514105 4
1 319.30337684252112 912.05509250480281 471.36245522763215 0.95620516759636953 -0.016811664331274349 -0.29221404039575427 
2 318.13435546780539 912.05509250480281 467.5370939341779 0.95620516759636942 -0.016811664331274345 -0.29221404039575422 0.29225534367893097 8.6736173798840374e-19 0.95634032336355557 -0.016077672502850464 -0.99985867398468509 0.0049132987369514105 4
2 335.53105168085153 911.7459875687822 462.16434793586564 0.95443588427172033 -0.017140135935421776 -0.29792341055139426 0.29796718280066442 0 0.9545761142904402 -0.016361564359644858 -0.99985309707982373 0.0051071980174980571 4
1 328.116779712376 911.90054003679256 468.66902539218358 0.95443588427172033 -0.017140135935421776 -0.29792341055139426 
2 326.92491098117335 911.90054003679256 464.8507209350218 0.95443588427172033 -0.017140135935421776 -0.29792341055139426 0.29796718280066442 0 0.9545761142904402 -0.016361564359644858 -0.99985309707982373 0.0051071980174980571 4
2 343.95277756683987 911.59143510077195 459.47797493670953 0.95255988329857177 -0.017481034515299285 -0.30384878173605734 0.30389521843231049 8.6736173798840355e-19 0.95270546141710466 -0.016654277053946537 -0.9998471950414598 0.0053124028024496362 4
1 336.7466325545808 911.7459875687822 465.97516978153408 0.95255988329857177 -0.017481034515299285 -0.30384878173605734 
2 335.53105168085153 911.7459875687822 462.16434793586564 0.95255988329857177 -0.017481034515299285 -0.30384878173605734 0.30389521843231049 8.6736173798840355e-19 0.95270546141710466 -0.016654277053946537 -0.9998471950414598 0.0053124028024496362 4
2 352.19008863913842 911.43688263276169 456.79160193755348 0.95056864277740849 -0.017835034814754059 -0.31000188209343493 0.31005119787052865 0 0.95071986131512487 -0.016956121825633406 -0.99984094311703231 0.0055297739083770793 4
1 345.19298235832201 911.59143510077195 463.28085438197002 0.9505686427774086 -0.017835034814754062 -0.31000188209343499 
2 343.95277756683987 911.59143510077195 459.47797493670953 0.95056864277740849 -0.017835034814754059 -0.31000188209343493 0.31005119787052865 0 0.95071986131512487 -0.016956121825633406 -0.99984094311703231 0.0055297739083770793 4
2 360.24298489774714 911.28233016475133 454.10522893839726 0.94845279920128256 -0.018202857233035202 -0.31639523333293973 0.31644766419569637 -8.6736173798840335e-19 0.94860997033822481 -0.017267411859900463 -0.99983431426839608 0.0057602516530817251 4
1 353.45587929592119 911.43688263276169 460.58604181890638 0.94845279920128256 -0.018202857233035202 -0.31639523333293973 
2 352.19008863913842 911.43688263276169 456.79160193755348 0.94845279920128256 -0.018202857233035202 -0.31639523333293973 0.31644766419569637 -8.6736173798840335e-19 0.94860997033822481 -0.017267411859900463 -0.99983431426839608 0.0057602516530817251 4
2 368.11146634266606 911.12777769674108 451.41885593924115 0.94620204930659024 -0.018585271247112681 -0.32304221021513613 0.32309801605016653 -1.7347234759768071e-18 0.94636550656944718 -0.017588459638504375 -0.99982727893005163 0.0060048642676963099 4
1 361.5353769619478 911.28233016475133 457.89069096467506 0.94620204930659024 -0.018585271247112681 -0.32304221021513613 
2 360.24298489774714 911.28233016475133 454.10522893839726 0.94620204930659024 -0.018585271247112681 -0.32304221021513613 0.32309801605016653 -1.7347234759768071e-18 0.94636550656944718 -0.017588459638504375 -0.99982727893005163 0.0060048642676963099 4
2 375.79553297389515 910.97322522873071 448.73248294008499 0.94380503889231659 -0.018983099064836521 -0.32995710404743139 0.33001657146940383 8.6736173798840355e-19 0.94397513873808148 -0.017919573573407802 -0.99981980473978149 0.0062647372692413959 4
1 369.43153262854366 911.12777769674108 455.19475649419348 0.94380503889231659 -0.018983099064836521 -0.32995710404743139 
2 368.11146634266606 911.12777769674108 451.41885593924115 0.94380503889231659 -0.018983099064836521 -0.32995710404743139 0.33001657146940383 8.6736173798840355e-19 0.94397513873808148 -0.017919573573407802 -0.99981980473978149 0.0062647372692413959 4
2 383.29518479143445 910.81867276072046 446.04610994092889 0.94124923670508653 -0.01939721950895414 -0.33715519019794654 0.33721863578048861 8.6736173798840335e-19 0.94142636020155401 -0.018261053760345269 -0.99981185623862334 0.0065411039007441949 4
1 377.1444075170171 910.97322522873071 452.49818838089124 0.94124923670508653 -0.01939721950895414 -0.33715519019794654 
2 375.79553297389515 910.97322522873071 448.73248294008499 0.94124923670508653 -0.01939721950895414 -0.33715519019794654 0.33721863578048861 8.6736173798840335e-19 0.94142636020155401 -0.018261053760345269 -0.99981185623862334 0.0065411039007441949 4
2 390.61042179528391 910.66412029271021 443.35973694177284 0.93852079119370435 -0.0198285721271357 -0.3446527995309806 0.34472057347898838 0 0.93870534579297971 -0.018613186655183956 -0.99980339453684552 0.0068353167549357035 4
1 384.67406708535043 910.81867276072046 449.80093132410082 0.93852079119370435 -0.0198285721271357 -0.3446527995309806 
2 383.29518479143445 910.81867276072046 446.04610994092889 0.93852079119370435 -0.0198285721271357 -0.3446527995309806 0.34472057347898838 0 0.93870534579297971 -0.018613186655183956 -0.99980339453684552 0.0068353167549357035 4
2 397.74124398544359 910.50956782469984 440.67336394261662 0.9356043675996949 -0.020278161513177771 -0.35246739351891898 0.35253988384776114 0 0.93579678899673902 -0.018976238430789012 -0.99979437694240192 0.0071488607045018318 4
1 392.02058133067493 910.66412029271021 447.1029240977598 0.9356043675996949 -0.020278161513177771 -0.35246739351891898 
2 390.61042179528391 910.66412029271021 443.35973694177284 0.9356043675996949 -0.020278161513177771 -0.35246739351891898 0.35253988384776114 0 0.93579678899673902 -0.018976238430789012 -0.99979437694240192 0.0071488607045018318 4
2 404.68765136191342 910.35501535668959 437.98699094346057 0.93248296246260554 -0.02074706181418158 -0.36061764258427742 0.36069527988137878 0 0.93268371652521831 -0.019350446719829315 -0.99978475654816756 0.0074833672677824918 4
1 399.18402510496912 910.50956782469984 444.40409880871749 0.93248296246260554 -0.02074706181418158 -0.36061764258427742 
2 397.74124398544359 910.50956782469984 440.67336394261662 0.93248296246260554 -0.02074706181418158 -0.36061764258427742 0.36069527988137878 0 0.93268371652521831 -0.019350446719829315 -0.99978475654816756 0.0074833672677824918 4
2 411.44964392469348 910.20046288867934 435.30061794430435 0.9291376921759239 -0.021236421382294483 -0.36912350695244517 0.369206769808125 -8.6736173798840335e-19 0.92934727692496644 -0.019736010383266511 -0.99977448177420181 0.0078406305408411422 4
1 406.16447844114595 910.35501535668959 441.70438005116046 0.9291376921759239 -0.021236421382294483 -0.36912350695244517 
2 404.68765136191342 910.35501535668959 437.98699094346057 0.9291376921759239 -0.021236421382294483 -0.36912350695244517 0.369206769808125 -8.6736173798840335e-19 0.92934727692496644 -0.019736010383266511 -0.99977448177420181 0.0078406305408411422 4
2 418.02722167378369 910.04591042066909 432.61424494514824 0.92554755172693426 -0.021747467508085237 -0.3780063189276906 0.37809574013502384 8.6736173798840335e-19 0.92576649933541477 -0.020133076864370745 -0.99976349586138868 0.0082226248235318707 4
1 412.96202688523357 910.20046288867934 439.00368394164599 0.92554755172693426 -0.021747467508085237 -0.3780063189276906 
2 411.44964392469348 910.20046288867934 435.30061794430435 0.92554755172693426 -0.021747467508085237 -0.3780063189276906 0.37809574013502384 8.6736173798840335e-19 0.92576649933541477 -0.020133076864370745 -0.99976349586138868 0.0082226248235318707 4
2 424.42038460918411 909.89135795265884 429.92787194599219 0.92168913918642692 -0.022281511145403735 -0.38728886501790966 0.3873850386558525 -1.7347234759768067e-18 0.92191801795257455 -0.020541726592158811 -0.99975173631310954 0.0086315240563730328 4
1 419.57676182840709 910.04591042066909 436.30191701695855 0.92168913918642692 -0.022281511145403735 -0.38728886501790966 
2 418.02722167378369 910.04591042066909 432.61424494514824 0.92168913918642692 -0.022281511145403735 -0.38728886501790966 0.3873850386558525 -1.7347234759768067e-18 0.92191801795257455 -0.020541726592158811 -0.99975173631310954 0.0086315240563730328 4
2 430.6291327308947 909.73680548464847 427.24149894683597 0.91753634088343028 -0.02283995149954068 -0.39699546568411115 0.39709905521415234 -3.4694469519536142e-18 0.91777575711500881 -0.020961953779961028 -0.999739134282288 0.009069723161604662 4
1 426.00878083004073 909.89135795265884 433.59897497445223 0.91753634088343028 -0.02283995149954068 -0.39699546568411115 
2 424.42038460918411 909.89135795265884 429.92787194599219 0.91753634088343028 -0.02283995149954068 -0.39699546568411115 0.39709905521415234 -3.4694469519536142e-18 0.91777575711500881 -0.020961953779961028 -0.999739134282288 0.009069723161604662 4
2 436.6534660389155 909.58225301663822 424.55512594767993 0.91305997150658624 -0.023424280301661184 -0.40715204963838891 0.407263797162423 0 0.91331057123020576 -0.021393642822966633 -0.9997256139023093 0.0095398613414514818 4
1 432.25818791954441 909.73680548464847 430.89474123175683 0.91305997150658624 -0.023424280301661184 -0.40715204963838891 
2 430.6291327308947 909.73680548464847 427.24149894683597 0.91305997150658624 -0.023424280301661184 -0.40715204963838891 0.407263797162423 0 0.91331057123020576 -0.021393642822966633 -0.9997256139023093 0.0095398613414514818 4
2 442.49338453324646 909.42770054862785 421.86875294852371 0.90822736262930892 -0.0240360855284481 -0.41778621849443398 0.41790695534005046 0 0.90848983300772779 -0.021836539327899276 -0.99971109156219184 0.010044847321486793 4
1 438.32509386027567 909.58225301663822 428.18908527971081 0.90822736262930892 -0.0240360855284481 -0.41778621849443398 
2 436.6534660389155 909.58225301663822 424.55512594767993 0.90822736262930892 -0.0240360855284481 -0.41778621849443398 0.41790695534005046 0 0.90848983300772779 -0.021836539327899276 -0.99971109156219184 0.010044847321486793 4
2 448.14888821388763 909.2731480806176 419.1823799493676 0.90300189238183814 -0.024677054240678783 -0.42892729611068348 0.42905795492892979 1.7347234759768067e-18 0.90327696268210256 -0.02229021460246183 -0.9996954751293029 0.010587886426175915 4
1 444.2096163529622 909.42770054862785 425.4818607992521 0.90300189238183814 -0.024677054240678783 -0.42892729611068348 
2 442.49338453324646 909.42770054862785 421.86875294852371 0.90300189238183814 -0.024677054240678783 -0.42892729611068348 0.42905795492892979 1.7347234759768067e-18 0.90327696268210256 -0.02229021460246183 -0.9996954751293029 0.010587886426175915 4
2 453.61997708083896 909.11859561260735 416.49600695021155 0.89734244822543918 -0.025348974106663282 -0.44060635506596446 0.44074798364473194 -1.7347234759768071e-18 0.89763089012862263 -0.02275402219121157 -0.99967866312717701 0.011172509224974361 4
1 449.91188014846654 909.2731480806176 422.7729035098821 0.89734244822543918 -0.025348974106663282 -0.44060635506596446 
2 448.14888821388763 909.2731480806176 419.1823799493676 0.89734244822543918 -0.025348974106663282 -0.44060635506596446 0.44074798364473194 -1.7347234759768071e-18 0.89763089012862263 -0.02275402219121157 -0.99967866312717701 0.011172509224974361 4
2 458.90665113410051 908.96404314459699 413.80963395105533 0.89120281408937518 -0.026053733032835685 -0.45285621024143236 0.45300998725298508 -1.7347234759768071e-18 0.8915054410653086 -0.023227044758835979 -0.99966054388229908 0.011802601269097568 4
1 455.4320170298509 909.11859561260735 420.06202871447277 0.89120281408937518 -0.026053733032835685 -0.45285621024143236 
2 453.61997708083896 909.11859561260735 416.49600695021155 0.89120281408937518 -0.026053733032835685 -0.45285621024143236 0.45300998725298508 -1.7347234759768071e-18 0.8915054410653086 -0.023227044758835979 -0.99966054388229908 0.011802601269097568 4
2 464.00891037367222 908.80949067658673 411.12326095189928 0.88453097260641556 -0.026793316142694701 -0.46571136630967691 0.46587861922054713 0 0.88484863799022517 -0.02370802929610492 -0.99964099466262268 0.012482433128898204 4
1 460.7701656109827 908.96404314459699 417.34902850301626 0.88453097260641567 -0.026793316142694704 -0.46571136630967697 
2 458.90665113410051 908.96404314459699 413.80963395105533 0.88453097260641556 -0.026793316142694701 -0.46571136630967691 0.46587861922054713 0 0.88484863799022517 -0.02370802929610492 -0.99964099466262268 0.012482433128898204 4
2 468.92675479955415 908.65493820857637 408.43688795274306 0.87726831298543129 -0.027569799110689356 -0.47920790186378559 0.47939012723472285 3.469446951953615e-18 0.87760190628204326 -0.024195308255353962 -0.99961988084321152 0.013216689503509125 4
1 465.92647088261111 908.80949067658673 414.63366857702744 0.87726831298543129 -0.027569799110689356 -0.47920790186378559 
2 464.00891037367222 908.80949067658673 411.12326095189928 0.87726831298543129 -0.027569799110689356 -0.47920790186378559 0.47939012723472285 3.469446951953615e-18 0.87760190628204326 -0.024195308255353962 -0.99961988084321152 0.013216689503509125 4
2 473.66018441174623 908.50038574056612 405.75051495358701 0.86934873542253399 -0.02838533655915524 -0.49338326774188879 0.49358215412799084 -1.7347234759768075e-18 0.86969917622495907 -0.024686703822365531 -0.99959705515193653 0.014010495564515855 4
1 470.90108341606611 908.65493820857648 411.91568465764288 0.8693487354225341 -0.028385336559155244 -0.49338326774188884 
2 468.92675479955415 908.65493820857637 408.43688795274306 0.86934873542253399 -0.02838533655915524 -0.49338326774188879 0.49358215412799084 -1.7347234759768075e-18 0.86969917622495907 -0.024686703822365531 -0.99959705515193653 0.014010495564515855 4
2 478.20919921024853 908.34583327255586 403.06414195443091 0.86069764421692452 -0.02924214385236364 -0.50827597057342178 0.50849342419009846 3.469446951953615e-18 0.86106587294784176 -0.025179412123101857 -0.99957235707222203 0.014869437858147828 4
1 475.6941581085066 908.50038574056612 409.1947784453784 0.86069764421692463 -0.029242143852363643 -0.50827597057342189 
2 473.66018441174623 908.50038574056612 405.75051495358701 0.86069764421692452 -0.02924214385236364 -0.50827597057342178 0.50849342419009846 3.469446951953615e-18 0.86106587294784176 -0.025179412123101857 -0.99957235707222203 0.014869437858147828 4
2 482.57379919506099 908.1912808045455 400.37776895527469 0.85123082442617093 -0.030142470150610085 -0.5239251044185238 0.52416327765323589 1.7347234759768067e-18 0.85161778889347817 -0.025669863781450225 -0.99954561251261553 0.015799575950708609 4
1 480.30585232086145 908.34583327255586 406.47061311000482 0.85123082442617093 -0.030142470150610085 -0.5239251044185238 
2 478.20919921024853 908.34583327255586 403.06414195443091 0.85123082442617093 -0.030142470150610085 -0.5239251044185238 0.52416327765323589 1.7347234759768067e-18 0.85161778889347817 -0.025669863781450225 -0.99954561251261553 0.015799575950708609 4
2 486.75398436618366 908.03672833653525 397.69139595611864 0.84085320167220057 -0.03108856001177053 -0.54036968334095514 0.54063100604361425 -1.7347234759768071e-18 0.8412598381619496 -0.026153556964190135 -0.99951663389680245 0.016807439475610777 4
1 484.73632321923543 908.1912808045455 403.74280830792247 0.84085320167220057 -0.03108856001177053 -0.54036968334095514 
2 482.57379919506099 908.1912808045455 400.37776895527469 0.84085320167220057 -0.03108856001177053 -0.54036968334095514 0.54063100604361425 -1.7347234759768071e-18 0.8412598381619496 -0.026153556964190135 -0.99951663389680245 0.016807439475610777 4
2 490.74975472361649 907.88217586852488 395.00502295696242 0.82945749258895618 -0.032082600130122076 -0.55764771563858517 0.55793492888712748 1.7347234759768071e-18 0.82988469989976077 -0.026624858980990384 -0.99948522088567704 0.017900003222113808 4
1 488.98572408173214 908.03672833653525 401.0109347557177 0.82945749258895618 -0.032082600130122076 -0.55764771563858517 
2 486.75398436618366 908.03672833653525 397.69139595611864 0.82945749258895618 -0.032082600130122076 -0.55764771563858517 0.55793492888712748 1.7347234759768071e-18 0.82988469989976077 -0.026624858980990384 -0.99948522088567704 0.017900003222113808 4
2 494.56111026735954 907.72762340051463 392.31864995780637 0.81692276573983447 -0.03312664698157692 -0.57579494620545046 0.57611113787959112 -1.7347234759768071e-18 0.81737137019293915 -0.027076772833229318 -0.99945116201831397 0.019084630286691801 4
1 493.05419927513486 907.88217586852488 398.2745084377342 0.81692276573983447 -0.03312664698157692 -0.57579494620545046 
2 490.74975472361649 907.88217586852488 395.00502295696242 0.81692276573983447 -0.03312664698157692 -0.57579494620545046 0.57611113787959112 -1.7347234759768071e-18 0.81737137019293915 -0.027076772833229318 -0.99945116201831397 0.019084630286691801 4
2 498.1880509974128 907.57307093250438 389.63227695865027 0.80311295143334682 -0.034222530218517892 -0.59484317737153325 0.59519181832738155 0 0.80358366048355245 -0.027500666104005596 -0.99941423765395832 0.020368969988523427 4
1 496.94187754066905 907.72762340051463 395.53298459974059 0.80311295143334682 -0.034222530218517892 -0.59484317737153325 
2 494.56111026735954 907.72762340051463 392.31864995780637 0.80311295143334682 -0.034222530218517892 -0.59484317737153325 0.59519181832738155 0 0.80358366048355245 -0.027500666104005596 -0.99941423765395832 0.020368969988523427 4
2 501.63057691377617 907.41851846449401 386.9459039594941 0.78787536606136455 -0.035371725665318446 -0.61481806136216288 0.61520304022037442 6.9388939039072284e-18 0.78836870771461276 -0.0278859616524029 -0.99937422471437476 0.021760793167144962 4
1 500.64886315829432 907.57307093250438 392.78575178950871 0.78787536606136455 -0.035371725665318446 -0.61481806136216288 
2 498.1880509974128 907.57307093250438 389.63227695865027 0.78787536606136455 -0.035371725665318446 -0.61481806136216288 0.61520304022037442 6.9388939039072284e-18 0.78836870771461276 -0.0278859616524029 -0.99937422471437476 0.021760793167144962 4
2 504.88868801644981 907.26396599648376 384.259530960338 0.77103935522283207 -0.036575190816830347 -0.6357362409948577 0.63616189446060678 6.9388939039072284e-18 0.77155560009392199 -0.028219793299229239 -0.9993309038635364 0.02326774268029299 4
1 504.17522449161862 907.41851846449401 390.03212635986978 0.77103935522283218 -0.036575190816830354 -0.63573624099485782 
2 501.63057691377617 907.41851846449401 386.9459039594941 0.77103935522283207 -0.036575190816830347 -0.6357362409948577 0.63616189446060678 6.9388939039072284e-18 0.77155560009392199 -0.028219793299229239 -0.9993309038635364 0.02326774268029299 4
2 507.96238430543355 907.1094135284734 381.57315796118178 0.75241521322683969 -0.037833155015846311 -0.6576017026182005 0.65807283676158845 -3.4694469519536142e-18 0.75295427584718311 -0.028486635837970786 -0.9992840699128287 0.024896971644918896 4
1 507.52097936349617 907.26396599648376 387.27134806372675 0.75241521322683969 -0.037833155015846311 -0.6576017026182005 
2 504.88868801644981 907.26396599648376 384.259530960338 0.75241521322683969 -0.037833155015846311 -0.6576017026182005 0.65807283676158845 -3.4694469519536142e-18 0.75295427584718311 -0.028486635837970786 -0.9992840699128287 0.024896971644918896 4
2 510.8516657807275 906.95486106046314 378.88678496202573 0.73179360780404257 -0.039144856299864 -0.68040120208771393 0.68092309805635276 0 0.73235492388140511 -0.028667928255835442 -0.99923354638706119 0.026654636824674133 4
1 510.68607669765896 907.1094135284734 384.50257765670739 0.73179360780404257 -0.039144856299864 -0.68040120208771393 
2 507.96238430543355 907.1094135284734 381.57315796118178 0.73179360780404257 -0.039144856299864 -0.68040120208771393 0.68092309805635276 0 0.73235492388140511 -0.028667928255835442 -0.99923354638706119 0.026654636824674133 4
2 513.55653244233167 906.80030859245289 376.20041196286962 0.70894583026123215 -0.040508217764593353 -0.70409863943111595 0.70467703461000408 -3.4694469519536134e-18 0.70952820725694299 -0.028741723129685769 -0.99917920529479409 0.028545210771689922 4
1 513.67037391916756 906.95486106046314 381.72489779105348 0.70894583026123215 -0.040508217764593353 -0.70409863943111595 
2 510.8516657807275 906.95486106046314 378.88678496202573 0.70894583026123215 -0.040508217764593353 -0.70409863943111595 0.70467703461000408 -3.4694469519536134e-18 0.70952820725694299 -0.028741723129685769 -0.99917920529479409 0.028545210771689922 4
2 516.07698429024595 906.64575612444264 373.51403896371346 0.68362530249393427 -0.04191945891849707 -0.72862830356366004 -0.72926933630177238 6.9388939039072299e-18 -0.68422674248378546 0.028682414822486121 0.99912099315547387 -0.030570575983621767 4
1 510.63945509712454 906.80030859245289 373.46350499293447 0.68362530249393438 -0.041919458918497077 -0.72862830356366015 
2 513.55653244233167 906.80030859245289 376.20041196286962 0.68362530249393427 -0.04191945891849707 -0.72862830356366004 -0.72926933630177238 6.9388939039072299e-18 -0.68422674248378546 0.028682414822486121 0.99912099315547387 -0.030570575983621767 4
2 518.41302132447049 906.49120365643239 370.82766596455735 0.65557089725743856 -0.043372642917224022 -0.75388700248475693 -0.75459710541404945 0 -0.65618839406129259 0.028460624902047128 0.99905896414895112 -0.032728870799494422 4
1 513.0585958685898 906.64575612444264 370.88928538746831 0.65557089725743856 -0.043372642917224022 -0.75388700248475693 
2 516.07698429024595 906.64575612444264 373.51403896371346 0.65557089725743856 -0.043372642917224022 -0.75388700248475693 -0.75459710541404945 0 -0.65618839406129259 0.028460624902047128 0.99905896414895112 -0.032728870799494422 4
2 520.56464354500531 906.33665118842191 368.14129296540119 0.62451275103024428 -0.044859170004177863 -0.77972525845144491 -0.78051098267639074 0 -0.62514206859044052 0.028043354331661982 0.99899332073169345 -0.03501307486200813 4
1 515.29097739376493 906.49120365643239 368.32709769019561 0.62451275103024428 -0.044859170004177863 -0.77972525845144491 
2 518.41302132447049 906.49120365643239 370.82766596455735 0.62451275103024428 -0.044859170004177863 -0.77972525845144491 -0.78051098267639074 0 -0.62514206859044052 0.028043354331661982 0.99899332073169345 -0.03501307486200813 4
2 522.53185095185017 906.18209872041166 365.45491996624509 0.59018133822571384 -0.0463672422536636 -0.80593800435014595 -0.80680575538058563 6.9388939039072268e-18 -0.59081678470128329 0.02739454498377502 0.99892446103085808 -0.037409357911381662 4
1 517.33742052348293 906.33665118842191 365.77802582659604 0.59018133822571384 -0.0463672422536636 -0.80593800435014595 
2 520.56464354500531 906.33665118842191 368.14129296540119 0.59018133822571384 -0.0463672422536636 -0.80593800435014595 -0.80680575538058563 6.9388939039072268e-18 -0.59081678470128329 0.02739454498377502 0.99892446103085808 -0.037409357911381662 4
2 524.31464354500531 906.02754625240141 362.76854696708898 0.55232057846763349 -0.047881345739691716 -0.83225558293791879 -0.83321125074987157 1.0408340855860841e-17 -0.55295480070602021 0.02647621999102729 0.99885303059567088 -0.039895275971355559 4
1 519.19900594885064 906.18209872041166 363.24310076342101 0.55232057846763349 -0.047881345739691716 -0.83225558293791879 
2 522.53185095185017 906.18209872041166 365.45491996624509 0.55232057846763349 -0.047881345739691716 -0.83225558293791879 -0.83321125074987157 1.0408340855860841e-17 -0.55295480070602021 0.02647621999102729 0.99885303059567088 -0.039895275971355559 4
2 525.91302132447049 905.87299378439116 360.08217396793282 0.51070558766530838 -0.049381823255019025 -0.8583363200164853 -0.85938479220770081 6.9388939039072284e-18 -0.51132942309447349 0.02525037919634214 0.99877997353371595 -0.042437987916851924 4
1 520.87710437617454 906.02754625240141 360.72322927471106 0.51070558766530838 -0.049381823255019025 -0.8583363200164853 
2 524.31464354500531 906.02754625240141 362.76854696708898 0.51070558766530838 -0.049381823255019025 -0.8583363200164853 -0.85938479220770081 6.9388939039072284e-18 -0.51132942309447349 0.02525037919634214 0.99877997353371595 -0.042437987916851924 4
2 527.32698429024606 905.7184413163809 357.39580096877671 0.46516526247973466 -0.050844640976467202 -0.88376246869061692 -0.88490702977127678 6.9388939039072284e-18 -0.46576769817300195 0.02368179139204183 0.99870657476757119 -0.044992780226272538 4
1 522.37339320538536 905.87299378439116 358.21910317524083 0.46516526247973466 -0.050844640976467202 -0.88376246869061692 
2 525.91302132447049 905.87299378439116 360.08217396793282 0.46516526247973466 -0.050844640976467202 -0.88376246869061692 -0.88490702977127678 6.9388939039072284e-18 -0.46576769817300195 0.02368179139204183 0.99870657476757119 -0.044992780226272538 4
2 528.55653244233167 905.56388884837054 354.70942796962055 0.41560911483937746 -0.052241479373600498 -0.90804178950931924 -0.90928343277106294 3.4694469519536142e-18 -0.41617741275575248 0.021741723724238066 0.9986344815961733 -0.047502311697866138 4
1 523.68985055916175 905.7184413163809 355.73109131775368 0.41560911483937746 -0.052241479373600498 -0.90804178950931924 
2 527.32698429024606 905.7184413163809 357.39580096877671 0.41560911483937746 -0.052241479373600498 -0.90804178950931924 -0.90928343277106294 3.4694469519536142e-18 -0.41617741275575248 0.021741723724238066 0.9986344815961733 -0.047502311697866138 4
2 529.60166578072744 905.40933638036017 352.02305497046444 0.36205661068731682 -0.053540290683946307 -0.93061724029328574 -0.93195395115175506 3.469446951953615e-18 -0.36257665800852684 0.01941245966499032 0.9985656900141715 -0.049897085448717265 4
1 524.8287166377246 905.56388884837054 353.25912133758646 0.36205661068731687 -0.053540290683946314 -0.93061724029328585 
2 528.55653244233167 905.56388884837054 354.70942796962055 0.36205661068731682 -0.053540290683946307 -0.93061724029328574 -0.93195395115175506 3.469446951953615e-18 -0.36257665800852684 0.01941245966499032 0.9985656900141715 -0.049897085448717265 4
2 530.4623843054336 905.25478391234992 349.33668197130834 0.3046658058310272 -0.054706446832421131 -0.95088692883660064 -0.95231303564810954 -3.4694469519536142e-18 -0.30512273290379816 0.016692180564964663 0.99850248105599204 -0.052097662452504877 4
1 525.79241363813503 905.40933638036017 350.80256403884925 0.3046658058310272 -0.054706446832421131 -0.95088692883660064 
2 529.60166578072744 905.40933638036017 352.02305497046444 0.3046658058310272 -0.054706446832421131 -0.95088692883660064 -0.95231303564810954 -3.4694469519536142e-18 -0.30512273290379816 0.016692180564964663 0.99850248105599204 -0.052097662452504877 4
2 531.13868801644981 905.10023144433967 346.65030897215217 0.24375660795718404 -0.055704537384517708 -0.96823536425395273 -0.96974108432537753 -1.7347234759768075e-18 -0.24413567820259524 0.01359946501333105 0.99844729681379629 -0.054018978485105729 4
1 526.58341996813215 905.25478391234992 348.36013925849795 0.24375660795718404 -0.055704537384517708 -0.96823536425395273 
2 530.4623843054336 905.25478391234992 349.33668197130834 0.24375660795718404 -0.055704537384517708 -0.96823536425395273 -0.96974108432537753 -1.7347234759768075e-18 -0.24413567820259524 0.01359946501333105 0.99844729681379629 -0.054018978485105729 4
2 531.63057691377617 904.94567897632942 343.96393597299607 0.17982305359905454 -0.05650076041548454 -0.98207501417497822 -0.98364633398857226 1.7347234759768067e-18 -0.18011077044652829 0.01017639548924763 0.99840255612276563 -0.05557676585025801 4
1 527.20410268049557 905.10023144433967 345.92986589036605 0.17982305359905454 -0.05650076041548454 -0.98207501417497822 
2 531.13868801644981 905.10023144433967 346.65030897215217 0.17982305359905454 -0.05650076041548454 -0.98207501417497822 -0.98364633398857226 1.7347234759768067e-18 -0.18011077044652829 0.01017639548924763 0.99840255612276563 -0.05557676585025801 4
2 531.9380509974128 904.79112650831905 341.27756297383996 0.11352922345782179 -0.057065693046970185 -0.99189446116919777 -0.99351346529604068 -8.6736173798840335e-19 -0.11371452974643521 0.0064891984494906312 0.99837042558214284 -0.056695534448615525 4
1 527.65652305259198 904.94567897632942 343.50907785401034 0.11352922345782179 -0.057065693046970185 -0.99189446116919777 
2 531.63057691377617 904.94567897632942 343.96393597299607 0.11352922345782179 -0.057065693046970185 -0.99189446116919777 -0.99351346529604068 -8.6736173798840335e-19 -0.11371452974643521 0.0064891984494906312 0.99837042558214284 -0.056695534448615525 4
2 532.06111026735948 904.6365740403088 338.5911899746838 0.045685330617728913 -0.057377072055552432 -0.99730673424412453 0 -0.99834913034833195 0.057437043210191101 -0.99895588019008574 -0.0026240303087623619 -0.045609910091885683 4
1 531.9380509974128 900.79772998692567 341.50731114668071 0.045685330617728913 -0.057377072055552432 -0.99730673424412453 
2 531.9380509974128 904.79112650831905 341.27756297383996 0.045685330617728913 -0.057377072055552432 -0.99730673424412453 0 -0.99834913034833195 0.057437043210191101 -0.99895588019008574 -0.0026240303087623619 -0.045609910091885683 4
2 531.99975472361655 904.48202157229855 335.90481697552769 -0.022795917091522514 -0.057422117580982632 -0.99808969866263642 -2.1684043449710084e-19 -0.99834913034833184 0.057437043210192308 -0.99974013931819128 0.0013093300750017403 0.022758284003814175 4
1 532.06111026735948 900.64317751891542 338.82093814752454 -0.022795917091522514 -0.057422117580982632 -0.99808969866263642 
2 532.06111026735948 904.6365740403088 338.5911899746838 -0.022795917091522514 -0.057422117580982632 -0.99808969866263642 -2.1684043449710084e-19 -0.99834913034833184 0.057437043210192308 -0.99974013931819128 0.0013093300750017403 0.022758284003814175 4
2 531.75398436618366 904.32746910428818 333.21844397637153 -0.090958149371667157 -0.057198950344877569 -0.99421068951320668 -0.99584108070229538 1.7347234759768067e-18 0.091107310275764852 -0.0052112425165188256 0.99836279982751985 -0.05696106452647981 4
1 528.01639040080738 904.48202157229855 336.26924621663073 -0.090958149371667157 -0.057198950344877569 -0.99421068951320668 
2 531.99975472361655 904.48202157229855 335.90481697552769 -0.090958149371667157 -0.057198950344877569 -0.99421068951320668 -0.99584108070229538 1.7347234759768067e-18 0.091107310275764852 -0.0052112425165188256 0.99836279982751985 -0.05696106452647981 4
2 531.32379919506104 904.17291663627793 330.53207097721543 -0.15786696145991713 -0.056716805107991673 -0.98583022194379655 -0.98741966500722078 0 0.15812148859983538 -0.0089681456523023929 0.9983903064525127 -0.056003288700012976 4
1 527.80430570615476 904.32746910428818 333.85092993077086 -0.15786696145991713 -0.056716805107991673 -0.98583022194379655 
2 531.75398436618366 904.32746910428818 333.21844397637153 -0.15786696145991713 -0.056716805107991673 -0.98583022194379655 -0.98741966500722078 0 0.15812148859983538 -0.0089681456523023929 0.9983903064525127 -0.056003288700012976 4
2 530.70919921024847 904.01836416826757 327.84569797805932 -0.22267209975625202 -0.055994994182881577 -0.97328397532097533 -0.9748134092967502 -1.7347234759768071e-18 0.22302201024842061 -0.01248811616651487 0.99843104951041017 -0.054584671182966484 4
1 527.42454555787401 904.17291663627793 331.42415901820908 -0.22267209975625202 -0.055994994182881577 -0.97328397532097533 
2 531.32379919506104 904.17291663627793 330.53207097721543 -0.22267209975625202 -0.055994994182881577 -0.97328397532097533 -0.9748134092967502 -1.7347234759768071e-18 0.22302201024842061 -0.01248811616651487 0.99843104951041017 -0.054584671182966484 4
2 529.91018441174629 903.86381170025732 325.15932497890321 -0.28465690655703502 -0.055060841835500821 -0.95704688978427033 -0.95850093454649332 -5.2041704279304228e-18 0.28508938681315205 -0.015697261636298882 0.9984830012055117 -0.05277586835624419 4
1 526.8751954720625 904.01836416826757 328.98605552531194 -0.28465690655703507 -0.055060841835500828 -0.95704688978427044 
2 530.70919921024847 904.01836416826757 327.84569797805932 -0.28465690655703502 -0.055060841835500821 -0.95704688978427033 -0.95850093454649332 -5.2041704279304228e-18 0.28508938681315205 -0.015697261636298882 0.9984830012055117 -0.05277586835624419 4
2 528.92675479955415 903.70925923224706 322.47295197974711 -0.34326905665929891 -0.053947002653282124 -0.93768655511581367 -0.93905400537680683 3.4694469519536134e-18 0.34376965396290604 -0.018545342434454767 0.99854380019342515 -0.050659148919637804 4
1 526.15396839023902 903.86381170025732 326.53440359475485 -0.34326905665929891 -0.053947002653282124 -0.93768655511581367 
2 529.91018441174629 903.86381170025732 325.15932497890321 -0.34326905665929891 -0.053947002653282124 -0.93768655511581367 -0.93905400537680683 3.4694469519536134e-18 0.34376965396290604 -0.018545342434454767 0.99854380019342515 -0.050659148919637804 4
2 527.75891037367228 903.5547067642367 319.78657898059089 -0.39813103690137436 -0.052688639840164392 -0.91581416493065337 -0.9170880103199498 0 0.3986848145181805 -0.021006160601891151 0.99861098894003442 -0.048320119877480784 4
1 525.25840275827431 903.70925923224706 324.06769123781982 -0.39813103690137436 -0.052688639840164392 -0.91581416493065337 
2 528.92675479955415 903.70925923224706 322.47295197974711 -0.39813103690137436 -0.052688639840164392 -0.91581416493065337 -0.9170880103199498 0 0.3986848145181805 -0.021006160601891151 0.99861098894003442 -0.048320119877480784 4
2 526.40665113410057 903.40015429622645 317.10020598143478 -0.44903280243935306 -0.051320875320136163 -0.89204019533305567 -0.89321726310789917 6.9388939039072268e-18 0.44962531166075836 -0.023075164560519137 0.99868221560032566 -0.045840691793753753 4
1 524.18604132124074 903.5547067642367 321.5850802272339 -0.44903280243935306 -0.051320875320136163 -0.89204019533305567 
2 527.75891037367228 903.5547067642367 319.78657898059089 -0.44903280243935306 -0.051320875320136163 -0.89204019533305567 -0.89321726310789917 6.9388939039072268e-18 0.44962531166075836 -0.023075164560519137 0.99868221560032566 -0.045840691793753753 4
2 524.86997708083891 903.24560182821608 314.41383298227868 -0.49591154678560156 -0.049876779859639876 -0.86693946997212279 -0.86801982578460923 0 0.4965295379379322 -0.024765294457538955 0.99875537887454358 -0.04329403376446192 4
1 522.93457183096211 903.40015429622645 319.08632413318651 -0.49591154678560156 -0.049876779859639876 -0.86693946997212279 
2 526.40665113410057 903.40015429622645 317.10020598143478 -0.49591154678560156 -0.049876779859639876 -0.86693946997212279 -0.86801982578460923 0 0.4965295379379322 -0.024765294457538955 0.99875537887454358 -0.04329403376446192 4
2 523.14888821388763 903.09104936020583 311.72745998312257 -0.53882428053624265 -0.048386009566281182 -0.84102746018358543 -0.84201370150242527 3.4694469519536142e-18 0.53945613953516636 -0.026102129928137666 0.99882871108025906 -0.040741683015836173 4
1 521.50192227482921 903.24560182821608 316.57165754041932 -0.53882428053624265 -0.048386009566281182 -0.84102746018358543 
2 524.86997708083891 903.24560182821608 314.41383298227868 -0.53882428053624265 -0.048386009566281182 -0.84102746018358543 -0.84201370150242527 3.4694469519536142e-18 0.53945613953516636 -0.026102129928137666 0.99882871108025906 -0.040741683015836173 4
2 521.24338453324651 902.93649689219558 309.04108698396647 -0.57791829421037721 -0.046874062530509908 -0.81474736420491334 -0.8156439142710159 -3.469446951953615e-18 0.57855423696716268 -0.027119187480890233 0.9989008070183375 -0.038232543840169463 4
1 519.88631255680355 903.09104936020583 314.04167693099123 -0.57791829421037721 -0.046874062530509908 -0.81474736420491334 
2 523.14888821388763 903.09104936020583 311.72745998312257 -0.57791829421037721 -0.046874062530509908 -0.81474736420491334 -0.8156439142710159 -3.469446951953615e-18 0.57855423696716268 -0.027119187480890233 0.9989008070183375 -0.038232543840169463 4
2 519.15346603891544 902.78194442418521 306.3547139848103 -0.61340322344525522 -0.045362047527753808 -0.78846608684905406 -0.78927856033091792 0 0.61403530370977333 -0.027853898630601486 0.99897061250273522 -0.03580329156636821 4
1 518.0862702919228 902.93649689219558 311.49722819880554 -0.61340322344525522 -0.045362047527753808 -0.78846608684905406 
2 521.24338453324651 902.93649689219558 309.04108698396647 -0.61340322344525522 -0.045362047527753808 -0.78846608684905406 -0.78927856033091792 0 0.61403530370977333 -0.027853898630601486 0.99897061250273522 -0.03580329156636821 4
2 516.87913273089475 902.62739195617496 303.66834098565414 -0.64552692787202703 -0.043866824408654373 -0.76247667971447042 -0.76321135647064609 3.4694469519536142e-18 0.64614891886796233 -0.028344501165822759 0.99903738754678262 -0.033479658560988751 4
1 516.1006206130329 902.78194442418521 308.93930966028216 -0.64552692787202703 -0.043866824408654373 -0.76247667971447042 
2 519.15346603891544 902.78194442418521 306.3547139848103 -0.64552692787202703 -0.043866824408654373 -0.76247667971447042 -0.76321135647064609 3.4694469519536142e-18 0.64614891886796233 -0.028344501165822759 0.99903738754678262 -0.033479658560988751 4
2 514.42038460918411 902.47283948816471 300.98196798649803 -0.6745561136343825 -0.042401379487811891 -0.73700486604635695 -0.73766828277907437 3.4694469519536142e-18 0.67516331696988086 -0.02862785601908974 0.99910065709993945 -0.031278152794238068 4
1 513.92845959977842 902.62739195617496 306.36899425353369 -0.6745561136343825 -0.042401379487811891 -0.73700486604635695 
2 516.87913273089475 902.62739195617496 303.66834098565414 -0.6745561136343825 -0.042401379487811891 -0.73700486604635695 -0.73766828277907437 3.4694469519536142e-18 0.67516331696988086 -0.02862785601908974 0.99910065709993945 -0.031278152794238068 4
2 511.77722167378369 902.31828702015446 298.29559498734193 -0.70076172580466001 -0.040975322693765713 -0.71221768201682301 -0.71281633454371141 0 0.70135074906045969 -0.028738073264266636 0.99916015879844911 -0.029207879329315831 4
1 511.56911927100919 902.47283948816471 303.7873709827399 -0.70076172580466001 -0.040975322693765713 -0.71221768201682301 
2 514.42038460918411 902.47283948816471 300.98196798649803 -0.70076172580466001 -0.040975322693765713 -0.71221768201682301 -0.71281633454371141 0 0.70135074906045969 -0.028738073264266636 0.99916015879844911 -0.029207879329315831 4
2 508.94964392469353 902.16373455214421 295.60922198818582 -0.72440860693026021 -0.039595423356604709 -0.68823278958109146 0.68877292962775583 3.4694469519536142e-18 -0.72497713854438095 0.028705776724524637 -0.99921579373487257 0.027272255745179896 4
1 514.53231339229478 902.31828702015446 295.39568643316443 -0.72440860693026032 -0.039595423356604716 -0.68823278958109158 
2 511.77722167378369 902.31828702015446 298.29559498734193 -0.72440860693026021 -0.039595423356604709 -0.68823278958109146 0.68877292962775583 3.4694469519536142e-18 -0.72497713854438095 0.028705776724524637 -0.99921579373487257 0.027272255745179896 4
2 505.93765136191342 902.00918208413373 292.92284898902966 -0.74574868109727976 -0.038266130070640114 -0.66512751253506608 0.66561502000649697 0 -0.74629528012828195 0.028557832260493639 -0.99926758342769073 0.025470510932540335 4
1 511.61210400471953 902.16373455214421 292.6240408676727 -0.74574868109727988 -0.038266130070640121 -0.66512751253506619 
2 508.94964392469353 902.16373455214421 295.60922198818582 -0.74574868109727976 -0.038266130070640114 -0.66512751253506608 0.66561502000649697 0 -0.74629528012828195 0.028557832260493639 -0.99926758342769073 0.025470510932540335 4
2 502.74124398544359 901.85462961612347 290.2364759898735 -0.76501688080759578 -0.036990043218114277 -0.64294704974992978 0.64338736207401293 1.0408340855860844e-17 -0.76554079076391679 0.028317386935586671 -0.99931563417306857 0.023798926329106272 4
1 508.51120081020946 902.00918208413373 289.86068582597397 -0.76501688080759578 -0.036990043218114277 -0.64294704974992978 
2 505.93765136191342 902.00918208413373 292.92284898902966 -0.76501688080759578 -0.036990043218114277 -0.64294704974992978 0.64338736207401293 1.0408340855860844e-17 -0.76554079076391679 0.028317386935586671 -0.99931563417306857 0.023798926329106272 4
2 499.36042179528391 901.70007714811322 287.55010299071739 -0.78242910155711254 -0.035768325539470104 -0.62171161154077881 0.62210969411321304 -3.4694469519536134e-18 -0.78293009170063477 0.028004098394595483 -0.99936010871362213 0.022251822060301577 4
1 505.22968276189641 901.85462961612347 287.10475562307096 -0.78242910155711254 -0.035768325539470104 -0.62171161154077881 
2 502.74124398544359 901.85462961612347 290.2364759898735 -0.78242910155711254 -0.035768325539470104 -0.62171161154077881 0.62210969411321304 -3.4694469519536134e-18 -0.78293009170063477 0.028004098394595483 -0.99936010871362213 0.022251822060301577 4
2 495.79518479143445 901.54552468010297 284.86372999156129 -0.79818158517605053 -0.034601047216804424 -0.60142241778748773 0.60178276260510466 0 -0.79865981909156303 0.027634466110551658 -0.99940120448771752 0.020822313783158238 4
1 501.76755284570436 901.70007714811322 284.35546371435112 -0.79818158517605065 -0.034601047216804431 -0.60142241778748784 
2 499.36042179528391 901.70007714811322 287.55010299071739 -0.79818158517605053 -0.034601047216804424 -0.60142241778748773 0.60178276260510466 0 -0.79865981909156303 0.027634466110551658 -0.99940120448771752 0.020822313783158238 4
2 492.04553297389521 901.39097221209272 282.17735699240518 -0.81245125970402288 -0.033487468553199999 -0.58206661135581794 0.5823932539262423 0 -0.81290718890978175 0.027222203925286528 -0.99943913744154456 0.019502875776450861 4
1 498.12475780713942 901.54552468010297 281.61210123592218 -0.81245125970402288 -0.033487468553199999 -0.58206661135581794 
2 495.79518479143445 901.54552468010297 284.86372999156129 -0.81245125970402288 -0.033487468553199999 -0.58206661135581794 0.5823932539262423 0 -0.81290718890978175 0.027222203925286528 -0.99943913744154456 0.019502875776450861 4
2 488.11146634266606 901.23641974408235 279.49098399324902 -0.8253966804200219 -0.032426266762701141 -0.56362120007629457 0.56391774730894773 0 -0.8258309598640643 0.026778615005449688 -0.99947413034246879 0.018285747306461431 4
1 494.301203963131 901.39097221209283 278.87403315294893 -0.8253966804200219 -0.032426266762701141 -0.56362120007629457 
2 492.04553297389521 901.39097221209272 282.17735699240518 -0.8253966804200219 -0.032426266762701141 -0.56362120007629457 0.56391774730894773 0 -0.8258309598640643 0.026778615005449688 -0.99947413034246879 0.018285747306461431 4
2 483.99298489774719 901.0818672760721 276.80461099409285 -0.83715931491771101 -0.031415714740667594 -0.54605616406542068 0.54632582797256046 -1.7347234759768075e-18 -0.83757273695488466 0.026312946178734871 -0.99950640461546469 0.017163216367044997 4
1 490.29676965455633 901.23641974408247 276.14069304542949 -0.83715931491771112 -0.031415714740667601 -0.54605616406542079 
2 488.11146634266606 901.23641974408235 279.49098399324902 -0.83715931491771101 -0.031415714740667594 -0.54605616406542068 0.54632582797256046 -1.7347234759768075e-18 -0.83757273695488466 0.026312946178734871 -0.99950640461546469 0.017163216367044997 4
2 479.69008863913842 900.92731480806174 274.11823799493675 -0.84786499293508533 -0.030453819781394578 -0.52933686685881798 0.52958250053442568 -1.7347234759768071e-18 -0.84825843652020638 0.025832709553833898 -0.99953617486348256 0.016127810030655696 4
1 486.11131489988492 901.08186727607222 273.41157724801201 -0.84786499293508544 -0.030453819781394581 -0.52933686685881809 
2 483.99298489774719 901.0818672760721 276.80461099409285 -0.84786499293508533 -0.030453819781394578 -0.52933686685881798 0.52958250053442568 -1.7347234759768071e-18 -0.84825843652020638 0.025832709553833898 -0.99953617486348256 0.016127810030655696 4
2 475.20277756683987 900.77276234005149 271.43186499578064 -0.85762540063216652 -0.029538429620856788 -0.51342589861249655 0.51365003217448357 -5.2041704279304205e-18 -0.85799979280134553 0.02534396649437225 -0.9995636453850919 0.015172415325136815 4
1 481.74468876783635 900.92731480806174 270.68623882373134 -0.85762540063216652 -0.029538429620856788 -0.51342589861249655 
2 479.69008863913842 900.92731480806174 274.11823799493675 -0.85762540063216652 -0.029538429620856788 -0.51342589861249655 0.51365003217448357 -5.2041704279304205e-18 -0.85799979280134553 0.02534396649437225 -0.9995636453850919 0.015172415325136815 4
2 470.53105168085153 900.61820987204123 268.74549199662454 -0.86653954219414531 -0.028667312283080542 -0.49828446395650888 0.49848933901410958 3.469446951953615e-18 -0.8668958293181922 0.024851573455964705 -0.99958900814608032 0.01429034955130388 4
1 477.19673492289633 900.77276234005149 267.96428167850786 -0.86653954219414531 -0.028667312283080542 -0.49828446395650888 
2 475.20277756683987 900.77276234005149 271.43186499578064 -0.86653954219414531 -0.028667312283080542 -0.49828446395650888 0.49848933901410958 3.469446951953615e-18 -0.8668958293181922 0.024851573455964705 -0.99958900814608032 0.01429034955130388 4
2 465.67491098117335 900.46365740403087 266.05911899746837 -0.87469512231891866 -0.027838215214805503 -0.48387340985545596 0.48406101167653937 1.7347234759768071e-18 -0.87503424902953675 0.024359391744809958 -0.99961244178614261 0.01347539462014798 4
1 472.46729572755771 900.61820987204135 265.24535500050638 -0.87469512231891866 -0.027838215214805503 -0.48387340985545596 
2 470.53105168085153 900.61820987204123 268.74549199662454 -0.87469512231891866 -0.027838215214805503 -0.48387340985545596 0.48406101167653937 1.7347234759768071e-18 -0.87503424902953675 0.024359391744809958 -0.99961244178614261 0.01347539462014798 4
2 460.63435546780539 900.30910493602062 263.37274599831227 -0.88216982433911661 -0.027048908239219242 -0.47015397221395278 0.47032605918349812 0 -0.88249271841354071 0.023870464562147007 -0.99963411134427904 0.01272180641736804 4
1 467.55621521790732 900.46365740403098 262.5291481238142 -0.88216982433911673 -0.027048908239219245 -0.47015397221395283 
2 465.67491098117335 900.46365740403087 266.05911899746837 -0.88216982433911661 -0.027048908239219242 -0.47015397221395278 0.47032605918349812 0 -0.88249271841354071 0.023870464562147007 -0.99963411134427904 0.01272180641736804 4
2 455.40938514074759 900.15455246801025 260.68637299915611 -0.88903247293542331 -0.026297213999854348 -0.45708830503762815 0.45724643527274922 0 -0.88934003476193724 0.023387165212772565 -0.99965416846819877 0.012024307359038032 4
1 462.4633412088964 900.30910493602073 259.8153858592645 -0.88903247293542331 -0.026297213999854348 -0.45708830503762815 
2 460.63435546780539 900.30910493602062 263.37274599831227 -0.88903247293542331 -0.026297213999854348 -0.45708830503762815 0.45724643527274922 0 -0.88934003476193724 0.023387165212772565 -0.99965416846819877 0.012024307359038032 4
2 450 900 258 -0.89534407959732165 -0.025581028826690128 -0.44463984312496424 0.44478539828525443 1.7347234759768075e-18 -0.89563717512853813 0.022911320395218447 -0.99967275193643645 0.011378068095225942 4
1 457.18852673388858 900.15455246801037 257.10382429864194 -0.89534407959732176 -0.025581028826690132 -0.4446398431249643 
2 455.40938514074759 900.15455246801025 260.68637299915611 -0.89534407959732165 -0.025581028826690128 -0.44463984312496424 0.44478539828525443 1.7347234759768075e-18 -0.89563717512853813 0.022911320395218447 -0.99967275193643645 0.011378068095225942 4
2 300 912.36419744082343 472.90983993249017 -2.4492935982947064e-16 -1 0 1 -2.4492935982947064e-16 0 0 0 1 4
2 309.15938514074759 912.20964497281318 470.22346693333407 -2.4492935982947064e-16 -1 0 1 -2.4492935982947064e-16 0 0 0 1 4
2 318.13435546780539 912.05509250480281 467.5370939341779 -2.4492935982947064e-16 -1 0 1 -2.4492935982947064e-16 0 0 0 1 4
2 326.92491098117335 911.90054003679256 464.8507209350218 -2.4492935982947064e-16 -1 0 1 -2.4492935982947064e-16 0 0 0 1 4
2 335.53105168085153 911.7459875687822 462.16434793586564 -2.4492935982947064e-16 -1 0 1 -2.4492935982947064e-16 0 0 0 1 4
2 343.95277756683987 911.59143510077195 459.47797493670953 -2.4492935982947064e-16 -1 0 1 -2.4492935982947064e-16 0 0 0 1 4
2 352.19008863913842 911.43688263276169 456.79160193755348 -2.4492935982947064e-16 -1 0 1 -2.4492935982947064e-16 0 0 0 1 4
2 360.24298489774714 911.28233016475133 454.10522893839726 -2.4492935982947064e-16 -1 0 1 -2.4492935982947064e-16 0 0 0 1 4
2 368.11146634266606 911.12777769674108 451.41885593924115 -2.4492935982947064e-16 -1 0 1 -2.4492935982947064e-16 0 0 0 1 4
2 375.79553297389515 910.97322522873071 448.73248294008499 -2.4492935982947064e-16 -1 0 1 -2.4492935982947064e-16 0 0 0 1 4
2 383.29518479143445 910.81867276072046 446.04610994092889 -2.4492935982947064e-16 -1 0 1 -2.4492935982947064e-16 0 0 0 1 4
2 390.61042179528391 910.66412029271021 443.35973694177284 -2.4492935982947064e-16 -1 0 1 -2.4492935982947064e-16 0 0 0 1 4
2 397.74124398544359 910.50956782469984 440.67336394261662 -2.4492935982947064e-16 -1 0 1 -2.4492935982947064e-16 0 0 0 1 4
2 404.68765136191342 910.35501535668959 437.98699094346057 -2.4492935982947064e-16 -1 0 1 -2.4492935982947064e-16 0 0 0 1 4
2 411.44964392469348 910.20046288867934 435.30061794430435 -2.4492935982947064e-16 -1 0 1 -2.4492935982947064e-16 0 0 0 1 4
2 418.02722167378369 910.04591042066909 432.61424494514824 -2.4492935982947064e-16 -1 0 1 -2.4492935982947064e-16 0 0 0 1 4
2 424.42038460918411 909.89135795265884 429.92787194599219 -2.4492935982947064e-16 -1 0 1 -2.4492935982947064e-16 0 0 0 1 4
2 430.6291327308947 909.73680548464847 427.24149894683597 -2.4492935982947064e-16 -1 0 1 -2.4492935982947064e-16 0 0 0 1 4
2 436.6534660389155 909.58225301663822 424.55512594767993 -2.4492935982947064e-16 -1 0 1 -2.4492935982947064e-16 0 0 0 1 4
2 442.49338453324646 909.42770054862785 421.86875294852371 -2.4492935982947064e-16 -1 0 1 -2.4492935982947064e-16 0 0 0 1 4
2 448.14888821388763 909.2731480806176 419.1823799493676 -2.4492935982947064e-16 -1 0 1 -2.4492935982947064e-16 0 0 0 1 4
2 453.61997708083896 909.11859561260735 416.49600695021155 -2.4492935982947064e-16 -1 0 1 -2.4492935982947064e-16 0 0 0 1 4
2 458.90665113410051 908.96404314459699 413.80963395105533 -2.4492935982947064e-16 -1 0 1 -2.4492935982947064e-16 0 0 0 1 4
2 464.00891037367222 908.80949067658673 411.12326095189928 -2.4492935982947064e-16 -1 0 1 -2.4492935982947064e-16 0 0 0 1 4
2 468.92675479955415 908.65493820857637 408.43688795274306 -2.4492935982947064e-16 -1 0 1 -2.4492935982947064e-16 0 0 0 1 4
2 473.66018441174623 908.50038574056612 405.75051495358701 -2.4492935982947064e-16 -1 0 1 -2.4492935982947064e-16 0 0 0 1 4
2 478.20919921024853 908.34583327255586 403.06414195443091 -2.4492935982947064e-16 -1 0 1 -2.4492935982947064e-16 0 0 0 1 4
2 482.57379919506099 908.1912808045455 400.37776895527469 -2.4492935982947064e-16 -1 0 1 -2.4492935982947064e-16 0 0 0 1 4
2 486.75398436618366 908.03672833653525 397.69139595611864 -2.4492935982947064e-16 -1 0 1 -2.4492935982947064e-16 0 0 0 1 4
2 490.74975472361649 907.88217586852488 395.00502295696242 -2.4492935982947064e-16 -1 0 1 -2.4492935982947064e-16 0 0 0 1 4
2 494.56111026735954 907.72762340051463 392.31864995780637 -2.4492935982947064e-16 -1 0 1 -2.4492935982947064e-16 0 0 0 1 4
2 498.1880509974128 907.57307093250438 389.63227695865027 -2.4492935982947064e-16 -1 0 1 -2.4492935982947064e-16 0 0 0 1 4
2 501.63057691377617 907.41851846449401 386.9459039594941 -2.4492935982947064e-16 -1 0 1 -2.4492935982947064e-16 0 0 0 1 4
2 504.88868801644981 907.26396599648376 384.259530960338 -2.4492935982947064e-16 -1 0 1 -2.4492935982947064e-16 0 0 0 1 4
2 507.96238430543355 907.1094135284734 381.57315796118178 -2.4492935982947064e-16 -1 0 1 -2.4492935982947064e-16 0 0 0 1 4
2 510.8516657807275 906.95486106046314 378.88678496202573 -2.4492935982947064e-16 -1 0 1 -2.4492935982947064e-16 0 0 0 1 4
2 513.55653244233167 906.80030859245289 376.20041196286962 -2.4492935982947064e-16 -1 0 1 -2.4492935982947064e-16 0 0 0 1 4
2 516.07698429024595 906.64575612444264 373.51403896371346 -2.4492935982947064e-16 -1 0 1 -2.4492935982947064e-16 0 0 0 1 4
2 518.41302132447049 906.49120365643239 370.82766596455735 -2.4492935982947064e-16 -1 0 1 -2.4492935982947064e-16 0 0 0 1 4
2 520.56464354500531 906.33665118842191 368.14129296540119 -2.4492935982947064e-16 -1 0 1 -2.4492935982947064e-16 0 0 0 1 4
2 522.53185095185017 906.18209872041166 365.45491996624509 -2.4492935982947064e-16 -1 0 1 -2.4492935982947064e-16 0 0 0 1 4
2 524.31464354500531 906.02754625240141 362.76854696708898 -2.4492935982947064e-16 -1 0 1 -2.4492935982947064e-16 0 0 0 1 4
2 525.91302132447049 905.87299378439116 360.08217396793282 -2.4492935982947064e-16 -1 0 1 -2.4492935982947064e-16 0 0 0 1 4
2 527.32698429024606 905.7184413163809 357.39580096877671 -2.4492935982947064e-16 -1 0 1 -2.4492935982947064e-16 0 0 0 1 4
2 528.55653244233167 905.56388884837054 354.70942796962055 -2.4492935982947064e-16 -1 0 1 -2.4492935982947064e-16 0 0 0 1 4
2 529.60166578072744 905.40933638036017 352.02305497046444 -2.4492935982947064e-16 -1 0 1 -2.4492935982947064e-16 0 0 0 1 4
2 530.4623843054336 905.25478391234992 349.33668197130834 -2.4492935982947064e-16 -1 0 1 -2.4492935982947064e-16 0 0 0 1 4
2 531.13868801644981 905.10023144433967 346.65030897215217 -2.4492935982947064e-16 -1 0 1 -2.4492935982947064e-16 0 0 0 1 4
2 531.63057691377617 904.94567897632942 343.96393597299607 -2.4492935982947064e-16 -1 0 1 -2.4492935982947064e-16 0 0 0 1 4
2 531.9380509974128 904.79112650831905 341.27756297383996 -2.4492935982947064e-16 -1 0 1 -2.4492935982947064e-16 0 0 0 1 4
2 532.06111026735948 904.6365740403088 338.5911899746838 -2.4492935982947064e-16 -1 0 1 -2.4492935982947064e-16 0 0 0 1 4
2 531.99975472361655 904.48202157229855 335.90481697552769 -2.4492935982947064e-16 -1 0 1 -2.4492935982947064e-16 0 0 0 1 4
2 531.75398436618366 904.32746910428818 333.21844397637153 -2.4492935982947064e-16 -1 0 1 -2.4492935982947064e-16 0 0 0 1 4
2 531.32379919506104 904.17291663627793 330.53207097721543 -2.4492935982947064e-16 -1 0 1 -2.4492935982947064e-16 0 0 0 1 4
2 530.70919921024847 904.01836416826757 327.84569797805932 -2.4492935982947064e-16 -1 0 1 -2.4492935982947064e-16 0 0 0 1 4
2 529.91018441174629 903.86381170025732 325.15932497890321 -2.4492935982947064e-16 -1 0 1 -2.4492935982947064e-16 0 0 0 1 4
2 528.92675479955415 903.70925923224706 322.47295197974711 -2.4492935982947064e-16 -1 0 1 -2.4492935982947064e-16 0 0 0 1 4
2 527.75891037367228 903.5547067642367 319.78657898059089 -2.4492935982947064e-16 -1 0 1 -2.4492935982947064e-16 0 0 0 1 4
2 526.40665113410057 903.40015429622645 317.10020598143478 -2.4492935982947064e-16 -1 0 1 -2.4492935982947064e-16 0 0 0 1 4
2 524.86997708083891 903.24560182821608 314.41383298227868 -2.4492935982947064e-16 -1 0 1 -2.4492935982947064e-16 0 0 0 1 4
2 523.14888821388763 903.09104936020583 311.72745998312257 -2.4492935982947064e-16 -1 0 1 -2.4492935982947064e-16 0 0 0 1 4
2 521.24338453324651 902.93649689219558 309.04108698396647 -2.4492935982947064e-16 -1 0 1 -2.4492935982947064e-16 0 0 0 1 4
2 519.15346603891544 902.78194442418521 306.3547139848103 -2.4492935982947064e-16 -1 0 1 -2.4492935982947064e-16 0 0 0 1 4
2 516.87913273089475 902.62739195617496 303.66834098565414 -2.4492935982947064e-16 -1 0 1 -2.4492935982947064e-16 0 0 0 1 4
2 514.42038460918411 902.47283948816471 300.98196798649803 -2.4492935982947064e-16 -1 0 1 -2.4492935982947064e-16 0 0 0 1 4
2 511.77722167378369 902.31828702015446 298.29559498734193 -2.4492935982947064e-16 -1 0 1 -2.4492935982947064e-16 0 0 0 1 4
2 508.94964392469353 902.16373455214421 295.60922198818582 -2.4492935982947064e-16 -1 0 1 -2.4492935982947064e-16 0 0 0 1 4
2 505.93765136191342 902.00918208413373 292.92284898902966 -2.4492935982947064e-16 -1 0 1 -2.4492935982947064e-16 0 0 0 1 4
2 502.74124398544359 901.85462961612347 290.2364759898735 -2.4492935982947064e-16 -1 0 1 -2.4492935982947064e-16 0 0 0 1 4
2 499.36042179528391 901.70007714811322 287.55010299071739 -2.4492935982947064e-16 -1 0 1 -2.4492935982947064e-16 0 0 0 1 4
2 495.79518479143445 901.54552468010297 284.86372999156129 -2.4492935982947064e-16 -1 0 1 -2.4492935982947064e-16 0 0 0 1 4
2 492.04553297389521 901.39097221209272 282.17735699240518 -2.4492935982947064e-16 -1 0 1 -2.4492935982947064e-16 0 0 0 1 4
2 488.11146634266606 901.23641974408235 279.49098399324902 -2.4492935982947064e-16 -1 0 1 -2.4492935982947064e-16 0 0 0 1 4
2 483.99298489774719 901.0818672760721 276.80461099409285 -2.4492935982947064e-16 -1 0 1 -2.4492935982947064e-16 0 0 0 1 4
2 479.69008863913842 900.92731480806174 274.11823799493675 -2.4492935982947064e-16 -1 0 1 -2.4492935982947064e-16 0 0 0 1 4
2 475.20277756683987 900.77276234005149 271.43186499578064 -2.4492935982947064e-16 -1 0 1 -2.4492935982947064e-16 0 0 0 1 4
2 470.53105168085153 900.61820987204123 268.74549199662454 -2.4492935982947064e-16 -1 0 1 -2.4492935982947064e-16 0 0 0 1 4
2 465.67491098117335 900.46365740403087 266.05911899746837 -2.4492935982947064e-16 -1 0 1 -2.4492935982947064e-16 0 0 0 1 4
2 460.63435546780539 900.30910493602062 263.37274599831227 -2.4492935982947064e-16 -1 0 1 -2.4492935982947064e-16 0 0 0 1 4
2 455.40938514074759 900.15455246801025 260.68637299915611 -2.4492935982947064e-16 -1 0 1 -2.4492935982947064e-16 0 0 0 1 4
2 450 900 258 -2.4492935982947064e-16 -1 0 1 -2.4492935982947064e-16 0 0 0 1 4
Polygon3D 0
PolygonOnTriangulations 0
Surfaces 321
2 300 912.36419744082343 472.90983993249017 0.95945397150838585 -0.016189512391959059 -0.2814000288651306 0.28143691363353029 8.6736173798840335e-19 0.95957973282288156 -0.015535127975608803 -0.99986894125605819 0.0045563264008247513 4
1 309.15938514074759 912.20964497281318 470.22346693333407 0.95945397150838585 -0.016189512391959059 -0.2814000288651306 0.28143691363353029 8.6736173798840335e-19 0.95957973282288156 -0.015535127975608803 -0.99986894125605819 0.0045563264008247513 
1 300 912.36419744082343 472.90983993249017 0.95945397150838585 -0.016189512391959059 -0.2814000288651306 0.28143691363353029 8.6736173798840335e-19 0.95957973282288156 -0.015535127975608803 -0.99986894125605819 0.0045563264008247513 
2 309.15938514074759 912.20964497281318 470.22346693333407 0.95787550033135449 -0.016494987418126193 -0.28670968113238393 0.28674869373948814 0 0.95800583852015075 -0.015802294252881318 -0.99986394844002446 0.0047299160953969775 4
1 318.13435546780539 912.05509250480281 467.5370939341779 0.95787550033135449 -0.016494987418126193 -0.28670968113238393 0.28674869373948814 0 0.95800583852015075 -0.015802294252881318 -0.99986394844002446 0.0047299160953969775 
1 309.15938514074759 912.20964497281318 470.22346693333407 0.95787550033135449 -0.016494987418126193 -0.28670968113238393 0.28674869373948814 0 0.95800583852015075 -0.015802294252881318 -0.99986394844002446 0.0047299160953969775 
2 318.13435546780539 912.05509250480281 467.5370939341779 0.95620516759636942 -0.016811664331274345 -0.29221404039575422 0.29225534367893097 0 0.95634032336355557 -0.016077672502850464 -0.99985867398468509 0.0049132987369514096 4
1 326.92491098117335 911.90054003679256 464.8507209350218 0.95620516759636942 -0.016811664331274345 -0.29221404039575422 0.29225534367893097 0 0.95634032336355557 -0.016077672502850464 -0.99985867398468509 0.0049132987369514096 
1 318.13435546780539 912.05509250480281 467.5370939341779 0.95620516759636942 -0.016811664331274345 -0.29221404039575422 0.29225534367893097 0 0.95634032336355557 -0.016077672502850464 -0.99985867398468509 0.0049132987369514096 
2 326.92491098117335 911.90054003679256 464.8507209350218 0.95443588427172033 -0.017140135935421776 -0.29792341055139426 0.29796718280066448 -8.6736173798840374e-19 0.9545761142904402 -0.016361564359644858 -0.99985309707982373 0.0051071980174980571 4
1 335.53105168085153 911.7459875687822 462.16434793586564 0.95443588427172033 -0.017140135935421776 -0.29792341055139426 0.29796718280066448 -8.6736173798840374e-19 0.9545761142904402 -0.016361564359644858 -0.99985309707982373 0.0051071980174980571 
1 326.92491098117335 911.90054003679256 464.8507209350218 0.95443588427172033 -0.017140135935421776 -0.29792341055139426 0.29796718280066448 -8.6736173798840374e-19 0.9545761142904402 -0.016361564359644858 -0.99985309707982373 0.0051071980174980571 
2 335.53105168085153 911.7459875687822 462.16434793586564 0.95255988329857177 -0.017481034515299285 -0.30384878173605734 0.30389521843231049 0 0.95270546141710466 -0.016654277053946537 -0.9998471950414598 0.0053124028024496353 4
1 343.95277756683987 911.59143510077195 459.47797493670953 0.95255988329857177 -0.017481034515299285 -0.30384878173605734 0.30389521843231049 0 0.95270546141710466 -0.016654277053946537 -0.9998471950414598 0.0053124028024496353 
1 335.53105168085153 911.7459875687822 462.16434793586564 0.95255988329857177 -0.017481034515299285 -0.30384878173605734 0.30389521843231049 0 0.95270546141710466 -0.016654277053946537 -0.9998471950414598 0.0053124028024496353 
2 343.95277756683987 911.59143510077195 459.47797493670953 0.95056864277740849 -0.017835034814754059 -0.31000188209343493 0.31005119787052865 0 0.95071986131512487 -0.016956121825633406 -0.99984094311703231 0.0055297739083770793 4
1 352.19008863913842 911.43688263276169 456.79160193755348 0.95056864277740849 -0.017835034814754059 -0.31000188209343493 0.31005119787052865 0 0.95071986131512487 -0.016956121825633406 -0.99984094311703231 0.0055297739083770793 
1 343.95277756683987 911.59143510077195 459.47797493670953 0.95056864277740849 -0.017835034814754059 -0.31000188209343493 0.31005119787052865 0 0.95071986131512487 -0.016956121825633406 -0.99984094311703231 0.0055297739083770793 
2 352.19008863913842 911.43688263276169 456.79160193755348 0.94845279920128256 -0.018202857233035202 -0.31639523333293973 0.31644766419569637 0 0.94860997033822492 -0.017267411859900467 -0.9998343142683962 0.0057602516530817259 4
1 360.24298489774714 911.28233016475133 454.10522893839726 0.94845279920128256 -0.018202857233035202 -0.31639523333293973 0.31644766419569637 0 0.94860997033822492 -0.017267411859900467 -0.9998343142683962 0.0057602516530817259 
1 352.19008863913842 911.43688263276169 456.79160193755348 0.94845279920128256 -0.018202857233035202 -0.31639523333293973 0.31644766419569637 0 0.94860997033822492 -0.017267411859900467 -0.9998343142683962 0.0057602516530817259 
2 360.24298489774714 911.28233016475133 454.10522893839726 0.94620204930659024 -0.018585271247112681 -0.32304221021513613 0.32309801605016653 -8.6736173798840355e-19 0.94636550656944718 -0.017588459638504375 -0.99982727893005163 0.0060048642676963108 4
1 368.11146634266606 911.12777769674108 451.41885593924115 0.94620204930659024 -0.018585271247112681 -0.32304221021513613 0.32309801605016653 -8.6736173798840355e-19 0.94636550656944718 -0.017588459638504375 -0.99982727893005163 0.0060048642676963108 
1 360.24298489774714 911.28233016475133 454.10522893839726 0.94620204930659024 -0.018585271247112681 -0.32304221021513613 0.32309801605016653 -8.6736173798840355e-19 0.94636550656944718 -0.017588459638504375 -0.99982727893005163 0.0060048642676963108 
2 368.11146634266606 911.12777769674108 451.41885593924115 0.94380503889231659 -0.018983099064836521 -0.32995710404743139 0.33001657146940377 0 0.94397513873808137 -0.017919573573407798 -0.99981980473978149 0.0062647372692413942 4
1 375.79553297389515 910.97322522873071 448.73248294008499 0.94380503889231659 -0.018983099064836521 -0.32995710404743139 0.33001657146940377 0 0.94397513873808137 -0.017919573573407798 -0.99981980473978149 0.0062647372692413942 
1 368.11146634266606 911.12777769674108 451.41885593924115 0.94380503889231659 -0.018983099064836521 -0.32995710404743139 0.33001657146940377 0 0.94397513873808137 -0.017919573573407798 -0.99981980473978149 0.0062647372692413942 
2 375.79553297389515 910.97322522873071 448.73248294008499 0.94124923670508653 -0.01939721950895414 -0.33715519019794654 0.33721863578048861 0 0.94142636020155401 -0.018261053760345269 -0.99981185623862334 0.006541103900744194 4
1 383.29518479143445 910.81867276072046 446.04610994092889 0.94124923670508653 -0.01939721950895414 -0.33715519019794654 0.33721863578048861 0 0.94142636020155401 -0.018261053760345269 -0.99981185623862334 0.006541103900744194 
1 375.79553297389515 910.97322522873071 448.73248294008499 0.94124923670508653 -0.01939721950895414 -0.33715519019794654 0.33721863578048861 0 0.94142636020155401 -0.018261053760345269 -0.99981185623862334 0.006541103900744194 
2 383.29518479143445 910.81867276072046 446.04610994092889 0.93852079119370435 -0.0198285721271357 -0.3446527995309806 0.34472057347898838 -8.6736173798840355e-19 0.93870534579297971 -0.018613186655183956 -0.99980339453684552 0.0068353167549357026 4
1 390.61042179528391 910.66412029271021 443.35973694177284 0.93852079119370435 -0.0198285721271357 -0.3446527995309806 0.34472057347898838 -8.6736173798840355e-19 0.93870534579297971 -0.018613186655183956 -0.99980339453684552 0.0068353167549357026 
1 383.29518479143445 910.81867276072046 446.04610994092889 0.93852079119370435 -0.0198285721271357 -0.3446527995309806 0.34472057347898838 -8.6736173798840355e-19 0.93870534579297971 -0.018613186655183956 -0.99980339453684552 0.0068353167549357026 
2 390.61042179528391 910.66412029271021 443.35973694177284 0.9356043675996949 -0.020278161513177771 -0.35246739351891898 0.35253988384776114 -8.6736173798840374e-19 0.93579678899673902 -0.018976238430789012 -0.99979437694240192 0.0071488607045018309 4
1 397.74124398544359 910.50956782469984 440.67336394261662 0.9356043675996949 -0.020278161513177771 -0.35246739351891898 0.35253988384776114 -8.6736173798840374e-19 0.93579678899673902 -0.018976238430789012 -0.99979437694240192 0.0071488607045018309 
1 390.61042179528391 910.66412029271021 443.35973694177284 0.9356043675996949 -0.020278161513177771 -0.35246739351891898 0.35253988384776114 -8.6736173798840374e-19 0.93579678899673902 -0.018976238430789012 -0.99979437694240192 0.0071488607045018309 
2 397.74124398544359 910.50956782469984 440.67336394261662 0.93248296246260554 -0.02074706181418158 -0.36061764258427742 0.36069527988137884 -8.6736173798840355e-19 0.93268371652521842 -0.019350446719829315 -0.99978475654816745 0.0074833672677824901 4
1 404.68765136191342 910.35501535668959 437.98699094346057 0.93248296246260554 -0.02074706181418158 -0.36061764258427742 0.36069527988137884 -8.6736173798840355e-19 0.93268371652521842 -0.019350446719829315 -0.99978475654816745 0.0074833672677824901 
1 397.74124398544359 910.50956782469984 440.67336394261662 0.93248296246260554 -0.02074706181418158 -0.36061764258427742 0.36069527988137884 -8.6736173798840355e-19 0.93268371652521842 -0.019350446719829315 -0.99978475654816745 0.0074833672677824901 
2 404.68765136191342 910.35501535668959 437.98699094346057 0.9291376921759239 -0.021236421382294483 -0.36912350695244517 0.369206769808125 -8.6736173798840355e-19 0.92934727692496655 -0.019736010383266507 -0.9997744817742017 0.0078406305408411404 4
1 411.44964392469348 910.20046288867934 435.30061794430435 0.9291376921759239 -0.021236421382294483 -0.36912350695244517 0.369206769808125 -8.6736173798840355e-19 0.92934727692496655 -0.019736010383266507 -0.9997744817742017 0.0078406305408411404 
1 404.68765136191342 910.35501535668959 437.98699094346057 0.9291376921759239 -0.021236421382294483 -0.36912350695244517 0.369206769808125 -8.6736173798840355e-19 0.92934727692496655 -0.019736010383266507 -0.9997744817742017 0.0078406305408411404 
2 411.44964392469348 910.20046288867934 435.30061794430435 0.92554755172693426 -0.021747467508085237 -0.3780063189276906 0.37809574013502384 8.6736173798840335e-19 0.92576649933541477 -0.020133076864370745 -0.99976349586138868 0.0082226248235318707 4
1 418.02722167378369 910.04591042066909 432.61424494514824 0.92554755172693426 -0.021747467508085237 -0.3780063189276906 0.37809574013502384 8.6736173798840335e-19 0.92576649933541477 -0.020133076864370745 -0.99976349586138868 0.0082226248235318707 
1 411.44964392469348 910.20046288867934 435.30061794430435 0.92554755172693426 -0.021747467508085237 -0.3780063189276906 0.37809574013502384 8.6736173798840335e-19 0.92576649933541477 -0.020133076864370745 -0.99976349586138868 0.0082226248235318707 
2 418.02722167378369 910.04591042066909 432.61424494514824 0.92168913918642692 -0.022281511145403735 -0.38728886501790966 0.38738503865585261 -1.7347234759768071e-18 0.92191801795257466 -0.020541726592158811 -0.99975173631310965 0.0086315240563730345 4
1 424.42038460918411 909.89135795265884 429.92787194599219 0.92168913918642692 -0.022281511145403735 -0.38728886501790966 0.38738503865585261 -1.7347234759768071e-18 0.92191801795257466 -0.020541726592158811 -0.99975173631310965 0.0086315240563730345 
1 418.02722167378369 910.04591042066909 432.61424494514824 0.92168913918642692 -0.022281511145403735 -0.38728886501790966 0.38738503865585261 -1.7347234759768071e-18 0.92191801795257466 -0.020541726592158811 -0.99975173631310965 0.0086315240563730345 
2 424.42038460918411 909.89135795265884 429.92787194599219 0.91753634088343028 -0.02283995149954068 -0.39699546568411115 0.39709905521415234 -1.7347234759768071e-18 0.91777575711500881 -0.020961953779961028 -0.999739134282288 0.0090697231616046637 4
1 430.6291327308947 909.73680548464847 427.24149894683597 0.91753634088343028 -0.02283995149954068 -0.39699546568411115 0.39709905521415234 -1.7347234759768071e-18 0.91777575711500881 -0.020961953779961028 -0.999739134282288 0.0090697231616046637 
1 424.42038460918411 909.89135795265884 429.92787194599219 0.91753634088343028 -0.02283995149954068 -0.39699546568411115 0.39709905521415234 -1.7347234759768071e-18 0.91777575711500881 -0.020961953779961028 -0.999739134282288 0.0090697231616046637 
2 430.6291327308947 909.73680548464847 427.24149894683597 0.91305997150658624 -0.023424280301661184 -0.40715204963838891 0.407263797162423 0 0.91331057123020576 -0.021393642822966633 -0.9997256139023093 0.0095398613414514818 4
1 436.6534660389155 909.58225301663822 424.55512594767993 0.91305997150658624 -0.023424280301661184 -0.40715204963838891 0.407263797162423 0 0.91331057123020576 -0.021393642822966633 -0.9997256139023093 0.0095398613414514818 
1 430.6291327308947 909.73680548464847 427.24149894683597 0.91305997150658624 -0.023424280301661184 -0.40715204963838891 0.407263797162423 0 0.91331057123020576 -0.021393642822966633 -0.9997256139023093 0.0095398613414514818 
2 436.6534660389155 909.58225301663822 424.55512594767993 0.90822736262930892 -0.0240360855284481 -0.41778621849443398 0.41790695534005046 0 0.90848983300772779 -0.021836539327899276 -0.99971109156219184 0.010044847321486793 4
1 442.49338453324646 909.42770054862785 421.86875294852371 0.90822736262930892 -0.0240360855284481 -0.41778621849443398 0.41790695534005046 0 0.90848983300772779 -0.021836539327899276 -0.99971109156219184 0.010044847321486793 
1 436.6534660389155 909.58225301663822 424.55512594767993 0.90822736262930892 -0.0240360855284481 -0.41778621849443398 0.41790695534005046 0 0.90848983300772779 -0.021836539327899276 -0.99971109156219184 0.010044847321486793 
2 442.49338453324646 909.42770054862785 421.86875294852371 0.90300189238183814 -0.024677054240678783 -0.42892729611068348 0.42905795492892984 1.7347234759768071e-18 0.90327696268210267 -0.022290214602461833 -0.99969547512930301 0.010587886426175915 4
1 448.14888821388763 909.2731480806176 419.1823799493676 0.90300189238183814 -0.024677054240678783 -0.42892729611068348 0.42905795492892984 1.7347234759768071e-18 0.90327696268210267 -0.022290214602461833 -0.99969547512930301 0.010587886426175915 
1 442.49338453324646 909.42770054862785 421.86875294852371 0.90300189238183814 -0.024677054240678783 -0.42892729611068348 0.42905795492892984 1.7347234759768071e-18 0.90327696268210267 -0.022290214602461833 -0.99969547512930301 0.010587886426175915 
2 448.14888821388763 909.2731480806176 419.1823799493676 0.89734244822543918 -0.025348974106663282 -0.44060635506596446 0.44074798364473189 0 0.89763089012862252 -0.022754022191211566 -0.99967866312717701 0.011172509224974361 4
1 453.61997708083896 909.11859561260735 416.49600695021155 0.89734244822543918 -0.025348974106663282 -0.44060635506596446 0.44074798364473189 0 0.89763089012862252 -0.022754022191211566 -0.99967866312717701 0.011172509224974361 
1 448.14888821388763 909.2731480806176 419.1823799493676 0.89734244822543918 -0.025348974106663282 -0.44060635506596446 0.44074798364473189 0 0.89763089012862252 -0.022754022191211566 -0.99967866312717701 0.011172509224974361 
2 453.61997708083896 909.11859561260735 416.49600695021155 0.89120281408937518 -0.026053733032835685 -0.45285621024143236 0.45300998725298502 -1.7347234759768067e-18 0.89150544106530849 -0.023227044758835975 -0.99966054388229897 0.011802601269097567 4
1 458.90665113410051 908.96404314459699 413.80963395105533 0.89120281408937518 -0.026053733032835685 -0.45285621024143236 0.45300998725298502 -1.7347234759768067e-18 0.89150544106530849 -0.023227044758835975 -0.99966054388229897 0.011802601269097567 
1 453.61997708083896 909.11859561260735 416.49600695021155 0.89120281408937518 -0.026053733032835685 -0.45285621024143236 0.45300998725298502 -1.7347234759768067e-18 0.89150544106530849 -0.023227044758835975 -0.99966054388229897 0.011802601269097567 
2 458.90665113410051 908.96404314459699 413.80963395105533 0.88453097260641556 -0.026793316142694701 -0.46571136630967691 0.46587861922054713 0 0.88484863799022517 -0.02370802929610492 -0.99964099466262268 0.012482433128898204 4
1 464.00891037367222 908.80949067658673 411.12326095189928 0.88453097260641556 -0.026793316142694701 -0.46571136630967691 0.46587861922054713 0 0.88484863799022517 -0.02370802929610492 -0.99964099466262268 0.012482433128898204 
1 458.90665113410051 908.96404314459699 413.80963395105533 0.88453097260641556 -0.026793316142694701 -0.46571136630967691 0.46587861922054713 0 0.88484863799022517 -0.02370802929610492 -0.99964099466262268 0.012482433128898204 
2 464.00891037367222 908.80949067658673 411.12326095189928 0.87726831298543129 -0.027569799110689356 -0.47920790186378559 0.47939012723472285 1.7347234759768075e-18 0.87760190628204326 -0.024195308255353962 -0.99961988084321152 0.013216689503509123 4
1 468.92675479955415 908.65493820857637 408.43688795274306 0.87726831298543129 -0.027569799110689356 -0.47920790186378559 0.47939012723472285 1.7347234759768075e-18 0.87760190628204326 -0.024195308255353962 -0.99961988084321152 0.013216689503509123 
1 464.00891037367222 908.80949067658673 411.12326095189928 0.87726831298543129 -0.027569799110689356 -0.47920790186378559 0.47939012723472285 1.7347234759768075e-18 0.87760190628204326 -0.024195308255353962 -0.99961988084321152 0.013216689503509123 
2 468.92675479955415 908.65493820857637 408.43688795274306 0.86934873542253399 -0.02838533655915524 -0.49338326774188879 0.49358215412799078 0 0.86969917622495907 -0.024686703822365531 -0.99959705515193653 0.014010495564515855 4
1 473.66018441174623 908.50038574056612 405.75051495358701 0.86934873542253399 -0.02838533655915524 -0.49338326774188879 0.49358215412799078 0 0.86969917622495907 -0.024686703822365531 -0.99959705515193653 0.014010495564515855 
1 468.92675479955415 908.65493820857637 408.43688795274306 0.86934873542253399 -0.02838533655915524 -0.49338326774188879 0.49358215412799078 0 0.86969917622495907 -0.024686703822365531 -0.99959705515193653 0.014010495564515855 
2 473.66018441174623 908.50038574056612 405.75051495358701 0.86069764421692452 -0.02924214385236364 -0.50827597057342178 0.50849342419009846 0 0.86106587294784176 -0.02517941212310186 -0.99957235707222203 0.014869437858147825 4
1 478.20919921024853 908.34583327255586 403.06414195443091 0.86069764421692452 -0.02924214385236364 -0.50827597057342178 0.50849342419009846 0 0.86106587294784176 -0.02517941212310186 -0.99957235707222203 0.014869437858147825 
1 473.66018441174623 908.50038574056612 405.75051495358701 0.86069764421692452 -0.02924214385236364 -0.50827597057342178 0.50849342419009846 0 0.86106587294784176 -0.02517941212310186 -0.99957235707222203 0.014869437858147825 
2 478.20919921024853 908.34583327255586 403.06414195443091 0.85123082442617093 -0.030142470150610085 -0.5239251044185238 0.524163277653236 0 0.85161778889347828 -0.025669863781450222 -0.99954561251261542 0.015799575950708609 4
1 482.57379919506099 908.1912808045455 400.37776895527469 0.85123082442617093 -0.030142470150610085 -0.5239251044185238 0.524163277653236 0 0.85161778889347828 -0.025669863781450222 -0.99954561251261542 0.015799575950708609 
1 478.20919921024853 908.34583327255586 403.06414195443091 0.85123082442617093 -0.030142470150610085 -0.5239251044185238 0.524163277653236 0 0.85161778889347828 -0.025669863781450222 -0.99954561251261542 0.015799575950708609 
2 482.57379919506099 908.1912808045455 400.37776895527469 0.84085320167220057 -0.03108856001177053 -0.54036968334095514 0.54063100604361425 0 0.8412598381619496 -0.026153556964190135 -0.99951663389680245 0.016807439475610777 4
1 486.75398436618366 908.03672833653525 397.69139595611864 0.84085320167220057 -0.03108856001177053 -0.54036968334095514 0.54063100604361425 0 0.8412598381619496 -0.026153556964190135 -0.99951663389680245 0.016807439475610777 
1 482.57379919506099 908.1912808045455 400.37776895527469 0.84085320167220057 -0.03108856001177053 -0.54036968334095514 0.54063100604361425 0 0.8412598381619496 -0.026153556964190135 -0.99951663389680245 0.016807439475610777 
2 486.75398436618366 908.03672833653525 397.69139595611864 0.82945749258895618 -0.032082600130122076 -0.55764771563858517 0.55793492888712759 0 0.82988469989976077 -0.026624858980990384 -0.99948522088567715 0.017900003222113811 4
1 490.74975472361649 907.88217586852488 395.00502295696242 0.82945749258895618 -0.032082600130122076 -0.55764771563858517 0.55793492888712759 0 0.82988469989976077 -0.026624858980990384 -0.99948522088567715 0.017900003222113811 
1 486.75398436618366 908.03672833653525 397.69139595611864 0.82945749258895618 -0.032082600130122076 -0.55764771563858517 0.55793492888712759 0 0.82988469989976077 -0.026624858980990384 -0.99948522088567715 0.017900003222113811 
2 490.74975472361649 907.88217586852488 395.00502295696242 0.81692276573983447 -0.03312664698157692 -0.57579494620545046 0.57611113787959112 -1.7347234759768071e-18 0.81737137019293915 -0.027076772833229318 -0.99945116201831397 0.019084630286691801 4
1 494.56111026735954 907.72762340051463 392.31864995780637 0.81692276573983447 -0.03312664698157692 -0.57579494620545046 0.57611113787959112 -1.7347234759768071e-18 0.81737137019293915 -0.027076772833229318 -0.99945116201831397 0.019084630286691801 
1 490.74975472361649 907.88217586852488 395.00502295696242 0.81692276573983447 -0.03312664698157692 -0.57579494620545046 0.57611113787959112 -1.7347234759768071e-18 0.81737137019293915 -0.027076772833229318 -0.99945116201831397 0.019084630286691801 
2 494.56111026735954 907.72762340051463 392.31864995780637 0.80311295143334682 -0.034222530218517892 -0.59484317737153325 0.59519181832738155 0 0.80358366048355245 -0.027500666104005596 -0.99941423765395832 0.020368969988523427 4
1 498.1880509974128 907.57307093250438 389.63227695865027 0.80311295143334682 -0.034222530218517892 -0.59484317737153325 0.59519181832738155 0 0.80358366048355245 -0.027500666104005596 -0.99941423765395832 0.020368969988523427 
1 494.56111026735954 907.72762340051463 392.31864995780637 0.80311295143334682 -0.034222530218517892 -0.59484317737153325 0.59519181832738155 0 0.80358366048355245 -0.027500666104005596 -0.99941423765395832 0.020368969988523427 
2 498.1880509974128 907.57307093250438 389.63227695865027 0.78787536606136455 -0.035371725665318446 -0.61481806136216288 0.61520304022037442 3.469446951953615e-18 0.78836870771461276 -0.0278859616524029 -0.99937422471437476 0.021760793167144958 4
1 501.63057691377617 907.41851846449401 386.9459039594941 0.78787536606136455 -0.035371725665318446 -0.61481806136216288 0.61520304022037442 3.469446951953615e-18 0.78836870771461276 -0.0278859616524029 -0.99937422471437476 0.021760793167144958 
1 498.1880509974128 907.57307093250438 389.63227695865027 0.78787536606136455 -0.035371725665318446 -0.61481806136216288 0.61520304022037442 3.469446951953615e-18 0.78836870771461276 -0.0278859616524029 -0.99937422471437476 0.021760793167144958 
2 501.63057691377617 907.41851846449401 386.9459039594941 0.77103935522283207 -0.036575190816830347 -0.6357362409948577 0.63616189446060678 3.4694469519536142e-18 0.77155560009392199 -0.028219793299229239 -0.9993309038635364 0.023267742680292986 4
1 504.88868801644981 907.26396599648376 384.259530960338 0.77103935522283207 -0.036575190816830347 -0.6357362409948577 0.63616189446060678 3.4694469519536142e-18 0.77155560009392199 -0.028219793299229239 -0.9993309038635364 0.023267742680292986 
1 501.63057691377617 907.41851846449401 386.9459039594941 0.77103935522283207 -0.036575190816830347 -0.6357362409948577 0.63616189446060678 3.4694469519536142e-18 0.77155560009392199 -0.028219793299229239 -0.9993309038635364 0.023267742680292986 
2 504.88868801644981 907.26396599648376 384.259530960338 0.75241521322683969 -0.037833155015846311 -0.6576017026182005 0.65807283676158834 0 0.75295427584718311 -0.028486635837970783 -0.9992840699128287 0.024896971644918896 4
1 507.96238430543355 907.1094135284734 381.57315796118178 0.75241521322683969 -0.037833155015846311 -0.6576017026182005 0.65807283676158834 0 0.75295427584718311 -0.028486635837970783 -0.9992840699128287 0.024896971644918896 
1 504.88868801644981 907.26396599648376 384.259530960338 0.75241521322683969 -0.037833155015846311 -0.6576017026182005 0.65807283676158834 0 0.75295427584718311 -0.028486635837970783 -0.9992840699128287 0.024896971644918896 
2 507.96238430543355 907.1094135284734 381.57315796118178 0.73179360780404257 -0.039144856299864 -0.68040120208771393 0.68092309805635276 0 0.73235492388140511 -0.028667928255835442 -0.99923354638706119 0.026654636824674133 4
1 510.8516657807275 906.95486106046314 378.88678496202573 0.73179360780404257 -0.039144856299864 -0.68040120208771393 0.68092309805635276 0 0.73235492388140511 -0.028667928255835442 -0.99923354638706119 0.026654636824674133 
1 507.96238430543355 907.1094135284734 381.57315796118178 0.73179360780404257 -0.039144856299864 -0.68040120208771393 0.68092309805635276 0 0.73235492388140511 -0.028667928255835442 -0.99923354638706119 0.026654636824674133 
2 510.8516657807275 906.95486106046314 378.88678496202573 0.70894583026123215 -0.040508217764593353 -0.70409863943111595 0.70467703461000408 0 0.70952820725694299 -0.028741723129685766 -0.99917920529479409 0.028545210771689925 4
1 513.55653244233167 906.80030859245289 376.20041196286962 0.70894583026123215 -0.040508217764593353 -0.70409863943111595 0.70467703461000408 0 0.70952820725694299 -0.028741723129685766 -0.99917920529479409 0.028545210771689925 
1 510.8516657807275 906.95486106046314 378.88678496202573 0.70894583026123215 -0.040508217764593353 -0.70409863943111595 0.70467703461000408 0 0.70952820725694299 -0.028741723129685766 -0.99917920529479409 0.028545210771689925 
2 513.55653244233167 906.80030859245289 376.20041196286962 0.68362530249393427 -0.04191945891849707 -0.72862830356366004 -0.72926933630177238 3.469446951953615e-18 -0.68422674248378546 0.028682414822486121 0.99912099315547387 -0.030570575983621767 4
1 516.07698429024595 906.64575612444264 373.51403896371346 0.68362530249393427 -0.04191945891849707 -0.72862830356366004 -0.72926933630177238 3.469446951953615e-18 -0.68422674248378546 0.028682414822486121 0.99912099315547387 -0.030570575983621767 
1 513.55653244233167 906.80030859245289 376.20041196286962 0.68362530249393427 -0.04191945891849707 -0.72862830356366004 -0.72926933630177238 3.469446951953615e-18 -0.68422674248378546 0.028682414822486121 0.99912099315547387 -0.030570575983621767 
2 516.07698429024595 906.64575612444264 373.51403896371346 0.65557089725743856 -0.043372642917224022 -0.75388700248475693 -0.75459710541404934 -3.4694469519536142e-18 -0.65618839406129259 0.028460624902047125 0.99905896414895112 -0.032728870799494415 4
1 518.41302132447049 906.49120365643239 370.82766596455735 0.65557089725743856 -0.043372642917224022 -0.75388700248475693 -0.75459710541404934 -3.4694469519536142e-18 -0.65618839406129259 0.028460624902047125 0.99905896414895112 -0.032728870799494415 
1 516.07698429024595 906.64575612444264 373.51403896371346 0.65557089725743856 -0.043372642917224022 -0.75388700248475693 -0.75459710541404934 -3.4694469519536142e-18 -0.65618839406129259 0.028460624902047125 0.99905896414895112 -0.032728870799494415 
2 518.41302132447049 906.49120365643239 370.82766596455735 0.62451275103024428 -0.044859170004177863 -0.77972525845144491 -0.78051098267639074 0 -0.62514206859044052 0.028043354331661982 0.99899332073169345 -0.03501307486200813 4
1 520.56464354500531 906.33665118842191 368.14129296540119 0.62451275103024428 -0.044859170004177863 -0.77972525845144491 -0.78051098267639074 0 -0.62514206859044052 0.028043354331661982 0.99899332073169345 -0.03501307486200813 
1 518.41302132447049 906.49120365643239 370.82766596455735 0.62451275103024428 -0.044859170004177863 -0.77972525845144491 -0.78051098267639074 0 -0.62514206859044052 0.028043354331661982 0.99899332073169345 -0.03501307486200813 
2 520.56464354500531 906.33665118842191 368.14129296540119 0.59018133822571384 -0.0463672422536636 -0.80593800435014595 -0.80680575538058563 0 -0.59081678470128329 0.027394544983775013 0.99892446103085808 -0.037409357911381669 4
1 522.53185095185017 906.18209872041166 365.45491996624509 0.59018133822571384 -0.0463672422536636 -0.80593800435014595 -0.80680575538058563 0 -0.59081678470128329 0.027394544983775013 0.99892446103085808 -0.037409357911381669 
1 520.56464354500531 906.33665118842191 368.14129296540119 0.59018133822571384 -0.0463672422536636 -0.80593800435014595 -0.80680575538058563 0 -0.59081678470128329 0.027394544983775013 0.99892446103085808 -0.037409357911381669 
2 522.53185095185017 906.18209872041166 365.45491996624509 0.55232057846763349 -0.047881345739691716 -0.83225558293791879 -0.83321125074987157 3.4694469519536134e-18 -0.55295480070602021 0.026476219991027287 0.99885303059567088 -0.039895275971355566 4
1 524.31464354500531 906.02754625240141 362.76854696708898 0.55232057846763349 -0.047881345739691716 -0.83225558293791879 -0.83321125074987157 3.4694469519536134e-18 -0.55295480070602021 0.026476219991027287 0.99885303059567088 -0.039895275971355566 
1 522.53185095185017 906.18209872041166 365.45491996624509 0.55232057846763349 -0.047881345739691716 -0.83225558293791879 -0.83321125074987157 3.4694469519536134e-18 -0.55295480070602021 0.026476219991027287 0.99885303059567088 -0.039895275971355566 
2 524.31464354500531 906.02754625240141 362.76854696708898 0.51070558766530838 -0.049381823255019025 -0.8583363200164853 -0.8593847922077007 0 -0.51132942309447349 0.025250379196342133 0.99877997353371584 -0.042437987916851924 4
1 525.91302132447049 905.87299378439116 360.08217396793282 0.51070558766530838 -0.049381823255019025 -0.8583363200164853 -0.8593847922077007 0 -0.51132942309447349 0.025250379196342133 0.99877997353371584 -0.042437987916851924 
1 524.31464354500531 906.02754625240141 362.76854696708898 0.51070558766530838 -0.049381823255019025 -0.8583363200164853 -0.8593847922077007 0 -0.51132942309447349 0.025250379196342133 0.99877997353371584 -0.042437987916851924 
2 525.91302132447049 905.87299378439116 360.08217396793282 0.46516526247973466 -0.050844640976467202 -0.88376246869061692 -0.88490702977127678 3.4694469519536142e-18 -0.46576769817300195 0.023681791392041827 0.99870657476757119 -0.044992780226272538 4
1 527.32698429024606 905.7184413163809 357.39580096877671 0.46516526247973466 -0.050844640976467202 -0.88376246869061692 -0.88490702977127678 3.4694469519536142e-18 -0.46576769817300195 0.023681791392041827 0.99870657476757119 -0.044992780226272538 
1 525.91302132447049 905.87299378439116 360.08217396793282 0.46516526247973466 -0.050844640976467202 -0.88376246869061692 -0.88490702977127678 3.4694469519536142e-18 -0.46576769817300195 0.023681791392041827 0.99870657476757119 -0.044992780226272538 
2 527.32698429024606 905.7184413163809 357.39580096877671 0.41560911483937746 -0.052241479373600498 -0.90804178950931924 -0.90928343277106294 3.469446951953615e-18 -0.41617741275575248 0.021741723724238066 0.9986344815961733 -0.047502311697866138 4
1 528.55653244233167 905.56388884837054 354.70942796962055 0.41560911483937746 -0.052241479373600498 -0.90804178950931924 -0.90928343277106294 3.469446951953615e-18 -0.41617741275575248 0.021741723724238066 0.9986344815961733 -0.047502311697866138 
1 527.32698429024606 905.7184413163809 357.39580096877671 0.41560911483937746 -0.052241479373600498 -0.90804178950931924 -0.90928343277106294 3.469446951953615e-18 -0.41617741275575248 0.021741723724238066 0.9986344815961733 -0.047502311697866138 
2 528.55653244233167 905.56388884837054 354.70942796962055 0.36205661068731682 -0.053540290683946307 -0.93061724029328574 -0.93195395115175506 0 -0.36257665800852684 0.019412459664990316 0.9985656900141715 -0.049897085448717265 4
1 529.60166578072744 905.40933638036017 352.02305497046444 0.36205661068731682 -0.053540290683946307 -0.93061724029328574 -0.93195395115175506 0 -0.36257665800852684 0.019412459664990316 0.9985656900141715 -0.049897085448717265 
1 528.55653244233167 905.56388884837054 354.70942796962055 0.36205661068731682 -0.053540290683946307 -0.93061724029328574 -0.93195395115175506 0 -0.36257665800852684 0.019412459664990316 0.9985656900141715 -0.049897085448717265 
2 529.60166578072744 905.40933638036017 352.02305497046444 0.3046658058310272 -0.054706446832421131 -0.95088692883660064 -0.95231303564810943 -3.4694469519536134e-18 -0.30512273290379816 0.016692180564964663 0.99850248105599193 -0.05209766245250487 4
1 530.4623843054336 905.25478391234992 349.33668197130834 0.3046658058310272 -0.054706446832421131 -0.95088692883660064 -0.95231303564810943 -3.4694469519536134e-18 -0.30512273290379816 0.016692180564964663 0.99850248105599193 -0.05209766245250487 
1 529.60166578072744 905.40933638036017 352.02305497046444 0.3046658058310272 -0.054706446832421131 -0.95088692883660064 -0.95231303564810943 -3.4694469519536134e-18 -0.30512273290379816 0.016692180564964663 0.99850248105599193 -0.05209766245250487 
2 530.4623843054336 905.25478391234992 349.33668197130834 0.24375660795718404 -0.055704537384517708 -0.96823536425395273 -0.96974108432537742 0 -0.24413567820259521 0.013599465013331053 0.99844729681379629 -0.054018978485105743 4
1 531.13868801644981 905.10023144433967 346.65030897215217 0.24375660795718404 -0.055704537384517708 -0.96823536425395273 -0.96974108432537742 0 -0.24413567820259521 0.013599465013331053 0.99844729681379629 -0.054018978485105743 
1 530.4623843054336 905.25478391234992 349.33668197130834 0.24375660795718404 -0.055704537384517708 -0.96823536425395273 -0.96974108432537742 0 -0.24413567820259521 0.013599465013331053 0.99844729681379629 -0.054018978485105743 
2 531.13868801644981 905.10023144433967 346.65030897215217 0.17982305359905454 -0.05650076041548454 -0.98207501417497822 -0.98364633398857226 1.7347234759768067e-18 -0.18011077044652829 0.01017639548924763 0.99840255612276563 -0.05557676585025801 4
1 531.63057691377617 904.94567897632942 343.96393597299607 0.17982305359905454 -0.05650076041548454 -0.98207501417497822 -0.98364633398857226 1.7347234759768067e-18 -0.18011077044652829 0.01017639548924763 0.99840255612276563 -0.05557676585025801 
1 531.13868801644981 905.10023144433967 346.65030897215217 0.17982305359905454 -0.05650076041548454 -0.98207501417497822 -0.98364633398857226 1.7347234759768067e-18 -0.18011077044652829 0.01017639548924763 0.99840255612276563 -0.05557676585025801 
2 531.63057691377617 904.94567897632942 343.96393597299607 0.11352922345782179 -0.057065693046970185 -0.99189446116919777 -0.99351346529604068 0 -0.11371452974643521 0.0064891984494906321 0.99837042558214284 -0.056695534448615525 4
1 531.9380509974128 904.79112650831905 341.27756297383996 0.11352922345782179 -0.057065693046970185 -0.99189446116919777 -0.99351346529604068 0 -0.11371452974643521 0.0064891984494906321 0.99837042558214284 -0.056695534448615525 
1 531.63057691377617 904.94567897632942 343.96393597299607 0.11352922345782179 -0.057065693046970185 -0.99189446116919777 -0.99351346529604068 0 -0.11371452974643521 0.0064891984494906321 0.99837042558214284 -0.056695534448615525 
2 531.9380509974128 904.79112650831905 341.27756297383996 0.045685330617728913 -0.057377072055552432 -0.99730673424412453 0 -0.99834913034833195 0.057437043210191101 -0.99895588019008574 -0.0026240303087623619 -0.045609910091885683 4
1 532.06111026735948 904.6365740403088 338.5911899746838 0.045685330617728913 -0.057377072055552432 -0.99730673424412453 0 -0.99834913034833195 0.057437043210191101 -0.99895588019008574 -0.0026240303087623619 -0.045609910091885683 
1 531.9380509974128 904.79112650831905 341.27756297383996 0.045685330617728913 -0.057377072055552432 -0.99730673424412453 0 -0.99834913034833195 0.057437043210191101 -0.99895588019008574 -0.0026240303087623619 -0.045609910091885683 
2 532.06111026735948 904.6365740403088 338.5911899746838 -0.022795917091522514 -0.057422117580982632 -0.99808969866263642 -2.1684043449710089e-19 -0.99834913034833195 0.057437043210192315 -0.99974013931819117 0.0013093300750017401 0.022758284003814175 4
1 531.99975472361655 904.48202157229855 335.90481697552769 -0.022795917091522514 -0.057422117580982632 -0.99808969866263642 -2.1684043449710089e-19 -0.99834913034833195 0.057437043210192315 -0.99974013931819117 0.0013093300750017401 0.022758284003814175 
1 532.06111026735948 904.6365740403088 338.5911899746838 -0.022795917091522514 -0.057422117580982632 -0.99808969866263642 -2.1684043449710089e-19 -0.99834913034833195 0.057437043210192315 -0.99974013931819117 0.0013093300750017401 0.022758284003814175 
2 531.99975472361655 904.48202157229855 335.90481697552769 -0.090958149371667157 -0.057198950344877569 -0.99421068951320668 -0.99584108070229538 8.6736173798840335e-19 0.091107310275764852 -0.0052112425165188265 0.99836279982751985 -0.05696106452647981 4
1 531.75398436618366 904.32746910428818 333.21844397637153 -0.090958149371667157 -0.057198950344877569 -0.99421068951320668 -0.99584108070229538 8.6736173798840335e-19 0.091107310275764852 -0.0052112425165188265 0.99836279982751985 -0.05696106452647981 
1 531.99975472361655 904.48202157229855 335.90481697552769 -0.090958149371667157 -0.057198950344877569 -0.99421068951320668 -0.99584108070229538 8.6736173798840335e-19 0.091107310275764852 -0.0052112425165188265 0.99836279982751985 -0.05696106452647981 
2 531.75398436618366 904.32746910428818 333.21844397637153 -0.15786696145991713 -0.056716805107991673 -0.98583022194379655 -0.98741966500722078 0 0.15812148859983538 -0.0089681456523023929 0.9983903064525127 -0.056003288700012976 4
1 531.32379919506104 904.17291663627793 330.53207097721543 -0.15786696145991713 -0.056716805107991673 -0.98583022194379655 -0.98741966500722078 0 0.15812148859983538 -0.0089681456523023929 0.9983903064525127 -0.056003288700012976 
1 531.75398436618366 904.32746910428818 333.21844397637153 -0.15786696145991713 -0.056716805107991673 -0.98583022194379655 -0.98741966500722078 0 0.15812148859983538 -0.0089681456523023929 0.9983903064525127 -0.056003288700012976 
2 531.32379919506104 904.17291663627793 330.53207097721543 -0.22267209975625202 -0.055994994182881577 -0.97328397532097533 -0.9748134092967502 0 0.22302201024842061 -0.012488116166514868 0.99843104951041017 -0.054584671182966484 4
1 530.70919921024847 904.01836416826757 327.84569797805932 -0.22267209975625202 -0.055994994182881577 -0.97328397532097533 -0.9748134092967502 0 0.22302201024842061 -0.012488116166514868 0.99843104951041017 -0.054584671182966484 
1 531.32379919506104 904.17291663627793 330.53207097721543 -0.22267209975625202 -0.055994994182881577 -0.97328397532097533 -0.9748134092967502 0 0.22302201024842061 -0.012488116166514868 0.99843104951041017 -0.054584671182966484 
2 530.70919921024847 904.01836416826757 327.84569797805932 -0.28465690655703502 -0.055060841835500821 -0.95704688978427033 -0.95850093454649332 -1.7347234759768075e-18 0.28508938681315205 -0.015697261636298879 0.9984830012055117 -0.05277586835624419 4
1 529.91018441174629 903.86381170025732 325.15932497890321 -0.28465690655703502 -0.055060841835500821 -0.95704688978427033 -0.95850093454649332 -1.7347234759768075e-18 0.28508938681315205 -0.015697261636298879 0.9984830012055117 -0.05277586835624419 
1 530.70919921024847 904.01836416826757 327.84569797805932 -0.28465690655703502 -0.055060841835500821 -0.95704688978427033 -0.95850093454649332 -1.7347234759768075e-18 0.28508938681315205 -0.015697261636298879 0.9984830012055117 -0.05277586835624419 
2 529.91018441174629 903.86381170025732 325.15932497890321 -0.34326905665929891 -0.053947002653282124 -0.93768655511581367 -0.93905400537680694 0 0.34376965396290604 -0.018545342434454767 0.99854380019342504 -0.050659148919637798 4
1 528.92675479955415 903.70925923224706 322.47295197974711 -0.34326905665929891 -0.053947002653282124 -0.93768655511581367 -0.93905400537680694 0 0.34376965396290604 -0.018545342434454767 0.99854380019342504 -0.050659148919637798 
1 529.91018441174629 903.86381170025732 325.15932497890321 -0.34326905665929891 -0.053947002653282124 -0.93768655511581367 -0.93905400537680694 0 0.34376965396290604 -0.018545342434454767 0.99854380019342504 -0.050659148919637798 
2 528.92675479955415 903.70925923224706 322.47295197974711 -0.39813103690137436 -0.052688639840164392 -0.91581416493065337 -0.91708801031994969 0 0.39868481451818044 -0.021006160601891154 0.99861098894003453 -0.048320119877480791 4
1 527.75891037367228 903.5547067642367 319.78657898059089 -0.39813103690137436 -0.052688639840164392 -0.91581416493065337 -0.91708801031994969 0 0.39868481451818044 -0.021006160601891154 0.99861098894003453 -0.048320119877480791 
1 528.92675479955415 903.70925923224706 322.47295197974711 -0.39813103690137436 -0.052688639840164392 -0.91581416493065337 -0.91708801031994969 0 0.39868481451818044 -0.021006160601891154 0.99861098894003453 -0.048320119877480791 
2 527.75891037367228 903.5547067642367 319.78657898059089 -0.44903280243935306 -0.051320875320136163 -0.89204019533305567 -0.89321726310789917 3.4694469519536134e-18 0.44962531166075836 -0.02307516456051914 0.99868221560032566 -0.045840691793753753 4
1 526.40665113410057 903.40015429622645 317.10020598143478 -0.44903280243935306 -0.051320875320136163 -0.89204019533305567 -0.89321726310789917 3.4694469519536134e-18 0.44962531166075836 -0.02307516456051914 0.99868221560032566 -0.045840691793753753 
1 527.75891037367228 903.5547067642367 319.78657898059089 -0.44903280243935306 -0.051320875320136163 -0.89204019533305567 -0.89321726310789917 3.4694469519536134e-18 0.44962531166075836 -0.02307516456051914 0.99868221560032566 -0.045840691793753753 
2 526.40665113410057 903.40015429622645 317.10020598143478 -0.49591154678560156 -0.049876779859639876 -0.86693946997212279 -0.86801982578460946 0 0.49652953793793225 -0.024765294457538955 0.99875537887454369 -0.04329403376446192 4
1 524.86997708083891 903.24560182821608 314.41383298227868 -0.49591154678560156 -0.049876779859639876 -0.86693946997212279 -0.86801982578460946 0 0.49652953793793225 -0.024765294457538955 0.99875537887454369 -0.04329403376446192 
1 526.40665113410057 903.40015429622645 317.10020598143478 -0.49591154678560156 -0.049876779859639876 -0.86693946997212279 -0.86801982578460946 0 0.49652953793793225 -0.024765294457538955 0.99875537887454369 -0.04329403376446192 
2 524.86997708083891 903.24560182821608 314.41383298227868 -0.53882428053624265 -0.048386009566281182 -0.84102746018358543 -0.84201370150242516 3.469446951953615e-18 0.53945613953516636 -0.026102129928137673 0.99882871108025917 -0.040741683015836173 4
1 523.14888821388763 903.09104936020583 311.72745998312257 -0.53882428053624265 -0.048386009566281182 -0.84102746018358543 -0.84201370150242516 3.469446951953615e-18 0.53945613953516636 -0.026102129928137673 0.99882871108025917 -0.040741683015836173 
1 524.86997708083891 903.24560182821608 314.41383298227868 -0.53882428053624265 -0.048386009566281182 -0.84102746018358543 -0.84201370150242516 3.469446951953615e-18 0.53945613953516636 -0.026102129928137673 0.99882871108025917 -0.040741683015836173 
2 523.14888821388763 903.09104936020583 311.72745998312257 -0.57791829421037721 -0.046874062530509908 -0.81474736420491334 -0.81564391427101579 0 0.57855423696716268 -0.027119187480890233 0.9989008070183375 -0.038232543840169463 4
1 521.24338453324651 902.93649689219558 309.04108698396647 -0.57791829421037721 -0.046874062530509908 -0.81474736420491334 -0.81564391427101579 0 0.57855423696716268 -0.027119187480890233 0.9989008070183375 -0.038232543840169463 
1 523.14888821388763 903.09104936020583 311.72745998312257 -0.57791829421037721 -0.046874062530509908 -0.81474736420491334 -0.81564391427101579 0 0.57855423696716268 -0.027119187480890233 0.9989008070183375 -0.038232543840169463 
2 521.24338453324651 902.93649689219558 309.04108698396647 -0.61340322344525522 -0.045362047527753808 -0.78846608684905406 -0.78927856033091803 0 0.61403530370977333 -0.027853898630601483 0.99897061250273522 -0.035803291566368203 4
1 519.15346603891544 902.78194442418521 306.3547139848103 -0.61340322344525522 -0.045362047527753808 -0.78846608684905406 -0.78927856033091803 0 0.61403530370977333 -0.027853898630601483 0.99897061250273522 -0.035803291566368203 
1 521.24338453324651 902.93649689219558 309.04108698396647 -0.61340322344525522 -0.045362047527753808 -0.78846608684905406 -0.78927856033091803 0 0.61403530370977333 -0.027853898630601483 0.99897061250273522 -0.035803291566368203 
2 519.15346603891544 902.78194442418521 306.3547139848103 -0.64552692787202703 -0.043866824408654373 -0.76247667971447042 -0.76321135647064609 0 0.64614891886796233 -0.028344501165822763 0.99903738754678262 -0.033479658560988751 4
1 516.87913273089475 902.62739195617496 303.66834098565414 -0.64552692787202703 -0.043866824408654373 -0.76247667971447042 -0.76321135647064609 0 0.64614891886796233 -0.028344501165822763 0.99903738754678262 -0.033479658560988751 
1 519.15346603891544 902.78194442418521 306.3547139848103 -0.64552692787202703 -0.043866824408654373 -0.76247667971447042 -0.76321135647064609 0 0.64614891886796233 -0.028344501165822763 0.99903738754678262 -0.033479658560988751 
2 516.87913273089475 902.62739195617496 303.66834098565414 -0.6745561136343825 -0.042401379487811891 -0.73700486604635695 -0.73766828277907437 0 0.67516331696988086 -0.028627856019089744 0.99910065709993945 -0.031278152794238068 4
1 514.42038460918411 902.47283948816471 300.98196798649803 -0.6745561136343825 -0.042401379487811891 -0.73700486604635695 -0.73766828277907437 0 0.67516331696988086 -0.028627856019089744 0.99910065709993945 -0.031278152794238068 
1 516.87913273089475 902.62739195617496 303.66834098565414 -0.6745561136343825 -0.042401379487811891 -0.73700486604635695 -0.73766828277907437 0 0.67516331696988086 -0.028627856019089744 0.99910065709993945 -0.031278152794238068 
2 514.42038460918411 902.47283948816471 300.98196798649803 -0.70076172580466001 -0.040975322693765713 -0.71221768201682301 -0.71281633454371141 0 0.70135074906045969 -0.028738073264266636 0.99916015879844911 -0.029207879329315831 4
1 511.77722167378369 902.31828702015446 298.29559498734193 -0.70076172580466001 -0.040975322693765713 -0.71221768201682301 -0.71281633454371141 0 0.70135074906045969 -0.028738073264266636 0.99916015879844911 -0.029207879329315831 
1 514.42038460918411 902.47283948816471 300.98196798649803 -0.70076172580466001 -0.040975322693765713 -0.71221768201682301 -0.71281633454371141 0 0.70135074906045969 -0.028738073264266636 0.99916015879844911 -0.029207879329315831 
2 511.77722167378369 902.31828702015446 298.29559498734193 -0.72440860693026021 -0.039595423356604709 -0.68823278958109146 0.68877292962775583 0 -0.72497713854438106 0.028705776724524634 -0.99921579373487257 0.027272255745179896 4
1 508.94964392469353 902.16373455214421 295.60922198818582 -0.72440860693026021 -0.039595423356604709 -0.68823278958109146 0.68877292962775583 0 -0.72497713854438106 0.028705776724524634 -0.99921579373487257 0.027272255745179896 
1 511.77722167378369 902.31828702015446 298.29559498734193 -0.72440860693026021 -0.039595423356604709 -0.68823278958109146 0.68877292962775583 0 -0.72497713854438106 0.028705776724524634 -0.99921579373487257 0.027272255745179896 
2 508.94964392469353 902.16373455214421 295.60922198818582 -0.74574868109727976 -0.038266130070640114 -0.66512751253506608 0.66561502000649697 0 -0.74629528012828195 0.028557832260493639 -0.99926758342769073 0.025470510932540335 4
1 505.93765136191342 902.00918208413373 292.92284898902966 -0.74574868109727976 -0.038266130070640114 -0.66512751253506608 0.66561502000649697 0 -0.74629528012828195 0.028557832260493639 -0.99926758342769073 0.025470510932540335 
1 508.94964392469353 902.16373455214421 295.60922198818582 -0.74574868109727976 -0.038266130070640114 -0.66512751253506608 0.66561502000649697 0 -0.74629528012828195 0.028557832260493639 -0.99926758342769073 0.025470510932540335 
2 505.93765136191342 902.00918208413373 292.92284898902966 -0.76501688080759578 -0.036990043218114277 -0.64294704974992978 0.64338736207401281 3.469446951953615e-18 -0.7655407907639169 0.028317386935586671 -0.99931563417306857 0.023798926329106272 4
1 502.74124398544359 901.85462961612347 290.2364759898735 -0.76501688080759578 -0.036990043218114277 -0.64294704974992978 0.64338736207401281 3.469446951953615e-18 -0.7655407907639169 0.028317386935586671 -0.99931563417306857 0.023798926329106272 
1 505.93765136191342 902.00918208413373 292.92284898902966 -0.76501688080759578 -0.036990043218114277 -0.64294704974992978 0.64338736207401281 3.469446951953615e-18 -0.7655407907639169 0.028317386935586671 -0.99931563417306857 0.023798926329106272 
2 502.74124398544359 901.85462961612347 290.2364759898735 -0.78242910155711254 -0.035768325539470104 -0.62171161154077881 0.62210969411321304 -3.4694469519536134e-18 -0.78293009170063477 0.028004098394595483 -0.99936010871362213 0.022251822060301577 4
1 499.36042179528391 901.70007714811322 287.55010299071739 -0.78242910155711254 -0.035768325539470104 -0.62171161154077881 0.62210969411321304 -3.4694469519536134e-18 -0.78293009170063477 0.028004098394595483 -0.99936010871362213 0.022251822060301577 
1 502.74124398544359 901.85462961612347 290.2364759898735 -0.78242910155711254 -0.035768325539470104 -0.62171161154077881 0.62210969411321304 -3.4694469519536134e-18 -0.78293009170063477 0.028004098394595483 -0.99936010871362213 0.022251822060301577 
2 499.36042179528391 901.70007714811322 287.55010299071739 -0.79818158517605053 -0.034601047216804424 -0.60142241778748773 0.60178276260510466 0 -0.79865981909156303 0.027634466110551658 -0.99940120448771752 0.020822313783158238 4
1 495.79518479143445 901.54552468010297 284.86372999156129 -0.79818158517605053 -0.034601047216804424 -0.60142241778748773 0.60178276260510466 0 -0.79865981909156303 0.027634466110551658 -0.99940120448771752 0.020822313783158238 
1 499.36042179528391 901.70007714811322 287.55010299071739 -0.79818158517605053 -0.034601047216804424 -0.60142241778748773 0.60178276260510466 0 -0.79865981909156303 0.027634466110551658 -0.99940120448771752 0.020822313783158238 
2 495.79518479143445 901.54552468010297 284.86372999156129 -0.81245125970402288 -0.033487468553199999 -0.58206661135581794 0.5823932539262423 0 -0.81290718890978175 0.027222203925286528 -0.99943913744154456 0.019502875776450861 4
1 492.04553297389521 901.39097221209272 282.17735699240518 -0.81245125970402288 -0.033487468553199999 -0.58206661135581794 0.5823932539262423 0 -0.81290718890978175 0.027222203925286528 -0.99943913744154456 0.019502875776450861 
1 495.79518479143445 901.54552468010297 284.86372999156129 -0.81245125970402288 -0.033487468553199999 -0.58206661135581794 0.5823932539262423 0 -0.81290718890978175 0.027222203925286528 -0.99943913744154456 0.019502875776450861 
2 492.04553297389521 901.39097221209272 282.17735699240518 -0.8253966804200219 -0.032426266762701141 -0.56362120007629457 0.56391774730894784 1.7347234759768071e-18 -0.82583095986406441 0.026778615005449685 -0.99947413034246868 0.018285747306461431 4
1 488.11146634266606 901.23641974408235 279.49098399324902 -0.8253966804200219 -0.032426266762701141 -0.56362120007629457 0.56391774730894784 1.7347234759768071e-18 -0.82583095986406441 0.026778615005449685 -0.99947413034246868 0.018285747306461431 
1 492.04553297389521 901.39097221209272 282.17735699240518 -0.8253966804200219 -0.032426266762701141 -0.56362120007629457 0.56391774730894784 1.7347234759768071e-18 -0.82583095986406441 0.026778615005449685 -0.99947413034246868 0.018285747306461431 
2 488.11146634266606 901.23641974408235 279.49098399324902 -0.83715931491771101 -0.031415714740667594 -0.54605616406542068 0.54632582797256046 -1.7347234759768075e-18 -0.83757273695488466 0.026312946178734871 -0.99950640461546469 0.017163216367044997 4
1 483.99298489774719 901.0818672760721 276.80461099409285 -0.83715931491771101 -0.031415714740667594 -0.54605616406542068 0.54632582797256046 -1.7347234759768075e-18 -0.83757273695488466 0.026312946178734871 -0.99950640461546469 0.017163216367044997 
1 488.11146634266606 901.23641974408235 279.49098399324902 -0.83715931491771101 -0.031415714740667594 -0.54605616406542068 0.54632582797256046 -1.7347234759768075e-18 -0.83757273695488466 0.026312946178734871 -0.99950640461546469 0.017163216367044997 
2 483.99298489774719 901.0818672760721 276.80461099409285 -0.84786499293508533 -0.030453819781394578 -0.52933686685881798 0.52958250053442568 0 -0.84825843652020638 0.025832709553833898 -0.99953617486348256 0.016127810030655696 4
1 479.69008863913842 900.92731480806174 274.11823799493675 -0.84786499293508533 -0.030453819781394578 -0.52933686685881798 0.52958250053442568 0 -0.84825843652020638 0.025832709553833898 -0.99953617486348256 0.016127810030655696 
1 483.99298489774719 901.0818672760721 276.80461099409285 -0.84786499293508533 -0.030453819781394578 -0.52933686685881798 0.52958250053442568 0 -0.84825843652020638 0.025832709553833898 -0.99953617486348256 0.016127810030655696 
2 479.69008863913842 900.92731480806174 274.11823799493675 -0.85762540063216652 -0.029538429620856788 -0.51342589861249655 0.51365003217448368 -1.7347234759768075e-18 -0.85799979280134564 0.025343966494372254 -0.99956364538509201 0.015172415325136813 4
1 475.20277756683987 900.77276234005149 271.43186499578064 -0.85762540063216652 -0.029538429620856788 -0.51342589861249655 0.51365003217448368 -1.7347234759768075e-18 -0.85799979280134564 0.025343966494372254 -0.99956364538509201 0.015172415325136813 
1 479.69008863913842 900.92731480806174 274.11823799493675 -0.85762540063216652 -0.029538429620856788 -0.51342589861249655 0.51365003217448368 -1.7347234759768075e-18 -0.85799979280134564 0.025343966494372254 -0.99956364538509201 0.015172415325136813 
2 475.20277756683987 900.77276234005149 271.43186499578064 -0.86653954219414531 -0.028667312283080542 -0.49828446395650888 0.49848933901410952 1.7347234759768067e-18 -0.86689582931819209 0.024851573455964705 -0.9995890081460802 0.014290349551303882 4
1 470.53105168085153 900.61820987204123 268.74549199662454 -0.86653954219414531 -0.028667312283080542 -0.49828446395650888 0.49848933901410952 1.7347234759768067e-18 -0.86689582931819209 0.024851573455964705 -0.9995890081460802 0.014290349551303882 
1 475.20277756683987 900.77276234005149 271.43186499578064 -0.86653954219414531 -0.028667312283080542 -0.49828446395650888 0.49848933901410952 1.7347234759768067e-18 -0.86689582931819209 0.024851573455964705 -0.9995890081460802 0.014290349551303882 
2 470.53105168085153 900.61820987204123 268.74549199662454 -0.87469512231891866 -0.027838215214805503 -0.48387340985545596 0.48406101167653937 0 -0.87503424902953675 0.024359391744809958 -0.99961244178614261 0.013475394620147981 4
1 465.67491098117335 900.46365740403087 266.05911899746837 -0.87469512231891866 -0.027838215214805503 -0.48387340985545596 0.48406101167653937 0 -0.87503424902953675 0.024359391744809958 -0.99961244178614261 0.013475394620147981 
1 470.53105168085153 900.61820987204123 268.74549199662454 -0.87469512231891866 -0.027838215214805503 -0.48387340985545596 0.48406101167653937 0 -0.87503424902953675 0.024359391744809958 -0.99961244178614261 0.013475394620147981 
2 465.67491098117335 900.46365740403087 266.05911899746837 -0.88216982433911661 -0.027048908239219242 -0.47015397221395278 0.47032605918349801 0 -0.8824927184135406 0.02387046456214701 -0.99963411134427904 0.01272180641736804 4
1 460.63435546780539 900.30910493602062 263.37274599831227 -0.88216982433911661 -0.027048908239219242 -0.47015397221395278 0.47032605918349801 0 -0.8824927184135406 0.02387046456214701 -0.99963411134427904 0.01272180641736804 
1 465.67491098117335 900.46365740403087 266.05911899746837 -0.88216982433911661 -0.027048908239219242 -0.47015397221395278 0.47032605918349801 0 -0.8824927184135406 0.02387046456214701 -0.99963411134427904 0.01272180641736804 
2 460.63435546780539 900.30910493602062 263.37274599831227 -0.88903247293542331 -0.026297213999854348 -0.45708830503762815 0.45724643527274911 0 -0.88934003476193713 0.023387165212772565 -0.99965416846819877 0.012024307359038033 4
1 455.40938514074759 900.15455246801025 260.68637299915611 -0.88903247293542331 -0.026297213999854348 -0.45708830503762815 0.45724643527274911 0 -0.88934003476193713 0.023387165212772565 -0.99965416846819877 0.012024307359038033 
1 460.63435546780539 900.30910493602062 263.37274599831227 -0.88903247293542331 -0.026297213999854348 -0.45708830503762815 0.45724643527274911 0 -0.88934003476193713 0.023387165212772565 -0.99965416846819877 0.012024307359038033 
2 455.40938514074759 900.15455246801025 260.68637299915611 -0.89534407959732165 -0.025581028826690128 -0.44463984312496424 0.44478539828525443 0 -0.89563717512853813 0.022911320395218447 -0.99967275193643645 0.011378068095225943 4
1 450 900 258 -0.89534407959732165 -0.025581028826690128 -0.44463984312496424 0.44478539828525443 0 -0.89563717512853813 0.022911320395218447 -0.99967275193643645 0.011378068095225943 
1 455.40938514074759 900.15455246801025 260.68637299915611 -0.89534407959732165 -0.025581028826690128 -0.44463984312496424 0.44478539828525443 0 -0.89563717512853813 0.022911320395218447 -0.99967275193643645 0.011378068095225943 
4 300 912.36419744082343 472.90983993249017 0 0 1 1 0 -0 -0 1 0 4
4 309.15938514074759 912.20964497281318 470.22346693333407 0 0 1 1 0 -0 -0 1 0 4
4 318.13435546780539 912.05509250480281 467.5370939341779 0 0 1 1 0 -0 -0 1 0 4
4 326.92491098117335 911.90054003679256 464.8507209350218 0 0 1 1 0 -0 -0 1 0 4
4 335.53105168085153 911.7459875687822 462.16434793586564 0 0 1 1 0 -0 -0 1 0 4
4 343.95277756683987 911.59143510077195 459.47797493670953 0 0 1 1 0 -0 -0 1 0 4
4 352.19008863913842 911.43688263276169 456.79160193755348 0 0 1 1 0 -0 -0 1 0 4
4 360.24298489774714 911.28233016475133 454.10522893839726 0 0 1 1 0 -0 -0 1 0 4
4 368.11146634266606 911.12777769674108 451.41885593924115 0 0 1 1 0 -0 -0 1 0 4
4 375.79553297389515 910.97322522873071 448.73248294008499 0 0 1 1 0 -0 -0 1 0 4
4 383.29518479143445 910.81867276072046 446.04610994092889 0 0 1 1 0 -0 -0 1 0 4
4 390.61042179528391 910.66412029271021 443.35973694177284 0 0 1 1 0 -0 -0 1 0 4
4 397.74124398544359 910.50956782469984 440.67336394261662 0 0 1 1 0 -0 -0 1 0 4
4 404.68765136191342 910.35501535668959 437.98699094346057 0 0 1 1 0 -0 -0 1 0 4
4 411.44964392469348 910.20046288867934 435.30061794430435 0 0 1 1 0 -0 -0 1 0 4
4 418.02722167378369 910.04591042066909 432.61424494514824 0 0 1 1 0 -0 -0 1 0 4
4 424.42038460918411 909.89135795265884 429.92787194599219 0 0 1 1 0 -0 -0 1 0 4
4 430.6291327308947 909.73680548464847 427.24149894683597 0 0 1 1 0 -0 -0 1 0 4
4 436.6534660389155 909.58225301663822 424.55512594767993 0 0 1 1 0 -0 -0 1 0 4
4 442.49338453324646 909.42770054862785 421.86875294852371 0 0 1 1 0 -0 -0 1 0 4
4 448.14888821388763 909.2731480806176 419.1823799493676 0 0 1 1 0 -0 -0 1 0 4
4 453.61997708083896 909.11859561260735 416.49600695021155 0 0 1 1 0 -0 -0 1 0 4
4 458.90665113410051 908.96404314459699 413.80963395105533 0 0 1 1 0 -0 -0 1 0 4
4 464.00891037367222 908.80949067658673 411.12326095189928 0 0 1 1 0 -0 -0 1 0 4
4 468.92675479955415 908.65493820857637 408.43688795274306 0 0 1 1 0 -0 -0 1 0 4
4 473.66018441174623 908.50038574056612 405.75051495358701 0 0 1 1 0 -0 -0 1 0 4
4 478.20919921024853 908.34583327255586 403.06414195443091 0 0 1 1 0 -0 -0 1 0 4
4 482.57379919506099 908.1912808045455 400.37776895527469 0 0 1 1 0 -0 -0 1 0 4
4 486.75398436618366 908.03672833653525 397.69139595611864 0 0 1 1 0 -0 -0 1 0 4
4 490.74975472361649 907.88217586852488 395.00502295696242 0 0 1 1 0 -0 -0 1 0 4
4 494.56111026735954 907.72762340051463 392.31864995780637 0 0 1 1 0 -0 -0 1 0 4
4 498.1880509974128 907.57307093250438 389.63227695865027 0 0 1 1 0 -0 -0 1 0 4
4 501.63057691377617 907.41851846449401 386.9459039594941 0 0 1 1 0 -0 -0 1 0 4
4 504.88868801644981 907.26396599648376 384.259530960338 0 0 1 1 0 -0 -0 1 0 4
4 507.96238430543355 907.1094135284734 381.57315796118178 0 0 1 1 0 -0 -0 1 0 4
4 510.8516657807275 906.95486106046314 378.88678496202573 0 0 1 1 0 -0 -0 1 0 4
4 513.55653244233167 906.80030859245289 376.20041196286962 0 0 1 1 0 -0 -0 1 0 4
4 516.07698429024595 906.64575612444264 373.51403896371346 0 0 1 1 0 -0 -0 1 0 4
4 518.41302132447049 906.49120365643239 370.82766596455735 0 0 1 1 0 -0 -0 1 0 4
4 520.56464354500531 906.33665118842191 368.14129296540119 0 0 1 1 0 -0 -0 1 0 4
4 522.53185095185017 906.18209872041166 365.45491996624509 0 0 1 1 0 -0 -0 1 0 4
4 524.31464354500531 906.02754625240141 362.76854696708898 0 0 1 1 0 -0 -0 1 0 4
4 525.91302132447049 905.87299378439116 360.08217396793282 0 0 1 1 0 -0 -0 1 0 4
4 527.32698429024606 905.7184413163809 357.39580096877671 0 0 1 1 0 -0 -0 1 0 4
4 528.55653244233167 905.56388884837054 354.70942796962055 0 0 1 1 0 -0 -0 1 0 4
4 529.60166578072744 905.40933638036017 352.02305497046444 0 0 1 1 0 -0 -0 1 0 4
4 530.4623843054336 905.25478391234992 349.33668197130834 0 0 1 1 0 -0 -0 1 0 4
4 531.13868801644981 905.10023144433967 346.65030897215217 0 0 1 1 0 -0 -0 1 0 4
4 531.63057691377617 904.94567897632942 343.96393597299607 0 0 1 1 0 -0 -0 1 0 4
4 531.9380509974128 904.79112650831905 341.27756297383996 0 0 1 1 0 -0 -0 1 0 4
4 532.06111026735948 904.6365740403088 338.5911899746838 0 0 1 1 0 -0 -0 1 0 4
4 531.99975472361655 904.48202157229855 335.90481697552769 0 0 1 1 0 -0 -0 1 0 4
4 531.75398436618366 904.32746910428818 333.21844397637153 0 0 1 1 0 -0 -0 1 0 4
4 531.32379919506104 904.17291663627793 330.53207097721543 0 0 1 1 0 -0 -0 1 0 4
4 530.70919921024847 904.01836416826757 327.84569797805932 0 0 1 1 0 -0 -0 1 0 4
4 529.91018441174629 903.86381170025732 325.15932497890321 0 0 1 1 0 -0 -0 1 0 4
4 528.92675479955415 903.70925923224706 322.47295197974711 0 0 1 1 0 -0 -0 1 0 4
4 527.75891037367228 903.5547067642367 319.78657898059089 0 0 1 1 0 -0 -0 1 0 4
4 526.40665113410057 903.40015429622645 317.10020598143478 0 0 1 1 0 -0 -0 1 0 4
4 524.86997708083891 903.24560182821608 314.41383298227868 0 0 1 1 0 -0 -0 1 0 4
4 523.14888821388763 903.09104936020583 311.72745998312257 0 0 1 1 0 -0 -0 1 0 4
4 521.24338453324651 902.93649689219558 309.04108698396647 0 0 1 1 0 -0 -0 1 0 4
4 519.15346603891544 902.78194442418521 306.3547139848103 0 0 1 1 0 -0 -0 1 0 4
4 516.87913273089475 902.62739195617496 303.66834098565414 0 0 1 1 0 -0 -0 1 0 4
4 514.42038460918411 902.47283948816471 300.98196798649803 0 0 1 1 0 -0 -0 1 0 4
4 511.77722167378369 902.31828702015446 298.29559498734193 0 0 1 1 0 -0 -0 1 0 4
4 508.94964392469353 902.16373455214421 295.60922198818582 0 0 1 1 0 -0 -0 1 0 4
4 505.93765136191342 902.00918208413373 292.92284898902966 0 0 1 1 0 -0 -0 1 0 4
4 502.74124398544359 901.85462961612347 290.2364759898735 0 0 1 1 0 -0 -0 1 0 4
4 499.36042179528391 901.70007714811322 287.55010299071739 0 0 1 1 0 -0 -0 1 0 4
4 495.79518479143445 901.54552468010297 284.86372999156129 0 0 1 1 0 -0 -0 1 0 4
4 492.04553297389521 901.39097221209272 282.17735699240518 0 0 1 1 0 -0 -0 1 0 4
4 488.11146634266606 901.23641974408235 279.49098399324902 0 0 1 1 0 -0 -0 1 0 4
4 483.99298489774719 901.0818672760721 276.80461099409285 0 0 1 1 0 -0 -0 1 0 4
4 479.69008863913842 900.92731480806174 274.11823799493675 0 0 1 1 0 -0 -0 1 0 4
4 475.20277756683987 900.77276234005149 271.43186499578064 0 0 1 1 0 -0 -0 1 0 4
4 470.53105168085153 900.61820987204123 268.74549199662454 0 0 1 1 0 -0 -0 1 0 4
4 465.67491098117335 900.46365740403087 266.05911899746837 0 0 1 1 0 -0 -0 1 0 4
4 460.63435546780539 900.30910493602062 263.37274599831227 0 0 1 1 0 -0 -0 1 0 4
4 455.40938514074759 900.15455246801025 260.68637299915611 0 0 1 1 0 -0 -0 1 0 4
4 450 900 258 0 0 1 1 0 -0 -0 1 0 4
Triangulations 0

TShapes 1770
Ve
1e-07
310.285132795282 912.209644972813 474.061785864626
0 0

0101101
*
Ed
 1e-07 1 1 0
1  1 0 0 6.28318530717959
2  1 1 0 0 6.28318530717959
2  2 2 0 0 6.28318530717959
0

0101000
+1770 0 -1770 0 *
Ve
1e-07
301.125747654534 912.364197440823 476.748158863782
0 0

0101101
*
Ed
 1e-07 1 1 0
1  2 0 0 9.54645601846626
3  3 4CN 1 0 0 9.54645601846626
0

0101000
-1770 0 +1768 0 *
Ed
 1e-07 1 1 0
1  3 0 0 6.28318530717959
2  5 1 0 0 6.28318530717959
2  6 3 0 0 6.28318530717959
0

0101000
+1768 0 -1768 0 *
Wi

0101100
-1769 0 +1767 0 +1766 0 -1767 0 *
Fa
0  1e-07 1 0

0111000
+1765 0 *
Wi

0101100
+1769 0 *
Fa
0  1e-07 2 0

0111000
+1763 0 *
Wi

0101100
-1766 0 *
Fa
0  1e-07 3 0

0111000
-1761 0 *
Sh

0101100
+1764 0 +1762 0 -1760 0 *
So

0100000
+1759 0 *
Ve
1e-07
319.281350242763 912.055092504803 471.369117288259
0 0

0101101
*
Ed
 1e-07 1 1 0
1  4 0 0 6.28318530717959
2  7 4 0 0 6.28318530717959
2  8 5 0 0 6.28318530717959
0

0101000
+1757 0 -1757 0 *
Ve
1e-07
310.306379915706 912.209644972813 474.055490287415
0 0

0101101
*
Ed
 1e-07 1 1 0
1  5 0 0 9.36966267949553
3  9 10CN 4 0 0 9.36966267949553
0

0101000
-1757 0 +1755 0 *
Ed
 1e-07 1 1 0
1  6 0 0 6.28318530717959
2  11 4 0 0 6.28318530717959
2  12 6 0 0 6.28318530717959
0

0101000
+1755 0 -1755 0 *
Wi

0101100
-1756 0 +1754 0 +1753 0 -1754 0 *
Fa
0  1e-07 4 0

0111000
+1752 0 *
Wi

0101100
+1756 0 *
Fa
0  1e-07 5 0

0111000
+1750 0 *
Wi

0101100
-1753 0 *
Fa
0  1e-07 6 0

0111000
-1748 0 *
Sh

0101100
+1751 0 +1749 0 -1747 0 *
So

0100000
+1746 0 *
Ve
1e-07
328.093932355889 911.900540036793 468.676082228476
0 0

0101101
*
Ed
 1e-07 1 1 0
1  7 0 0 6.28318530717959
2  13 7 0 0 6.28318530717959
2  14 8 0 0 6.28318530717959
0

0101000
+1744 0 -1744 0 *
Ve
1e-07
319.303376842521 912.055092504803 471.362455227632
0 0

0101101
*
Ed
 1e-07 1 1 0
1  8 0 0 9.19316880023243
3  15 16CN 7 0 0 9.19316880023243
0

0101000
-1744 0 +1742 0 *
Ed
 1e-07 1 1 0
1  9 0 0 6.28318530717959
2  17 7 0 0 6.28318530717959
2  18 9 0 0 6.28318530717959
0

0101000
+1742 0 -1742 0 *
Wi

0101100
-1743 0 +1741 0 +1740 0 -1741 0 *
Fa
0  1e-07 7 0

0111000
+1739 0 *
Wi

0101100
+1743 0 *
Fa
0  1e-07 8 0

0111000
+1737 0 *
Wi

0101100
-1740 0 *
Fa
0  1e-07 9 0

0111000
-1735 0 *
Sh

0101100
+1738 0 +1736 0 -1734 0 *
So

0100000
+1733 0 *
Ve
1e-07
336.722920412054 911.745987568782 465.982652393027
0 0

0101101
*
Ed
 1e-07 1 1 0
1  10 0 0 6.28318530717959
2  19 10 0 0 6.28318530717959
2  20 11 0 0 6.28318530717959
0

0101000
+1731 0 -1731 0 *
Ve
1e-07
328.116779712376 911.900540036793 468.669025392184
0 0

0101101
*
Ed
 1e-07 1 1 0
1  11 0 0 9.01699196509682
3  21 22CN 10 0 0 9.01699196509682
0

0101000
-1731 0 +1729 0 *
Ed
 1e-07 1 1 0
1  12 0 0 6.28318530717959
2  23 10 0 0 6.28318530717959
2  24 12 0 0 6.28318530717959
0

0101000
+1729 0 -1729 0 *
Wi

0101100
-1730 0 +1728 0 +1727 0 -1728 0 *
Fa
0  1e-07 10 0

0111000
+1726 0 *
Wi

0101100
+1730 0 *
Fa
0  1e-07 11 0

0111000
+1724 0 *
Wi

0101100
-1727 0 *
Fa
0  1e-07 12 0

0111000
-1722 0 *
Sh

0101100
+1725 0 +1723 0 -1721 0 *
So

0100000
+1720 0 *
Ve
1e-07
345.168358440569 911.591435100772 463.288796782378
0 0

0101101
*
Ed
 1e-07 1 1 0
1  13 0 0 6.28318530717959
2  25 13 0 0 6.28318530717959
2  26 14 0 0 6.28318530717959
0

0101000
+1718 0 -1718 0 *
Ve
1e-07
336.746632554581 911.745987568782 465.975169781534
0 0

0101101
*
Ed
 1e-07 1 1 0
1  14 0 0 8.84115112723955
3  27 28CN 13 0 0 8.84115112723955
0

0101000
-1718 0 +1716 0 *
Ed
 1e-07 1 1 0
1  15 0 0 6.28318530717959
2  29 13 0 0 6.28318530717959
2  30 15 0 0 6.28318530717959
0

0101000
+1716 0 -1716 0 *
Wi

0101100
-1717 0 +1715 0 +1714 0 -1715 0 *
Fa
0  1e-07 13 0

0111000
+1713 0 *
Wi

0101100
+1717 0 *
Fa
0  1e-07 14 0

0111000
+1711 0 *
Wi

0101100
-1714 0 *
Fa
0  1e-07 15 0

0111000
-1709 0 *
Sh

0101100
+1712 0 +1710 0 -1708 0 *
So

0100000
+1707 0 *
Ve
1e-07
353.430293430621 911.436882632762 460.594481382814
0 0

0101101
*
Ed
 1e-07 1 1 0
1  16 0 0 6.28318530717959
2  31 16 0 0 6.28318530717959
2  32 17 0 0 6.28318530717959
0

0101000
+1705 0 -1705 0 *
Ve
1e-07
345.192982358322 911.591435100772 463.28085438197
0 0

0101101
*
Ed
 1e-07 1 1 0
1  17 0 0 8.66566674052119
3  33 34CN 16 0 0 8.66566674052119
0

0101000
-1705 0 +1703 0 *
Ed
 1e-07 1 1 0
1  18 0 0 6.28318530717959
2  35 16 0 0 6.28318530717959
2  36 18 0 0 6.28318530717959
0

0101000
+1703 0 -1703 0 *
Wi

0101100
-1704 0 +1702 0 +1701 0 -1702 0 *
Fa
0  1e-07 16 0

0111000
+1700 0 *
Wi

0101100
+1704 0 *
Fa
0  1e-07 17 0

0111000
+1698 0 *
Wi

0101100
-1701 0 *
Fa
0  1e-07 18 0

0111000
-1696 0 *
Sh

0101100
+1699 0 +1697 0 -1695 0 *
So

0100000
+1694 0 *
Ve
1e-07
361.50877555453 911.282330164751 457.89966881975
0 0

0101101
*
Ed
 1e-07 1 1 0
1  19 0 0 6.28318530717959
2  37 19 0 0 6.28318530717959
2  38 20 0 0 6.28318530717959
0

0101000
+1692 0 -1692 0 *
Ve
1e-07
353.455879295921 911.436882632762 460.586041818906
0 0

0101101
*
Ed
 1e-07 1 1 0
1  20 0 0 8.49056090655252
3  39 40CN 19 0 0 8.49056090655252
0

0101000
-1692 0 +1690 0 *
Ed
 1e-07 1 1 0
1  21 0 0 6.28318530717959
2  41 19 0 0 6.28318530717959
2  42 21 0 0 6.28318530717959
0

0101000
+1690 0 -1690 0 *
Wi

0101100
-1691 0 +1689 0 +1688 0 -1689 0 *
Fa
0  1e-07 19 0

0111000
+1687 0 *
Wi

0101100
+1691 0 *
Fa
0  1e-07 20 0

0111000
+1685 0 *
Wi

0101100
-1688 0 *
Fa
0  1e-07 21 0

0111000
-1683 0 *
Sh

0101100
+1686 0 +1684 0 -1682 0 *
So

0100000
+1681 0 *
Ve
1e-07
369.403858406867 911.127777696741 455.204317965519
0 0

0101101
*
Ed
 1e-07 1 1 0
1  22 0 0 6.28318530717959
2  43 22 0 0 6.28318530717959
2  44 23 0 0 6.28318530717959
0

0101000
+1679 0 -1679 0 *
Ve
1e-07
361.535376961948 911.282330164751 457.890690964675
0 0

0101101
*
Ed
 1e-07 1 1 0
1  23 0 0 8.3158575387627
3  45 46CN 22 0 0 8.3158575387627
0

0101000
-1679 0 +1677 0 *
Ed
 1e-07 1 1 0
1  24 0 0 6.28318530717959
2  47 22 0 0 6.28318530717959
2  48 24 0 0 6.28318530717959
0

0101000
+1677 0 -1677 0 *
Wi

0101100
-1678 0 +1676 0 +1675 0 -1676 0 *
Fa
0  1e-07 22 0

0111000
+1674 0 *
Wi

0101100
+1678 0 *
Fa
0  1e-07 23 0

0111000
+1672 0 *
Wi

0101100
-1675 0 *
Fa
0  1e-07 24 0

0111000
-1670 0 *
Sh

0101100
+1673 0 +1671 0 -1669 0 *
So

0100000
+1668 0 *
Ve
1e-07
377.115599259773 910.973225228731 452.508383495037
0 0

0101101
*
Ed
 1e-07 1 1 0
1  25 0 0 6.28318530717959
2  49 25 0 0 6.28318530717959
2  50 26 0 0 6.28318530717959
0

0101000
+1666 0 -1666 0 *
Ve
1e-07
369.431532628544 911.127777696741 455.194756494193
0 0

0101101
*
Ed
 1e-07 1 1 0
1  26 0 0 8.14158254574206
3  51 52CN 25 0 0 8.14158254574206
0

0101000
-1666 0 +1664 0 *
Ed
 1e-07 1 1 0
1  27 0 0 6.28318530717959
2  53 25 0 0 6.28318530717959
2  54 27 0 0 6.28318530717959
0

0101000
+1664 0 -1664 0 *
Wi

0101100
-1665 0 +1663 0 +1662 0 -1663 0 *
Fa
0  1e-07 25 0

0111000
+1661 0 *
Wi

0101100
+1665 0 *
Fa
0  1e-07 26 0

0111000
+1659 0 *
Wi

0101100
-1662 0 *
Fa
0  1e-07 27 0

0111000
-1657 0 *
Sh

0101100
+1660 0 +1658 0 -1656 0 *
So

0100000
+1655 0 *
Ve
1e-07
384.644059334556 910.81867276072 449.811815381735
0 0

0101101
*
Ed
 1e-07 1 1 0
1  28 0 0 6.28318530717959
2  55 28 0 0 6.28318530717959
2  56 29 0 0 6.28318530717959
0

0101000
+1653 0 -1653 0 *
Ve
1e-07
377.144407517017 910.973225228731 452.498188380891
0 0

0101101
*
Ed
 1e-07 1 1 0
1  29 0 0 7.96776403643353
3  57 58CN 28 0 0 7.96776403643353
0

0101000
-1653 0 +1651 0 *
Ed
 1e-07 1 1 0
1  30 0 0 6.28318530717959
2  59 28 0 0 6.28318530717959
2  60 30 0 0 6.28318530717959
0

0101000
+1651 0 -1651 0 *
Wi

0101100
-1652 0 +1650 0 +1649 0 -1650 0 *
Fa
0  1e-07 28 0

0111000
+1648 0 *
Wi

0101100
+1652 0 *
Fa
0  1e-07 29 0

0111000
+1646 0 *
Wi

0101100
-1649 0 *
Fa
0  1e-07 30 0

0111000
-1644 0 *
Sh

0101100
+1647 0 +1645 0 -1643 0 *
So

0100000
+1642 0 *
Ve
1e-07
391.9893040892 910.66412029271 447.114558324945
0 0

0101101
*
Ed
 1e-07 1 1 0
1  31 0 0 6.28318530717959
2  61 31 0 0 6.28318530717959
2  62 32 0 0 6.28318530717959
0

0101000
+1640 0 -1640 0 *
Ve
1e-07
384.67406708535 910.81867276072 449.800931324101
0 0

0101101
*
Ed
 1e-07 1 1 0
1  32 0 0 7.7944325501252
3  63 64CN 31 0 0 7.7944325501252
0

0101000
-1640 0 +1638 0 *
Ed
 1e-07 1 1 0
1  33 0 0 6.28318530717959
2  65 31 0 0 6.28318530717959
2  66 33 0 0 6.28318530717959
0

0101000
+1638 0 -1638 0 *
Wi

0101100
-1639 0 +1637 0 +1636 0 -1637 0 *
Fa
0  1e-07 31 0

0111000
+1635 0 *
Wi

0101100
+1639 0 *
Fa
0  1e-07 32 0

0111000
+1633 0 *
Wi

0101100
-1636 0 *
Fa
0  1e-07 33 0

0111000
-1631 0 *
Sh

0101100
+1634 0 +1632 0 -1630 0 *
So

0100000
+1629 0 *
Ve
1e-07
399.151403520835 910.5095678247 444.416551098604
0 0

0101101
*
Ed
 1e-07 1 1 0
1  34 0 0 6.28318530717959
2  67 34 0 0 6.28318530717959
2  68 35 0 0 6.28318530717959
0

0101000
+1627 0 -1627 0 *
Ve
1e-07
392.020581330675 910.66412029271 447.10292409776
0 0

0101101
*
Ed
 1e-07 1 1 0
1  35 0 0 7.62162131463098
3  69 70CN 34 0 0 7.62162131463098
0

0101000
-1627 0 +1625 0 *
Ed
 1e-07 1 1 0
1  36 0 0 6.28318530717959
2  71 34 0 0 6.28318530717959
2  72 36 0 0 6.28318530717959
0

0101000
+1625 0 -1625 0 *
Wi

0101100
-1626 0 +1624 0 +1623 0 -1624 0 *
Fa
0  1e-07 34 0

0111000
+1622 0 *
Wi

0101100
+1626 0 *
Fa
0  1e-07 35 0

0111000
+1620 0 *
Wi

0101100
-1623 0 *
Fa
0  1e-07 36 0

0111000
-1618 0 *
Sh

0101100
+1621 0 +1619 0 -1617 0 *
So

0100000
+1616 0 *
Ve
1e-07
406.130432481439 910.35501535669 441.717725809561
0 0

0101101
*
Ed
 1e-07 1 1 0
1  37 0 0 6.28318530717959
2  73 37 0 0 6.28318530717959
2  74 38 0 0 6.28318530717959
0

0101000
+1614 0 -1614 0 *
Ve
1e-07
399.184025104969 910.5095678247 444.404098808717
0 0

0101101
*
Ed
 1e-07 1 1 0
1  38 0 0 7.44936653654774
3  75 76CN 37 0 0 7.44936653654774
0

0101000
-1614 0 +1612 0 *
Ed
 1e-07 1 1 0
1  39 0 0 6.28318530717959
2  77 37 0 0 6.28318530717959
2  78 39 0 0 6.28318530717959
0

0101000
+1612 0 -1612 0 *
Wi

0101100
-1613 0 +1611 0 +1610 0 -1611 0 *
Fa
0  1e-07 37 0

0111000
+1609 0 *
Wi

0101100
+1613 0 *
Fa
0  1e-07 38 0

0111000
+1607 0 *
Wi

0101100
-1610 0 *
Fa
0  1e-07 39 0

0111000
-1605 0 *
Sh

0101100
+1608 0 +1606 0 -1604 0 *
So

0100000
+1603 0 *
Ve
1e-07
412.926471003926 910.200462888679 439.018007052004
0 0

0101101
*
Ed
 1e-07 1 1 0
1  40 0 0 6.28318530717959
2  79 40 0 0 6.28318530717959
2  80 41 0 0 6.28318530717959
0

0101000
+1601 0 -1601 0 *
Ve
1e-07
406.164478441146 910.35501535669 441.70438005116
0 0

0101101
*
Ed
 1e-07 1 1 0
1  41 0 0 7.27770772805946
3  81 82CN 40 0 0 7.27770772805946
0

0101000
-1601 0 +1599 0 *
Ed
 1e-07 1 1 0
1  42 0 0 6.28318530717959
2  83 40 0 0 6.28318530717959
2  84 42 0 0 6.28318530717959
0

0101000
+1599 0 -1599 0 *
Wi

0101100
-1600 0 +1598 0 +1597 0 -1598 0 *
Fa
0  1e-07 40 0

0111000
+1596 0 *
Wi

0101100
+1600 0 *
Fa
0  1e-07 41 0

0111000
+1594 0 *
Wi

0101100
-1597 0 *
Fa
0  1e-07 42 0

0111000
-1592 0 *
Sh

0101100
+1595 0 +1593 0 -1591 0 *
So

0100000
+1590 0 *
Ve
1e-07
419.539604634324 910.045910420669 436.31731094249
0 0

0101101
*
Ed
 1e-07 1 1 0
1  43 0 0 6.28318530717959
2  85 43 0 0 6.28318530717959
2  86 44 0 0 6.28318530717959
0

0101000
+1588 0 -1588 0 *
Ve
1e-07
412.962026885234 910.200462888679 439.003683941646
0 0

0101101
*
Ed
 1e-07 1 1 0
1  44 0 0 7.10668807541809
3  87 88CN 43 0 0 7.10668807541809
0

0101000
-1588 0 +1586 0 *
Ed
 1e-07 1 1 0
1  45 0 0 6.28318530717959
2  89 43 0 0 6.28318530717959
2  90 45 0 0 6.28318530717959
0

0101000
+1586 0 -1586 0 *
Wi

0101100
-1587 0 +1585 0 +1584 0 -1585 0 *
Fa
0  1e-07 43 0

0111000
+1583 0 *
Wi

0101100
+1587 0 *
Fa
0  1e-07 44 0

0111000
+1581 0 *
Wi

0101100
-1584 0 *
Fa
0  1e-07 45 0

0111000
-1579 0 *
Sh

0101100
+1582 0 +1580 0 -1578 0 *
So

0100000
+1577 0 *
Ve
1e-07
425.969924763808 909.891357952659 433.615544017803
0 0

0101101
*
Ed
 1e-07 1 1 0
1  46 0 0 6.28318530717959
2  91 46 0 0 6.28318530717959
2  92 47 0 0 6.28318530717959
0

0101000
+1575 0 -1575 0 *
Ve
1e-07
419.576761828407 910.045910420669 436.301917016959
0 0

0101101
*
Ed
 1e-07 1 1 0
1  47 0 0 6.93635485500421
3  93 94CN 46 0 0 6.93635485500421
0

0101000
-1575 0 +1573 0 *
Ed
 1e-07 1 1 0
1  48 0 0 6.28318530717959
2  95 46 0 0 6.28318530717959
2  96 48 0 0 6.28318530717959
0

0101000
+1573 0 -1573 0 *
Wi

0101100
-1574 0 +1572 0 +1571 0 -1572 0 *
Fa
0  1e-07 46 0

0111000
+1570 0 *
Wi

0101100
+1574 0 *
Fa
0  1e-07 47 0

0111000
+1568 0 *
Wi

0101100
-1571 0 *
Fa
0  1e-07 48 0

0111000
-1566 0 *
Sh

0101100
+1569 0 +1567 0 -1565 0 *
So

0100000
+1564 0 *
Ve
1e-07
432.217528951751 909.736805484648 430.912601975296
0 0

0101101
*
Ed
 1e-07 1 1 0
1  49 0 0 6.28318530717959
2  97 49 0 0 6.28318530717959
2  98 50 0 0 6.28318530717959
0

0101000
+1562 0 -1562 0 *
Ve
1e-07
426.008780830041 909.891357952659 433.598974974452
0 0

0101101
*
Ed
 1e-07 1 1 0
1  50 0 0 6.76675990373594
3  99 100CN 49 0 0 6.76675990373594
0

0101000
-1562 0 +1560 0 *
Ed
 1e-07 1 1 0
1  51 0 0 6.28318530717959
2  101 49 0 0 6.28318530717959
2  102 51 0 0 6.28318530717959
0

0101000
+1560 0 -1560 0 *
Wi

0101100
-1561 0 +1559 0 +1558 0 -1559 0 *
Fa
0  1e-07 49 0

0111000
+1557 0 *
Wi

0101100
+1561 0 *
Fa
0  1e-07 50 0

0111000
+1555 0 *
Wi

0101100
-1558 0 *
Fa
0  1e-07 51 0

0111000
-1553 0 *
Sh

0101100
+1556 0 +1554 0 -1552 0 *
So

0100000
+1551 0 *
Ve
1e-07
438.282521227565 909.582253016638 428.208368232601
0 0

0101101
*
Ed
 1e-07 1 1 0
1  52 0 0 6.28318530717959
2  103 52 0 0 6.28318530717959
2  104 53 0 0 6.28318530717959
0

0101000
+1549 0 -1549 0 *
Ve
1e-07
432.258187919544 909.736805484648 430.894741231757
0 0

0101101
*
Ed
 1e-07 1 1 0
1  53 0 0 6.59796015159925
3  105 106CN 52 0 0 6.59796015159925
0

0101000
-1549 0 +1547 0 *
Ed
 1e-07 1 1 0
1  54 0 0 6.28318530717959
2  107 52 0 0 6.28318530717959
2  108 54 0 0 6.28318530717959
0

0101000
+1547 0 -1547 0 *
Wi

0101100
-1548 0 +1546 0 +1545 0 -1546 0 *
Fa
0  1e-07 52 0

0111000
+1544 0 *
Wi

0101100
+1548 0 *
Fa
0  1e-07 53 0

0111000
+1542 0 *
Wi

0101100
-1545 0 *
Fa
0  1e-07 54 0

0111000
-1540 0 *
Sh

0101100
+1543 0 +1541 0 -1539 0 *
So

0100000
+1538 0 *
Ve
1e-07
444.165012354607 909.427700548628 425.502712280555
0 0

0101101
*
Ed
 1e-07 1 1 0
1  55 0 0 6.28318530717959
2  109 55 0 0 6.28318530717959
2  110 56 0 0 6.28318530717959
0

0101000
+1536 0 -1536 0 *
Ve
1e-07
438.325093860276 909.582253016638 428.189085279711
0 0

0101101
*
Ed
 1e-07 1 1 0
1  56 0 0 6.43001822519909
3  111 112CN 55 0 0 6.43001822519909
0

0101000
-1536 0 +1534 0 *
Ed
 1e-07 1 1 0
1  57 0 0 6.28318530717959
2  113 55 0 0 6.28318530717959
2  114 57 0 0 6.28318530717959
0

0101000
+1534 0 -1534 0 *
Wi

0101100
-1535 0 +1533 0 +1532 0 -1533 0 *
Fa
0  1e-07 55 0

0111000
+1531 0 *
Wi

0101100
+1535 0 *
Fa
0  1e-07 56 0

0111000
+1529 0 *
Wi

0101100
-1532 0 *
Fa
0  1e-07 57 0

0111000
-1527 0 *
Sh

0101100
+1530 0 +1528 0 -1526 0 *
So

0100000
+1525 0 *
Ve
1e-07
449.865120033603 909.273148080618 422.795487800096
0 0

0101101
*
Ed
 1e-07 1 1 0
1  58 0 0 6.28318530717959
2  115 58 0 0 6.28318530717959
2  116 59 0 0 6.28318530717959
0

0101000
+1523 0 -1523 0 *
Ve
1e-07
444.209616352962 909.427700548628 425.481860799252
0 0

0101101
*
Ed
 1e-07 1 1 0
1  59 0 0 6.26300313250033
3  117 118CN 58 0 0 6.26300313250033
0

0101000
-1523 0 +1521 0 *
Ed
 1e-07 1 1 0
1  60 0 0 6.28318530717959
2  119 58 0 0 6.28318530717959
2  120 60 0 0 6.28318530717959
0

0101000
+1521 0 -1521 0 *
Wi

0101100
-1522 0 +1520 0 +1519 0 -1520 0 *
Fa
0  1e-07 58 0

0111000
+1518 0 *
Wi

0101100
+1522 0 *
Fa
0  1e-07 59 0

0111000
+1516 0 *
Wi

0101100
-1519 0 *
Fa
0  1e-07 60 0

0111000
-1514 0 *
Sh

0101100
+1517 0 +1515 0 -1513 0 *
So

0100000
+1512 0 *
Ve
1e-07
455.382969015418 909.118595612607 420.086530510726
0 0

0101101
*
Ed
 1e-07 1 1 0
1  61 0 0 6.28318530717959
2  121 61 0 0 6.28318530717959
2  122 62 0 0 6.28318530717959
0

0101000
+1510 0 -1510 0 *
Ve
1e-07
449.911880148467 909.273148080618 422.772903509882
0 0

0101101
*
Ed
 1e-07 1 1 0
1  62 0 0 6.09699104034454
3  123 124CN 61 0 0 6.09699104034454
0

0101000
-1510 0 +1508 0 *
Ed
 1e-07 1 1 0
1  63 0 0 6.28318530717959
2  125 61 0 0 6.28318530717959
2  126 63 0 0 6.28318530717959
0

0101000
+1508 0 -1508 0 *
Wi

0101100
-1509 0 +1507 0 +1506 0 -1507 0 *
Fa
0  1e-07 61 0

0111000
+1505 0 *
Wi

0101100
+1509 0 *
Fa
0  1e-07 62 0

0111000
+1503 0 *
Wi

0101100
-1506 0 *
Fa
0  1e-07 63 0

0111000
-1501 0 *
Sh

0101100
+1504 0 +1502 0 -1500 0 *
So

0100000
+1499 0 *
Ve
1e-07
460.718691083112 908.964043144597 417.375655715317
0 0

0101101
*
Ed
 1e-07 1 1 0
1  64 0 0 6.28318530717959
2  127 64 0 0 6.28318530717959
2  128 65 0 0 6.28318530717959
0

0101000
+1497 0 -1497 0 *
Ve
1e-07
455.432017029851 909.118595612607 420.062028714473
0 0

0101101
*
Ed
 1e-07 1 1 0
1  65 0 0 5.93206615787388
3  129 130CN 64 0 0 5.93206615787388
0

0101000
-1497 0 +1495 0 *
Ed
 1e-07 1 1 0
1  66 0 0 6.28318530717959
2  131 64 0 0 6.28318530717959
2  132 66 0 0 6.28318530717959
0

0101000
+1495 0 -1495 0 *
Wi

0101100
-1496 0 +1494 0 +1493 0 -1494 0 *
Fa
0  1e-07 64 0

0111000
+1492 0 *
Wi

0101100
+1496 0 *
Fa
0  1e-07 65 0

0111000
+1490 0 *
Wi

0101100
-1493 0 *
Fa
0  1e-07 66 0

0111000
-1488 0 *
Sh

0101100
+1491 0 +1489 0 -1487 0 *
So

0100000
+1486 0 *
Ve
1e-07
465.872424850554 908.809490676587 414.66265550386
0 0

0101101
*
Ed
 1e-07 1 1 0
1  67 0 0 6.28318530717959
2  133 67 0 0 6.28318530717959
2  134 68 0 0 6.28318530717959
0

0101000
+1484 0 -1484 0 *
Ve
1e-07
460.770165610983 908.964043144597 417.349028503016
0 0

0101101
*
Ed
 1e-07 1 1 0
1  68 0 0 5.76832174065885
3  135 136CN 67 0 0 5.76832174065885
0

0101000
-1484 0 +1482 0 *
Ed
 1e-07 1 1 0
1  69 0 0 6.28318530717959
2  137 67 0 0 6.28318530717959
2  138 69 0 0 6.28318530717959
0

0101000
+1482 0 -1482 0 *
Wi

0101100
-1483 0 +1481 0 +1480 0 -1481 0 *
Fa
0  1e-07 67 0

0111000
+1479 0 *
Wi

0101100
+1483 0 *
Fa
0  1e-07 68 0

0111000
+1477 0 *
Wi

0101100
-1480 0 *
Fa
0  1e-07 69 0

0111000
-1475 0 *
Sh

0101100
+1478 0 +1476 0 -1474 0 *
So

0100000
+1473 0 *
Ve
1e-07
470.844315308493 908.654938208576 411.947295577871
0 0

0101101
*
Ed
 1e-07 1 1 0
1  70 0 0 6.28318530717959
2  139 70 0 0 6.28318530717959
2  140 71 0 0 6.28318530717959
0

0101000
+1471 0 -1471 0 *
Ve
1e-07
465.926470882611 908.809490676587 414.633668577027
0 0

0101101
*
Ed
 1e-07 1 1 0
1  71 0 0 5.60586123206253
3  141 142CN 70 0 0 5.60586123206253
0

0101000
-1471 0 +1469 0 *
Ed
 1e-07 1 1 0
1  72 0 0 6.28318530717959
2  143 70 0 0 6.28318530717959
2  144 72 0 0 6.28318530717959
0

0101000
+1469 0 -1469 0 *
Wi

0101100
-1470 0 +1468 0 +1467 0 -1468 0 *
Fa
0  1e-07 70 0

0111000
+1466 0 *
Wi

0101100
+1470 0 *
Fa
0  1e-07 71 0

0111000
+1464 0 *
Wi

0101100
-1467 0 *
Fa
0  1e-07 72 0

0111000
-1462 0 *
Sh

0101100
+1465 0 +1463 0 -1461 0 *
So

0100000
+1460 0 *
Ve
1e-07
475.634513028258 908.500385740566 409.229311658487
0 0

0101101
*
Ed
 1e-07 1 1 0
1  73 0 0 6.28318530717959
2  145 73 0 0 6.28318530717959
2  146 74 0 0 6.28318530717959
0

0101000
+1458 0 -1458 0 *
Ve
1e-07
470.901083416066 908.654938208576 411.915684657643
0 0

0101101
*
Ed
 1e-07 1 1 0
1  74 0 0 5.44479956008847
3  147 148CN 73 0 0 5.44479956008847
0

0101000
-1458 0 +1456 0 *
Ed
 1e-07 1 1 0
1  75 0 0 6.28318530717959
2  149 73 0 0 6.28318530717959
2  150 75 0 0 6.28318530717959
0

0101000
+1456 0 -1456 0 *
Wi

0101100
-1457 0 +1455 0 +1454 0 -1455 0 *
Fa
0  1e-07 73 0

0111000
+1453 0 *
Wi

0101100
+1457 0 *
Fa
0  1e-07 74 0

0111000
+1451 0 *
Wi

0101100
-1454 0 *
Fa
0  1e-07 75 0

0111000
-1449 0 *
Sh

0101100
+1452 0 +1450 0 -1448 0 *
So

0100000
+1447 0 *
Ve
1e-07
480.243172907009 908.345833272556 406.508405446222
0 0

0101101
*
Ed
 1e-07 1 1 0
1  76 0 0 6.28318530717959
2  151 76 0 0 6.28318530717959
2  152 77 0 0 6.28318530717959
0

0101000
+1445 0 -1445 0 *
Ve
1e-07
475.694158108507 908.500385740566 409.194778445378
0 0

0101101
*
Ed
 1e-07 1 1 0
1  77 0 0 5.28526460954945
3  153 154CN 76 0 0 5.28526460954945
0

0101000
-1445 0 +1443 0 *
Ed
 1e-07 1 1 0
1  78 0 0 6.28318530717959
2  155 76 0 0 6.28318530717959
2  156 78 0 0 6.28318530717959
0

0101000
+1443 0 -1443 0 *
Wi

0101100
-1444 0 +1442 0 +1441 0 -1442 0 *
Fa
0  1e-07 76 0

0111000
+1440 0 *
Wi

0101100
+1444 0 *
Fa
0  1e-07 77 0

0111000
+1438 0 *
Wi

0101100
-1441 0 *
Fa
0  1e-07 78 0

0111000
-1436 0 *
Sh

0101100
+1439 0 +1437 0 -1435 0 *
So

0100000
+1434 0 *
Ve
1e-07
484.670452305674 908.191280804545 403.784240110849
0 0

0101101
*
Ed
 1e-07 1 1 0
1  79 0 0 6.28318530717959
2  157 79 0 0 6.28318530717959
2  158 80 0 0 6.28318530717959
0

0101000
+1432 0 -1432 0 *
Ve
1e-07
480.305852320861 908.345833272556 406.470613110005
0 0

0101101
*
Ed
 1e-07 1 1 0
1  80 0 0 5.12739889060609
3  159 160CN 79 0 0 5.12739889060609
0

0101000
-1432 0 +1430 0 *
Ed
 1e-07 1 1 0
1  81 0 0 6.28318530717959
2  161 79 0 0 6.28318530717959
2  162 81 0 0 6.28318530717959
0

0101000
+1430 0 -1430 0 *
Wi

0101100
-1431 0 +1429 0 +1428 0 -1429 0 *
Fa
0  1e-07 79 0

0111000
+1427 0 *
Wi

0101100
+1431 0 *
Fa
0  1e-07 80 0

0111000
+1425 0 *
Wi

0101100
-1428 0 *
Fa
0  1e-07 81 0

0111000
-1423 0 *
Sh

0101100
+1426 0 +1424 0 -1422 0 *
So

0100000
+1421 0 *
Ve
1e-07
488.916508390358 908.036728336535 401.056435308766
0 0

0101101
*
Ed
 1e-07 1 1 0
1  82 0 0 6.28318530717959
2  163 82 0 0 6.28318530717959
2  164 83 0 0 6.28318530717959
0

0101000
+1419 0 -1419 0 *
Ve
1e-07
484.736323219235 908.191280804545 403.742808307922
0 0

0101101
*
Ed
 1e-07 1 1 0
1  83 0 0 4.97136142528751
3  165 166CN 82 0 0 4.97136142528751
0

0101000
-1419 0 +1417 0 *
Ed
 1e-07 1 1 0
1  84 0 0 6.28318530717959
2  167 82 0 0 6.28318530717959
2  168 84 0 0 6.28318530717959
0

0101000
+1417 0 -1417 0 *
Wi

0101100
-1418 0 +1416 0 +1415 0 -1416 0 *
Fa
0  1e-07 82 0

0111000
+1414 0 *
Wi

0101100
+1418 0 *
Fa
0  1e-07 83 0

0111000
+1412 0 *
Wi

0101100
-1415 0 *
Fa
0  1e-07 84 0

0111000
-1410 0 *
Sh

0101100
+1413 0 +1411 0 -1409 0 *
So

0100000
+1408 0 *
Ve
1e-07
492.981494439165 907.882175868525 398.324561756561
0 0

0101101
*
Ed
 1e-07 1 1 0
1  85 0 0 6.28318530717959
2  169 85 0 0 6.28318530717959
2  170 86 0 0 6.28318530717959
0

0101000
+1406 0 -1406 0 *
Ve
1e-07
488.985724081732 908.036728336535 401.010934755718
0 0

0101101
*
Ed
 1e-07 1 1 0
1  86 0 0 4.81732987300046
3  171 172CN 85 0 0 4.81732987300046
0

0101000
-1406 0 +1404 0 *
Ed
 1e-07 1 1 0
1  87 0 0 6.28318530717959
2  173 85 0 0 6.28318530717959
2  174 87 0 0 6.28318530717959
0

0101000
+1404 0 -1404 0 *
Wi

0101100
-1405 0 +1403 0 +1402 0 -1403 0 *
Fa
0  1e-07 85 0

0111000
+1401 0 *
Wi

0101100
+1405 0 *
Fa
0  1e-07 86 0

0111000
+1399 0 *
Wi

0101100
-1402 0 *
Fa
0  1e-07 87 0

0111000
-1397 0 *
Sh

0101100
+1400 0 +1398 0 -1396 0 *
So

0100000
+1395 0 *
Ve
1e-07
496.865554818878 907.727623400515 395.588135438578
0 0

0101101
*
Ed
 1e-07 1 1 0
1  88 0 0 6.28318530717959
2  175 88 0 0 6.28318530717959
2  176 89 0 0 6.28318530717959
0

0101000
+1393 0 -1393 0 *
Ve
1e-07
493.054199275135 907.882175868525 398.274508437734
0 0

0101101
*
Ed
 1e-07 1 1 0
1  89 0 0 4.66550291359716
3  177 178CN 88 0 0 4.66550291359716
0

0101000
-1393 0 +1391 0 *
Ed
 1e-07 1 1 0
1  90 0 0 6.28318530717959
2  179 88 0 0 6.28318530717959
2  180 90 0 0 6.28318530717959
0

0101000
+1391 0 -1391 0 *
Wi

0101100
-1392 0 +1390 0 +1389 0 -1390 0 *
Fa
0  1e-07 88 0

0111000
+1388 0 *
Wi

0101100
+1392 0 *
Fa
0  1e-07 89 0

0111000
+1386 0 *
Wi

0101100
-1389 0 *
Fa
0  1e-07 90 0

0111000
-1384 0 *
Sh

0101100
+1387 0 +1385 0 -1383 0 *
So

0100000
+1382 0 *
Ve
1e-07
500.568818270722 907.573070932504 392.846611600584
0 0

0101101
*
Ed
 1e-07 1 1 0
1  91 0 0 6.28318530717959
2  181 91 0 0 6.28318530717959
2  182 92 0 0 6.28318530717959
0

0101000
+1380 0 -1380 0 *
Ve
1e-07
496.941877540669 907.727623400515 395.532984599741
0 0

0101101
*
Ed
 1e-07 1 1 0
1  92 0 0 4.51610290131683
3  183 184CN 91 0 0 4.51610290131683
0

0101000
-1380 0 +1378 0 *
Ed
 1e-07 1 1 0
1  93 0 0 6.28318530717959
2  185 91 0 0 6.28318530717959
2  186 93 0 0 6.28318530717959
0

0101000
+1378 0 -1378 0 *
Wi

0101100
-1379 0 +1377 0 +1376 0 -1377 0 *
Fa
0  1e-07 91 0

0111000
+1375 0 *
Wi

0101100
+1379 0 *
Fa
0  1e-07 92 0

0111000
+1373 0 *
Wi

0101100
-1376 0 *
Fa
0  1e-07 93 0

0111000
-1371 0 *
Sh

0101100
+1374 0 +1372 0 -1370 0 *
So

0100000
+1369 0 *
Ve
1e-07
504.091389074658 907.418518464494 390.099378790353
0 0

0101101
*
Ed
 1e-07 1 1 0
1  94 0 0 6.28318530717959
2  187 94 0 0 6.28318530717959
2  188 95 0 0 6.28318530717959
0

0101000
+1367 0 -1367 0 *
Ve
1e-07
500.648863158294 907.573070932504 392.785751789509
0 0

0101101
*
Ed
 1e-07 1 1 0
1  95 0 0 4.36937879346673
3  189 190CN 94 0 0 4.36937879346673
0

0101000
-1367 0 +1365 0 *
Ed
 1e-07 1 1 0
1  96 0 0 6.28318530717959
2  191 94 0 0 6.28318530717959
2  192 96 0 0 6.28318530717959
0

0101000
+1365 0 -1365 0 *
Wi

0101100
-1366 0 +1364 0 +1363 0 -1364 0 *
Fa
0  1e-07 94 0

0111000
+1362 0 *
Wi

0101100
+1366 0 *
Fa
0  1e-07 95 0

0111000
+1360 0 *
Wi

0101100
-1363 0 *
Fa
0  1e-07 96 0

0111000
-1358 0 *
Sh

0101100
+1361 0 +1359 0 -1357 0 *
So

0100000
+1356 0 *
Ve
1e-07
507.433335594292 907.263965996484 387.345753360714
0 0

0101101
*
Ed
 1e-07 1 1 0
1  97 0 0 6.28318530717959
2  193 97 0 0 6.28318530717959
2  194 98 0 0 6.28318530717959
0

0101000
+1354 0 -1354 0 *
Ve
1e-07
504.175224491619 907.418518464494 390.03212635987
0 0

0101101
*
Ed
 1e-07 1 1 0
1  98 0 0 4.2256093422521
3  195 196CN 97 0 0 4.2256093422521
0

0101000
-1354 0 +1352 0 *
Ed
 1e-07 1 1 0
1  99 0 0 6.28318530717959
2  197 97 0 0 6.28318530717959
2  198 99 0 0 6.28318530717959
0

0101000
+1352 0 -1352 0 *
Wi

0101100
-1353 0 +1351 0 +1350 0 -1351 0 *
Fa
0  1e-07 97 0

0111000
+1349 0 *
Wi

0101100
+1353 0 *
Fa
0  1e-07 98 0

0111000
+1347 0 *
Wi

0101100
-1350 0 *
Fa
0  1e-07 99 0

0111000
-1345 0 *
Sh

0101100
+1348 0 +1346 0 -1344 0 *
So

0100000
+1343 0 *
Ve
1e-07
510.59467565248 907.109413528473 384.584975064571
0 0

0101101
*
Ed
 1e-07 1 1 0
1  100 0 0 6.28318530717959
2  199 100 0 0 6.28318530717959
2  200 101 0 0 6.28318530717959
0

0101000
+1341 0 -1341 0 *
Ve
1e-07
507.520979363496 907.263965996484 387.271348063727
0 0

0101101
*
Ed
 1e-07 1 1 0
1  101 0 0 4.08510651426326
3  201 202CN 100 0 0 4.08510651426326
0

0101000
-1341 0 +1339 0 *
Ed
 1e-07 1 1 0
1  102 0 0 6.28318530717959
2  203 100 0 0 6.28318530717959
2  204 102 0 0 6.28318530717959
0

0101000
+1339 0 -1339 0 *
Wi

0101100
-1340 0 +1338 0 +1337 0 -1338 0 *
Fa
0  1e-07 100 0

0111000
+1336 0 *
Wi

0101100
+1340 0 *
Fa
0  1e-07 101 0

0111000
+1334 0 *
Wi

0101100
-1337 0 *
Fa
0  1e-07 102 0

0111000
-1332 0 *
Sh

0101100
+1335 0 +1333 0 -1331 0 *
So

0100000
+1330 0 *
Ve
1e-07
513.575358172953 906.954861060463 381.816204657551
0 0

0101101
*
Ed
 1e-07 1 1 0
1  103 0 0 6.28318530717959
2  205 103 0 0 6.28318530717959
2  206 104 0 0 6.28318530717959
0

0101000
+1328 0 -1328 0 *
Ve
1e-07
510.686076697659 907.109413528473 384.502577656707
0 0

0101101
*
Ed
 1e-07 1 1 0
1  104 0 0 3.94821906679955
3  207 208CN 103 0 0 3.94821906679955
0

0101000
-1328 0 +1326 0 *
Ed
 1e-07 1 1 0
1  105 0 0 6.28318530717959
2  209 103 0 0 6.28318530717959
2  210 105 0 0 6.28318530717959
0

0101000
+1326 0 -1326 0 *
Wi

0101100
-1327 0 +1325 0 +1324 0 -1325 0 *
Fa
0  1e-07 103 0

0111000
+1323 0 *
Wi

0101100
+1327 0 *
Fa
0  1e-07 104 0

0111000
+1321 0 *
Wi

0101100
-1324 0 *
Fa
0  1e-07 105 0

0111000
-1319 0 *
Sh

0101100
+1322 0 +1320 0 -1318 0 *
So

0100000
+1317 0 *
Ve
1e-07
516.375240580772 906.800308592453 379.038524791897
0 0

0101101
*
Ed
 1e-07 1 1 0
1  106 0 0 6.28318530717959
2  211 106 0 0 6.28318530717959
2  212 107 0 0 6.28318530717959
0

0101000
+1315 0 -1315 0 *
Ve
1e-07
513.670373919168 906.954861060463 381.724897791053
0 0

0101101
*
Ed
 1e-07 1 1 0
1  107 0 0 3.81533615989741
3  213 214CN 106 0 0 3.81533615989741
0

0101000
-1315 0 +1313 0 *
Ed
 1e-07 1 1 0
1  108 0 0 6.28318530717959
2  215 106 0 0 6.28318530717959
2  216 108 0 0 6.28318530717959
0

0101000
+1313 0 -1313 0 *
Wi

0101100
-1314 0 +1312 0 +1311 0 -1312 0 *
Fa
0  1e-07 106 0

0111000
+1310 0 *
Wi

0101100
+1314 0 *
Fa
0  1e-07 107 0

0111000
+1308 0 *
Wi

0101100
-1311 0 *
Fa
0  1e-07 108 0

0111000
-1306 0 *
Sh

0101100
+1309 0 +1307 0 -1305 0 *
So

0100000
+1304 0 *
Ve
1e-07
513.159906945039 906.645756124443 370.777131993778
0 0

0101101
*
Ed
 1e-07 1 1 0
1  109 0 0 6.28318530717959
2  217 109 0 0 6.28318530717959
2  218 110 0 0 6.28318530717959
0

0101000
+1302 0 -1302 0 *
Ve
1e-07
510.639455097125 906.800308592453 373.463504992934
0 0

0101101
*
Ed
 1e-07 1 1 0
1  110 0 0 3.68689081389968
3  219 220CN 109 0 0 3.68689081389968
0

0101000
-1302 0 +1300 0 *
Ed
 1e-07 1 1 0
1  111 0 0 6.28318530717959
2  221 109 0 0 6.28318530717959
2  222 111 0 0 6.28318530717959
0

0101000
+1300 0 -1300 0 *
Wi

0101100
-1301 0 +1299 0 +1298 0 -1299 0 *
Fa
0  1e-07 109 0

0111000
+1297 0 *
Wi

0101100
+1301 0 *
Fa
0  1e-07 110 0

0111000
+1295 0 *
Wi

0101100
-1298 0 *
Fa
0  1e-07 111 0

0111000
-1293 0 *
Sh

0101100
+1296 0 +1294 0 -1292 0 *
So

0100000
+1291 0 *
Ve
1e-07
515.394632902814 906.491203656432 368.202912388312
0 0

0101101
*
Ed
 1e-07 1 1 0
1  112 0 0 6.28318530717959
2  223 112 0 0 6.28318530717959
2  224 113 0 0 6.28318530717959
0

0101000
+1289 0 -1289 0 *
Ve
1e-07
513.05859586859 906.645756124443 370.889285387468
0 0

0101101
*
Ed
 1e-07 1 1 0
1  113 0 0 3.56336293144996
3  225 226CN 112 0 0 3.56336293144996
0

0101000
-1289 0 +1287 0 *
Ed
 1e-07 1 1 0
1  114 0 0 6.28318530717959
2  227 112 0 0 6.28318530717959
2  228 114 0 0 6.28318530717959
0

0101000
+1287 0 -1287 0 *
Wi

0101100
-1288 0 +1286 0 +1285 0 -1286 0 *
Fa
0  1e-07 112 0

0111000
+1284 0 *
Wi

0101100
+1288 0 *
Fa
0  1e-07 113 0

0111000
+1282 0 *
Wi

0101100
-1285 0 *
Fa
0  1e-07 114 0

0111000
-1280 0 *
Sh

0101100
+1283 0 +1281 0 -1279 0 *
So

0100000
+1278 0 *
Ve
1e-07
517.4425996143 906.336651188422 365.640724691039
0 0

0101101
*
Ed
 1e-07 1 1 0
1  115 0 0 6.28318530717959
2  229 115 0 0 6.28318530717959
2  230 116 0 0 6.28318530717959
0

0101000
+1276 0 -1276 0 *
Ve
1e-07
515.290977393765 906.491203656432 368.327097690196
0 0

0101101
*
Ed
 1e-07 1 1 0
1  116 0 0 3.44528148862507
3  231 232CN 115 0 0 3.44528148862507
0

0101000
-1276 0 +1274 0 *
Ed
 1e-07 1 1 0
1  117 0 0 6.28318530717959
2  233 115 0 0 6.28318530717959
2  234 117 0 0 6.28318530717959
0

0101000
+1274 0 -1274 0 *
Wi

0101100
-1275 0 +1273 0 +1272 0 -1273 0 *
Fa
0  1e-07 115 0

0111000
+1271 0 *
Wi

0101100
+1275 0 *
Fa
0  1e-07 116 0

0111000
+1269 0 *
Wi

0101100
-1272 0 *
Fa
0  1e-07 117 0

0111000
-1267 0 *
Sh

0101100
+1270 0 +1268 0 -1266 0 *
So

0100000
+1265 0 *
Ve
1e-07
519.304627930328 906.182098720412 363.09165282744
0 0

0101101
*
Ed
 1e-07 1 1 0
1  118 0 0 6.28318530717959
2  235 118 0 0 6.28318530717959
2  236 119 0 0 6.28318530717959
0

0101000
+1263 0 -1263 0 *
Ve
1e-07
517.337420523483 906.336651188422 365.778025826596
0 0

0101101
*
Ed
 1e-07 1 1 0
1  119 0 0 3.33322536554436
3  237 238CN 118 0 0 3.33322536554436
0

0101000
-1263 0 +1261 0 *
Ed
 1e-07 1 1 0
1  120 0 0 6.28318530717959
2  239 118 0 0 6.28318530717959
2  240 120 0 0 6.28318530717959
0

0101000
+1261 0 -1261 0 *
Wi

0101100
-1262 0 +1260 0 +1259 0 -1260 0 *
Fa
0  1e-07 118 0

0111000
+1258 0 *
Wi

0101100
+1262 0 *
Fa
0  1e-07 119 0

0111000
+1256 0 *
Wi

0101100
-1259 0 *
Fa
0  1e-07 120 0

0111000
-1254 0 *
Sh

0101100
+1257 0 +1255 0 -1253 0 *
So

0100000
+1252 0 *
Ve
1e-07
520.981798542006 906.027546252401 360.556727764265
0 0

0101101
*
Ed
 1e-07 1 1 0
1  121 0 0 6.28318530717959
2  241 121 0 0 6.28318530717959
2  242 122 0 0 6.28318530717959
0

0101000
+1250 0 -1250 0 *
Ve
1e-07
519.199005948851 906.182098720412 363.243100763421
0 0

0101101
*
Ed
 1e-07 1 1 0
1  122 0 0 3.22782214289633
3  243 244CN 121 0 0 3.22782214289633
0

0101000
-1250 0 +1248 0 *
Ed
 1e-07 1 1 0
1  123 0 0 6.28318530717959
2  245 121 0 0 6.28318530717959
2  246 123 0 0 6.28318530717959
0

0101000
+1248 0 -1248 0 *
Wi

0101100
-1249 0 +1247 0 +1246 0 -1247 0 *
Fa
0  1e-07 121 0

0111000
+1245 0 *
Wi

0101100
+1249 0 *
Fa
0  1e-07 122 0

0111000
+1243 0 *
Wi

0101100
-1246 0 *
Fa
0  1e-07 123 0

0111000
-1241 0 *
Sh

0101100
+1244 0 +1242 0 -1240 0 *
So

0100000
+1239 0 *
Ve
1e-07
522.47548215564 905.872993784391 358.036856275555
0 0

0101101
*
Ed
 1e-07 1 1 0
1  124 0 0 6.28318530717959
2  247 124 0 0 6.28318530717959
2  248 125 0 0 6.28318530717959
0

0101000
+1237 0 -1237 0 *
Ve
1e-07
520.877104376175 906.027546252401 360.723229274711
0 0

0101101
*
Ed
 1e-07 1 1 0
1  125 0 0 3.12974406011919
3  249 250CN 124 0 0 3.12974406011919
0

0101000
-1237 0 +1235 0 *
Ed
 1e-07 1 1 0
1  126 0 0 6.28318530717959
2  251 124 0 0 6.28318530717959
2  252 126 0 0 6.28318530717959
0

0101000
+1235 0 -1235 0 *
Wi

0101100
-1236 0 +1234 0 +1233 0 -1234 0 *
Fa
0  1e-07 124 0

0111000
+1232 0 *
Wi

0101100
+1236 0 *
Fa
0  1e-07 125 0

0111000
+1230 0 *
Wi

0101100
-1233 0 *
Fa
0  1e-07 126 0

0111000
-1228 0 *
Sh

0101100
+1231 0 +1229 0 -1227 0 *
So

0100000
+1226 0 *
Ve
1e-07
523.787356171161 905.718441316381 355.532730176085
0 0

0101101
*
Ed
 1e-07 1 1 0
1  127 0 0 6.28318530717959
2  253 127 0 0 6.28318530717959
2  254 128 0 0 6.28318530717959
0

0101000
+1224 0 -1224 0 *
Ve
1e-07
522.373393205385 905.872993784391 358.219103175241
0 0

0101101
*
Ed
 1e-07 1 1 0
1  128 0 0 3.03970025241764
3  255 256CN 127 0 0 3.03970025241764
0

0101000
-1224 0 +1222 0 *
Ed
 1e-07 1 1 0
1  129 0 0 6.28318530717959
2  257 127 0 0 6.28318530717959
2  258 129 0 0 6.28318530717959
0

0101000
+1222 0 -1222 0 *
Wi

0101100
-1223 0 +1221 0 +1220 0 -1221 0 *
Fa
0  1e-07 127 0

0111000
+1219 0 *
Wi

0101100
+1223 0 *
Fa
0  1e-07 128 0

0111000
+1217 0 *
Wi

0101100
-1220 0 *
Fa
0  1e-07 129 0

0111000
-1215 0 *
Sh

0101100
+1218 0 +1216 0 -1214 0 *
So

0100000
+1213 0 *
Ve
1e-07
524.919398711247 905.563888848371 353.044718318598
0 0

0101101
*
Ed
 1e-07 1 1 0
1  130 0 0 6.28318530717959
2  259 130 0 0 6.28318530717959
2  260 131 0 0 6.28318530717959
0

0101000
+1211 0 -1211 0 *
Ve
1e-07
523.689850559162 905.718441316381 355.731091317754
0 0

0101101
*
Ed
 1e-07 1 1 0
1  131 0 0 2.95842441415368
3  261 262CN 130 0 0 2.95842441415368
0

0101000
-1211 0 +1209 0 *
Ed
 1e-07 1 1 0
1  132 0 0 6.28318530717959
2  263 130 0 0 6.28318530717959
2  264 132 0 0 6.28318530717959
0

0101000
+1209 0 -1209 0 *
Wi

0101100
-1210 0 +1208 0 +1207 0 -1208 0 *
Fa
0  1e-07 130 0

0111000
+1206 0 *
Wi

0101100
+1210 0 *
Fa
0  1e-07 131 0

0111000
+1204 0 *
Wi

0101100
-1207 0 *
Fa
0  1e-07 132 0

0111000
-1202 0 *
Sh

0101100
+1205 0 +1203 0 -1201 0 *
So

0100000
+1200 0 *
Ve
1e-07
525.87384997612 905.40933638036 350.57274833843
0 0

0101101
*
Ed
 1e-07 1 1 0
1  133 0 0 6.28318530717959
2  265 133 0 0 6.28318530717959
2  266 134 0 0 6.28318530717959
0

0101000
+1198 0 -1198 0 *
Ve
1e-07
524.828716637725 905.563888848371 353.259121337586
0 0

0101101
*
Ed
 1e-07 1 1 0
1  134 0 0 2.88665724515214
3  267 268CN 133 0 0 2.88665724515214
0

0101000
-1198 0 +1196 0 *
Ed
 1e-07 1 1 0
1  135 0 0 6.28318530717959
2  269 133 0 0 6.28318530717959
2  270 135 0 0 6.28318530717959
0

0101000
+1196 0 -1196 0 *
Wi

0101100
-1197 0 +1195 0 +1194 0 -1195 0 *
Fa
0  1e-07 133 0

0111000
+1193 0 *
Wi

0101100
+1197 0 *
Fa
0  1e-07 134 0

0111000
+1191 0 *
Wi

0101100
-1194 0 *
Fa
0  1e-07 135 0

0111000
-1189 0 *
Sh

0101100
+1192 0 +1190 0 -1188 0 *
So

0100000
+1187 0 *
Ve
1e-07
526.653132162841 905.25478391235 348.116191039693
0 0

0101101
*
Ed
 1e-07 1 1 0
1  136 0 0 6.28318530717959
2  271 136 0 0 6.28318530717959
2  272 137 0 0 6.28318530717959
0

0101000
+1185 0 -1185 0 *
Ve
1e-07
525.792413638135 905.40933638036 350.802564038849
0 0

0101101
*
Ed
 1e-07 1 1 0
1  137 0 0 2.82512349017443
3  273 274CN 136 0 0 2.82512349017443
0

0101000
-1185 0 +1183 0 *
Ed
 1e-07 1 1 0
1  138 0 0 6.28318530717959
2  275 136 0 0 6.28318530717959
2  276 138 0 0 6.28318530717959
0

0101000
+1183 0 -1183 0 *
Wi

0101100
-1184 0 +1182 0 +1181 0 -1182 0 *
Fa
0  1e-07 136 0

0111000
+1180 0 *
Wi

0101100
+1184 0 *
Fa
0  1e-07 137 0

0111000
+1178 0 *
Wi

0101100
-1181 0 *
Fa
0  1e-07 138 0

0111000
-1176 0 *
Sh

0101100
+1179 0 +1177 0 -1175 0 *
So

0100000
+1174 0 *
Ve
1e-07
527.259723679148 905.10023144434 345.673766259342
0 0

0101101
*
Ed
 1e-07 1 1 0
1  139 0 0 6.28318530717959
2  277 139 0 0 6.28318530717959
2  278 140 0 0 6.28318530717959
0

0101000
+1172 0 -1172 0 *
Ve
1e-07
526.583419968132 905.25478391235 348.360139258498
0 0

0101101
*
Ed
 1e-07 1 1 0
1  140 0 0 2.77450411163826
3  279 280CN 139 0 0 2.77450411163826
0

0101000
-1172 0 +1170 0 *
Ed
 1e-07 1 1 0
1  141 0 0 6.28318530717959
2  281 139 0 0 6.28318530717959
2  282 141 0 0 6.28318530717959
0

0101000
+1170 0 -1170 0 *
Wi

0101100
-1171 0 +1169 0 +1168 0 -1169 0 *
Fa
0  1e-07 139 0

0111000
+1167 0 *
Wi

0101100
+1171 0 *
Fa
0  1e-07 140 0

0111000
+1165 0 *
Wi

0101100
-1168 0 *
Fa
0  1e-07 141 0

0111000
-1163 0 *
Sh

0101100
+1166 0 +1164 0 -1162 0 *
So

0100000
+1161 0 *
Ve
1e-07
527.695991577822 904.945678976329 343.24349289121
0 0

0101101
*
Ed
 1e-07 1 1 0
1  142 0 0 6.28318530717959
2  283 142 0 0 6.28318530717959
2  284 143 0 0 6.28318530717959
0

0101000
+1159 0 -1159 0 *
Ve
1e-07
527.204102680496 905.10023144434 345.929865890366
0 0

0101101
*
Ed
 1e-07 1 1 0
1  143 0 0 2.73540509674088
3  285 286CN 142 0 0 2.73540509674088
0

0101000
-1159 0 +1157 0 *
Ed
 1e-07 1 1 0
1  144 0 0 6.28318530717959
2  287 142 0 0 6.28318530717959
2  288 144 0 0 6.28318530717959
0

0101000
+1157 0 -1157 0 *
Wi

0101100
-1158 0 +1156 0 +1155 0 -1156 0 *
Fa
0  1e-07 142 0

0111000
+1154 0 *
Wi

0101100
+1158 0 *
Fa
0  1e-07 143 0

0111000
+1152 0 *
Wi

0101100
-1155 0 *
Fa
0  1e-07 144 0

0111000
-1150 0 *
Sh

0101100
+1153 0 +1151 0 -1149 0 *
So

0100000
+1148 0 *
Ve
1e-07
527.963997136229 904.791126508319 340.822704854854
0 0

0101101
*
Ed
 1e-07 1 1 0
1  145 0 0 6.28318530717959
2  289 145 0 0 6.28318530717959
2  290 146 0 0 6.28318530717959
0

0101000
+1146 0 -1146 0 *
Ve
1e-07
527.656523052592 904.945678976329 343.50907785401
0 0

0101101
*
Ed
 1e-07 1 1 0
1  146 0 0 2.70832543614523
3  291 292CN 145 0 0 2.70832543614523
0

0101000
-1146 0 +1144 0 *
Ed
 1e-07 1 1 0
1  147 0 0 6.28318530717959
2  293 145 0 0 6.28318530717959
2  294 147 0 0 6.28318530717959
0

0101000
+1144 0 -1144 0 *
Wi

0101100
-1145 0 +1143 0 +1142 0 -1143 0 *
Fa
0  1e-07 145 0

0111000
+1141 0 *
Wi

0101100
+1145 0 *
Fa
0  1e-07 146 0

0111000
+1139 0 *
Wi

0101100
-1142 0 *
Fa
0  1e-07 147 0

0111000
-1137 0 *
Sh

0101100
+1140 0 +1138 0 -1136 0 *
So

0100000
+1135 0 *
Ve
1e-07
532.061110267359 900.643177518915 338.820938147525
0 0

0101101
*
Ed
 1e-07 1 1 0
1  148 0 0 6.28318530717959
2  295 148 0 0 6.28318530717959
2  296 149 0 0 6.28318530717959
0

0101000
+1133 0 -1133 0 *
Ve
1e-07
531.938050997413 900.797729986926 341.507311146681
0 0

0101101
*
Ed
 1e-07 1 1 0
1  149 0 0 2.6936276542765
3  297 298CN 148 0 0 2.6936276542765
0

0101000
-1133 0 +1131 0 *
Ed
 1e-07 1 1 0
1  150 0 0 6.28318530717959
2  299 148 0 0 6.28318530717959
2  300 150 0 0 6.28318530717959
0

0101000
+1131 0 -1131 0 *
Wi

0101100
-1132 0 +1130 0 +1129 0 -1130 0 *
Fa
0  1e-07 148 0

0111000
+1128 0 *
Wi

0101100
+1132 0 *
Fa
0  1e-07 149 0

0111000
+1126 0 *
Wi

0101100
-1129 0 *
Fa
0  1e-07 150 0

0111000
-1124 0 *
Sh

0101100
+1127 0 +1125 0 -1123 0 *
So

0100000
+1122 0 *
Ve
1e-07
531.999754723617 900.488625050905 336.134565148368
0 0

0101101
*
Ed
 1e-07 1 1 0
1  151 0 0 6.28318530717959
2  301 151 0 0 6.28318530717959
2  302 152 0 0 6.28318530717959
0

0101000
+1120 0 -1120 0 *
Ve
1e-07
532.061110267359 900.643177518915 338.820938147525
0 0

0101101
*
Ed
 1e-07 1 1 0
1  152 0 0 2.69151460310195
3  303 304CN 151 0 0 2.69151460310195
0

0101000
-1120 0 +1118 0 *
Ed
 1e-07 1 1 0
1  153 0 0 6.28318530717959
2  305 151 0 0 6.28318530717959
2  306 153 0 0 6.28318530717959
0

0101000
+1118 0 -1118 0 *
Wi

0101100
-1119 0 +1117 0 +1116 0 -1117 0 *
Fa
0  1e-07 151 0

0111000
+1115 0 *
Wi

0101100
+1119 0 *
Fa
0  1e-07 152 0

0111000
+1113 0 *
Wi

0101100
-1116 0 *
Fa
0  1e-07 153 0

0111000
-1111 0 *
Sh

0101100
+1114 0 +1112 0 -1110 0 *
So

0100000
+1109 0 *
Ve
1e-07
527.770620043374 904.327469104288 333.582873217475
0 0

0101101
*
Ed
 1e-07 1 1 0
1  154 0 0 6.28318530717959
2  307 154 0 0 6.28318530717959
2  308 155 0 0 6.28318530717959
0

0101000
+1107 0 -1107 0 *
Ve
1e-07
528.016390400807 904.482021572299 336.269246216631
0 0

0101101
*
Ed
 1e-07 1 1 0
1  155 0 0 2.70201580760662
3  309 310CN 154 0 0 2.70201580760662
0

0101000
-1107 0 +1105 0 *
Ed
 1e-07 1 1 0
1  156 0 0 6.28318530717959
2  311 154 0 0 6.28318530717959
2  312 156 0 0 6.28318530717959
0

0101000
+1105 0 -1105 0 *
Wi

0101100
-1106 0 +1104 0 +1103 0 -1104 0 *
Fa
0  1e-07 154 0

0111000
+1102 0 *
Wi

0101100
+1106 0 *
Fa
0  1e-07 155 0

0111000
+1100 0 *
Wi

0101100
-1103 0 *
Fa
0  1e-07 156 0

0111000
-1098 0 *
Sh

0101100
+1101 0 +1099 0 -1097 0 *
So

0100000
+1096 0 *
Ve
1e-07
527.374120535032 904.172916636278 331.164556931615
0 0

0101101
*
Ed
 1e-07 1 1 0
1  157 0 0 6.28318530717959
2  313 157 0 0 6.28318530717959
2  314 158 0 0 6.28318530717959
0

0101000
+1094 0 -1094 0 *
Ve
1e-07
527.804305706155 904.327469104288 333.850929930771
0 0

0101101
*
Ed
 1e-07 1 1 0
1  158 0 0 2.72498543801922
3  315 316CN 157 0 0 2.72498543801922
0

0101000
-1094 0 +1092 0 *
Ed
 1e-07 1 1 0
1  159 0 0 6.28318530717959
2  317 157 0 0 6.28318530717959
2  318 159 0 0 6.28318530717959
0

0101000
+1092 0 -1092 0 *
Wi

0101100
-1093 0 +1091 0 +1090 0 -1091 0 *
Fa
0  1e-07 157 0

0111000
+1089 0 *
Wi

0101100
+1093 0 *
Fa
0  1e-07 158 0

0111000
+1087 0 *
Wi

0101100
-1090 0 *
Fa
0  1e-07 159 0

0111000
-1085 0 *
Sh

0101100
+1088 0 +1086 0 -1084 0 *
So

0100000
+1083 0 *
Ve
1e-07
526.809945573061 904.018364168268 328.737786019053
0 0

0101101
*
Ed
 1e-07 1 1 0
1  160 0 0 6.28318530717959
2  319 160 0 0 6.28318530717959
2  320 161 0 0 6.28318530717959
0

0101000
+1081 0 -1081 0 *
Ve
1e-07
527.424545557874 904.172916636278 331.424159018209
0 0

0101101
*
Ed
 1e-07 1 1 0
1  161 0 0 2.76011222548915
3  321 322CN 160 0 0 2.76011222548915
0

0101000
-1081 0 +1079 0 *
Ed
 1e-07 1 1 0
1  162 0 0 6.28318530717959
2  323 160 0 0 6.28318530717959
2  324 162 0 0 6.28318530717959
0

0101000
+1079 0 -1079 0 *
Wi

0101100
-1080 0 +1078 0 +1077 0 -1078 0 *
Fa
0  1e-07 160 0

0111000
+1076 0 *
Wi

0101100
+1080 0 *
Fa
0  1e-07 161 0

0111000
+1074 0 *
Wi

0101100
-1077 0 *
Fa
0  1e-07 162 0

0111000
-1072 0 *
Sh

0101100
+1075 0 +1073 0 -1071 0 *
So

0100000
+1070 0 *
Ve
1e-07
526.07618067356 903.863811700257 326.299682526156
0 0

0101101
*
Ed
 1e-07 1 1 0
1  163 0 0 6.28318530717959
2  325 163 0 0 6.28318530717959
2  326 164 0 0 6.28318530717959
0

0101000
+1068 0 -1068 0 *
Ve
1e-07
526.875195472063 904.018364168268 328.986055525312
0 0

0101101
*
Ed
 1e-07 1 1 0
1  164 0 0 2.80693979347412
3  327 328CN 163 0 0 2.80693979347412
0

0101000
-1068 0 +1066 0 *
Ed
 1e-07 1 1 0
1  165 0 0 6.28318530717959
2  329 163 0 0 6.28318530717959
2  330 165 0 0 6.28318530717959
0

0101000
+1066 0 -1066 0 *
Wi

0101100
-1067 0 +1065 0 +1064 0 -1065 0 *
Fa
0  1e-07 163 0

0111000
+1063 0 *
Wi

0101100
+1067 0 *
Fa
0  1e-07 164 0

0111000
+1061 0 *
Wi

0101100
-1064 0 *
Fa
0  1e-07 165 0

0111000
-1059 0 *
Sh

0101100
+1062 0 +1060 0 -1058 0 *
So

0100000
+1057 0 *
Ve
1e-07
525.170538778047 903.709259232247 323.848030595599
0 0

0101101
*
Ed
 1e-07 1 1 0
1  166 0 0 6.28318530717959
2  331 166 0 0 6.28318530717959
2  332 167 0 0 6.28318530717959
0

0101000
+1055 0 -1055 0 *
Ve
1e-07
526.153968390239 903.863811700257 326.534403594755
0 0

0101101
*
Ed
 1e-07 1 1 0
1  167 0 0 2.86489444100466
3  333 334CN 166 0 0 2.86489444100466
0

0101000
-1055 0 +1053 0 *
Ed
 1e-07 1 1 0
1  168 0 0 6.28318530717959
2  335 166 0 0 6.28318530717959
2  336 168 0 0 6.28318530717959
0

0101000
+1053 0 -1053 0 *
Wi

0101100
-1054 0 +1052 0 +1051 0 -1052 0 *
Fa
0  1e-07 166 0

0111000
+1050 0 *
Wi

0101100
+1054 0 *
Fa
0  1e-07 167 0

0111000
+1048 0 *
Wi

0101100
-1051 0 *
Fa
0  1e-07 168 0

0111000
-1046 0 *
Sh

0101100
+1049 0 +1047 0 -1045 0 *
So

0100000
+1044 0 *
Ve
1e-07
524.090558332392 903.554706764237 321.381318238664
0 0

0101101
*
Ed
 1e-07 1 1 0
1  169 0 0 6.28318530717959
2  337 169 0 0 6.28318530717959
2  338 170 0 0 6.28318530717959
0

0101000
+1042 0 -1042 0 *
Ve
1e-07
525.258402758274 903.709259232247 324.06769123782
0 0

0101101
*
Ed
 1e-07 1 1 0
1  170 0 0 2.93331671645375
3  339 340CN 169 0 0 2.93331671645375
0

0101000
-1042 0 +1040 0 *
Ed
 1e-07 1 1 0
1  171 0 0 6.28318530717959
2  341 169 0 0 6.28318530717959
2  342 171 0 0 6.28318530717959
0

0101000
+1040 0 -1040 0 *
Wi

0101100
-1041 0 +1039 0 +1038 0 -1039 0 *
Fa
0  1e-07 169 0

0111000
+1037 0 *
Wi

0101100
+1041 0 *
Fa
0  1e-07 170 0

0111000
+1035 0 *
Wi

0101100
-1038 0 *
Fa
0  1e-07 171 0

0111000
-1033 0 *
Sh

0101100
+1036 0 +1034 0 -1032 0 *
So

0100000
+1031 0 *
Ve
1e-07
522.833782081669 903.400154296226 318.898707228078
0 0

0101101
*
Ed
 1e-07 1 1 0
1  172 0 0 6.28318530717959
2  343 172 0 0 6.28318530717959
2  344 173 0 0 6.28318530717959
0

0101000
+1029 0 -1029 0 *
Ve
1e-07
524.186041321241 903.554706764237 321.585080227234
0 0

0101101
*
Ed
 1e-07 1 1 0
1  173 0 0 3.01149321881522
3  345 346CN 172 0 0 3.01149321881522
0

0101000
-1029 0 +1027 0 *
Ed
 1e-07 1 1 0
1  174 0 0 6.28318530717959
2  347 172 0 0 6.28318530717959
2  348 174 0 0 6.28318530717959
0

0101000
+1027 0 -1027 0 *
Wi

0101100
-1028 0 +1026 0 +1025 0 -1026 0 *
Fa
0  1e-07 172 0

0111000
+1024 0 *
Wi

0101100
+1028 0 *
Fa
0  1e-07 173 0

0111000
+1022 0 *
Wi

0101100
-1025 0 *
Fa
0  1e-07 174 0

0111000
-1020 0 *
Sh

0101100
+1023 0 +1021 0 -1019 0 *
So

0100000
+1018 0 *
Ve
1e-07
521.3978977777 903.245601828216 316.39995113403
0 0

0101101
*
Ed
 1e-07 1 1 0
1  175 0 0 6.28318530717959
2  349 175 0 0 6.28318530717959
2  350 176 0 0 6.28318530717959
0

0101000
+1016 0 -1016 0 *
Ve
1e-07
522.934571830962 903.400154296226 319.086324133187
0 0

0101101
*
Ed
 1e-07 1 1 0
1  176 0 0 3.09868577011782
3  351 352CN 175 0 0 3.09868577011782
0

0101000
-1016 0 +1014 0 *
Ed
 1e-07 1 1 0
1  177 0 0 6.28318530717959
2  353 175 0 0 6.28318530717959
2  354 177 0 0 6.28318530717959
0

0101000
+1014 0 -1014 0 *
Wi

0101100
-1015 0 +1013 0 +1012 0 -1013 0 *
Fa
0  1e-07 175 0

0111000
+1011 0 *
Wi

0101100
+1015 0 *
Fa
0  1e-07 176 0

0111000
+1009 0 *
Wi

0101100
-1012 0 *
Fa
0  1e-07 177 0

0111000
-1007 0 *
Sh

0101100
+1010 0 +1008 0 -1006 0 *
So

0100000
+1005 0 *
Ve
1e-07
519.780833407878 903.091049360206 313.885284541263
0 0

0101101
*
Ed
 1e-07 1 1 0
1  178 0 0 6.28318530717959
2  355 178 0 0 6.28318530717959
2  356 179 0 0 6.28318530717959
0

0101000
+1003 0 -1003 0 *
Ve
1e-07
521.501922274829 903.245601828216 316.571657540419
0 0

0101101
*
Ed
 1e-07 1 1 0
1  179 0 0 3.19415610825562
3  357 358CN 178 0 0 3.19415610825562
0

0101000
-1003 0 +1001 0 *
Ed
 1e-07 1 1 0
1  180 0 0 6.28318530717959
2  359 178 0 0 6.28318530717959
2  360 180 0 0 6.28318530717959
0

0101000
+1001 0 -1001 0 *
Wi

0101100
-1002 0 +1000 0 +999 0 -1000 0 *
Fa
0  1e-07 178 0

0111000
+998 0 *
Wi

0101100
+1002 0 *
Fa
0  1e-07 179 0

0111000
+996 0 *
Wi

0101100
-999 0 *
Fa
0  1e-07 180 0

0111000
-994 0 *
Sh

0101100
+997 0 +995 0 -993 0 *
So

0100000
+992 0 *
Ve
1e-07
517.980808876162 902.936496892196 311.355303931835
0 0

0101101
*
Ed
 1e-07 1 1 0
1  181 0 0 6.28318530717959
2  361 181 0 0 6.28318530717959
2  362 182 0 0 6.28318530717959
0

0101000
+990 0 -990 0 *
Ve
1e-07
519.886312556804 903.091049360206 314.041676930991
0 0

0101101
*
Ed
 1e-07 1 1 0
1  182 0 0 3.29718525911115
3  363 364CN 181 0 0 3.29718525911115
0

0101000
-990 0 +988 0 *
Ed
 1e-07 1 1 0
1  183 0 0 6.28318530717959
2  365 181 0 0 6.28318530717959
2  366 183 0 0 6.28318530717959
0

0101000
+988 0 -988 0 *
Wi

0101100
-989 0 +987 0 +986 0 -987 0 *
Fa
0  1e-07 181 0

0111000
+985 0 *
Wi

0101100
+989 0 *
Fa
0  1e-07 182 0

0111000
+983 0 *
Wi

0101100
-986 0 *
Fa
0  1e-07 183 0

0111000
-981 0 *
Sh

0101100
+984 0 +982 0 -980 0 *
So

0100000
+979 0 *
Ve
1e-07
515.996351797592 902.781944424185 308.810855199649
0 0

0101101
*
Ed
 1e-07 1 1 0
1  184 0 0 6.28318530717959
2  367 184 0 0 6.28318530717959
2  368 185 0 0 6.28318530717959
0

0101000
+977 0 -977 0 *
Ve
1e-07
518.086270291923 902.936496892196 311.497228198806
0 0

0101101
*
Ed
 1e-07 1 1 0
1  185 0 0 3.40708756402157
3  369 370CN 184 0 0 3.40708756402157
0

0101000
-977 0 +975 0 *
Ed
 1e-07 1 1 0
1  186 0 0 6.28318530717959
2  371 184 0 0 6.28318530717959
2  372 186 0 0 6.28318530717959
0

0101000
+975 0 -975 0 *
Wi

0101100
-976 0 +974 0 +973 0 -974 0 *
Fa
0  1e-07 184 0

0111000
+972 0 *
Wi

0101100
+976 0 *
Fa
0  1e-07 185 0

0111000
+970 0 *
Wi

0101100
-973 0 *
Fa
0  1e-07 186 0

0111000
-968 0 *
Sh

0101100
+971 0 +969 0 -967 0 *
So

0100000
+966 0 *
Ve
1e-07
513.826287305012 902.627391956175 306.252936661126
0 0

0101101
*
Ed
 1e-07 1 1 0
1  187 0 0 6.28318530717959
2  373 187 0 0 6.28318530717959
2  374 188 0 0 6.28318530717959
0

0101000
+964 0 -964 0 *
Ve
1e-07
516.100620613033 902.781944424185 308.939309660282
0 0

0101101
*
Ed
 1e-07 1 1 0
1  188 0 0 3.52321988413094
3  375 376CN 187 0 0 3.52321988413094
0

0101000
-964 0 +962 0 *
Ed
 1e-07 1 1 0
1  189 0 0 6.28318530717959
2  377 187 0 0 6.28318530717959
2  378 189 0 0 6.28318530717959
0

0101000
+962 0 -962 0 *
Wi

0101100
-963 0 +961 0 +960 0 -961 0 *
Fa
0  1e-07 187 0

0111000
+959 0 *
Wi

0101100
+963 0 *
Fa
0  1e-07 188 0

0111000
+957 0 *
Wi

0101100
-960 0 *
Fa
0  1e-07 189 0

0111000
-955 0 *
Sh

0101100
+958 0 +956 0 -954 0 *
So

0100000
+953 0 *
Ve
1e-07
511.469711478068 902.472839488165 303.682621254378
0 0

0101101
*
Ed
 1e-07 1 1 0
1  190 0 0 6.28318530717959
2  379 190 0 0 6.28318530717959
2  380 191 0 0 6.28318530717959
0

0101000
+951 0 -951 0 *
Ve
1e-07
513.928459599778 902.627391956175 306.368994253534
0 0

0101101
*
Ed
 1e-07 1 1 0
1  191 0 0 3.64498678762744
3  381 382CN 190 0 0 3.64498678762744
0

0101000
-951 0 +949 0 *
Ed
 1e-07 1 1 0
1  192 0 0 6.28318530717959
2  383 190 0 0 6.28318530717959
2  384 192 0 0 6.28318530717959
0

0101000
+949 0 -949 0 *
Wi

0101100
-950 0 +948 0 +947 0 -948 0 *
Fa
0  1e-07 190 0

0111000
+946 0 *
Wi

0101100
+950 0 *
Fa
0  1e-07 191 0

0111000
+944 0 *
Wi

0101100
-947 0 *
Fa
0  1e-07 192 0

0111000
-942 0 *
Sh

0101100
+945 0 +943 0 -941 0 *
So

0100000
+940 0 *
Ve
1e-07
508.925956335609 902.318287020154 301.100997983584
0 0

0101101
*
Ed
 1e-07 1 1 0
1  193 0 0 6.28318530717959
2  385 193 0 0 6.28318530717959
2  386 194 0 0 6.28318530717959
0

0101000
+938 0 -938 0 *
Ve
1e-07
511.569119271009 902.472839488165 303.78737098274
0 0

0101101
*
Ed
 1e-07 1 1 0
1  194 0 0 3.77184260793549
3  387 388CN 193 0 0 3.77184260793549
0

0101000
-938 0 +936 0 *
Ed
 1e-07 1 1 0
1  195 0 0 6.28318530717959
2  389 193 0 0 6.28318530717959
2  390 195 0 0 6.28318530717959
0

0101000
+936 0 -936 0 *
Wi

0101100
-937 0 +935 0 +934 0 -935 0 *
Fa
0  1e-07 193 0

0111000
+933 0 *
Wi

0101100
+937 0 *
Fa
0  1e-07 194 0

0111000
+931 0 *
Wi

0101100
-934 0 *
Fa
0  1e-07 195 0

0111000
-929 0 *
Sh

0101100
+932 0 +930 0 -928 0 *
So

0100000
+927 0 *
Ve
1e-07
511.704735643205 902.163734552144 292.709313434008
0 0

0101101
*
Ed
 1e-07 1 1 0
1  196 0 0 6.28318530717959
2  391 196 0 0 6.28318530717959
2  392 197 0 0 6.28318530717959
0

0101000
+925 0 -925 0 *
Ve
1e-07
514.532313392295 902.318287020154 295.395686433164
0 0

0101101
*
Ed
 1e-07 1 1 0
1  197 0 0 3.9032912116716
3  393 394CN 196 0 0 3.9032912116716
0

0101000
-925 0 +923 0 *
Ed
 1e-07 1 1 0
1  198 0 0 6.28318530717959
2  395 196 0 0 6.28318530717959
2  396 198 0 0 6.28318530717959
0

0101000
+923 0 -923 0 *
Wi

0101100
-924 0 +922 0 +921 0 -922 0 *
Fa
0  1e-07 196 0

0111000
+920 0 *
Wi

0101100
+924 0 *
Fa
0  1e-07 197 0

0111000
+918 0 *
Wi

0101100
-921 0 *
Fa
0  1e-07 198 0

0111000
-916 0 *
Sh

0101100
+919 0 +917 0 -915 0 *
So

0100000
+914 0 *
Ve
1e-07
508.600111441939 902.009182084134 289.937667868517
0 0

0101101
*
Ed
 1e-07 1 1 0
1  199 0 0 6.28318530717959
2  397 199 0 0 6.28318530717959
2  398 200 0 0 6.28318530717959
0

0101000
+912 0 -912 0 *
Ve
1e-07
511.61210400472 902.163734552144 292.624040867673
0 0

0101101
*
Ed
 1e-07 1 1 0
1  200 0 0 4.03888419668181
3  399 400CN 199 0 0 4.03888419668181
0

0101000
-912 0 +910 0 *
Ed
 1e-07 1 1 0
1  201 0 0 6.28318530717959
2  401 199 0 0 6.28318530717959
2  402 201 0 0 6.28318530717959
0

0101000
+910 0 -910 0 *
Wi

0101100
-911 0 +909 0 +908 0 -909 0 *
Fa
0  1e-07 199 0

0111000
+907 0 *
Wi

0101100
+911 0 *
Fa
0  1e-07 200 0

0111000
+905 0 *
Wi

0101100
-908 0 *
Fa
0  1e-07 201 0

0111000
-903 0 *
Sh

0101100
+906 0 +904 0 -902 0 *
So

0100000
+901 0 *
Ve
1e-07
505.31479343374 901.854629616123 287.174312826818
0 0

0101101
*
Ed
 1e-07 1 1 0
1  202 0 0 6.28318530717959
2  403 202 0 0 6.28318530717959
2  404 203 0 0 6.28318530717959
0

0101000
+899 0 -899 0 *
Ve
1e-07
508.511200810209 902.009182084134 289.860685825974
0 0

0101101
*
Ed
 1e-07 1 1 0
1  203 0 0 4.17821809774384
3  405 406CN 202 0 0 4.17821809774384
0

0101000
-899 0 +897 0 *
Ed
 1e-07 1 1 0
1  204 0 0 6.28318530717959
2  407 202 0 0 6.28318530717959
2  408 204 0 0 6.28318530717959
0

0101000
+897 0 -897 0 *
Wi

0101100
-898 0 +896 0 +895 0 -896 0 *
Fa
0  1e-07 202 0

0111000
+894 0 *
Wi

0101100
+898 0 *
Fa
0  1e-07 203 0

0111000
+892 0 *
Wi

0101100
-895 0 *
Fa
0  1e-07 204 0

0111000
-890 0 *
Sh

0101100
+893 0 +891 0 -889 0 *
So

0100000
+888 0 *
Ve
1e-07
501.848860571737 901.700077148113 284.418382623915
0 0

0101101
*
Ed
 1e-07 1 1 0
1  205 0 0 6.28318530717959
2  409 205 0 0 6.28318530717959
2  410 206 0 0 6.28318530717959
0

0101000
+886 0 -886 0 *
Ve
1e-07
505.229682761896 901.854629616123 287.104755623071
0 0

0101101
*
Ed
 1e-07 1 1 0
1  206 0 0 4.32093103826468
3  411 412CN 205 0 0 4.32093103826468
0

0101000
-886 0 +884 0 *
Ed
 1e-07 1 1 0
1  207 0 0 6.28318530717959
2  413 205 0 0 6.28318530717959
2  414 207 0 0 6.28318530717959
0

0101000
+884 0 -884 0 *
Wi

0101100
-885 0 +883 0 +882 0 -883 0 *
Fa
0  1e-07 205 0

0111000
+881 0 *
Wi

0101100
+885 0 *
Fa
0  1e-07 206 0

0111000
+879 0 *
Wi

0101100
-882 0 *
Fa
0  1e-07 207 0

0111000
-877 0 *
Sh

0101100
+880 0 +878 0 -876 0 *
So

0100000
+875 0 *
Ve
1e-07
498.202315841855 901.545524680103 281.669090715195
0 0

0101101
*
Ed
 1e-07 1 1 0
1  208 0 0 6.28318530717959
2  415 208 0 0 6.28318530717959
2  416 209 0 0 6.28318530717959
0

0101000
+873 0 -873 0 *
Ve
1e-07
501.767552845704 901.700077148113 284.355463714351
0 0

0101101
*
Ed
 1e-07 1 1 0
1  209 0 0 4.46669914473546
3  417 418CN 208 0 0 4.46669914473546
0

0101000
-873 0 +871 0 *
Ed
 1e-07 1 1 0
1  210 0 0 6.28318530717959
2  419 208 0 0 6.28318530717959
2  420 210 0 0 6.28318530717959
0

0101000
+871 0 -871 0 *
Wi

0101100
-872 0 +870 0 +869 0 -870 0 *
Fa
0  1e-07 208 0

0111000
+868 0 *
Wi

0101100
+872 0 *
Fa
0  1e-07 209 0

0111000
+866 0 *
Wi

0101100
-869 0 *
Fa
0  1e-07 210 0

0111000
-864 0 *
Sh

0101100
+867 0 +865 0 -863 0 *
So

0100000
+862 0 *
Ve
1e-07
494.3751059896 901.390972212093 278.925728236766
0 0

0101101
*
Ed
 1e-07 1 1 0
1  211 0 0 6.28318530717959
2  421 211 0 0 6.28318530717959
2  422 212 0 0 6.28318530717959
0

0101000
+860 0 -860 0 *
Ve
1e-07
498.124757807139 901.545524680103 281.612101235922
0 0

0101101
*
Ed
 1e-07 1 1 0
1  212 0 0 4.61523294198011
3  423 424CN 211 0 0 4.61523294198011
0

0101000
-860 0 +858 0 *
Ed
 1e-07 1 1 0
1  213 0 0 6.28318530717959
2  425 211 0 0 6.28318530717959
2  426 213 0 0 6.28318530717959
0

0101000
+858 0 -858 0 *
Wi

0101100
-859 0 +857 0 +856 0 -857 0 *
Fa
0  1e-07 211 0

0111000
+855 0 *
Wi

0101100
+859 0 *
Fa
0  1e-07 212 0

0111000
+853 0 *
Wi

0101100
-856 0 *
Fa
0  1e-07 213 0

0111000
-851 0 *
Sh

0101100
+854 0 +852 0 -850 0 *
So

0100000
+849 0 *
Ve
1e-07
490.367137331902 901.236419744082 276.187660153793
0 0

0101101
*
Ed
 1e-07 1 1 0
1  214 0 0 6.28318530717959
2  427 214 0 0 6.28318530717959
2  428 215 0 0 6.28318530717959
0

0101000
+847 0 -847 0 *
Ve
1e-07
494.301203963131 901.390972212093 278.874033152949
0 0

0101101
*
Ed
 1e-07 1 1 0
1  215 0 0 4.7662738711612
3  429 430CN 214 0 0 4.7662738711612
0

0101000
-847 0 +845 0 *
Ed
 1e-07 1 1 0
1  216 0 0 6.28318530717959
2  431 214 0 0 6.28318530717959
2  432 216 0 0 6.28318530717959
0

0101000
+845 0 -845 0 *
Wi

0101100
-846 0 +844 0 +843 0 -844 0 *
Fa
0  1e-07 214 0

0111000
+842 0 *
Wi

0101100
+846 0 *
Fa
0  1e-07 215 0

0111000
+840 0 *
Wi

0101100
-843 0 *
Fa
0  1e-07 216 0

0111000
-838 0 *
Sh

0101100
+841 0 +839 0 -837 0 *
So

0100000
+836 0 *
Ve
1e-07
486.178288209637 901.081867276072 273.454320046273
0 0

0101101
*
Ed
 1e-07 1 1 0
1  217 0 0 6.28318530717959
2  433 217 0 0 6.28318530717959
2  434 218 0 0 6.28318530717959
0

0101000
+834 0 -834 0 *
Ve
1e-07
490.296769654556 901.236419744082 276.140693045429
0 0

0101101
*
Ed
 1e-07 1 1 0
1  218 0 0 4.9195910163452
3  435 436CN 217 0 0 4.9195910163452
0

0101000
-834 0 +832 0 *
Ed
 1e-07 1 1 0
1  219 0 0 6.28318530717959
2  437 217 0 0 6.28318530717959
2  438 219 0 0 6.28318530717959
0

0101000
+832 0 -832 0 *
Wi

0101100
-833 0 +831 0 +830 0 -831 0 *
Fa
0  1e-07 217 0

0111000
+829 0 *
Wi

0101100
+833 0 *
Fa
0  1e-07 218 0

0111000
+827 0 *
Wi

0101100
-830 0 *
Fa
0  1e-07 219 0

0111000
-825 0 *
Sh

0101100
+828 0 +826 0 -824 0 *
So

0100000
+823 0 *
Ve
1e-07
481.808418641276 900.927314808062 270.725204248856
0 0

0101101
*
Ed
 1e-07 1 1 0
1  220 0 0 6.28318530717959
2  439 220 0 0 6.28318530717959
2  440 221 0 0 6.28318530717959
0

0101000
+821 0 -821 0 *
Ve
1e-07
486.111314899885 901.081867276072 273.411577248012
0 0

0101101
*
Ed
 1e-07 1 1 0
1  221 0 0 5.07497808550071
3  441 442CN 220 0 0 5.07497808550071
0

0101000
-821 0 +819 0 *
Ed
 1e-07 1 1 0
1  222 0 0 6.28318530717959
2  443 220 0 0 6.28318530717959
2  444 222 0 0 6.28318530717959
0

0101000
+819 0 -819 0 *
Wi

0101100
-820 0 +818 0 +817 0 -818 0 *
Fa
0  1e-07 220 0

0111000
+816 0 *
Wi

0101100
+820 0 *
Fa
0  1e-07 221 0

0111000
+814 0 *
Wi

0101100
-817 0 *
Fa
0  1e-07 222 0

0111000
-812 0 *
Sh

0101100
+815 0 +813 0 -811 0 *
So

0100000
+810 0 *
Ve
1e-07
477.257377695538 900.772762340052 267.999865824575
0 0

0101101
*
Ed
 1e-07 1 1 0
1  223 0 0 6.28318530717959
2  445 223 0 0 6.28318530717959
2  446 224 0 0 6.28318530717959
0

0101000
+808 0 -808 0 *
Ve
1e-07
481.744688767836 900.927314808062 270.686238823731
0 0

0101101
*
Ed
 1e-07 1 1 0
1  224 0 0 5.23225066444032
3  447 448CN 223 0 0 5.23225066444032
0

0101000
-808 0 +806 0 *
Ed
 1e-07 1 1 0
1  225 0 0 6.28318530717959
2  449 223 0 0 6.28318530717959
2  450 225 0 0 6.28318530717959
0

0101000
+806 0 -806 0 *
Wi

0101100
-807 0 +805 0 +804 0 -805 0 *
Fa
0  1e-07 223 0

0111000
+803 0 *
Wi

0101100
+807 0 *
Fa
0  1e-07 224 0

0111000
+801 0 *
Wi

0101100
-804 0 *
Fa
0  1e-07 225 0

0111000
-799 0 *
Sh

0101100
+802 0 +800 0 -798 0 *
So

0100000
+797 0 *
Ve
1e-07
472.525009036908 900.618209872041 265.277908679352
0 0

0101101
*
Ed
 1e-07 1 1 0
1  226 0 0 6.28318530717959
2  451 226 0 0 6.28318530717959
2  452 227 0 0 6.28318530717959
0

0101000
+795 0 -795 0 *
Ve
1e-07
477.196734922896 900.772762340051 267.964281678508
0 0

0101101
*
Ed
 1e-07 1 1 0
1  227 0 0 5.39124374423718
3  453 454CN 226 0 0 5.39124374423718
0

0101000
-795 0 +793 0 *
Ed
 1e-07 1 1 0
1  228 0 0 6.28318530717959
2  455 226 0 0 6.28318530717959
2  456 228 0 0 6.28318530717959
0

0101000
+793 0 -793 0 *
Wi

0101100
-794 0 +792 0 +791 0 -792 0 *
Fa
0  1e-07 226 0

0111000
+790 0 *
Wi

0101100
+794 0 *
Fa
0  1e-07 227 0

0111000
+788 0 *
Wi

0101100
-791 0 *
Fa
0  1e-07 228 0

0111000
-786 0 *
Sh

0101100
+789 0 +787 0 -785 0 *
So

0100000
+784 0 *
Ve
1e-07
467.61115502788 900.463657404031 262.55898200135
0 0

0101101
*
Ed
 1e-07 1 1 0
1  229 0 0 6.28318530717959
2  457 229 0 0 6.28318530717959
2  458 230 0 0 6.28318530717959
0

0101000
+782 0 -782 0 *
Ve
1e-07
472.467295727558 900.618209872041 265.245355000506
0 0

0101101
*
Ed
 1e-07 1 1 0
1  230 0 0 5.55180951141466
3  459 460CN 229 0 0 5.55180951141466
0

0101000
-782 0 +780 0 *
Ed
 1e-07 1 1 0
1  231 0 0 6.28318530717959
2  461 229 0 0 6.28318530717959
2  462 231 0 0 6.28318530717959
0

0101000
+780 0 -780 0 *
Wi

0101100
-781 0 +779 0 +778 0 -779 0 *
Fa
0  1e-07 229 0

0111000
+777 0 *
Wi

0101100
+781 0 *
Fa
0  1e-07 230 0

0111000
+775 0 *
Wi

0101100
-778 0 *
Fa
0  1e-07 231 0

0111000
-773 0 *
Sh

0101100
+776 0 +774 0 -772 0 *
So

0100000
+771 0 *
Ve
1e-07
462.515659704539 900.309104936021 259.842775124658
0 0

0101101
*
Ed
 1e-07 1 1 0
1  232 0 0 6.28318530717959
2  463 232 0 0 6.28318530717959
2  464 233 0 0 6.28318530717959
0

0101000
+769 0 -769 0 *
Ve
1e-07
467.556215217907 900.463657404031 262.529148123814
0 0

0101101
*
Ed
 1e-07 1 1 0
1  233 0 0 5.71381538372629
3  465 466CN 232 0 0 5.71381538372629
0

0101000
-769 0 +767 0 *
Ed
 1e-07 1 1 0
1  234 0 0 6.28318530717959
2  467 232 0 0 6.28318530717959
2  468 234 0 0 6.28318530717959
0

0101000
+767 0 -767 0 *
Wi

0101100
-768 0 +766 0 +765 0 -766 0 *
Fa
0  1e-07 232 0

0111000
+764 0 *
Wi

0101100
+768 0 *
Fa
0  1e-07 233 0

0111000
+762 0 *
Wi

0101100
-765 0 *
Fa
0  1e-07 234 0

0111000
-760 0 *
Sh

0101100
+763 0 +761 0 -759 0 *
So

0100000
+758 0 *
Ve
1e-07
457.238370881839 900.15455246801 257.129012860108
0 0

0101101
*
Ed
 1e-07 1 1 0
1  235 0 0 6.28318530717959
2  469 235 0 0 6.28318530717959
2  470 236 0 0 6.28318530717959
0

0101000
+756 0 -756 0 *
Ve
1e-07
462.463341208896 900.309104936021 259.815385859264
0 0

0101101
*
Ed
 1e-07 1 1 0
1  236 0 0 5.87714227108702
3  471 472CN 235 0 0 5.87714227108702
0

0101000
-756 0 +754 0 *
Ed
 1e-07 1 1 0
1  237 0 0 6.28318530717959
2  473 235 0 0 6.28318530717959
2  474 237 0 0 6.28318530717959
0

0101000
+754 0 -754 0 *
Wi

0101100
-755 0 +753 0 +752 0 -753 0 *
Fa
0  1e-07 235 0

0111000
+751 0 *
Wi

0101100
+755 0 *
Fa
0  1e-07 236 0

0111000
+749 0 *
Wi

0101100
-752 0 *
Fa
0  1e-07 237 0

0111000
-747 0 *
Sh

0101100
+750 0 +748 0 -746 0 *
So

0100000
+745 0 *
Ve
1e-07
451.779141593141 900 254.417451299486
0 0

0101101
*
Ed
 1e-07 1 1 0
1  238 0 0 6.28318530717959
2  475 238 0 0 6.28318530717959
2  476 239 0 0 6.28318530717959
0

0101000
+743 0 -743 0 *
Ve
1e-07
457.188526733889 900.15455246801 257.103824298642
0 0

0101101
*
Ed
 1e-07 1 1 0
1  239 0 0 6.0416830400894
3  477 478CN 238 0 0 6.0416830400894
0

0101000
-743 0 +741 0 *
Ed
 1e-07 1 1 0
1  240 0 0 6.28318530717959
2  479 238 0 0 6.28318530717959
2  480 240 0 0 6.28318530717959
0

0101000
+741 0 -741 0 *
Wi

0101100
-742 0 +740 0 +739 0 -740 0 *
Fa
0  1e-07 238 0

0111000
+738 0 *
Wi

0101100
+742 0 *
Fa
0  1e-07 239 0

0111000
+736 0 *
Wi

0101100
-739 0 *
Fa
0  1e-07 240 0

0111000
-734 0 *
Sh

0101100
+737 0 +735 0 -733 0 *
So

0100000
+732 0 *
Ve
1e-07
300 912.364197440823 476.90983993249
0 0

0101101
*
Ed
 1e-07 1 1 1
2  481 241 0 0 6.28318530717959
0

0101000
+730 0 -730 0 *
Ve
1e-07
300 912.364197440823 468.90983993249
0 0

0101101
*
Ed
 1e-07 1 1 0
1  241 0 4.71238898038469 7.85398163397448
3  482 483CN 241 0 4.71238898038469 7.85398163397448
0

0101000
-730 0 +728 0 *
Ed
 1e-07 1 1 1
2  484 241 0 0 6.28318530717959
0

0101000
+728 0 -728 0 *
Wi

0101100
-729 0 +727 0 +726 0 -727 0 *
Fa
0  1e-07 241 0

0111000
+725 0 *
Sh

0101100
+724 0 *
So

0100000
+723 0 *
Ve
1e-07
309.159385140748 912.209644972813 474.223466933334
0 0

0101101
*
Ed
 1e-07 1 1 1
2  485 242 0 0 6.28318530717959
0

0101000
+721 0 -721 0 *
Ve
1e-07
309.159385140748 912.209644972813 466.223466933334
0 0

0101101
*
Ed
 1e-07 1 1 0
1  242 0 4.71238898038469 7.85398163397448
3  486 487CN 242 0 4.71238898038469 7.85398163397448
0

0101000
-721 0 +719 0 *
Ed
 1e-07 1 1 1
2  488 242 0 0 6.28318530717959
0

0101000
+719 0 -719 0 *
Wi

0101100
-720 0 +718 0 +717 0 -718 0 *
Fa
0  1e-07 242 0

0111000
+716 0 *
Sh

0101100
+715 0 *
So

0100000
+714 0 *
Ve
1e-07
318.134355467805 912.055092504803 471.537093934178
0 0

0101101
*
Ed
 1e-07 1 1 1
2  489 243 0 0 6.28318530717959
0

0101000
+712 0 -712 0 *
Ve
1e-07
318.134355467805 912.055092504803 463.537093934178
0 0

0101101
*
Ed
 1e-07 1 1 0
1  243 0 4.71238898038469 7.85398163397448
3  490 491CN 243 0 4.71238898038469 7.85398163397448
0

0101000
-712 0 +710 0 *
Ed
 1e-07 1 1 1
2  492 243 0 0 6.28318530717959
0

0101000
+710 0 -710 0 *
Wi

0101100
-711 0 +709 0 +708 0 -709 0 *
Fa
0  1e-07 243 0

0111000
+707 0 *
Sh

0101100
+706 0 *
So

0100000
+705 0 *
Ve
1e-07
326.924910981173 911.900540036793 468.850720935022
0 0

0101101
*
Ed
 1e-07 1 1 1
2  493 244 0 0 6.28318530717959
0

0101000
+703 0 -703 0 *
Ve
1e-07
326.924910981173 911.900540036793 460.850720935022
0 0

0101101
*
Ed
 1e-07 1 1 0
1  244 0 4.71238898038469 7.85398163397448
3  494 495CN 244 0 4.71238898038469 7.85398163397448
0

0101000
-703 0 +701 0 *
Ed
 1e-07 1 1 1
2  496 244 0 0 6.28318530717959
0

0101000
+701 0 -701 0 *
Wi

0101100
-702 0 +700 0 +699 0 -700 0 *
Fa
0  1e-07 244 0

0111000
+698 0 *
Sh

0101100
+697 0 *
So

0100000
+696 0 *
Ve
1e-07
335.531051680852 911.745987568782 466.164347935866
0 0

0101101
*
Ed
 1e-07 1 1 1
2  497 245 0 0 6.28318530717959
0

0101000
+694 0 -694 0 *
Ve
1e-07
335.531051680852 911.745987568782 458.164347935866
0 0

0101101
*
Ed
 1e-07 1 1 0
1  245 0 4.71238898038469 7.85398163397448
3  498 499CN 245 0 4.71238898038469 7.85398163397448
0

0101000
-694 0 +692 0 *
Ed
 1e-07 1 1 1
2  500 245 0 0 6.28318530717959
0

0101000
+692 0 -692 0 *
Wi

0101100
-693 0 +691 0 +690 0 -691 0 *
Fa
0  1e-07 245 0

0111000
+689 0 *
Sh

0101100
+688 0 *
So

0100000
+687 0 *
Ve
1e-07
343.95277756684 911.591435100772 463.47797493671
0 0

0101101
*
Ed
 1e-07 1 1 1
2  501 246 0 0 6.28318530717959
0

0101000
+685 0 -685 0 *
Ve
1e-07
343.95277756684 911.591435100772 455.47797493671
0 0

0101101
*
Ed
 1e-07 1 1 0
1  246 0 4.71238898038469 7.85398163397448
3  502 503CN 246 0 4.71238898038469 7.85398163397448
0

0101000
-685 0 +683 0 *
Ed
 1e-07 1 1 1
2  504 246 0 0 6.28318530717959
0

0101000
+683 0 -683 0 *
Wi

0101100
-684 0 +682 0 +681 0 -682 0 *
Fa
0  1e-07 246 0

0111000
+680 0 *
Sh

0101100
+679 0 *
So

0100000
+678 0 *
Ve
1e-07
352.190088639138 911.436882632762 460.791601937553
0 0

0101101
*
Ed
 1e-07 1 1 1
2  505 247 0 0 6.28318530717959
0

0101000
+676 0 -676 0 *
Ve
1e-07
352.190088639138 911.436882632762 452.791601937553
0 0

0101101
*
Ed
 1e-07 1 1 0
1  247 0 4.71238898038469 7.85398163397448
3  506 507CN 247 0 4.71238898038469 7.85398163397448
0

0101000
-676 0 +674 0 *
Ed
 1e-07 1 1 1
2  508 247 0 0 6.28318530717959
0

0101000
+674 0 -674 0 *
Wi

0101100
-675 0 +673 0 +672 0 -673 0 *
Fa
0  1e-07 247 0

0111000
+671 0 *
Sh

0101100
+670 0 *
So

0100000
+669 0 *
Ve
1e-07
360.242984897747 911.282330164751 458.105228938397
0 0

0101101
*
Ed
 1e-07 1 1 1
2  509 248 0 0 6.28318530717959
0

0101000
+667 0 -667 0 *
Ve
1e-07
360.242984897747 911.282330164751 450.105228938397
0 0

0101101
*
Ed
 1e-07 1 1 0
1  248 0 4.71238898038469 7.85398163397448
3  510 511CN 248 0 4.71238898038469 7.85398163397448
0

0101000
-667 0 +665 0 *
Ed
 1e-07 1 1 1
2  512 248 0 0 6.28318530717959
0

0101000
+665 0 -665 0 *
Wi

0101100
-666 0 +664 0 +663 0 -664 0 *
Fa
0  1e-07 248 0

0111000
+662 0 *
Sh

0101100
+661 0 *
So

0100000
+660 0 *
Ve
1e-07
368.111466342666 911.127777696741 455.418855939241
0 0

0101101
*
Ed
 1e-07 1 1 1
2  513 249 0 0 6.28318530717959
0

0101000
+658 0 -658 0 *
Ve
1e-07
368.111466342666 911.127777696741 447.418855939241
0 0

0101101
*
Ed
 1e-07 1 1 0
1  249 0 4.71238898038469 7.85398163397448
3  514 515CN 249 0 4.71238898038469 7.85398163397448
0

0101000
-658 0 +656 0 *
Ed
 1e-07 1 1 1
2  516 249 0 0 6.28318530717959
0

0101000
+656 0 -656 0 *
Wi

0101100
-657 0 +655 0 +654 0 -655 0 *
Fa
0  1e-07 249 0

0111000
+653 0 *
Sh

0101100
+652 0 *
So

0100000
+651 0 *
Ve
1e-07
375.795532973895 910.973225228731 452.732482940085
0 0

0101101
*
Ed
 1e-07 1 1 1
2  517 250 0 0 6.28318530717959
0

0101000
+649 0 -649 0 *
Ve
1e-07
375.795532973895 910.973225228731 444.732482940085
0 0

0101101
*
Ed
 1e-07 1 1 0
1  250 0 4.71238898038469 7.85398163397448
3  518 519CN 250 0 4.71238898038469 7.85398163397448
0

0101000
-649 0 +647 0 *
Ed
 1e-07 1 1 1
2  520 250 0 0 6.28318530717959
0

0101000
+647 0 -647 0 *
Wi

0101100
-648 0 +646 0 +645 0 -646 0 *
Fa
0  1e-07 250 0

0111000
+644 0 *
Sh

0101100
+643 0 *
So

0100000
+642 0 *
Ve
1e-07
383.295184791434 910.81867276072 450.046109940929
0 0

0101101
*
Ed
 1e-07 1 1 1
2  521 251 0 0 6.28318530717959
0

0101000
+640 0 -640 0 *
Ve
1e-07
383.295184791434 910.81867276072 442.046109940929
0 0

0101101
*
Ed
 1e-07 1 1 0
1  251 0 4.71238898038469 7.85398163397448
3  522 523CN 251 0 4.71238898038469 7.85398163397448
0

0101000
-640 0 +638 0 *
Ed
 1e-07 1 1 1
2  524 251 0 0 6.28318530717959
0

0101000
+638 0 -638 0 *
Wi

0101100
-639 0 +637 0 +636 0 -637 0 *
Fa
0  1e-07 251 0

0111000
+635 0 *
Sh

0101100
+634 0 *
So

0100000
+633 0 *
Ve
1e-07
390.610421795284 910.66412029271 447.359736941773
0 0

0101101
*
Ed
 1e-07 1 1 1
2  525 252 0 0 6.28318530717959
0

0101000
+631 0 -631 0 *
Ve
1e-07
390.610421795284 910.66412029271 439.359736941773
0 0

0101101
*
Ed
 1e-07 1 1 0
1  252 0 4.71238898038469 7.85398163397448
3  526 527CN 252 0 4.71238898038469 7.85398163397448
0

0101000
-631 0 +629 0 *
Ed
 1e-07 1 1 1
2  528 252 0 0 6.28318530717959
0

0101000
+629 0 -629 0 *
Wi

0101100
-630 0 +628 0 +627 0 -628 0 *
Fa
0  1e-07 252 0

0111000
+626 0 *
Sh

0101100
+625 0 *
So

0100000
+624 0 *
Ve
1e-07
397.741243985444 910.5095678247 444.673363942617
0 0

0101101
*
Ed
 1e-07 1 1 1
2  529 253 0 0 6.28318530717959
0

0101000
+622 0 -622 0 *
Ve
1e-07
397.741243985444 910.5095678247 436.673363942617
0 0

0101101
*
Ed
 1e-07 1 1 0
1  253 0 4.71238898038469 7.85398163397448
3  530 531CN 253 0 4.71238898038469 7.85398163397448
0

0101000
-622 0 +620 0 *
Ed
 1e-07 1 1 1
2  532 253 0 0 6.28318530717959
0

0101000
+620 0 -620 0 *
Wi

0101100
-621 0 +619 0 +618 0 -619 0 *
Fa
0  1e-07 253 0

0111000
+617 0 *
Sh

0101100
+616 0 *
So

0100000
+615 0 *
Ve
1e-07
404.687651361913 910.35501535669 441.986990943461
0 0

0101101
*
Ed
 1e-07 1 1 1
2  533 254 0 0 6.28318530717959
0

0101000
+613 0 -613 0 *
Ve
1e-07
404.687651361913 910.35501535669 433.986990943461
0 0

0101101
*
Ed
 1e-07 1 1 0
1  254 0 4.71238898038469 7.85398163397448
3  534 535CN 254 0 4.71238898038469 7.85398163397448
0

0101000
-613 0 +611 0 *
Ed
 1e-07 1 1 1
2  536 254 0 0 6.28318530717959
0

0101000
+611 0 -611 0 *
Wi

0101100
-612 0 +610 0 +609 0 -610 0 *
Fa
0  1e-07 254 0

0111000
+608 0 *
Sh

0101100
+607 0 *
So

0100000
+606 0 *
Ve
1e-07
411.449643924693 910.200462888679 439.300617944304
0 0

0101101
*
Ed
 1e-07 1 1 1
2  537 255 0 0 6.28318530717959
0

0101000
+604 0 -604 0 *
Ve
1e-07
411.449643924693 910.200462888679 431.300617944304
0 0

0101101
*
Ed
 1e-07 1 1 0
1  255 0 4.71238898038469 7.85398163397448
3  538 539CN 255 0 4.71238898038469 7.85398163397448
0

0101000
-604 0 +602 0 *
Ed
 1e-07 1 1 1
2  540 255 0 0 6.28318530717959
0

0101000
+602 0 -602 0 *
Wi

0101100
-603 0 +601 0 +600 0 -601 0 *
Fa
0  1e-07 255 0

0111000
+599 0 *
Sh

0101100
+598 0 *
So

0100000
+597 0 *
Ve
1e-07
418.027221673784 910.045910420669 436.614244945148
0 0

0101101
*
Ed
 1e-07 1 1 1
2  541 256 0 0 6.28318530717959
0

0101000
+595 0 -595 0 *
Ve
1e-07
418.027221673784 910.045910420669 428.614244945148
0 0

0101101
*
Ed
 1e-07 1 1 0
1  256 0 4.71238898038469 7.85398163397448
3  542 543CN 256 0 4.71238898038469 7.85398163397448
0

0101000
-595 0 +593 0 *
Ed
 1e-07 1 1 1
2  544 256 0 0 6.28318530717959
0

0101000
+593 0 -593 0 *
Wi

0101100
-594 0 +592 0 +591 0 -592 0 *
Fa
0  1e-07 256 0

0111000
+590 0 *
Sh

0101100
+589 0 *
So

0100000
+588 0 *
Ve
1e-07
424.420384609184 909.891357952659 433.927871945992
0 0

0101101
*
Ed
 1e-07 1 1 1
2  545 257 0 0 6.28318530717959
0

0101000
+586 0 -586 0 *
Ve
1e-07
424.420384609184 909.891357952659 425.927871945992
0 0

0101101
*
Ed
 1e-07 1 1 0
1  257 0 4.71238898038469 7.85398163397448
3  546 547CN 257 0 4.71238898038469 7.85398163397448
0

0101000
-586 0 +584 0 *
Ed
 1e-07 1 1 1
2  548 257 0 0 6.28318530717959
0

0101000
+584 0 -584 0 *
Wi

0101100
-585 0 +583 0 +582 0 -583 0 *
Fa
0  1e-07 257 0

0111000
+581 0 *
Sh

0101100
+580 0 *
So

0100000
+579 0 *
Ve
1e-07
430.629132730895 909.736805484648 431.241498946836
0 0

0101101
*
Ed
 1e-07 1 1 1
2  549 258 0 0 6.28318530717959
0

0101000
+577 0 -577 0 *
Ve
1e-07
430.629132730895 909.736805484648 423.241498946836
0 0

0101101
*
Ed
 1e-07 1 1 0
1  258 0 4.71238898038469 7.85398163397448
3  550 551CN 258 0 4.71238898038469 7.85398163397448
0

0101000
-577 0 +575 0 *
Ed
 1e-07 1 1 1
2  552 258 0 0 6.28318530717959
0

0101000
+575 0 -575 0 *
Wi

0101100
-576 0 +574 0 +573 0 -574 0 *
Fa
0  1e-07 258 0

0111000
+572 0 *
Sh

0101100
+571 0 *
So

0100000
+570 0 *
Ve
1e-07
436.653466038915 909.582253016638 428.55512594768
0 0

0101101
*
Ed
 1e-07 1 1 1
2  553 259 0 0 6.28318530717959
0

0101000
+568 0 -568 0 *
Ve
1e-07
436.653466038915 909.582253016638 420.55512594768
0 0

0101101
*
Ed
 1e-07 1 1 0
1  259 0 4.71238898038469 7.85398163397448
3  554 555CN 259 0 4.71238898038469 7.85398163397448
0

0101000
-568 0 +566 0 *
Ed
 1e-07 1 1 1
2  556 259 0 0 6.28318530717959
0

0101000
+566 0 -566 0 *
Wi

0101100
-567 0 +565 0 +564 0 -565 0 *
Fa
0  1e-07 259 0

0111000
+563 0 *
Sh

0101100
+562 0 *
So

0100000
+561 0 *
Ve
1e-07
442.493384533246 909.427700548628 425.868752948524
0 0

0101101
*
Ed
 1e-07 1 1 1
2  557 260 0 0 6.28318530717959
0

0101000
+559 0 -559 0 *
Ve
1e-07
442.493384533246 909.427700548628 417.868752948524
0 0

0101101
*
Ed
 1e-07 1 1 0
1  260 0 4.71238898038469 7.85398163397448
3  558 559CN 260 0 4.71238898038469 7.85398163397448
0

0101000
-559 0 +557 0 *
Ed
 1e-07 1 1 1
2  560 260 0 0 6.28318530717959
0

0101000
+557 0 -557 0 *
Wi

0101100
-558 0 +556 0 +555 0 -556 0 *
Fa
0  1e-07 260 0

0111000
+554 0 *
Sh

0101100
+553 0 *
So

0100000
+552 0 *
Ve
1e-07
448.148888213888 909.273148080618 423.182379949368
0 0

0101101
*
Ed
 1e-07 1 1 1
2  561 261 0 0 6.28318530717959
0

0101000
+550 0 -550 0 *
Ve
1e-07
448.148888213888 909.273148080618 415.182379949368
0 0

0101101
*
Ed
 1e-07 1 1 0
1  261 0 4.71238898038469 7.85398163397448
3  562 563CN 261 0 4.71238898038469 7.85398163397448
0

0101000
-550 0 +548 0 *
Ed
 1e-07 1 1 1
2  564 261 0 0 6.28318530717959
0

0101000
+548 0 -548 0 *
Wi

0101100
-549 0 +547 0 +546 0 -547 0 *
Fa
0  1e-07 261 0

0111000
+545 0 *
Sh

0101100
+544 0 *
So

0100000
+543 0 *
Ve
1e-07
453.619977080839 909.118595612607 420.496006950212
0 0

0101101
*
Ed
 1e-07 1 1 1
2  565 262 0 0 6.28318530717959
0

0101000
+541 0 -541 0 *
Ve
1e-07
453.619977080839 909.118595612607 412.496006950212
0 0

0101101
*
Ed
 1e-07 1 1 0
1  262 0 4.71238898038469 7.85398163397448
3  566 567CN 262 0 4.71238898038469 7.85398163397448
0

0101000
-541 0 +539 0 *
Ed
 1e-07 1 1 1
2  568 262 0 0 6.28318530717959
0

0101000
+539 0 -539 0 *
Wi

0101100
-540 0 +538 0 +537 0 -538 0 *
Fa
0  1e-07 262 0

0111000
+536 0 *
Sh

0101100
+535 0 *
So

0100000
+534 0 *
Ve
1e-07
458.906651134101 908.964043144597 417.809633951055
0 0

0101101
*
Ed
 1e-07 1 1 1
2  569 263 0 0 6.28318530717959
0

0101000
+532 0 -532 0 *
Ve
1e-07
458.906651134101 908.964043144597 409.809633951055
0 0

0101101
*
Ed
 1e-07 1 1 0
1  263 0 4.71238898038469 7.85398163397448
3  570 571CN 263 0 4.71238898038469 7.85398163397448
0

0101000
-532 0 +530 0 *
Ed
 1e-07 1 1 1
2  572 263 0 0 6.28318530717959
0

0101000
+530 0 -530 0 *
Wi

0101100
-531 0 +529 0 +528 0 -529 0 *
Fa
0  1e-07 263 0

0111000
+527 0 *
Sh

0101100
+526 0 *
So

0100000
+525 0 *
Ve
1e-07
464.008910373672 908.809490676587 415.123260951899
0 0

0101101
*
Ed
 1e-07 1 1 1
2  573 264 0 0 6.28318530717959
0

0101000
+523 0 -523 0 *
Ve
1e-07
464.008910373672 908.809490676587 407.123260951899
0 0

0101101
*
Ed
 1e-07 1 1 0
1  264 0 4.71238898038469 7.85398163397448
3  574 575CN 264 0 4.71238898038469 7.85398163397448
0

0101000
-523 0 +521 0 *
Ed
 1e-07 1 1 1
2  576 264 0 0 6.28318530717959
0

0101000
+521 0 -521 0 *
Wi

0101100
-522 0 +520 0 +519 0 -520 0 *
Fa
0  1e-07 264 0

0111000
+518 0 *
Sh

0101100
+517 0 *
So

0100000
+516 0 *
Ve
1e-07
468.926754799554 908.654938208576 412.436887952743
0 0

0101101
*
Ed
 1e-07 1 1 1
2  577 265 0 0 6.28318530717959
0

0101000
+514 0 -514 0 *
Ve
1e-07
468.926754799554 908.654938208576 404.436887952743
0 0

0101101
*
Ed
 1e-07 1 1 0
1  265 0 4.71238898038469 7.85398163397448
3  578 579CN 265 0 4.71238898038469 7.85398163397448
0

0101000
-514 0 +512 0 *
Ed
 1e-07 1 1 1
2  580 265 0 0 6.28318530717959
0

0101000
+512 0 -512 0 *
Wi

0101100
-513 0 +511 0 +510 0 -511 0 *
Fa
0  1e-07 265 0

0111000
+509 0 *
Sh

0101100
+508 0 *
So

0100000
+507 0 *
Ve
1e-07
473.660184411746 908.500385740566 409.750514953587
0 0

0101101
*
Ed
 1e-07 1 1 1
2  581 266 0 0 6.28318530717959
0

0101000
+505 0 -505 0 *
Ve
1e-07
473.660184411746 908.500385740566 401.750514953587
0 0

0101101
*
Ed
 1e-07 1 1 0
1  266 0 4.71238898038469 7.85398163397448
3  582 583CN 266 0 4.71238898038469 7.85398163397448
0

0101000
-505 0 +503 0 *
Ed
 1e-07 1 1 1
2  584 266 0 0 6.28318530717959
0

0101000
+503 0 -503 0 *
Wi

0101100
-504 0 +502 0 +501 0 -502 0 *
Fa
0  1e-07 266 0

0111000
+500 0 *
Sh

0101100
+499 0 *
So

0100000
+498 0 *
Ve
1e-07
478.209199210249 908.345833272556 407.064141954431
0 0

0101101
*
Ed
 1e-07 1 1 1
2  585 267 0 0 6.28318530717959
0

0101000
+496 0 -496 0 *
Ve
1e-07
478.209199210249 908.345833272556 399.064141954431
0 0

0101101
*
Ed
 1e-07 1 1 0
1  267 0 4.71238898038469 7.85398163397448
3  586 587CN 267 0 4.71238898038469 7.85398163397448
0

0101000
-496 0 +494 0 *
Ed
 1e-07 1 1 1
2  588 267 0 0 6.28318530717959
0

0101000
+494 0 -494 0 *
Wi

0101100
-495 0 +493 0 +492 0 -493 0 *
Fa
0  1e-07 267 0

0111000
+491 0 *
Sh

0101100
+490 0 *
So

0100000
+489 0 *
Ve
1e-07
482.573799195061 908.191280804545 404.377768955275
0 0

0101101
*
Ed
 1e-07 1 1 1
2  589 268 0 0 6.28318530717959
0

0101000
+487 0 -487 0 *
Ve
1e-07
482.573799195061 908.191280804545 396.377768955275
0 0

0101101
*
Ed
 1e-07 1 1 0
1  268 0 4.71238898038469 7.85398163397448
3  590 591CN 268 0 4.71238898038469 7.85398163397448
0

0101000
-487 0 +485 0 *
Ed
 1e-07 1 1 1
2  592 268 0 0 6.28318530717959
0

0101000
+485 0 -485 0 *
Wi

0101100
-486 0 +484 0 +483 0 -484 0 *
Fa
0  1e-07 268 0

0111000
+482 0 *
Sh

0101100
+481 0 *
So

0100000
+480 0 *
Ve
1e-07
486.753984366184 908.036728336535 401.691395956119
0 0

0101101
*
Ed
 1e-07 1 1 1
2  593 269 0 0 6.28318530717959
0

0101000
+478 0 -478 0 *
Ve
1e-07
486.753984366184 908.036728336535 393.691395956119
0 0

0101101
*
Ed
 1e-07 1 1 0
1  269 0 4.71238898038469 7.85398163397448
3  594 595CN 269 0 4.71238898038469 7.85398163397448
0

0101000
-478 0 +476 0 *
Ed
 1e-07 1 1 1
2  596 269 0 0 6.28318530717959
0

0101000
+476 0 -476 0 *
Wi

0101100
-477 0 +475 0 +474 0 -475 0 *
Fa
0  1e-07 269 0

0111000
+473 0 *
Sh

0101100
+472 0 *
So

0100000
+471 0 *
Ve
1e-07
490.749754723616 907.882175868525 399.005022956962
0 0

0101101
*
Ed
 1e-07 1 1 1
2  597 270 0 0 6.28318530717959
0

0101000
+469 0 -469 0 *
Ve
1e-07
490.749754723616 907.882175868525 391.005022956962
0 0

0101101
*
Ed
 1e-07 1 1 0
1  270 0 4.71238898038469 7.85398163397448
3  598 599CN 270 0 4.71238898038469 7.85398163397448
0

0101000
-469 0 +467 0 *
Ed
 1e-07 1 1 1
2  600 270 0 0 6.28318530717959
0

0101000
+467 0 -467 0 *
Wi

0101100
-468 0 +466 0 +465 0 -466 0 *
Fa
0  1e-07 270 0

0111000
+464 0 *
Sh

0101100
+463 0 *
So

0100000
+462 0 *
Ve
1e-07
494.56111026736 907.727623400515 396.318649957806
0 0

0101101
*
Ed
 1e-07 1 1 1
2  601 271 0 0 6.28318530717959
0

0101000
+460 0 -460 0 *
Ve
1e-07
494.56111026736 907.727623400515 388.318649957806
0 0

0101101
*
Ed
 1e-07 1 1 0
1  271 0 4.71238898038469 7.85398163397448
3  602 603CN 271 0 4.71238898038469 7.85398163397448
0

0101000
-460 0 +458 0 *
Ed
 1e-07 1 1 1
2  604 271 0 0 6.28318530717959
0

0101000
+458 0 -458 0 *
Wi

0101100
-459 0 +457 0 +456 0 -457 0 *
Fa
0  1e-07 271 0

0111000
+455 0 *
Sh

0101100
+454 0 *
So

0100000
+453 0 *
Ve
1e-07
498.188050997413 907.573070932504 393.63227695865
0 0

0101101
*
Ed
 1e-07 1 1 1
2  605 272 0 0 6.28318530717959
0

0101000
+451 0 -451 0 *
Ve
1e-07
498.188050997413 907.573070932504 385.63227695865
0 0

0101101
*
Ed
 1e-07 1 1 0
1  272 0 4.71238898038469 7.85398163397448
3  606 607CN 272 0 4.71238898038469 7.85398163397448
0

0101000
-451 0 +449 0 *
Ed
 1e-07 1 1 1
2  608 272 0 0 6.28318530717959
0

0101000
+449 0 -449 0 *
Wi

0101100
-450 0 +448 0 +447 0 -448 0 *
Fa
0  1e-07 272 0

0111000
+446 0 *
Sh

0101100
+445 0 *
So

0100000
+444 0 *
Ve
1e-07
501.630576913776 907.418518464494 390.945903959494
0 0

0101101
*
Ed
 1e-07 1 1 1
2  609 273 0 0 6.28318530717959
0

0101000
+442 0 -442 0 *
Ve
1e-07
501.630576913776 907.418518464494 382.945903959494
0 0

0101101
*
Ed
 1e-07 1 1 0
1  273 0 4.71238898038469 7.85398163397448
3  610 611CN 273 0 4.71238898038469 7.85398163397448
0

0101000
-442 0 +440 0 *
Ed
 1e-07 1 1 1
2  612 273 0 0 6.28318530717959
0

0101000
+440 0 -440 0 *
Wi

0101100
-441 0 +439 0 +438 0 -439 0 *
Fa
0  1e-07 273 0

0111000
+437 0 *
Sh

0101100
+436 0 *
So

0100000
+435 0 *
Ve
1e-07
504.88868801645 907.263965996484 388.259530960338
0 0

0101101
*
Ed
 1e-07 1 1 1
2  613 274 0 0 6.28318530717959
0

0101000
+433 0 -433 0 *
Ve
1e-07
504.88868801645 907.263965996484 380.259530960338
0 0

0101101
*
Ed
 1e-07 1 1 0
1  274 0 4.71238898038469 7.85398163397448
3  614 615CN 274 0 4.71238898038469 7.85398163397448
0

0101000
-433 0 +431 0 *
Ed
 1e-07 1 1 1
2  616 274 0 0 6.28318530717959
0

0101000
+431 0 -431 0 *
Wi

0101100
-432 0 +430 0 +429 0 -430 0 *
Fa
0  1e-07 274 0

0111000
+428 0 *
Sh

0101100
+427 0 *
So

0100000
+426 0 *
Ve
1e-07
507.962384305434 907.109413528473 385.573157961182
0 0

0101101
*
Ed
 1e-07 1 1 1
2  617 275 0 0 6.28318530717959
0

0101000
+424 0 -424 0 *
Ve
1e-07
507.962384305434 907.109413528473 377.573157961182
0 0

0101101
*
Ed
 1e-07 1 1 0
1  275 0 4.71238898038469 7.85398163397448
3  618 619CN 275 0 4.71238898038469 7.85398163397448
0

0101000
-424 0 +422 0 *
Ed
 1e-07 1 1 1
2  620 275 0 0 6.28318530717959
0

0101000
+422 0 -422 0 *
Wi

0101100
-423 0 +421 0 +420 0 -421 0 *
Fa
0  1e-07 275 0

0111000
+419 0 *
Sh

0101100
+418 0 *
So

0100000
+417 0 *
Ve
1e-07
510.851665780728 906.954861060463 382.886784962026
0 0

0101101
*
Ed
 1e-07 1 1 1
2  621 276 0 0 6.28318530717959
0

0101000
+415 0 -415 0 *
Ve
1e-07
510.851665780728 906.954861060463 374.886784962026
0 0

0101101
*
Ed
 1e-07 1 1 0
1  276 0 4.71238898038469 7.85398163397448
3  622 623CN 276 0 4.71238898038469 7.85398163397448
0

0101000
-415 0 +413 0 *
Ed
 1e-07 1 1 1
2  624 276 0 0 6.28318530717959
0

0101000
+413 0 -413 0 *
Wi

0101100
-414 0 +412 0 +411 0 -412 0 *
Fa
0  1e-07 276 0

0111000
+410 0 *
Sh

0101100
+409 0 *
So

0100000
+408 0 *
Ve
1e-07
513.556532442332 906.800308592453 380.20041196287
0 0

0101101
*
Ed
 1e-07 1 1 1
2  625 277 0 0 6.28318530717959
0

0101000
+406 0 -406 0 *
Ve
1e-07
513.556532442332 906.800308592453 372.20041196287
0 0

0101101
*
Ed
 1e-07 1 1 0
1  277 0 4.71238898038469 7.85398163397448
3  626 627CN 277 0 4.71238898038469 7.85398163397448
0

0101000
-406 0 +404 0 *
Ed
 1e-07 1 1 1
2  628 277 0 0 6.28318530717959
0

0101000
+404 0 -404 0 *
Wi

0101100
-405 0 +403 0 +402 0 -403 0 *
Fa
0  1e-07 277 0

0111000
+401 0 *
Sh

0101100
+400 0 *
So

0100000
+399 0 *
Ve
1e-07
516.076984290246 906.645756124443 377.514038963713
0 0

0101101
*
Ed
 1e-07 1 1 1
2  629 278 0 0 6.28318530717959
0

0101000
+397 0 -397 0 *
Ve
1e-07
516.076984290246 906.645756124443 369.514038963713
0 0

0101101
*
Ed
 1e-07 1 1 0
1  278 0 4.71238898038469 7.85398163397448
3  630 631CN 278 0 4.71238898038469 7.85398163397448
0

0101000
-397 0 +395 0 *
Ed
 1e-07 1 1 1
2  632 278 0 0 6.28318530717959
0

0101000
+395 0 -395 0 *
Wi

0101100
-396 0 +394 0 +393 0 -394 0 *
Fa
0  1e-07 278 0

0111000
+392 0 *
Sh

0101100
+391 0 *
So

0100000
+390 0 *
Ve
1e-07
518.41302132447 906.491203656432 374.827665964557
0 0

0101101
*
Ed
 1e-07 1 1 1
2  633 279 0 0 6.28318530717959
0

0101000
+388 0 -388 0 *
Ve
1e-07
518.41302132447 906.491203656432 366.827665964557
0 0

0101101
*
Ed
 1e-07 1 1 0
1  279 0 4.71238898038469 7.85398163397448
3  634 635CN 279 0 4.71238898038469 7.85398163397448
0

0101000
-388 0 +386 0 *
Ed
 1e-07 1 1 1
2  636 279 0 0 6.28318530717959
0

0101000
+386 0 -386 0 *
Wi

0101100
-387 0 +385 0 +384 0 -385 0 *
Fa
0  1e-07 279 0

0111000
+383 0 *
Sh

0101100
+382 0 *
So

0100000
+381 0 *
Ve
1e-07
520.564643545005 906.336651188422 372.141292965401
0 0

0101101
*
Ed
 1e-07 1 1 1
2  637 280 0 0 6.28318530717959
0

0101000
+379 0 -379 0 *
Ve
1e-07
520.564643545005 906.336651188422 364.141292965401
0 0

0101101
*
Ed
 1e-07 1 1 0
1  280 0 4.71238898038469 7.85398163397448
3  638 639CN 280 0 4.71238898038469 7.85398163397448
0

0101000
-379 0 +377 0 *
Ed
 1e-07 1 1 1
2  640 280 0 0 6.28318530717959
0

0101000
+377 0 -377 0 *
Wi

0101100
-378 0 +376 0 +375 0 -376 0 *
Fa
0  1e-07 280 0

0111000
+374 0 *
Sh

0101100
+373 0 *
So

0100000
+372 0 *
Ve
1e-07
522.53185095185 906.182098720412 369.454919966245
0 0

0101101
*
Ed
 1e-07 1 1 1
2  641 281 0 0 6.28318530717959
0

0101000
+370 0 -370 0 *
Ve
1e-07
522.53185095185 906.182098720412 361.454919966245
0 0

0101101
*
Ed
 1e-07 1 1 0
1  281 0 4.71238898038469 7.85398163397448
3  642 643CN 281 0 4.71238898038469 7.85398163397448
0

0101000
-370 0 +368 0 *
Ed
 1e-07 1 1 1
2  644 281 0 0 6.28318530717959
0

0101000
+368 0 -368 0 *
Wi

0101100
-369 0 +367 0 +366 0 -367 0 *
Fa
0  1e-07 281 0

0111000
+365 0 *
Sh

0101100
+364 0 *
So

0100000
+363 0 *
Ve
1e-07
524.314643545005 906.027546252401 366.768546967089
0 0

0101101
*
Ed
 1e-07 1 1 1
2  645 282 0 0 6.28318530717959
0

0101000
+361 0 -361 0 *
Ve
1e-07
524.314643545005 906.027546252401 358.768546967089
0 0

0101101
*
Ed
 1e-07 1 1 0
1  282 0 4.71238898038469 7.85398163397448
3  646 647CN 282 0 4.71238898038469 7.85398163397448
0

0101000
-361 0 +359 0 *
Ed
 1e-07 1 1 1
2  648 282 0 0 6.28318530717959
0

0101000
+359 0 -359 0 *
Wi

0101100
-360 0 +358 0 +357 0 -358 0 *
Fa
0  1e-07 282 0

0111000
+356 0 *
Sh

0101100
+355 0 *
So

0100000
+354 0 *
Ve
1e-07
525.91302132447 905.872993784391 364.082173967933
0 0

0101101
*
Ed
 1e-07 1 1 1
2  649 283 0 0 6.28318530717959
0

0101000
+352 0 -352 0 *
Ve
1e-07
525.91302132447 905.872993784391 356.082173967933
0 0

0101101
*
Ed
 1e-07 1 1 0
1  283 0 4.71238898038469 7.85398163397448
3  650 651CN 283 0 4.71238898038469 7.85398163397448
0

0101000
-352 0 +350 0 *
Ed
 1e-07 1 1 1
2  652 283 0 0 6.28318530717959
0

0101000
+350 0 -350 0 *
Wi

0101100
-351 0 +349 0 +348 0 -349 0 *
Fa
0  1e-07 283 0

0111000
+347 0 *
Sh

0101100
+346 0 *
So

0100000
+345 0 *
Ve
1e-07
527.326984290246 905.718441316381 361.395800968777
0 0

0101101
*
Ed
 1e-07 1 1 1
2  653 284 0 0 6.28318530717959
0

0101000
+343 0 -343 0 *
Ve
1e-07
527.326984290246 905.718441316381 353.395800968777
0 0

0101101
*
Ed
 1e-07 1 1 0
1  284 0 4.71238898038469 7.85398163397448
3  654 655CN 284 0 4.71238898038469 7.85398163397448
0

0101000
-343 0 +341 0 *
Ed
 1e-07 1 1 1
2  656 284 0 0 6.28318530717959
0

0101000
+341 0 -341 0 *
Wi

0101100
-342 0 +340 0 +339 0 -340 0 *
Fa
0  1e-07 284 0

0111000
+338 0 *
Sh

0101100
+337 0 *
So

0100000
+336 0 *
Ve
1e-07
528.556532442332 905.563888848371 358.709427969621
0 0

0101101
*
Ed
 1e-07 1 1 1
2  657 285 0 0 6.28318530717959
0

0101000
+334 0 -334 0 *
Ve
1e-07
528.556532442332 905.563888848371 350.709427969621
0 0

0101101
*
Ed
 1e-07 1 1 0
1  285 0 4.71238898038469 7.85398163397448
3  658 659CN 285 0 4.71238898038469 7.85398163397448
0

0101000
-334 0 +332 0 *
Ed
 1e-07 1 1 1
2  660 285 0 0 6.28318530717959
0

0101000
+332 0 -332 0 *
Wi

0101100
-333 0 +331 0 +330 0 -331 0 *
Fa
0  1e-07 285 0

0111000
+329 0 *
Sh

0101100
+328 0 *
So

0100000
+327 0 *
Ve
1e-07
529.601665780727 905.40933638036 356.023054970464
0 0

0101101
*
Ed
 1e-07 1 1 1
2  661 286 0 0 6.28318530717959
0

0101000
+325 0 -325 0 *
Ve
1e-07
529.601665780727 905.40933638036 348.023054970464
0 0

0101101
*
Ed
 1e-07 1 1 0
1  286 0 4.71238898038469 7.85398163397448
3  662 663CN 286 0 4.71238898038469 7.85398163397448
0

0101000
-325 0 +323 0 *
Ed
 1e-07 1 1 1
2  664 286 0 0 6.28318530717959
0

0101000
+323 0 -323 0 *
Wi

0101100
-324 0 +322 0 +321 0 -322 0 *
Fa
0  1e-07 286 0

0111000
+320 0 *
Sh

0101100
+319 0 *
So

0100000
+318 0 *
Ve
1e-07
530.462384305434 905.25478391235 353.336681971308
0 0

0101101
*
Ed
 1e-07 1 1 1
2  665 287 0 0 6.28318530717959
0

0101000
+316 0 -316 0 *
Ve
1e-07
530.462384305434 905.25478391235 345.336681971308
0 0

0101101
*
Ed
 1e-07 1 1 0
1  287 0 4.71238898038469 7.85398163397448
3  666 667CN 287 0 4.71238898038469 7.85398163397448
0

0101000
-316 0 +314 0 *
Ed
 1e-07 1 1 1
2  668 287 0 0 6.28318530717959
0

0101000
+314 0 -314 0 *
Wi

0101100
-315 0 +313 0 +312 0 -313 0 *
Fa
0  1e-07 287 0

0111000
+311 0 *
Sh

0101100
+310 0 *
So

0100000
+309 0 *
Ve
1e-07
531.13868801645 905.10023144434 350.650308972152
0 0

0101101
*
Ed
 1e-07 1 1 1
2  669 288 0 0 6.28318530717959
0

0101000
+307 0 -307 0 *
Ve
1e-07
531.13868801645 905.10023144434 342.650308972152
0 0

0101101
*
Ed
 1e-07 1 1 0
1  288 0 4.71238898038469 7.85398163397448
3  670 671CN 288 0 4.71238898038469 7.85398163397448
0

0101000
-307 0 +305 0 *
Ed
 1e-07 1 1 1
2  672 288 0 0 6.28318530717959
0

0101000
+305 0 -305 0 *
Wi

0101100
-306 0 +304 0 +303 0 -304 0 *
Fa
0  1e-07 288 0

0111000
+302 0 *
Sh

0101100
+301 0 *
So

0100000
+300 0 *
Ve
1e-07
531.630576913776 904.945678976329 347.963935972996
0 0

0101101
*
Ed
 1e-07 1 1 1
2  673 289 0 0 6.28318530717959
0

0101000
+298 0 -298 0 *
Ve
1e-07
531.630576913776 904.945678976329 339.963935972996
0 0

0101101
*
Ed
 1e-07 1 1 0
1  289 0 4.71238898038469 7.85398163397448
3  674 675CN 289 0 4.71238898038469 7.85398163397448
0

0101000
-298 0 +296 0 *
Ed
 1e-07 1 1 1
2  676 289 0 0 6.28318530717959
0

0101000
+296 0 -296 0 *
Wi

0101100
-297 0 +295 0 +294 0 -295 0 *
Fa
0  1e-07 289 0

0111000
+293 0 *
Sh

0101100
+292 0 *
So

0100000
+291 0 *
Ve
1e-07
531.938050997413 904.791126508319 345.27756297384
0 0

0101101
*
Ed
 1e-07 1 1 1
2  677 290 0 0 6.28318530717959
0

0101000
+289 0 -289 0 *
Ve
1e-07
531.938050997413 904.791126508319 337.27756297384
0 0

0101101
*
Ed
 1e-07 1 1 0
1  290 0 4.71238898038469 7.85398163397448
3  678 679CN 290 0 4.71238898038469 7.85398163397448
0

0101000
-289 0 +287 0 *
Ed
 1e-07 1 1 1
2  680 290 0 0 6.28318530717959
0

0101000
+287 0 -287 0 *
Wi

0101100
-288 0 +286 0 +285 0 -286 0 *
Fa
0  1e-07 290 0

0111000
+284 0 *
Sh

0101100
+283 0 *
So

0100000
+282 0 *
Ve
1e-07
532.061110267359 904.636574040309 342.591189974684
0 0

0101101
*
Ed
 1e-07 1 1 1
2  681 291 0 0 6.28318530717959
0

0101000
+280 0 -280 0 *
Ve
1e-07
532.061110267359 904.636574040309 334.591189974684
0 0

0101101
*
Ed
 1e-07 1 1 0
1  291 0 4.71238898038469 7.85398163397448
3  682 683CN 291 0 4.71238898038469 7.85398163397448
0

0101000
-280 0 +278 0 *
Ed
 1e-07 1 1 1
2  684 291 0 0 6.28318530717959
0

0101000
+278 0 -278 0 *
Wi

0101100
-279 0 +277 0 +276 0 -277 0 *
Fa
0  1e-07 291 0

0111000
+275 0 *
Sh

0101100
+274 0 *
So

0100000
+273 0 *
Ve
1e-07
531.999754723617 904.482021572299 339.904816975528
0 0

0101101
*
Ed
 1e-07 1 1 1
2  685 292 0 0 6.28318530717959
0

0101000
+271 0 -271 0 *
Ve
1e-07
531.999754723617 904.482021572299 331.904816975528
0 0

0101101
*
Ed
 1e-07 1 1 0
1  292 0 4.71238898038469 7.85398163397448
3  686 687CN 292 0 4.71238898038469 7.85398163397448
0

0101000
-271 0 +269 0 *
Ed
 1e-07 1 1 1
2  688 292 0 0 6.28318530717959
0

0101000
+269 0 -269 0 *
Wi

0101100
-270 0 +268 0 +267 0 -268 0 *
Fa
0  1e-07 292 0

0111000
+266 0 *
Sh

0101100
+265 0 *
So

0100000
+264 0 *
Ve
1e-07
531.753984366184 904.327469104288 337.218443976372
0 0

0101101
*
Ed
 1e-07 1 1 1
2  689 293 0 0 6.28318530717959
0

0101000
+262 0 -262 0 *
Ve
1e-07
531.753984366184 904.327469104288 329.218443976372
0 0

0101101
*
Ed
 1e-07 1 1 0
1  293 0 4.71238898038469 7.85398163397448
3  690 691CN 293 0 4.71238898038469 7.85398163397448
0

0101000
-262 0 +260 0 *
Ed
 1e-07 1 1 1
2  692 293 0 0 6.28318530717959
0

0101000
+260 0 -260 0 *
Wi

0101100
-261 0 +259 0 +258 0 -259 0 *
Fa
0  1e-07 293 0

0111000
+257 0 *
Sh

0101100
+256 0 *
So

0100000
+255 0 *
Ve
1e-07
531.323799195061 904.172916636278 334.532070977215
0 0

0101101
*
Ed
 1e-07 1 1 1
2  693 294 0 0 6.28318530717959
0

0101000
+253 0 -253 0 *
Ve
1e-07
531.323799195061 904.172916636278 326.532070977215
0 0

0101101
*
Ed
 1e-07 1 1 0
1  294 0 4.71238898038469 7.85398163397448
3  694 695CN 294 0 4.71238898038469 7.85398163397448
0

0101000
-253 0 +251 0 *
Ed
 1e-07 1 1 1
2  696 294 0 0 6.28318530717959
0

0101000
+251 0 -251 0 *
Wi

0101100
-252 0 +250 0 +249 0 -250 0 *
Fa
0  1e-07 294 0

0111000
+248 0 *
Sh

0101100
+247 0 *
So

0100000
+246 0 *
Ve
1e-07
530.709199210248 904.018364168268 331.845697978059
0 0

0101101
*
Ed
 1e-07 1 1 1
2  697 295 0 0 6.28318530717959
0

0101000
+244 0 -244 0 *
Ve
1e-07
530.709199210248 904.018364168268 323.845697978059
0 0

0101101
*
Ed
 1e-07 1 1 0
1  295 0 4.71238898038469 7.85398163397448
3  698 699CN 295 0 4.71238898038469 7.85398163397448
0

0101000
-244 0 +242 0 *
Ed
 1e-07 1 1 1
2  700 295 0 0 6.28318530717959
0

0101000
+242 0 -242 0 *
Wi

0101100
-243 0 +241 0 +240 0 -241 0 *
Fa
0  1e-07 295 0

0111000
+239 0 *
Sh

0101100
+238 0 *
So

0100000
+237 0 *
Ve
1e-07
529.910184411746 903.863811700257 329.159324978903
0 0

0101101
*
Ed
 1e-07 1 1 1
2  701 296 0 0 6.28318530717959
0

0101000
+235 0 -235 0 *
Ve
1e-07
529.910184411746 903.863811700257 321.159324978903
0 0

0101101
*
Ed
 1e-07 1 1 0
1  296 0 4.71238898038469 7.85398163397448
3  702 703CN 296 0 4.71238898038469 7.85398163397448
0

0101000
-235 0 +233 0 *
Ed
 1e-07 1 1 1
2  704 296 0 0 6.28318530717959
0

0101000
+233 0 -233 0 *
Wi

0101100
-234 0 +232 0 +231 0 -232 0 *
Fa
0  1e-07 296 0

0111000
+230 0 *
Sh

0101100
+229 0 *
So

0100000
+228 0 *
Ve
1e-07
528.926754799554 903.709259232247 326.472951979747
0 0

0101101
*
Ed
 1e-07 1 1 1
2  705 297 0 0 6.28318530717959
0

0101000
+226 0 -226 0 *
Ve
1e-07
528.926754799554 903.709259232247 318.472951979747
0 0

0101101
*
Ed
 1e-07 1 1 0
1  297 0 4.71238898038469 7.85398163397448
3  706 707CN 297 0 4.71238898038469 7.85398163397448
0

0101000
-226 0 +224 0 *
Ed
 1e-07 1 1 1
2  708 297 0 0 6.28318530717959
0

0101000
+224 0 -224 0 *
Wi

0101100
-225 0 +223 0 +222 0 -223 0 *
Fa
0  1e-07 297 0

0111000
+221 0 *
Sh

0101100
+220 0 *
So

0100000
+219 0 *
Ve
1e-07
527.758910373672 903.554706764237 323.786578980591
0 0

0101101
*
Ed
 1e-07 1 1 1
2  709 298 0 0 6.28318530717959
0

0101000
+217 0 -217 0 *
Ve
1e-07
527.758910373672 903.554706764237 315.786578980591
0 0

0101101
*
Ed
 1e-07 1 1 0
1  298 0 4.71238898038469 7.85398163397448
3  710 711CN 298 0 4.71238898038469 7.85398163397448
0

0101000
-217 0 +215 0 *
Ed
 1e-07 1 1 1
2  712 298 0 0 6.28318530717959
0

0101000
+215 0 -215 0 *
Wi

0101100
-216 0 +214 0 +213 0 -214 0 *
Fa
0  1e-07 298 0

0111000
+212 0 *
Sh

0101100
+211 0 *
So

0100000
+210 0 *
Ve
1e-07
526.406651134101 903.400154296226 321.100205981435
0 0

0101101
*
Ed
 1e-07 1 1 1
2  713 299 0 0 6.28318530717959
0

0101000
+208 0 -208 0 *
Ve
1e-07
526.406651134101 903.400154296226 313.100205981435
0 0

0101101
*
Ed
 1e-07 1 1 0
1  299 0 4.71238898038469 7.85398163397448
3  714 715CN 299 0 4.71238898038469 7.85398163397448
0

0101000
-208 0 +206 0 *
Ed
 1e-07 1 1 1
2  716 299 0 0 6.28318530717959
0

0101000
+206 0 -206 0 *
Wi

0101100
-207 0 +205 0 +204 0 -205 0 *
Fa
0  1e-07 299 0

0111000
+203 0 *
Sh

0101100
+202 0 *
So

0100000
+201 0 *
Ve
1e-07
524.869977080839 903.245601828216 318.413832982279
0 0

0101101
*
Ed
 1e-07 1 1 1
2  717 300 0 0 6.28318530717959
0

0101000
+199 0 -199 0 *
Ve
1e-07
524.869977080839 903.245601828216 310.413832982279
0 0

0101101
*
Ed
 1e-07 1 1 0
1  300 0 4.71238898038469 7.85398163397448
3  718 719CN 300 0 4.71238898038469 7.85398163397448
0

0101000
-199 0 +197 0 *
Ed
 1e-07 1 1 1
2  720 300 0 0 6.28318530717959
0

0101000
+197 0 -197 0 *
Wi

0101100
-198 0 +196 0 +195 0 -196 0 *
Fa
0  1e-07 300 0

0111000
+194 0 *
Sh

0101100
+193 0 *
So

0100000
+192 0 *
Ve
1e-07
523.148888213888 903.091049360206 315.727459983123
0 0

0101101
*
Ed
 1e-07 1 1 1
2  721 301 0 0 6.28318530717959
0

0101000
+190 0 -190 0 *
Ve
1e-07
523.148888213888 903.091049360206 307.727459983123
0 0

0101101
*
Ed
 1e-07 1 1 0
1  301 0 4.71238898038469 7.85398163397448
3  722 723CN 301 0 4.71238898038469 7.85398163397448
0

0101000
-190 0 +188 0 *
Ed
 1e-07 1 1 1
2  724 301 0 0 6.28318530717959
0

0101000
+188 0 -188 0 *
Wi

0101100
-189 0 +187 0 +186 0 -187 0 *
Fa
0  1e-07 301 0

0111000
+185 0 *
Sh

0101100
+184 0 *
So

0100000
+183 0 *
Ve
1e-07
521.243384533247 902.936496892196 313.041086983966
0 0

0101101
*
Ed
 1e-07 1 1 1
2  725 302 0 0 6.28318530717959
0

0101000
+181 0 -181 0 *
Ve
1e-07
521.243384533247 902.936496892196 305.041086983966
0 0

0101101
*
Ed
 1e-07 1 1 0
1  302 0 4.71238898038469 7.85398163397448
3  726 727CN 302 0 4.71238898038469 7.85398163397448
0

0101000
-181 0 +179 0 *
Ed
 1e-07 1 1 1
2  728 302 0 0 6.28318530717959
0

0101000
+179 0 -179 0 *
Wi

0101100
-180 0 +178 0 +177 0 -178 0 *
Fa
0  1e-07 302 0

0111000
+176 0 *
Sh

0101100
+175 0 *
So

0100000
+174 0 *
Ve
1e-07
519.153466038915 902.781944424185 310.35471398481
0 0

0101101
*
Ed
 1e-07 1 1 1
2  729 303 0 0 6.28318530717959
0

0101000
+172 0 -172 0 *
Ve
1e-07
519.153466038915 902.781944424185 302.35471398481
0 0

0101101
*
Ed
 1e-07 1 1 0
1  303 0 4.71238898038469 7.85398163397448
3  730 731CN 303 0 4.71238898038469 7.85398163397448
0

0101000
-172 0 +170 0 *
Ed
 1e-07 1 1 1
2  732 303 0 0 6.28318530717959
0

0101000
+170 0 -170 0 *
Wi

0101100
-171 0 +169 0 +168 0 -169 0 *
Fa
0  1e-07 303 0

0111000
+167 0 *
Sh

0101100
+166 0 *
So

0100000
+165 0 *
Ve
1e-07
516.879132730895 902.627391956175 307.668340985654
0 0

0101101
*
Ed
 1e-07 1 1 1
2  733 304 0 0 6.28318530717959
0

0101000
+163 0 -163 0 *
Ve
1e-07
516.879132730895 902.627391956175 299.668340985654
0 0

0101101
*
Ed
 1e-07 1 1 0
1  304 0 4.71238898038469 7.85398163397448
3  734 735CN 304 0 4.71238898038469 7.85398163397448
0

0101000
-163 0 +161 0 *
Ed
 1e-07 1 1 1
2  736 304 0 0 6.28318530717959
0

0101000
+161 0 -161 0 *
Wi

0101100
-162 0 +160 0 +159 0 -160 0 *
Fa
0  1e-07 304 0

0111000
+158 0 *
Sh

0101100
+157 0 *
So

0100000
+156 0 *
Ve
1e-07
514.420384609184 902.472839488165 304.981967986498
0 0

0101101
*
Ed
 1e-07 1 1 1
2  737 305 0 0 6.28318530717959
0

0101000
+154 0 -154 0 *
Ve
1e-07
514.420384609184 902.472839488165 296.981967986498
0 0

0101101
*
Ed
 1e-07 1 1 0
1  305 0 4.71238898038469 7.85398163397448
3  738 739CN 305 0 4.71238898038469 7.85398163397448
0

0101000
-154 0 +152 0 *
Ed
 1e-07 1 1 1
2  740 305 0 0 6.28318530717959
0

0101000
+152 0 -152 0 *
Wi

0101100
-153 0 +151 0 +150 0 -151 0 *
Fa
0  1e-07 305 0

0111000
+149 0 *
Sh

0101100
+148 0 *
So

0100000
+147 0 *
Ve
1e-07
511.777221673784 902.318287020154 302.295594987342
0 0

0101101
*
Ed
 1e-07 1 1 1
2  741 306 0 0 6.28318530717959
0

0101000
+145 0 -145 0 *
Ve
1e-07
511.777221673784 902.318287020154 294.295594987342
0 0

0101101
*
Ed
 1e-07 1 1 0
1  306 0 4.71238898038469 7.85398163397448
3  742 743CN 306 0 4.71238898038469 7.85398163397448
0

0101000
-145 0 +143 0 *
Ed
 1e-07 1 1 1
2  744 306 0 0 6.28318530717959
0

0101000
+143 0 -143 0 *
Wi

0101100
-144 0 +142 0 +141 0 -142 0 *
Fa
0  1e-07 306 0

0111000
+140 0 *
Sh

0101100
+139 0 *
So

0100000
+138 0 *
Ve
1e-07
508.949643924694 902.163734552144 299.609221988186
0 0

0101101
*
Ed
 1e-07 1 1 1
2  745 307 0 0 6.28318530717959
0

0101000
+136 0 -136 0 *
Ve
1e-07
508.949643924694 902.163734552144 291.609221988186
0 0

0101101
*
Ed
 1e-07 1 1 0
1  307 0 4.71238898038469 7.85398163397448
3  746 747CN 307 0 4.71238898038469 7.85398163397448
0

0101000
-136 0 +134 0 *
Ed
 1e-07 1 1 1
2  748 307 0 0 6.28318530717959
0

0101000
+134 0 -134 0 *
Wi

0101100
-135 0 +133 0 +132 0 -133 0 *
Fa
0  1e-07 307 0

0111000
+131 0 *
Sh

0101100
+130 0 *
So

0100000
+129 0 *
Ve
1e-07
505.937651361913 902.009182084134 296.92284898903
0 0

0101101
*
Ed
 1e-07 1 1 1
2  749 308 0 0 6.28318530717959
0

0101000
+127 0 -127 0 *
Ve
1e-07
505.937651361913 902.009182084134 288.92284898903
0 0

0101101
*
Ed
 1e-07 1 1 0
1  308 0 4.71238898038469 7.85398163397448
3  750 751CN 308 0 4.71238898038469 7.85398163397448
0

0101000
-127 0 +125 0 *
Ed
 1e-07 1 1 1
2  752 308 0 0 6.28318530717959
0

0101000
+125 0 -125 0 *
Wi

0101100
-126 0 +124 0 +123 0 -124 0 *
Fa
0  1e-07 308 0

0111000
+122 0 *
Sh

0101100
+121 0 *
So

0100000
+120 0 *
Ve
1e-07
502.741243985444 901.854629616123 294.236475989873
0 0

0101101
*
Ed
 1e-07 1 1 1
2  753 309 0 0 6.28318530717959
0

0101000
+118 0 -118 0 *
Ve
1e-07
502.741243985444 901.854629616123 286.236475989873
0 0

0101101
*
Ed
 1e-07 1 1 0
1  309 0 4.71238898038469 7.85398163397448
3  754 755CN 309 0 4.71238898038469 7.85398163397448
0

0101000
-118 0 +116 0 *
Ed
 1e-07 1 1 1
2  756 309 0 0 6.28318530717959
0

0101000
+116 0 -116 0 *
Wi

0101100
-117 0 +115 0 +114 0 -115 0 *
Fa
0  1e-07 309 0

0111000
+113 0 *
Sh

0101100
+112 0 *
So

0100000
+111 0 *
Ve
1e-07
499.360421795284 901.700077148113 291.550102990717
0 0

0101101
*
Ed
 1e-07 1 1 1
2  757 310 0 0 6.28318530717959
0

0101000
+109 0 -109 0 *
Ve
1e-07
499.360421795284 901.700077148113 283.550102990717
0 0

0101101
*
Ed
 1e-07 1 1 0
1  310 0 4.71238898038469 7.85398163397448
3  758 759CN 310 0 4.71238898038469 7.85398163397448
0

0101000
-109 0 +107 0 *
Ed
 1e-07 1 1 1
2  760 310 0 0 6.28318530717959
0

0101000
+107 0 -107 0 *
Wi

0101100
-108 0 +106 0 +105 0 -106 0 *
Fa
0  1e-07 310 0

0111000
+104 0 *
Sh

0101100
+103 0 *
So

0100000
+102 0 *
Ve
1e-07
495.795184791434 901.545524680103 288.863729991561
0 0

0101101
*
Ed
 1e-07 1 1 1
2  761 311 0 0 6.28318530717959
0

0101000
+100 0 -100 0 *
Ve
1e-07
495.795184791434 901.545524680103 280.863729991561
0 0

0101101
*
Ed
 1e-07 1 1 0
1  311 0 4.71238898038469 7.85398163397448
3  762 763CN 311 0 4.71238898038469 7.85398163397448
0

0101000
-100 0 +98 0 *
Ed
 1e-07 1 1 1
2  764 311 0 0 6.28318530717959
0

0101000
+98 0 -98 0 *
Wi

0101100
-99 0 +97 0 +96 0 -97 0 *
Fa
0  1e-07 311 0

0111000
+95 0 *
Sh

0101100
+94 0 *
So

0100000
+93 0 *
Ve
1e-07
492.045532973895 901.390972212093 286.177356992405
0 0

0101101
*
Ed
 1e-07 1 1 1
2  765 312 0 0 6.28318530717959
0

0101000
+91 0 -91 0 *
Ve
1e-07
492.045532973895 901.390972212093 278.177356992405
0 0

0101101
*
Ed
 1e-07 1 1 0
1  312 0 4.71238898038469 7.85398163397448
3  766 767CN 312 0 4.71238898038469 7.85398163397448
0

0101000
-91 0 +89 0 *
Ed
 1e-07 1 1 1
2  768 312 0 0 6.28318530717959
0

0101000
+89 0 -89 0 *
Wi

0101100
-90 0 +88 0 +87 0 -88 0 *
Fa
0  1e-07 312 0

0111000
+86 0 *
Sh

0101100
+85 0 *
So

0100000
+84 0 *
Ve
1e-07
488.111466342666 901.236419744082 283.490983993249
0 0

0101101
*
Ed
 1e-07 1 1 1
2  769 313 0 0 6.28318530717959
0

0101000
+82 0 -82 0 *
Ve
1e-07
488.111466342666 901.236419744082 275.490983993249
0 0

0101101
*
Ed
 1e-07 1 1 0
1  313 0 4.71238898038469 7.85398163397448
3  770 771CN 313 0 4.71238898038469 7.85398163397448
0

0101000
-82 0 +80 0 *
Ed
 1e-07 1 1 1
2  772 313 0 0 6.28318530717959
0

0101000
+80 0 -80 0 *
Wi

0101100
-81 0 +79 0 +78 0 -79 0 *
Fa
0  1e-07 313 0

0111000
+77 0 *
Sh

0101100
+76 0 *
So

0100000
+75 0 *
Ve
1e-07
483.992984897747 901.081867276072 280.804610994093
0 0

0101101
*
Ed
 1e-07 1 1 1
2  773 314 0 0 6.28318530717959
0

0101000
+73 0 -73 0 *
Ve
1e-07
483.992984897747 901.081867276072 272.804610994093
0 0

0101101
*
Ed
 1e-07 1 1 0
1  314 0 4.71238898038469 7.85398163397448
3  774 775CN 314 0 4.71238898038469 7.85398163397448
0

0101000
-73 0 +71 0 *
Ed
 1e-07 1 1 1
2  776 314 0 0 6.28318530717959
0

0101000
+71 0 -71 0 *
Wi

0101100
-72 0 +70 0 +69 0 -70 0 *
Fa
0  1e-07 314 0

0111000
+68 0 *
Sh

0101100
+67 0 *
So

0100000
+66 0 *
Ve
1e-07
479.690088639138 900.927314808062 278.118237994937
0 0

0101101
*
Ed
 1e-07 1 1 1
2  777 315 0 0 6.28318530717959
0

0101000
+64 0 -64 0 *
Ve
1e-07
479.690088639138 900.927314808062 270.118237994937
0 0

0101101
*
Ed
 1e-07 1 1 0
1  315 0 4.71238898038469 7.85398163397448
3  778 779CN 315 0 4.71238898038469 7.85398163397448
0

0101000
-64 0 +62 0 *
Ed
 1e-07 1 1 1
2  780 315 0 0 6.28318530717959
0

0101000
+62 0 -62 0 *
Wi

0101100
-63 0 +61 0 +60 0 -61 0 *
Fa
0  1e-07 315 0

0111000
+59 0 *
Sh

0101100
+58 0 *
So

0100000
+57 0 *
Ve
1e-07
475.20277756684 900.772762340051 275.431864995781
0 0

0101101
*
Ed
 1e-07 1 1 1
2  781 316 0 0 6.28318530717959
0

0101000
+55 0 -55 0 *
Ve
1e-07
475.20277756684 900.772762340051 267.431864995781
0 0

0101101
*
Ed
 1e-07 1 1 0
1  316 0 4.71238898038469 7.85398163397448
3  782 783CN 316 0 4.71238898038469 7.85398163397448
0

0101000
-55 0 +53 0 *
Ed
 1e-07 1 1 1
2  784 316 0 0 6.28318530717959
0

0101000
+53 0 -53 0 *
Wi

0101100
-54 0 +52 0 +51 0 -52 0 *
Fa
0  1e-07 316 0

0111000
+50 0 *
Sh

0101100
+49 0 *
So

0100000
+48 0 *
Ve
1e-07
470.531051680852 900.618209872041 272.745491996625
0 0

0101101
*
Ed
 1e-07 1 1 1
2  785 317 0 0 6.28318530717959
0

0101000
+46 0 -46 0 *
Ve
1e-07
470.531051680852 900.618209872041 264.745491996625
0 0

0101101
*
Ed
 1e-07 1 1 0
1  317 0 4.71238898038469 7.85398163397448
3  786 787CN 317 0 4.71238898038469 7.85398163397448
0

0101000
-46 0 +44 0 *
Ed
 1e-07 1 1 1
2  788 317 0 0 6.28318530717959
0

0101000
+44 0 -44 0 *
Wi

0101100
-45 0 +43 0 +42 0 -43 0 *
Fa
0  1e-07 317 0

0111000
+41 0 *
Sh

0101100
+40 0 *
So

0100000
+39 0 *
Ve
1e-07
465.674910981173 900.463657404031 270.059118997468
0 0

0101101
*
Ed
 1e-07 1 1 1
2  789 318 0 0 6.28318530717959
0

0101000
+37 0 -37 0 *
Ve
1e-07
465.674910981173 900.463657404031 262.059118997468
0 0

0101101
*
Ed
 1e-07 1 1 0
1  318 0 4.71238898038469 7.85398163397448
3  790 791CN 318 0 4.71238898038469 7.85398163397448
0

0101000
-37 0 +35 0 *
Ed
 1e-07 1 1 1
2  792 318 0 0 6.28318530717959
0

0101000
+35 0 -35 0 *
Wi

0101100
-36 0 +34 0 +33 0 -34 0 *
Fa
0  1e-07 318 0

0111000
+32 0 *
Sh

0101100
+31 0 *
So

0100000
+30 0 *
Ve
1e-07
460.634355467805 900.309104936021 267.372745998312
0 0

0101101
*
Ed
 1e-07 1 1 1
2  793 319 0 0 6.28318530717959
0

0101000
+28 0 -28 0 *
Ve
1e-07
460.634355467805 900.309104936021 259.372745998312
0 0

0101101
*
Ed
 1e-07 1 1 0
1  319 0 4.71238898038469 7.85398163397448
3  794 795CN 319 0 4.71238898038469 7.85398163397448
0

0101000
-28 0 +26 0 *
Ed
 1e-07 1 1 1
2  796 319 0 0 6.28318530717959
0

0101000
+26 0 -26 0 *
Wi

0101100
-27 0 +25 0 +24 0 -25 0 *
Fa
0  1e-07 319 0

0111000
+23 0 *
Sh

0101100
+22 0 *
So

0100000
+21 0 *
Ve
1e-07
455.409385140748 900.15455246801 264.686372999156
0 0

0101101
*
Ed
 1e-07 1 1 1
2  797 320 0 0 6.28318530717959
0

0101000
+19 0 -19 0 *
Ve
1e-07
455.409385140748 900.15455246801 256.686372999156
0 0

0101101
*
Ed
 1e-07 1 1 0
1  320 0 4.71238898038469 7.85398163397448
3  798 799CN 320 0 4.71238898038469 7.85398163397448
0

0101000
-19 0 +17 0 *
Ed
 1e-07 1 1 1
2  800 320 0 0 6.28318530717959
0

0101000
+17 0 -17 0 *
Wi

0101100
-18 0 +16 0 +15 0 -16 0 *
Fa
0  1e-07 320 0

0111000
+14 0 *
Sh

0101100
+13 0 *
So

0100000
+12 0 *
Ve
1e-07
450 900 262
0 0

0101101
*
Ed
 1e-07 1 1 1
2  801 321 0 0 6.28318530717959
0

0101000
+10 0 -10 0 *
Ve
1e-07
450 900 254
0 0

0101101
*
Ed
 1e-07 1 1 0
1  321 0 4.71238898038469 7.85398163397448
3  802 803CN 321 0 4.71238898038469 7.85398163397448
0

0101000
-10 0 +8 0 *
Ed
 1e-07 1 1 1
2  804 321 0 0 6.28318530717959
0

0101000
+8 0 -8 0 *
Wi

0101100
-9 0 +7 0 +6 0 -7 0 *
Fa
0  1e-07 321 0

0111000
+5 0 *
Sh

0101100
+4 0 *
So

0100000
+3 0 *
Co

0100000
+1758 0 +1745 0 +1732 0 +1719 0 +1706 0 +1693 0 +1680 0 +1667 0 +1654 0 +1641 0 
+1628 0 +1615 0 +1602 0 +1589 0 +1576 0 +1563 0 +1550 0 +1537 0 +1524 0 +1511 0 
+1498 0 +1485 0 +1472 0 +1459 0 +1446 0 +1433 0 +1420 0 +1407 0 +1394 0 +1381 0 
+1368 0 +1355 0 +1342 0 +1329 0 +1316 0 +1303 0 +1290 0 +1277 0 +1264 0 +1251 0 
+1238 0 +1225 0 +1212 0 +1199 0 +1186 0 +1173 0 +1160 0 +1147 0 +1134 0 +1121 0 
+1108 0 +1095 0 +1082 0 +1069 0 +1056 0 +1043 0 +1030 0 +1017 0 +1004 0 +991 0 
+978 0 +965 0 +952 0 +939 0 +926 0 +913 0 +900 0 +887 0 +874 0 +861 0 
+848 0 +835 0 +822 0 +809 0 +796 0 +783 0 +770 0 +757 0 +744 0 +731 0 
+722 0 +713 0 +704 0 +695 0 +686 0 +677 0 +668 0 +659 0 +650 0 +641 0 
+632 0 +623 0 +614 0 +605 0 +596 0 +587 0 +578 0 +569 0 +560 0 +551 0 
+542 0 +533 0 +524 0 +515 0 +506 0 +497 0 +488 0 +479 0 +470 0 +461 0 
+452 0 +443 0 +434 0 +425 0 +416 0 +407 0 +398 0 +389 0 +380 0 +371 0 
+362 0 +353 0 +344 0 +335 0 +326 0 +317 0 +308 0 +299 0 +290 0 +281 0 
+272 0 +263 0 +254 0 +245 0 +236 0 +227 0 +218 0 +209 0 +200 0 +191 0 
+182 0 +173 0 +164 0 +155 0 +146 0 +137 0 +128 0 +119 0 +110 0 +101 0 
+92 0 +83 0 +74 0 +65 0 +56 0 +47 0 +38 0 +29 0 +20 0 +11 0 
+2 0 *

+1 0 