DBRep_DrawableShape

CASCADE Topology V1, (c) Matra-Datavision
Locations 0
Curve2ds 804
1 0 7.5086461695574265 1 0 
2 0 0 1 0 -0 1 4
1 6.2831853071795862 -0 0 1 
1 0 -0 0 1 
1 0 0 1 0 
2 0 0 1 0 -0 1 4
1 0 7.4119675802632923 1 0 
2 0 0 1 0 -0 1 4
1 6.2831853071795862 -0 0 1 
1 0 -0 0 1 
1 0 0 1 0 
2 0 0 1 0 -0 1 4
1 0 7.3157897310171212 1 0 
2 0 0 1 0 -0 1 4
1 6.2831853071795862 -0 0 1 
1 0 -0 0 1 
1 0 0 1 0 
2 0 0 1 0 -0 1 4
1 0 7.2201326326012181 1 0 
2 0 0 1 0 -0 1 4
1 6.2831853071795862 -0 0 1 
1 0 -0 0 1 
1 0 0 1 0 
2 0 0 1 0 -0 1 4
1 0 7.1250172591066194 1 0 
2 0 0 1 0 -0 1 4
1 6.2831853071795862 -0 0 1 
1 0 -0 0 1 
1 0 0 1 0 
2 0 0 1 0 -0 1 4
1 0 7.0304655976042758 1 0 
2 0 0 1 0 -0 1 4
1 6.2831853071795862 -0 0 1 
1 0 -0 0 1 
1 0 0 1 0 
2 0 0 1 0 -0 1 4
1 0 6.9365007000608356 1 0 
2 0 0 1 0 -0 1 4
1 6.2831853071795862 -0 0 1 
1 0 -0 0 1 
1 0 0 1 0 
2 0 0 1 0 -0 1 4
1 0 6.8431467375109776 1 0 
2 0 0 1 0 -0 1 4
1 6.2831853071795862 -0 0 1 
1 0 -0 0 1 
1 0 0 1 0 
2 0 0 1 0 -0 1 4
1 0 6.7504290564813045 1 0 
2 0 0 1 0 -0 1 4
1 6.2831853071795862 -0 0 1 
1 0 -0 0 1 
1 0 0 1 0 
2 0 0 1 0 -0 1 4
1 0 6.6583742376335753 1 0 
2 0 0 1 0 -0 1 4
1 6.2831853071795862 -0 0 1 
1 0 -0 0 1 
1 0 0 1 0 
2 0 0 1 0 -0 1 4
1 0 6.5670101565701149 1 0 
2 0 0 1 0 -0 1 4
1 6.2831853071795862 -0 0 1 
1 0 -0 0 1 
1 0 0 1 0 
2 0 0 1 0 -0 1 4
1 0 6.4763660467057829 1 0 
2 0 0 1 0 -0 1 4
1 6.2831853071795862 -0 0 1 
1 0 -0 0 1 
1 0 0 1 0 
2 0 0 1 0 -0 1 4
1 0 6.3864725640738982 1 0 
2 0 0 1 0 -0 1 4
1 6.2831853071795862 -0 0 1 
1 0 -0 0 1 
1 0 0 1 0 
2 0 0 1 0 -0 1 4
1 0 6.2973618538821361 1 0 
2 0 0 1 0 -0 1 4
1 6.2831853071795862 -0 0 1 
1 0 -0 0 1 
1 0 0 1 0 
2 0 0 1 0 -0 1 4
1 0 6.2090676185807254 1 0 
2 0 0 1 0 -0 1 4
1 6.2831853071795862 -0 0 1 
1 0 -0 0 1 
1 0 0 1 0 
2 0 0 1 0 -0 1 4
1 0 6.1216251871378988 1 0 
2 0 0 1 0 -0 1 4
1 6.2831853071795862 -0 0 1 
1 0 -0 0 1 
1 0 0 1 0 
2 0 0 1 0 -0 1 4
1 0 6.0350715851440295 1 0 
2 0 0 1 0 -0 1 4
1 6.2831853071795862 -0 0 1 
1 0 -0 0 1 
1 0 0 1 0 
2 0 0 1 0 -0 1 4
1 0 5.9494456052760816 1 0 
2 0 0 1 0 -0 1 4
1 6.2831853071795862 -0 0 1 
1 0 -0 0 1 
1 0 0 1 0 
2 0 0 1 0 -0 1 4
1 0 5.8647878775606879 1 0 
2 0 0 1 0 -0 1 4
1 6.2831853071795862 -0 0 1 
1 0 -0 0 1 
1 0 0 1 0 
2 0 0 1 0 -0 1 4
1 0 5.781140938754338 1 0 
2 0 0 1 0 -0 1 4
1 6.2831853071795862 -0 0 1 
1 0 -0 0 1 
1 0 0 1 0 
2 0 0 1 0 -0 1 4
1 0 5.6985493000427274 1 0 
2 0 0 1 0 -0 1 4
1 6.2831853071795862 -0 0 1 
1 0 -0 0 1 
1 0 0 1 0 
2 0 0 1 0 -0 1 4
1 0 5.6170595121122266 1 0 
2 0 0 1 0 -0 1 4
1 6.2831853071795862 -0 0 1 
1 0 -0 0 1 
1 0 0 1 0 
2 0 0 1 0 -0 1 4
1 0 5.5367202264986206 1 0 
2 0 0 1 0 -0 1 4
1 6.2831853071795862 -0 0 1 
1 0 -0 0 1 
1 0 0 1 0 
2 0 0 1 0 -0 1 4
1 0 5.4575822519449382 1 0 
2 0 0 1 0 -0 1 4
1 6.2831853071795862 -0 0 1 
1 0 -0 0 1 
1 0 0 1 0 
2 0 0 1 0 -0 1 4
1 0 5.3796986043165109 1 0 
2 0 0 1 0 -0 1 4
1 6.2831853071795862 -0 0 1 
1 0 -0 0 1 
1 0 0 1 0 
2 0 0 1 0 -0 1 4
1 0 5.3031245484282792 1 0 
2 0 0 1 0 -0 1 4
1 6.2831853071795862 -0 0 1 
1 0 -0 0 1 
1 0 0 1 0 
2 0 0 1 0 -0 1 4
1 0 5.2279176299285801 1 0 
2 0 0 1 0 -0 1 4
1 6.2831853071795862 -0 0 1 
1 0 -0 0 1 
1 0 0 1 0 
2 0 0 1 0 -0 1 4
1 0 5.1541376951734481 1 0 
2 0 0 1 0 -0 1 4
1 6.2831853071795862 -0 0 1 
1 0 -0 0 1 
1 0 0 1 0 
2 0 0 1 0 -0 1 4
1 0 5.0818468968098172 1 0 
2 0 0 1 0 -0 1 4
1 6.2831853071795862 -0 0 1 
1 0 -0 0 1 
1 0 0 1 0 
2 0 0 1 0 -0 1 4
1 0 5.0111096825690895 1 0 
2 0 0 1 0 -0 1 4
1 6.2831853071795862 -0 0 1 
1 0 -0 0 1 
1 0 0 1 0 
2 0 0 1 0 -0 1 4
1 0 4.9419927645816664 1 0 
2 0 0 1 0 -0 1 4
1 6.2831853071795862 -0 0 1 
1 0 -0 0 1 
1 0 0 1 0 
2 0 0 1 0 -0 1 4
1 0 4.8745650663350935 1 0 
2 0 0 1 0 -0 1 4
1 6.2831853071795862 -0 0 1 
1 0 -0 0 1 
1 0 0 1 0 
2 0 0 1 0 -0 1 4
1 0 4.8088976442638565 1 0 
2 0 0 1 0 -0 1 4
1 6.2831853071795862 -0 0 1 
1 0 -0 0 1 
1 0 0 1 0 
2 0 0 1 0 -0 1 4
1 0 4.7450635808591333 1 0 
2 0 0 1 0 -0 1 4
1 6.2831853071795862 -0 0 1 
1 0 -0 0 1 
1 0 0 1 0 
2 0 0 1 0 -0 1 4
1 0 4.6831378461561428 1 0 
2 0 0 1 0 -0 1 4
1 6.2831853071795862 -0 0 1 
1 0 -0 0 1 
1 0 0 1 0 
2 0 0 1 0 -0 1 4
1 0 4.6231971245147445 1 0 
2 0 0 1 0 -0 1 4
1 6.2831853071795862 -0 0 1 
1 0 -0 0 1 
1 0 0 1 0 
2 0 0 1 0 -0 1 4
1 0 4.5653196037583701 1 0 
2 0 0 1 0 -0 1 4
1 6.2831853071795862 -0 0 1 
1 0 -0 0 1 
1 0 0 1 0 
2 0 0 1 0 -0 1 4
1 0 4.5095847240199483 1 0 
2 0 0 1 0 -0 1 4
1 6.2831853071795862 -0 0 1 
1 0 -0 0 1 
1 0 0 1 0 
2 0 0 1 0 -0 1 4
1 0 4.4560728840634365 1 0 
2 0 0 1 0 -0 1 4
1 6.2831853071795862 -0 0 1 
1 0 -0 0 1 
1 0 0 1 0 
2 0 0 1 0 -0 1 4
1 0 4.4048651034250002 1 0 
2 0 0 1 0 -0 1 4
1 6.2831853071795862 -0 0 1 
1 0 -0 0 1 
1 0 0 1 0 
2 0 0 1 0 -0 1 4
1 0 4.3560426394808509 1 0 
2 0 0 1 0 -0 1 4
1 6.2831853071795862 -0 0 1 
1 0 -0 0 1 
1 0 0 1 0 
2 0 0 1 0 -0 1 4
1 0 4.3096865594721754 1 0 
2 0 0 1 0 -0 1 4
1 6.2831853071795862 -0 0 1 
1 0 -0 0 1 
1 0 0 1 0 
2 0 0 1 0 -0 1 4
1 0 4.2658772686437221 1 0 
2 0 0 1 0 -0 1 4
1 6.2831853071795862 -0 0 1 
1 0 -0 0 1 
1 0 0 1 0 
2 0 0 1 0 -0 1 4
1 0 4.2246939969284956 1 0 
2 0 0 1 0 -0 1 4
1 6.2831853071795862 -0 0 1 
1 0 -0 0 1 
1 0 0 1 0 
2 0 0 1 0 -0 1 4
1 0 4.1862142480471283 1 0 
2 0 0 1 0 -0 1 4
1 6.2831853071795862 -0 0 1 
1 0 -0 0 1 
1 0 0 1 0 
2 0 0 1 0 -0 1 4
1 0 4.150513216427318 1 0 
2 0 0 1 0 -0 1 4
1 6.2831853071795862 -0 0 1 
1 0 -0 0 1 
1 0 0 1 0 
2 0 0 1 0 -0 1 4
1 0 4.1176631789450298 1 0 
2 0 0 1 0 -0 1 4
1 6.2831853071795862 -0 0 1 
1 0 -0 0 1 
1 0 0 1 0 
2 0 0 1 0 -0 1 4
1 0 4.0877328700708304 1 0 
2 0 0 1 0 -0 1 4
1 6.2831853071795862 -0 0 1 
1 0 -0 0 1 
1 0 0 1 0 
2 0 0 1 0 -0 1 4
1 0 4.0607868504997997 1 0 
2 0 0 1 0 -0 1 4
1 6.2831853071795862 -0 0 1 
1 0 -0 0 1 
1 0 0 1 0 
2 0 0 1 0 -0 1 4
1 0 4.0368848806527371 1 0 
2 0 0 1 0 -0 1 4
1 6.2831853071795862 -0 0 1 
1 0 -0 0 1 
1 0 0 1 0 
2 0 0 1 0 -0 1 4
1 0 4.0160813114788692 1 0 
2 0 0 1 0 -0 1 4
1 6.2831853071795862 -0 0 1 
1 0 -0 0 1 
1 0 0 1 0 
2 0 0 1 0 -0 1 4
1 0 3.9984245056638796 1 0 
2 0 0 1 0 -0 1 4
1 6.2831853071795862 -0 0 1 
1 0 -0 0 1 
1 0 0 1 0 
2 0 0 1 0 -0 1 4
1 0 3.9839563025832847 1 0 
2 0 0 1 0 -0 1 4
1 6.2831853071795862 -0 0 1 
1 0 -0 0 1 
1 0 0 1 0 
2 0 0 1 0 -0 1 4
1 0 3.9727115400705317 1 0 
2 0 0 1 0 -0 1 4
1 6.2831853071795862 -0 0 1 
1 0 -0 0 1 
1 0 0 1 0 
2 0 0 1 0 -0 1 4
1 0 3.9647176452607837 1 0 
2 0 0 1 0 -0 1 4
1 6.2831853071795862 -0 0 1 
1 0 -0 0 1 
1 0 0 1 0 
2 0 0 1 0 -0 1 4
1 0 3.9599943054240532 1 0 
2 0 0 1 0 -0 1 4
1 6.2831853071795862 -0 0 1 
1 0 -0 0 1 
1 0 0 1 0 
2 0 0 1 0 -0 1 4
1 0 3.958553227841779 1 0 
2 0 0 1 0 -0 1 4
1 6.2831853071795862 -0 0 1 
1 0 -0 0 1 
1 0 0 1 0 
2 0 0 1 0 -0 1 4
1 0 3.960397995484584 1 0 
2 0 0 1 0 -0 1 4
1 6.2831853071795862 -0 0 1 
1 0 -0 0 1 
1 0 0 1 0 
2 0 0 1 0 -0 1 4
1 0 3.9655240226149697 1 0 
2 0 0 1 0 -0 1 4
1 6.2831853071795862 -0 0 1 
1 0 -0 0 1 
1 0 0 1 0 
2 0 0 1 0 -0 1 4
1 0 3.9739186115911633 1 0 
2 0 0 1 0 -0 1 4
1 6.2831853071795862 -0 0 1 
1 0 -0 0 1 
1 0 0 1 0 
2 0 0 1 0 -0 1 4
1 0 3.9855611092394185 1 0 
2 0 0 1 0 -0 1 4
1 6.2831853071795862 -0 0 1 
1 0 -0 0 1 
1 0 0 1 0 
2 0 0 1 0 -0 1 4
1 0 4.0004231583332537 1 0 
2 0 0 1 0 -0 1 4
1 6.2831853071795862 -0 0 1 
1 0 -0 0 1 
1 0 0 1 0 
2 0 0 1 0 -0 1 4
1 0 4.0184690371200196 1 0 
2 0 0 1 0 -0 1 4
1 6.2831853071795862 -0 0 1 
1 0 -0 0 1 
1 0 0 1 0 
2 0 0 1 0 -0 1 4
1 0 4.0396560775853905 1 0 
2 0 0 1 0 -0 1 4
1 6.2831853071795862 -0 0 1 
1 0 -0 0 1 
1 0 0 1 0 
2 0 0 1 0 -0 1 4
1 0 4.0639351513488595 1 0 
2 0 0 1 0 -0 1 4
1 6.2831853071795862 -0 0 1 
1 0 -0 0 1 
1 0 0 1 0 
2 0 0 1 0 -0 1 4
1 0 4.0912512108010892 1 0 
2 0 0 1 0 -0 1 4
1 6.2831853071795862 -0 0 1 
1 0 -0 0 1 
1 0 0 1 0 
2 0 0 1 0 -0 1 4
1 0 4.1215438723505873 1 0 
2 0 0 1 0 -0 1 4
1 6.2831853071795862 -0 0 1 
1 0 -0 0 1 
1 0 0 1 0 
2 0 0 1 0 -0 1 4
1 0 4.1547480284436107 1 0 
2 0 0 1 0 -0 1 4
1 6.2831853071795862 -0 0 1 
1 0 -0 0 1 
1 0 0 1 0 
2 0 0 1 0 -0 1 4
1 0 4.1907944753134778 1 0 
2 0 0 1 0 -0 1 4
1 6.2831853071795862 -0 0 1 
1 0 -0 0 1 
1 0 0 1 0 
2 0 0 1 0 -0 1 4
1 0 4.2296105441395095 1 0 
2 0 0 1 0 -0 1 4
1 6.2831853071795862 -0 0 1 
1 0 -0 0 1 
1 0 0 1 0 
2 0 0 1 0 -0 1 4
1 0 4.2711207243755833 1 0 
2 0 0 1 0 -0 1 4
1 6.2831853071795862 -0 0 1 
1 0 -0 0 1 
1 0 0 1 0 
2 0 0 1 0 -0 1 4
1 0 4.3152472693464263 1 0 
2 0 0 1 0 -0 1 4
1 6.2831853071795862 -0 0 1 
1 0 -0 0 1 
1 0 0 1 0 
2 0 0 1 0 -0 1 4
1 0 4.3619107757184672 1 0 
2 0 0 1 0 -0 1 4
1 6.2831853071795862 -0 0 1 
1 0 -0 0 1 
1 0 0 1 0 
2 0 0 1 0 -0 1 4
1 0 4.4110307300417686 1 0 
2 0 0 1 0 -0 1 4
1 6.2831853071795862 -0 0 1 
1 0 -0 0 1 
1 0 0 1 0 
2 0 0 1 0 -0 1 4
1 0 4.462526017149103 1 0 
2 0 0 1 0 -0 1 4
1 6.2831853071795862 -0 0 1 
1 0 -0 0 1 
1 0 0 1 0 
2 0 0 1 0 -0 1 4
1 0 4.5163153867294517 1 0 
2 0 0 1 0 -0 1 4
1 6.2831853071795862 -0 0 1 
1 0 -0 0 1 
1 0 0 1 0 
2 0 0 1 0 -0 1 4
1 0 4.5723178758045702 1 0 
2 0 0 1 0 -0 1 4
1 6.2831853071795862 -0 0 1 
1 0 -0 0 1 
1 0 0 1 0 
2 0 0 1 0 -0 1 4
1 0 4.630453186105135 1 0 
2 0 0 1 0 -0 1 4
1 6.2831853071795862 -0 0 1 
1 0 -0 0 1 
1 0 0 1 0 
2 0 0 1 0 -0 1 4
1 0 4.6906420164341078 1 0 
2 0 0 1 0 -0 1 4
1 6.2831853071795862 -0 0 1 
1 0 -0 0 1 
1 0 0 1 0 
2 0 0 1 0 -0 1 4
1 0 4.7528063510181422 1 0 
2 0 0 1 0 -0 1 4
1 6.2831853071795862 -0 0 1 
1 0 -0 0 1 
1 0 0 1 0 
2 0 0 1 0 -0 1 4
1 0 1.5707963267948966 1 0 
1 6.2831853071795862 -6.2831853071795862 0 1 
1 0 -6.2831853071795862 0 1 
1 0 -1.5707963267948966 1 0 
1 0 1.5707963267948966 1 0 
1 6.2831853071795862 -6.2831853071795862 0 1 
1 0 -6.2831853071795862 0 1 
1 0 -1.5707963267948966 1 0 
1 0 1.5707963267948966 1 0 
1 6.2831853071795862 -6.2831853071795862 0 1 
1 0 -6.2831853071795862 0 1 
1 0 -1.5707963267948966 1 0 
1 0 1.5707963267948966 1 0 
1 6.2831853071795862 -6.2831853071795862 0 1 
1 0 -6.2831853071795862 0 1 
1 0 -1.5707963267948966 1 0 
1 0 1.5707963267948966 1 0 
1 6.2831853071795862 -6.2831853071795862 0 1 
1 0 -6.2831853071795862 0 1 
1 0 -1.5707963267948966 1 0 
1 0 1.5707963267948966 1 0 
1 6.2831853071795862 -6.2831853071795862 0 1 
1 0 -6.2831853071795862 0 1 
1 0 -1.5707963267948966 1 0 
1 0 1.5707963267948966 1 0 
1 6.2831853071795862 -6.2831853071795862 0 1 
1 0 -6.2831853071795862 0 1 
1 0 -1.5707963267948966 1 0 
1 0 1.5707963267948966 1 0 
1 6.2831853071795862 -6.2831853071795862 0 1 
1 0 -6.2831853071795862 0 1 
1 0 -1.5707963267948966 1 0 
1 0 1.5707963267948966 1 0 
1 6.2831853071795862 -6.2831853071795862 0 1 
1 0 -6.2831853071795862 0 1 
1 0 -1.5707963267948966 1 0 
1 0 1.5707963267948966 1 0 
1 6.2831853071795862 -6.2831853071795862 0 1 
1 0 -6.2831853071795862 0 1 
1 0 -1.5707963267948966 1 0 
1 0 1.5707963267948966 1 0 
1 6.2831853071795862 -6.2831853071795862 0 1 
1 0 -6.2831853071795862 0 1 
1 0 -1.5707963267948966 1 0 
1 0 1.5707963267948966 1 0 
1 6.2831853071795862 -6.2831853071795862 0 1 
1 0 -6.2831853071795862 0 1 
1 0 -1.5707963267948966 1 0 
1 0 1.5707963267948966 1 0 
1 6.2831853071795862 -6.2831853071795862 0 1 
1 0 -6.2831853071795862 0 1 
1 0 -1.5707963267948966 1 0 
1 0 1.5707963267948966 1 0 
1 6.2831853071795862 -6.2831853071795862 0 1 
1 0 -6.2831853071795862 0 1 
1 0 -1.5707963267948966 1 0 
1 0 1.5707963267948966 1 0 
1 6.2831853071795862 -6.2831853071795862 0 1 
1 0 -6.2831853071795862 0 1 
1 0 -1.5707963267948966 1 0 
1 0 1.5707963267948966 1 0 
1 6.2831853071795862 -6.2831853071795862 0 1 
1 0 -6.2831853071795862 0 1 
1 0 -1.5707963267948966 1 0 
1 0 1.5707963267948966 1 0 
1 6.2831853071795862 -6.2831853071795862 0 1 
1 0 -6.2831853071795862 0 1 
1 0 -1.5707963267948966 1 0 
1 0 1.5707963267948966 1 0 
1 6.2831853071795862 -6.2831853071795862 0 1 
1 0 -6.2831853071795862 0 1 
1 0 -1.5707963267948966 1 0 
1 0 1.5707963267948966 1 0 
1 6.2831853071795862 -6.2831853071795862 0 1 
1 0 -6.2831853071795862 0 1 
1 0 -1.5707963267948966 1 0 
1 0 1.5707963267948966 1 0 
1 6.2831853071795862 -6.2831853071795862 0 1 
1 0 -6.2831853071795862 0 1 
1 0 -1.5707963267948966 1 0 
1 0 1.5707963267948966 1 0 
1 6.2831853071795862 -6.2831853071795862 0 1 
1 0 -6.2831853071795862 0 1 
1 0 -1.5707963267948966 1 0 
1 0 1.5707963267948966 1 0 
1 6.2831853071795862 -6.2831853071795862 0 1 
1 0 -6.2831853071795862 0 1 
1 0 -1.5707963267948966 1 0 
1 0 1.5707963267948966 1 0 
1 6.2831853071795862 -6.2831853071795862 0 1 
1 0 -6.2831853071795862 0 1 
1 0 -1.5707963267948966 1 0 
1 0 1.5707963267948966 1 0 
1 6.2831853071795862 -6.2831853071795862 0 1 
1 0 -6.2831853071795862 0 1 
1 0 -1.5707963267948966 1 0 
1 0 1.5707963267948966 1 0 
1 6.2831853071795862 -6.2831853071795862 0 1 
1 0 -6.2831853071795862 0 1 
1 0 -1.5707963267948966 1 0 
1 0 1.5707963267948966 1 0 
1 6.2831853071795862 -6.2831853071795862 0 1 
1 0 -6.2831853071795862 0 1 
1 0 -1.5707963267948966 1 0 
1 0 1.5707963267948966 1 0 
1 6.2831853071795862 -6.2831853071795862 0 1 
1 0 -6.2831853071795862 0 1 
1 0 -1.5707963267948966 1 0 
1 0 1.5707963267948966 1 0 
1 6.2831853071795862 -6.2831853071795862 0 1 
1 0 -6.2831853071795862 0 1 
1 0 -1.5707963267948966 1 0 
1 0 1.5707963267948966 1 0 
1 6.2831853071795862 -6.2831853071795862 0 1 
1 0 -6.2831853071795862 0 1 
1 0 -1.5707963267948966 1 0 
1 0 1.5707963267948966 1 0 
1 6.2831853071795862 -6.2831853071795862 0 1 
1 0 -6.2831853071795862 0 1 
1 0 -1.5707963267948966 1 0 
1 0 1.5707963267948966 1 0 
1 6.2831853071795862 -6.2831853071795862 0 1 
1 0 -6.2831853071795862 0 1 
1 0 -1.5707963267948966 1 0 
1 0 1.5707963267948966 1 0 
1 6.2831853071795862 -6.2831853071795862 0 1 
1 0 -6.2831853071795862 0 1 
1 0 -1.5707963267948966 1 0 
1 0 1.5707963267948966 1 0 
1 6.2831853071795862 -6.2831853071795862 0 1 
1 0 -6.2831853071795862 0 1 
1 0 -1.5707963267948966 1 0 
1 0 1.5707963267948966 1 0 
1 6.2831853071795862 -6.2831853071795862 0 1 
1 0 -6.2831853071795862 0 1 
1 0 -1.5707963267948966 1 0 
1 0 1.5707963267948966 1 0 
1 6.2831853071795862 -6.2831853071795862 0 1 
1 0 -6.2831853071795862 0 1 
1 0 -1.5707963267948966 1 0 
1 0 1.5707963267948966 1 0 
1 6.2831853071795862 -6.2831853071795862 0 1 
1 0 -6.2831853071795862 0 1 
1 0 -1.5707963267948966 1 0 
1 0 1.5707963267948966 1 0 
1 6.2831853071795862 -6.2831853071795862 0 1 
1 0 -6.2831853071795862 0 1 
1 0 -1.5707963267948966 1 0 
1 0 1.5707963267948966 1 0 
1 6.2831853071795862 -6.2831853071795862 0 1 
1 0 -6.2831853071795862 0 1 
1 0 -1.5707963267948966 1 0 
1 0 1.5707963267948966 1 0 
1 6.2831853071795862 -6.2831853071795862 0 1 
1 0 -6.2831853071795862 0 1 
1 0 -1.5707963267948966 1 0 
1 0 1.5707963267948966 1 0 
1 6.2831853071795862 -6.2831853071795862 0 1 
1 0 -6.2831853071795862 0 1 
1 0 -1.5707963267948966 1 0 
1 0 1.5707963267948966 1 0 
1 6.2831853071795862 -6.2831853071795862 0 1 
1 0 -6.2831853071795862 0 1 
1 0 -1.5707963267948966 1 0 
1 0 1.5707963267948966 1 0 
1 6.2831853071795862 -6.2831853071795862 0 1 
1 0 -6.2831853071795862 0 1 
1 0 -1.5707963267948966 1 0 
1 0 1.5707963267948966 1 0 
1 6.2831853071795862 -6.2831853071795862 0 1 
1 0 -6.2831853071795862 0 1 
1 0 -1.5707963267948966 1 0 
1 0 1.5707963267948966 1 0 
1 6.2831853071795862 -6.2831853071795862 0 1 
1 0 -6.2831853071795862 0 1 
1 0 -1.5707963267948966 1 0 
1 0 1.5707963267948966 1 0 
1 6.2831853071795862 -6.2831853071795862 0 1 
1 0 -6.2831853071795862 0 1 
1 0 -1.5707963267948966 1 0 
1 0 1.5707963267948966 1 0 
1 6.2831853071795862 -6.2831853071795862 0 1 
1 0 -6.2831853071795862 0 1 
1 0 -1.5707963267948966 1 0 
1 0 1.5707963267948966 1 0 
1 6.2831853071795862 -6.2831853071795862 0 1 
1 0 -6.2831853071795862 0 1 
1 0 -1.5707963267948966 1 0 
1 0 1.5707963267948966 1 0 
1 6.2831853071795862 -6.2831853071795862 0 1 
1 0 -6.2831853071795862 0 1 
1 0 -1.5707963267948966 1 0 
1 0 1.5707963267948966 1 0 
1 6.2831853071795862 -6.2831853071795862 0 1 
1 0 -6.2831853071795862 0 1 
1 0 -1.5707963267948966 1 0 
1 0 1.5707963267948966 1 0 
1 6.2831853071795862 -6.2831853071795862 0 1 
1 0 -6.2831853071795862 0 1 
1 0 -1.5707963267948966 1 0 
1 0 1.5707963267948966 1 0 
1 6.2831853071795862 -6.2831853071795862 0 1 
1 0 -6.2831853071795862 0 1 
1 0 -1.5707963267948966 1 0 
1 0 1.5707963267948966 1 0 
1 6.2831853071795862 -6.2831853071795862 0 1 
1 0 -6.2831853071795862 0 1 
1 0 -1.5707963267948966 1 0 
1 0 1.5707963267948966 1 0 
1 6.2831853071795862 -6.2831853071795862 0 1 
1 0 -6.2831853071795862 0 1 
1 0 -1.5707963267948966 1 0 
1 0 1.5707963267948966 1 0 
1 6.2831853071795862 -6.2831853071795862 0 1 
1 0 -6.2831853071795862 0 1 
1 0 -1.5707963267948966 1 0 
1 0 1.5707963267948966 1 0 
1 6.2831853071795862 -6.2831853071795862 0 1 
1 0 -6.2831853071795862 0 1 
1 0 -1.5707963267948966 1 0 
1 0 1.5707963267948966 1 0 
1 6.2831853071795862 -6.2831853071795862 0 1 
1 0 -6.2831853071795862 0 1 
1 0 -1.5707963267948966 1 0 
1 0 1.5707963267948966 1 0 
1 6.2831853071795862 -6.2831853071795862 0 1 
1 0 -6.2831853071795862 0 1 
1 0 -1.5707963267948966 1 0 
1 0 1.5707963267948966 1 0 
1 6.2831853071795862 -6.2831853071795862 0 1 
1 0 -6.2831853071795862 0 1 
1 0 -1.5707963267948966 1 0 
1 0 1.5707963267948966 1 0 
1 6.2831853071795862 -6.2831853071795862 0 1 
1 0 -6.2831853071795862 0 1 
1 0 -1.5707963267948966 1 0 
1 0 1.5707963267948966 1 0 
1 6.2831853071795862 -6.2831853071795862 0 1 
1 0 -6.2831853071795862 0 1 
1 0 -1.5707963267948966 1 0 
1 0 1.5707963267948966 1 0 
1 6.2831853071795862 -6.2831853071795862 0 1 
1 0 -6.2831853071795862 0 1 
1 0 -1.5707963267948966 1 0 
1 0 1.5707963267948966 1 0 
1 6.2831853071795862 -6.2831853071795862 0 1 
1 0 -6.2831853071795862 0 1 
1 0 -1.5707963267948966 1 0 
1 0 1.5707963267948966 1 0 
1 6.2831853071795862 -6.2831853071795862 0 1 
1 0 -6.2831853071795862 0 1 
1 0 -1.5707963267948966 1 0 
1 0 1.5707963267948966 1 0 
1 6.2831853071795862 -6.2831853071795862 0 1 
1 0 -6.2831853071795862 0 1 
1 0 -1.5707963267948966 1 0 
1 0 1.5707963267948966 1 0 
1 6.2831853071795862 -6.2831853071795862 0 1 
1 0 -6.2831853071795862 0 1 
1 0 -1.5707963267948966 1 0 
1 0 1.5707963267948966 1 0 
1 6.2831853071795862 -6.2831853071795862 0 1 
1 0 -6.2831853071795862 0 1 
1 0 -1.5707963267948966 1 0 
1 0 1.5707963267948966 1 0 
1 6.2831853071795862 -6.2831853071795862 0 1 
1 0 -6.2831853071795862 0 1 
1 0 -1.5707963267948966 1 0 
1 0 1.5707963267948966 1 0 
1 6.2831853071795862 -6.2831853071795862 0 1 
1 0 -6.2831853071795862 0 1 
1 0 -1.5707963267948966 1 0 
1 0 1.5707963267948966 1 0 
1 6.2831853071795862 -6.2831853071795862 0 1 
1 0 -6.2831853071795862 0 1 
1 0 -1.5707963267948966 1 0 
1 0 1.5707963267948966 1 0 
1 6.2831853071795862 -6.2831853071795862 0 1 
1 0 -6.2831853071795862 0 1 
1 0 -1.5707963267948966 1 0 
1 0 1.5707963267948966 1 0 
1 6.2831853071795862 -6.2831853071795862 0 1 
1 0 -6.2831853071795862 0 1 
1 0 -1.5707963267948966 1 0 
1 0 1.5707963267948966 1 0 
1 6.2831853071795862 -6.2831853071795862 0 1 
1 0 -6.2831853071795862 0 1 
1 0 -1.5707963267948966 1 0 
1 0 1.5707963267948966 1 0 
1 6.2831853071795862 -6.2831853071795862 0 1 
1 0 -6.2831853071795862 0 1 
1 0 -1.5707963267948966 1 0 
1 0 1.5707963267948966 1 0 
1 6.2831853071795862 -6.2831853071795862 0 1 
1 0 -6.2831853071795862 0 1 
1 0 -1.5707963267948966 1 0 
1 0 1.5707963267948966 1 0 
1 6.2831853071795862 -6.2831853071795862 0 1 
1 0 -6.2831853071795862 0 1 
1 0 -1.5707963267948966 1 0 
1 0 1.5707963267948966 1 0 
1 6.2831853071795862 -6.2831853071795862 0 1 
1 0 -6.2831853071795862 0 1 
1 0 -1.5707963267948966 1 0 
1 0 1.5707963267948966 1 0 
1 6.2831853071795862 -6.2831853071795862 0 1 
1 0 -6.2831853071795862 0 1 
1 0 -1.5707963267948966 1 0 
1 0 1.5707963267948966 1 0 
1 6.2831853071795862 -6.2831853071795862 0 1 
1 0 -6.2831853071795862 0 1 
1 0 -1.5707963267948966 1 0 
1 0 1.5707963267948966 1 0 
1 6.2831853071795862 -6.2831853071795862 0 1 
1 0 -6.2831853071795862 0 1 
1 0 -1.5707963267948966 1 0 
1 0 1.5707963267948966 1 0 
1 6.2831853071795862 -6.2831853071795862 0 1 
1 0 -6.2831853071795862 0 1 
1 0 -1.5707963267948966 1 0 
1 0 1.5707963267948966 1 0 
1 6.2831853071795862 -6.2831853071795862 0 1 
1 0 -6.2831853071795862 0 1 
1 0 -1.5707963267948966 1 0 
Curves 321
2 306.38041321191076 947.0014568228197 567.17296633301225 0.84974215961581756 -0.079236008225830434 -0.5212100509121852 0.5228539640235752 0 0.8524222734682817 -0.067542538272413841 -0.99685588476992804 0.041428860994280045 4
1 302.09141585609427 947.59641197247561 574.49623727920198 0.84974215961581756 -0.079236008225830434 -0.5212100509121852 
2 300 947.59641197247561 571.08654818532887 0.84974215961581756 -0.079236008225830434 -0.5212100509121852 0.5228539640235752 0 0.8524222734682817 -0.067542538272413841 -0.99685588476992804 0.041428860994280045 4
2 312.64676532984907 946.40650167316369 563.25938448069564 0.84543706513564032 -0.080269529408125359 -0.52800849571141684 0.52971779162957144 -6.9388939039072268e-18 0.84817395693990161 -0.068082524379793466 -0.99677319518965701 0.04252019785321709 4
1 308.49928437842902 947.0014568228197 570.56566216077181 0.84543706513564032 -0.080269529408125359 -0.52800849571141684 
2 306.38041321191076 947.0014568228197 567.17296633301225 0.84543706513564032 -0.080269529408125359 -0.52800849571141684 0.52971779162957144 -6.9388939039072268e-18 0.84817395693990161 -0.068082524379793466 -0.99677319518965701 0.04252019785321709 4
2 318.79905635381499 945.81154652350779 559.34580262837903 0.8409606139828949 -0.081324801768624 -0.53495001855015067 0.5367278477023868 0 0.84375542516819624 -0.068618242693004608 -0.99668765248561897 0.043649285818096809 4
1 314.7936767206586 946.40650167316369 566.63440618136838 0.8409606139828949 -0.081324801768624 -0.53495001855015067 
2 312.64676532984907 946.40650167316369 563.25938448069564 0.8409606139828949 -0.081324801768624 -0.53495001855015067 0.5367278477023868 0 0.84375542516819624 -0.068618242693004608 -0.99668765248561897 0.043649285818096809 4
2 324.83728628380845 945.21659137385177 555.43222077606242 0.83630457184801776 -0.08240224659718888 -0.54203739064924261 0.54388706789944052 6.9388939039072299e-18 0.83915842209427272 -0.069148539231520173 -0.99659915199428917 0.044817516290071718 4
1 320.97460462541278 945.81154652350779 562.70243631675612 0.83630457184801787 -0.082402246597188894 -0.54203739064924272 
2 318.79905635381499 945.81154652350779 559.34580262837903 0.83630457184801776 -0.08240224659718888 -0.54203739064924261 0.54388706789944052 6.9388939039072299e-18 0.83915842209427272 -0.069148539231520173 -0.99659915199428917 0.044817516290071718 4
2 330.76145511982952 944.62163622419587 551.51863892374581 0.83146027870308314 -0.083502274874559634 -0.54927331541752933 0.55119832786056233 -1.3877787807814457e-17 0.83437425856969005 -0.069672148687343186 -0.99650758656960237 0.046026314283410308 4
1 327.0420795952507 945.21659137385177 558.76971781034115 0.83146027870308326 -0.083502274874559648 -0.54927331541752944 
2 324.83728628380845 945.21659137385177 555.43222077606242 0.83146027870308314 -0.083502274874559634 -0.54927331541752933 0.55119832786056233 -1.3877787807814457e-17 0.83437425856969005 -0.069672148687343186 -0.99650758656960237 0.046026314283410308 4
2 336.57156286187814 944.02668107453997 547.6050570714292 0.82641862923395659 -0.084625284256940436 -0.55666040861507315 0.55866442349054624 0 0.82939379182989781 -0.070187685394546784 -0.99641284679816944 0.047277135642127224 4
1 332.99611281379168 944.62163622419587 554.83621409106536 0.82641862923395659 -0.084625284256940436 -0.55666040861507315 
2 330.76145511982952 944.62163622419587 551.51863892374581 0.82641862923395659 -0.084625284256940436 -0.55666040861507315 0.55866442349054624 0 0.82939379182989781 -0.070187685394546784 -0.99641284679816944 0.047277135642127224 4
2 342.26760950995435 943.43172592488395 543.69147521911259 0.82117005308256696 -0.085771655678027706 -0.56420117600251773 0.56628804867455274 0 0.82420740467940923 -0.070693633721443147 -0.99631482126998894 0.048571463525495941 4
1 338.83671505657634 944.02668107453997 550.90188669014685 0.82117005308256696 -0.085771655678027706 -0.56420117600251773 
2 336.57156286187814 944.02668107453997 547.6050570714292 0.82117005308256696 -0.085771655678027706 -0.56420117600251773 0.56628804867455274 0 0.82420740467940923 -0.070693633721443147 -0.99631482126998894 0.048571463525495941 4
2 347.84959506405812 942.83677077522805 539.77789336679598 0.81570449505428455 -0.086941749530904028 -0.57189798822581983 0.57407177016300348 0 0.8188049845365597 -0.071188337880233335 -0.99621339691278277 0.04991080405427456 4
1 344.56389659060636 943.43172592488395 546.96669515725887 0.81570449505428477 -0.086941749530904042 -0.57189798822581994 
2 342.26760950995435 943.43172592488395 543.69147521911259 0.81570449505428455 -0.086941749530904028 -0.57189798822581983 0.57407177016300348 0 0.8188049845365597 -0.071188337880233335 -0.99621339691278277 0.04991080405427456 4
2 353.31751952418949 942.24181562557203 535.86431151447937 0.81001139548032741 -0.088135901389079938 -0.57975305266841592 0.58201799934334841 0 0.81317590252070671 -0.071669991156541102 -0.9961084593990428 0.051296680996794956 4
1 350.17766706143152 942.83677077522805 543.03059697687877 0.81001139548032741 -0.088135901389079938 -0.57975305266841592 
2 347.84959506405812 942.83677077522805 539.77789336679598 0.81001139548032741 -0.088135901389079938 -0.57975305266841592 0.58201799934334841 0 0.81317590252070671 -0.071669991156541102 -0.9961084593990428 0.051296680996794956 4
2 358.67138289034841 941.64686047591613 531.95072966216276 0.80407967096510224 -0.089354417222927529 -0.58776838198681969 0.59012896059773845 0 0.8073089928050059 -0.072136624570919891 -0.99599989363591357 0.052730629360582884 4
1 355.67803536658045 942.24181562557203 539.09354748569945 0.80407967096510224 -0.089354417222927529 -0.58776838198681969 
2 353.31751952418949 942.24181562557203 535.86431151447937 0.80407967096510224 -0.089354417222927529 -0.58776838198681969 0.59012896059773845 0 0.8073089928050059 -0.072136624570919891 -0.99599989363591357 0.052730629360582884 4
2 363.91118516253493 941.05190532626023 528.03714780984615 0.79789769579452285 -0.090597568066902723 -0.59594575903026104 0.59840665592779829 0 0.80119253250470934 -0.07258609499828958 -0.99588758434893798 0.054214187742106346 4
1 361.06500951405962 941.64686047591613 535.15549979218156 0.79789769579452285 -0.090597568066902723 -0.59594575903026104 
2 358.67138289034841 941.64686047591613 531.95072966216276 0.79789769579452285 -0.090597568066902723 -0.59594575903026104 0.59840665592779829 0 0.80119253250470934 -0.07258609499828958 -0.99588758434893798 0.054214187742106346 4
2 369.03692634074901 940.45695017660421 524.12356595752954 0.79145328433393436 -0.091865584089188615 -0.60428669783222988 0.60685282551210473 0 0.79481422242431921 -0.073016072785404354 -0.99577141677191783 0.05574888927184396 4
1 366.33859646458336 941.05190532626023 531.21640469954343 0.79145328433393436 -0.091865584089188615 -0.60428669783222988 
2 363.91118516253493 941.05190532626023 528.03714780984615 0.79145328433393436 -0.091865584089188615 -0.60428669783222988 0.60685282551210473 0 0.79481422242431921 -0.073016072785404354 -0.99577141677191783 0.05574888927184396 4
2 374.04860642499068 939.86199502694831 520.20998410521292 0.7847336748041629 -0.093158648015295567 -0.61279240035130711 0.61546890384854325 0 0.78816116904823019 -0.073424028926687937 -0.99565127745609927 0.057336250977986232 4
1 371.49880195614315 940.45695017660421 527.27621063372248 0.7847336748041629 -0.093158648015295567 -0.61279240035130711 
2 369.03692634074901 940.45695017660421 524.12356595752954 0.7847336748041629 -0.093158648015295567 -0.61279240035130711 0.61546890384854325 0 0.78816116904823019 -0.073424028926687937 -0.99565127745609927 0.057336250977986232 4
2 378.9462254152599 939.26703987729229 516.29640225289631 0.7777255148916028 -0.09447688785570485 -0.62146370863284661 0.62425597112463183 0 0.78121986822868428 -0.073807221881289936 -0.99552705521301654 0.058977761377195972 4
1 376.54563030948918 939.86199502694831 523.33486357812762 0.77772551489160291 -0.094476887855704864 -0.62146370863284672 
2 374.04860642499068 939.86199502694831 520.20998410521292 0.7777255148916028 -0.09447688785570485 -0.62146370863284661 0.62425597112463183 0 0.78121986822868428 -0.073807221881289936 -0.99552705521301654 0.058977761377195972 4
2 383.72978331155673 938.67208472763639 512.3828204005797 0.77041484972429042 -0.095820368886866444 -0.63030105206217435 0.6332146994545188 0 0.77397619110326876 -0.074162684141167057 -0.99539864220642027 0.060674866086318259 4
1 381.47908421307795 939.26703987729229 519.39230701730935 0.77041484972429042 -0.095820368886866444 -0.63030105206217435 
2 378.9462254152599 939.26703987729229 516.29640225289631 0.77041484972429042 -0.095820368886866444 -0.63030105206217435 0.6332146994545188 0 0.77397619110326876 -0.074162684141167057 -0.99539864220642027 0.060674866086318259 4
2 388.3992801138811 938.07712957798049 508.46923854826315 0.76278711283000789 -0.097189084837464121 -0.63930438938655565 0.64234529362444148 0 0.76641537286156391 -0.074487208693779242 -0.99526593520950779 0.06242895123701165 4
1 386.29916448605451 938.67208472763639 515.44848189202594 0.762787112830008 -0.097189084837464135 -0.63930438938655576 
2 383.72978331155673 938.67208472763639 512.3828204005797 0.76278711283000789 -0.097189084837464121 -0.63930438938655565 0.64234529362444148 0 0.76641537286156391 -0.074487208693779242 -0.99526593520950779 0.06242895123701165 4
2 392.95471582223308 937.48217442832447 504.55565669594648 0.75482712078605141 -0.098582948232223383 -0.64847314519853672 0.65164742600001546 -1.3877787807814457e-17 0.75852200507800327 -0.074777335559607097 -0.99512883704465271 0.064241324463021124 4
1 391.00586981788115 938.07712957798049 511.50332656857518 0.75482712078605141 -0.098582948232223383 -0.64847314519853672 
2 388.3992801138811 938.07712957798049 508.46923854826315 0.75482712078605141 -0.098582948232223383 -0.64847314519853672 0.65164742600001546 -1.3877787807814457e-17 0.75852200507800327 -0.074777335559607097 -0.99512883704465271 0.064241324463021124 4
2 397.39609043661261 936.88721927866857 500.64207484362987 0.74651907237219395 -0.10000177985126629 -0.65780614060005393 0.66112016527197848 0 0.75028003243505825 -0.075029338630371617 -0.99498725822322909 0.066113193222761171 4
1 395.59919648332101 937.48217442832447 507.55677682568671 0.74651907237219406 -0.10000177985126631 -0.65780614060005405 
2 392.95471582223308 937.48217442832447 504.55565669594648 0.74651907237219395 -0.10000177985126629 -0.65780614060005393 0.66112016527197848 0 0.75028003243505825 -0.075029338630371617 -0.99498725822322909 0.066113193222761171 4
2 401.72340395701974 936.29226412901266 496.7284929913132 0.73784655314881886 -0.10144529726851079 -0.66730151780773772 0.67076189875458381 -2.775557561562892e-17 0.74167275477743244 -0.075239213084351969 -0.99484111880345172 0.068045640215549485 4
1 400.07913803163092 936.88721927866857 503.60876586273957 0.73784655314881897 -0.1014452972685108 -0.66730151780773783 
2 397.39609043661261 936.88721927866857 500.64207484362987 0.73784655314881886 -0.10144529726851079 -0.66730151780773772 0.67076189875458381 -2.775557561562892e-17 0.74167275477743244 -0.075239213084351969 -0.99484111880345172 0.068045640215549485 4
2 405.93665638345442 935.69730897935665 492.81491113899665 0.72879254650077907 -0.10291310244102284 -0.67695665851727416 0.68057024800520549 -6.9388939039072284e-18 0.73268283556402014 -0.075402663713179094 -0.99469035048399035 0.070039595651272032 4
1 404.44568494904058 936.29226412901266 499.65922433356928 0.72879254650077907 -0.10291310244102284 -0.67695665851727416 
2 401.72340395701974 936.29226412901266 496.7284929913132 0.72879254650077907 -0.10291310244102284 -0.67695665851727416 0.68057024800520549 -6.9388939039072284e-18 0.73268283556402014 -0.075402663713179094 -0.99469035048399035 0.070039595651272032 4
2 410.0358477159167 935.10235382970075 488.9013292866801 0.71933945231140628 -0.10440466833399889 -0.68676809592350285 0.69054197761020786 1.387778780781446e-17 0.72329231791730175 -0.07551509456068517 -0.99453489895029212 0.072095806143097463 4
1 408.69882429389526 935.69730897935665 495.70808041066584 0.71933945231140628 -0.10440466833399889 -0.68676809592350285 
2 405.93665638345442 935.69730897935665 492.81491113899665 0.71933945231140628 -0.10440466833399889 -0.68676809592350285 0.69054197761020786 1.387778780781446e-17 0.72329231791730175 -0.07551509456068517 -0.99453489895029212 0.072095806143097463 4
2 414.02097795440653 934.50739868004484 484.98774743436343 0.70946911456013229 -0.10591932458130159 -0.69673142039490565 0.70067289708268155 0 0.7134826496094786 -0.075571600347113438 -0.99437472648908409 0.074214800011421472 4
1 412.83853930424743 935.10235382970075 491.75525988511799 0.70946911456013229 -0.10591932458130159 -0.69673142039490565 
2 410.0358477159167 935.10235382970075 488.9013292866801 0.70946911456013229 -0.10591932458130159 -0.69673142039490565 0.70067289708268155 0 0.7134826496094786 -0.075571600347113438 -0.99437472648908409 0.074214800011421472 4
2 417.89204709892397 933.91244353038894 481.07416558204682 0.69916285926649924 -0.10745624220065524 -0.70684117893230269 -0.71095775594874588 6.9388939039072268e-18 -0.70323471846626273 0.075566960231420316 0.99420981488421956 -0.07639684881766276 4
1 411.17714693061157 934.50739868004484 482.17480856049838 0.69916285926649924 -0.10745624220065524 -0.70684117893230269 
2 414.02097795440653 934.50739868004484 484.98774743436343 0.69916285926649924 -0.10745624220065524 -0.70684117893230269 -0.71095775594874588 6.9388939039072268e-18 -0.70323471846626273 0.075566960231420316 0.99420981488421956 -0.07639684881766276 4
2 421.64905514946895 933.31748838073293 477.16058372973015 0.68840154432964962 -0.10901441740873256 -0.71709076870476307 -0.72139013226424398 -6.9388939039072284e-18 -0.69252889980980337 0.075495634551476232 0.99404016860337929 -0.078641924993195084 4
1 415.00648656986698 933.91244353038894 478.30404998280761 0.68840154432964962 -0.10901441740873256 -0.71709076870476307 
2 417.89204709892397 933.91244353038894 481.07416558204682 0.68840154432964962 -0.10901441740873256 -0.71709076870476307 -0.72139013226424398 -6.9388939039072284e-18 -0.69252889980980337 0.075495634551476232 0.99404016860337929 -0.078641924993195084 4
2 425.29200210604154 932.72253323107702 473.2470018774136 0.6771656229309192 -0.11059265461052559 -0.72747232515524418 -0.73196231500738818 -6.9388939039072253e-18 -0.68134511769662287 0.075351765271990515 0.99386581828041409 -0.08094965549153281 4
1 418.72120588943937 933.31748838073293 474.43520325894366 0.6771656229309192 -0.11059265461052559 -0.72747232515524418 
2 421.64905514946895 933.31748838073293 477.16058372973015 0.6771656229309192 -0.11059265461052559 -0.72747232515524418 -0.73196231500738818 -6.9388939039072253e-18 -0.68134511769662287 0.075351765271990515 0.99386581828041409 -0.08094965549153281 4
2 428.82088796864167 932.12757808142112 469.33342002509704 0.66543522226835361 -0.11218954867507931 -0.73797660541019106 -0.74266518104213175 0 -0.6696629218253447 0.07512918096402034 0.99368682449154078 -0.083319271477812831 4
1 422.32134138187303 932.72253323107702 470.5683501901122 0.66543522226835361 -0.11218954867507931 -0.73797660541019106 
2 425.29200210604154 932.72253323107702 473.2470018774136 0.66543522226835361 -0.11218954867507931 -0.73797660541019106 -0.74266518104213175 0 -0.6696629218253447 0.07512918096402034 0.99368682449154078 -0.083319271477812831 4
2 432.23571273726941 931.5326229317651 465.41983817278037 0.65319023947100507 -0.11380346665181562 -0.74859286801160485 -0.75348806764251475 6.9388939039072284e-18 -0.65746158208700622 0.074821407231888556 0.99350328181542968 -0.085749554178495918 4
1 425.80693569807158 932.12757808142112 466.703573696749 0.65319023947100507 -0.11380346665181562 -0.74859286801160485 
2 428.82088796864167 932.12757808142112 469.33342002509704 0.65319023947100507 -0.11380346665181562 -0.74859286801160485 -0.75348806764251475 6.9388939039072284e-18 -0.65746158208700622 0.074821407231888556 0.99350328181542968 -0.085749554178495918 4
2 435.5364764119247 930.9376677821092 461.50625632046376 0.6404104565825357 -0.11543252913344623 -0.75930875032334777 -0.7644186419175778 0 -0.64472020279256503 0.074421683591774132 0.99331532315667825 -0.088238777153300196 4
1 429.17803816959912 931.5326229317651 462.84095736161009 0.64041045658253581 -0.11543252913344625 -0.75930875032334788 
2 432.23571273726941 931.5326229317651 465.41983817278037 0.6404104565825357 -0.11543252913344623 -0.75930875032334777 -0.7644186419175778 0 -0.64472020279256503 0.074421683591774132 0.99331532315667825 -0.088238777153300196 4
2 438.72317899260759 930.34271263245319 457.5926744681471 0.62707567649930118 -0.11707459152882105 -0.77011014534370559 -0.775442768878148 -1.387778780781446e-17 -0.63141785862817601 0.073922987882896571 0.99312312429947969 -0.090784645420387181 4
1 432.43470533641209 930.9376677821092 458.98058488595103 0.62707567649930129 -0.11707459152882106 -0.7701101453437057 
2 435.5364764119247 930.9376677821092 461.50625632046376 0.62707567649930118 -0.11707459152882105 -0.77011014534370559 -0.775442768878148 -1.387778780781446e-17 -0.63141785862817601 0.073922987882896571 0.99312312429947969 -0.090784645420387181 4
2 441.79582047931802 929.74775748279728 453.67909261583054 0.6131658816805543 -0.11872722557349445 -0.78098108008486933 -0.78654438034326279 0 -0.61753375434095314 0.073318069350885265 0.99292690864313904 -0.093384232068578987 4
1 435.57700147123455 930.34271263245319 455.12253945078328 0.6131658816805543 -0.11872722557349445 -0.78098108008486933 
2 438.72317899260759 930.34271263245319 457.5926744681471 0.6131658816805543 -0.11872722557349445 -0.78098108008486933 -0.78654438034326279 0 -0.61753375434095314 0.073318069350885265 0.99292690864313904 -0.093384232068578987 4
2 444.75440087205607 929.15280233314138 449.76551076351399 0.59866141730146438 -0.12038770147941823 -0.79190359815264399 -0.79770534739177734 6.9388939039072284e-18 -0.60304741002889961 0.072599491576495506 0.99272695205303185 -0.096033913230336915 4
1 438.60499908975089 929.74775748279728 451.26690297571497 0.59866141730146438 -0.12038770147941823 -0.79190359815264399 
2 441.79582047931802 929.74775748279728 453.67909261583054 0.59866141730146438 -0.12038770147941823 -0.79190359815264399 -0.79770534739177734 6.9388939039072284e-18 -0.60304741002889961 0.072599491576495506 0.99272695205303185 -0.096033913230336915 4
2 447.59892017082166 928.55784718348536 445.85192891119732 0.58354320027657802 -0.12205297120042935 -0.8028576496690536 -0.80890535961651744 6.9388939039072268e-18 -0.58793887367963071 0.071759686416832835 0.99252358774043614 -0.098729302561147744 4
1 441.51877943359 929.15280233314138 447.41375526879546 0.58354320027657802 -0.12205297120042935 -0.8028576496690536 
2 444.75440087205607 929.15280233314138 449.76551076351399 0.58354320027657802 -0.12205297120042935 -0.8028576496690536 -0.80890535961651744 6.9388939039072268e-18 -0.58793887367963071 0.071759686416832835 0.99252358774043614 -0.098729302561147744 4
2 450.32937837561485 927.96289203382946 441.93834705888071 0.56779295522127327 -0.12371965337327905 -0.81382099221529591 -0.82012181502385062 -6.9388939039072284e-18 -0.57218896225109495 0.070791020073721733 0.99231721106166237 -0.10146518667861529 4
1 444.31843291072624 928.55784718348536 443.56317306219296 0.56779295522127338 -0.12371965337327906 -0.81382099221529602 
2 447.59892017082166 928.55784718348536 445.85192891119732 0.56779295522127327 -0.12371965337327905 -0.81382099221529591 -0.82012181502385062 -6.9388939039072284e-18 -0.57218896225109495 0.070791020073721733 0.99231721106166237 -0.10146518667861529 4
2 452.94577548643559 927.36793688417345 438.02476520656404 0.55139347792406646 -0.1253840205758201 -0.82476910701543882 -0.8313297250227013 0 -0.55577953209314923 0.069685872287587089 0.99210828410221552 -0.10423546334753725 4
1 447.00405947552406 927.96289203382946 439.71522893050809 0.55139347792406646 -0.1253840205758201 -0.82476910701543882 
2 450.32937837561485 927.96289203382946 441.93834705888071 0.55139347792406646 -0.1253840205758201 -0.82476910701543882 -0.8313297250227013 0 -0.55577953209314923 0.069685872287587089 0.99210828410221552 -0.10423546334753725 4
2 455.44811150328394 926.77298173451754 434.11118335424749 0.53432892625661887 -0.12704198962331073 -0.83567513510813474 -0.84250163953896495 1.3877787807814457e-17 -0.53869377885228642 0.068436729463094245 0.9918973398858123 -0.10703308454793146 4
1 449.57576892827973 927.36793688417345 435.86999009115488 0.53432892625661887 -0.12704198962331073 -0.83567513510813474 
2 452.94577548643559 927.36793688417345 438.02476520656404 0.53432892625661887 -0.12704198962331073 -0.83567513510813474 -0.84250163953896495 1.3877787807814457e-17 -0.53869377885228642 0.068436729463094245 0.9918973398858123 -0.10703308454793146 4
2 457.83638642615983 926.17802658486164 430.19760150193093 0.51658513763385538 -0.12868911569898711 -0.84650983873574881 -0.85360759784391016 0 -0.52091656616309434 0.067036292252481519 0.99168498602157573 -0.10985000692046941 4
1 452.03368111190832 926.77298173451754 432.02751708959511 0.51658513763385538 -0.12868911569898711 -0.84650983873574881 
2 455.44811150328394 926.77298173451754 434.11118335424749 0.51658513763385538 -0.12868911569898711 -0.84650983873574881 -0.85360759784391016 0 -0.52091656616309434 0.067036292252481519 0.99168498602157573 -0.10985000692046941 4
2 460.11060025506333 925.58307143520562 426.28401964961427 0.49814997115016141 -0.13032059117311812 -0.85724159357755292 -0.86461511115497047 6.9388939039072284e-18 -0.50243478140200259 0.065477597738245352 0.99147190757796522 -0.11267715242292699 4
1 454.37792598153993 926.17802658486164 428.18786237632293 0.49814997115016141 -0.13032059117311812 -0.85724159357755292 
2 457.83638642615983 926.17802658486164 430.19760150193093 0.49814997115016141 -0.13032059117311812 -0.85724159357755292 -0.86461511115497047 6.9388939039072284e-18 -0.50243478140200259 0.065477597738245352 0.99147190757796522 -0.11267715242292699 4
2 462.27075298999438 924.98811628554972 422.37043779729765 0.4790136713531874 -0.13193125000777137 -0.86783641772405895 -0.87548918340938342 0 -0.48323771555329903 0.063754155863846598 0.99125886894967397 -0.11550438233548296 4
1 456.60864352142579 925.58307143520562 424.35106878740106 0.47901367135318745 -0.13193125000777139 -0.86783641772405906 
2 460.11060025506333 925.58307143520562 426.28401964961427 0.4790136713531874 -0.13193125000777137 -0.86783641772405895 -0.87548918340938342 0 -0.48323771555329903 0.063754155863846598 0.99125886894967397 -0.11550438233548296 4
2 464.31684463095303 924.39316113589371 418.45685594498099 0.45916924929038527 -0.13351557865756541 -0.87825804338009883 -0.88619237676650198 2.0816681711721685e-17 -0.46331746282752873 0.061860099151572576 0.9910467144669497 -0.11832048798590272 4
1 458.72598348292837 924.98811628554972 420.51716794598752 0.45916924929038527 -0.13351557865756541 -0.87825804338009883 
2 462.27075298999438 924.98811628554972 422.37043779729765 0.45916924929038527 -0.13351557865756541 -0.87825804338009883 -0.88619237676650198 2.0816681711721685e-17 -0.46331746282752873 0.061860099151572576 0.9910467144669497 -0.11832048798590272 4
2 466.24887517793923 923.7982059862378 414.54327409266443 0.43861287499677315 -0.13506773435429281 -0.88846803714228406 -0.8966849283045043 0 -0.44266933409888015 0.059790344024859242 0.99083636748778969 -0.12111320169573089 4
1 460.73010491773499 924.39316113589371 416.68617860858546 0.43861287499677321 -0.13506773435429284 -0.88846803714228417 
2 464.31684463095303 924.39316113589371 418.45685594498099 0.43861287499677315 -0.13506773435429281 -0.88846803714228406 -0.8966849283045043 0 -0.44266933409888015 0.059790344024859242 0.99083636748778969 -0.12111320169573089 4
2 468.06684463095303 923.2032508365819 410.62969224034782 0.41734427402906832 -0.13658157159976944 -0.89842597426526294 -0.90692492397771995 6.9388939039072284e-18 -0.42129227653495721 0.057540761231989139 0.99062882771466787 -0.12386923143987844 4
1 462.62117548202832 923.7982059862378 412.85810498652461 0.41734427402906832 -0.13658157159976944 -0.89842597426526294 
2 466.24887517793923 923.7982059862378 414.54327409266443 0.41734427402906832 -0.13658157159976944 -0.89842597426526294 -0.90692492397771995 6.9388939039072284e-18 -0.42129227653495721 0.057540761231989139 0.99062882771466787 -0.12386923143987844 4
2 469.77075298999438 922.60829568692589 406.71611038803121 0.39536711905332489 -0.1380506775715222 -0.9080896715597625 -0.91686853513175393 0 -0.39918929004339765 0.055108351969785953 0.99042516649267531 -0.12657432251894765 4
1 464.39937049042601 923.2032508365819 409.03293508017424 0.395367119053325 -0.13805067757152223 -0.90808967155976272 
2 468.06684463095303 923.2032508365819 410.62969224034782 0.39536711905332489 -0.1380506775715222 -0.9080896715597625 -0.91686853513175393 0 -0.39918929004339765 0.055108351969785953 0.99042516649267531 -0.12657432251894765 4
2 471.36060025506333 922.01334053726998 402.8025285357146 0.37268940594121325 -0.13946841697231022 -0.91741548241046356 -0.92647032168421672 -6.9388939039072284e-18 -0.37636782944128494 0.052491425371480452 0.99022651987675936 -0.12921334913712471 4
1 466.0648717032575 922.60829568692589 405.2106390702661 0.37268940594121325 -0.13946841697231022 -0.91741548241046356 
2 469.77075298999438 922.60829568692589 406.71611038803121 0.37268940594121325 -0.13946841697231022 -0.91741548241046356 -0.92647032168421672 -6.9388939039072284e-18 -0.37636782944128494 0.052491425371480452 0.99022651987675936 -0.12921334913712471 4
2 472.83638642615983 921.41838538761408 398.88894668339799 0.3493238024267441 -0.14082798661594337 -0.92635865583683119 -0.9356836044340433 6.9388939039072299e-18 -0.3528401796753266 0.049689772100883961 0.99003407930520237 -0.13177043812199513 4
1 467.61786583732714 922.01334053726998 401.3911678170133 0.3493238024267441 -0.14082798661594337 -0.92635865583683119 
2 471.36060025506333 922.01334053726998 402.8025285357146 0.3493238024267441 -0.14082798661594337 -0.92635865583683119 -0.9356836044340433 6.9388939039072299e-18 -0.3528401796753266 0.049689772100883961 0.99003407930520237 -0.13177043812199513 4
2 474.19811150328394 920.82343023795806 394.97536483108138 0.32528795623858758 -0.1421224797401526 -0.93487375954116525 -0.94446090685218897 -6.9388939039072299e-18 -0.32862379011255549 0.046704827952403827 0.98984907978565595 -0.13422912609946641 4
1 469.05854279875109 921.41838538761408 397.57445152294775 0.32528795623858764 -0.14212247974015263 -0.93487375954116536 
2 472.83638642615983 921.41838538761408 398.88894668339799 0.32528795623858758 -0.1421224797401526 -0.93487375954116525 -0.94446090685218897 -6.9388939039072299e-18 -0.32862379011255549 0.046704827952403827 0.98984907978565595 -0.13422912609946641 4
2 475.44577548643559 920.22847508830216 391.06178297876477 0.30060474888105976 -0.14334495967899324 -0.94291516452159307 -0.95275446415436804 0 -0.30374155302480954 0.043539820671176115 0.98967278558856409 -0.13657255024818871 4
1 470.38709364666647 920.82343023795806 393.76039861898215 0.30060474888105976 -0.14334495967899324 -0.94291516452159307 
2 474.19811150328394 920.82343023795806 394.97536483108138 0.30060474888105976 -0.14334495967899324 -0.94291516452159307 -0.95275446415436804 0 -0.30374155302480954 0.043539820671176115 0.98967278558856409 -0.13657255024818871 4
2 476.57937837561485 919.63351993864615 387.14820112644816 0.27530248102266924 -0.1444885421173393 -0.95043758613575924 -0.96051679452504457 0 -0.27822201105472161 0.040199892762250979 0.98950647354972154 -0.1387836713201436 4
1 471.6037083083354 920.22847508830216 389.94889493454588 0.27530248102266924 -0.1444885421173393 -0.95043758613575924 
2 475.44577548643559 920.22847508830216 391.06178297876477 0.27530248102266924 -0.1444885421173393 -0.95043758613575924 -0.96051679452504457 0 -0.27822201105472161 0.040199892762250979 0.98950647354972154 -0.1387836713201436 4
2 477.59892017082166 919.03856478899024 383.23461927413155 0.24941497588347533 -0.14554648470598161 -0.95739667358664704 -0.96770132416076238 1.3877787807814457e-17 -0.25209947881244649 0.036692192937361694 0.9893514142051506 -0.14084552597692254 4
1 472.70857307897182 919.63351993864615 386.1398032111984 0.24941497588347536 -0.14554648470598164 -0.95739667358664715 
2 476.57937837561485 919.63351993864615 387.14820112644816 0.24941497588347533 -0.14554648470598161 -0.95739667358664704 -0.96770132416076238 1.3877787807814457e-17 -0.25209947881244649 0.036692192937361694 0.9893514142051506 -0.14084552597692254 4
2 478.50440087205607 918.44360963933423 379.32103742181494 0.22298158819219083 -0.14651228236290939 -0.96374963680620884 -0.97426305448396744 6.9388939039072268e-18 -0.22541406492845531 0.033025929129369039 0.98920885111123591 -0.14274150373430561 4
1 473.70186795288578 919.03856478899024 382.33296301441771 0.22298158819219083 -0.14651228236290939 -0.96374963680620884 
2 477.59892017082166 919.03856478899024 383.23461927413155 0.22298158819219083 -0.14651228236290939 -0.96374963680620884 -0.97426305448396744 6.9388939039072268e-18 -0.22541406492845531 0.033025929129369039 0.98920885111123591 -0.14274150373430561 4
2 479.29582047931802 917.84865448967832 375.40745556949832 0.19604710826779639 -0.14737976614277448 -0.9694558968161141 -0.98015925664400638 -6.9388939039072268e-18 -0.19821158294879981 0.029212376741783255 0.98907997883472565 -0.14445564202686934 4
1 474.58376384548006 918.44360963933423 378.52819109001973 0.19604710826779639 -0.14737976614277448 -0.9694558968161141 
2 478.50440087205607 918.44360963933423 379.32103742181494 0.19604710826779639 -0.14737976614277448 -0.9694558968161141 -0.98015925664400638 -6.9388939039072268e-18 -0.19821158294879981 0.029212376741783255 0.98907997883472565 -0.14445564202686934 4
2 479.97317899260759 917.25369934002242 371.49387371718171 0.16866155357799106 -0.14814320316557986 -0.97447774305034818 -0.98535017549840798 0 -0.1705433424243134 0.025264837025302116 0.98896592021962104 -0.14597293123810043 4
1 475.35441977732438 917.84865448967832 374.72528219980109 0.16866155357799106 -0.14814320316557986 -0.97447774305034818 
2 479.29582047931802 917.84865448967832 375.40745556949832 0.16866155357799106 -0.14814320316557986 -0.97447774305034818 -0.98535017549840798 0 -0.1705433424243134 0.025264837025302116 0.98896592021962104 -0.14597293123810043 4
2 480.5364764119247 916.65874419036641 367.5802918648651 0.14087984367822451 -0.14879739477717926 -0.9787809790513522 3.4694469519536134e-18 -0.98864099078060197 0.15029634509311895 -0.9900267014809242 -0.021173725602127085 -0.13927958823505618 4
1 479.97317899260759 913.29913537690004 372.09505909755421 0.14087984367822451 -0.14879739477717926 -0.9787809790513522 
2 479.97317899260759 917.25369934002242 371.49387371718171 0.14087984367822451 -0.14879739477717926 -0.9787809790513522 3.4694469519536134e-18 -0.98864099078060197 0.15029634509311895 -0.9900267014809242 -0.021173725602127085 -0.13927958823505618 4
2 480.98571273726941 916.06378904071062 363.66671001254849 0.11276135861566029 -0.14933776991228714 -0.98233553660690465 -3.4694469519536134e-18 -0.98864099078061041 0.15029634509306283 -0.99362209919221833 -0.01694762006766189 -0.11148050130355411 4
1 480.5364764119247 912.70418022724391 368.18147724523737 0.11276135861566029 -0.14933776991228714 -0.98233553660690465 
2 480.5364764119247 916.65874419036641 367.5802918648651 0.11276135861566029 -0.14933776991228714 -0.98233553660690465 -3.4694469519536134e-18 -0.98864099078061041 0.15029634509306283 -0.99362209919221833 -0.01694762006766189 -0.11148050130355411 4
2 481.32088796864167 915.4688338910546 359.75312816023188 0.084369385491882609 -0.14976047056400507 -0.98511603796109715 1.7347234759768075e-18 -0.98864099078060186 0.15029634509311898 -0.99643454716891577 -0.012680410277182377 -0.083411032864245366 4
1 480.98571273726941 912.10922507758823 364.26789539292099 0.084369385491882609 -0.14976047056400507 -0.98511603796109715 
2 480.98571273726941 916.06378904071062 363.66671001254849 0.084369385491882609 -0.14976047056400507 -0.98511603796109715 1.7347234759768075e-18 -0.98864099078060186 0.15029634509311898 -0.99643454716891577 -0.012680410277182377 -0.083411032864245366 4
2 481.54200210604154 914.87387874139858 355.83954630791527 0.055770462661867998 -0.15006242635391562 -0.98710228633675889 0 -0.98864099078060186 0.15029634509311895 -0.99844361658256964 -0.0083820967022310202 -0.055136965462321753 4
1 481.32088796864167 911.51426992793222 360.35431354060438 0.055770462661868005 -0.15006242635391565 -0.98710228633675901 
2 481.32088796864167 915.4688338910546 359.75312816023188 0.055770462661867998 -0.15006242635391562 -0.98710228633675889 0 -0.98864099078060186 0.15029634509311895 -0.99844361658256964 -0.0083820967022310202 -0.055136965462321753 4
2 481.64905514946895 914.2789235917428 351.92596445559866 0.027033635700127501 -0.15024141545882311 -0.98827966670460343 -8.6736173798840355e-19 -0.98864099078061041 0.15029634509306281 -0.99963452448424006 -0.0040630566403065047 -0.026726560382976133 4
1 481.54200210604154 910.91931477827609 356.44073168828754 0.027033635700127501 -0.15024141545882311 -0.98827966670460343 
2 481.54200210604154 914.87387874139858 355.83954630791527 0.027033635700127501 -0.15024141545882311 -0.98827966670460343 -8.6736173798840355e-19 -0.98864099078061041 0.15029634509306281 -0.99963452448424006 -0.0040630566403065047 -0.026726560382976133 4
2 481.64204709892397 913.68396844208678 348.01238260328205 -0.0017703565271504876 -0.15029610956637013 -0.98863944149876015 -5.4210108624275222e-20 -0.98864099078060186 0.15029634509311895 -0.99999843291765556 0.0002660781155424654 0.0017502470310369637 4
1 481.64905514946895 910.32435962862041 352.52714983597116 -0.0017703565271504876 -0.15029610956637013 -0.98863944149876015 
2 481.64905514946895 914.2789235917428 351.92596445559866 -0.0017703565271504876 -0.15029610956637013 -0.98863944149876015 -5.4210108624275222e-20 -0.98864099078060186 0.15029634509311895 -0.99999843291765556 0.0002660781155424654 0.0017502470310369637 4
2 481.52097795440653 913.08901329243076 344.09880075096544 -0.030569943893384147 -0.1502261010975032 -0.98817892968803889 0 -0.98864099078060186 0.15029634509311895 -0.99953263004784165 0.0045945508368773489 0.030222699618862717 4
1 481.64204709892397 909.7294044789644 348.61356798365455 -0.030569943893384147 -0.1502261010975032 -0.98817892968803889 
2 481.64204709892397 913.68396844208678 348.01238260328205 -0.030569943893384147 -0.1502261010975032 -0.98817892968803889 0 -0.98864099078060186 0.15029634509311895 -0.99953263004784165 0.0045945508368773489 0.030222699618862717 4
2 481.2858477159167 912.49405814277475 340.18521889864883 -0.059293610919744069 -0.15003191161194562 -0.98690156206288548 1.7347234759768071e-18 -0.98864099078060186 0.15029634509311898 -0.99824058608338406 0.0089116130086109822 0.058620094246655298 4
1 481.52097795440653 909.13444932930838 344.69998613133794 -0.059293610919744069 -0.15003191161194562 -0.98690156206288548 
2 481.52097795440653 913.08901329243076 344.09880075096544 -0.059293610919744069 -0.15003191161194562 -0.98690156206288548 1.7347234759768071e-18 -0.98864099078060186 0.15029634509311898 -0.99824058608338406 0.0089116130086109822 0.058620094246655298 4
2 480.93665638345442 911.89910299311896 336.27163704633222 -0.087870781108540644 -0.14971498105683845 -0.98481681051580627 0 -0.98864099078061052 0.15029634509306283 -0.99613188174426726 0.013206657241086207 0.086872656095813766 4
1 481.2858477159167 908.53949417965225 340.7864042790211 -0.087870781108540644 -0.14971498105683845 -0.98481681051580627 
2 481.2858477159167 912.49405814277475 340.18521889864883 -0.087870781108540644 -0.14971498105683845 -0.98481681051580627 0 -0.98864099078061052 0.15029634509306283 -0.99613188174426726 0.013206657241086207 0.086872656095813766 4
2 480.47340395701974 911.30414784346294 332.35805519401561 -0.11623267433053683 -0.14927763829207827 -0.9819399941564203 3.4694469519536142e-18 -0.98864099078060186 0.15029634509311898 -0.99322201214933381 0.017469346132278473 0.11491238631122096 4
1 480.93665638345442 907.94453902999658 336.87282242670472 -0.11623267433053684 -0.1492776382920783 -0.98193999415642041 
2 480.93665638345442 911.89910299311896 336.27163704633222 -0.11623267433053683 -0.14927763829207827 -0.9819399941564203 3.4694469519536142e-18 -0.98864099078060186 0.15029634509311898 -0.99322201214933381 0.017469346132278473 0.11491238631122096 4
2 479.89609043661261 910.70919269380693 328.44447334169899 -0.14431311327766241 -0.14872305406408551 -0.97829196997928969 3.469446951953615e-18 -0.98864099078060186 0.15029634509311895 -0.98953207392995035 0.021689733474641919 0.14267385929346144 4
1 480.47340395701974 907.34958388034056 332.9592405743881 -0.14431311327766244 -0.14872305406408554 -0.9782919699792898 
2 480.47340395701974 911.30414784346294 332.35805519401561 -0.14431311327766241 -0.14872305406408551 -0.97829196997928969 3.469446951953615e-18 -0.98864099078060186 0.15029634509311895 -0.98953207392995035 0.021689733474641919 0.14267385929346144 4
2 479.20471582223308 910.11423754415114 324.53089148938238 -0.17204925756377731 -0.14805517826813586 -0.97389872017563683 -0.98475156675049214 6.9388939039072299e-18 0.17396652489042569 -0.025756644855340068 0.98897910199760575 -0.14579756876507022 4
1 475.95708416961065 910.70919269380693 329.14033944126072 -0.17204925756377734 -0.14805517826813588 -0.97389872017563694 
2 479.89609043661261 910.70919269380693 328.44447334169899 -0.17204925756377731 -0.14805517826813586 -0.97389872017563683 -0.98475156675049214 6.9388939039072299e-18 0.17396652489042569 -0.025756644855340068 0.98897910199760575 -0.14579756876507022 4
2 478.3992801138811 909.51928239449512 320.61730963706577 -0.19938224761782425 -0.14727866388359392 -0.96879085178356628 -0.97947195576170354 0 0.20158047493828252 -0.029688503013930542 0.9890950384895596 -0.14425532095603433 4
1 475.28682799918624 910.11423754415114 325.33721338913551 -0.19938224761782428 -0.14727866388359395 -0.96879085178356639 
2 479.20471582223308 910.11423754415114 324.53089148938238 -0.19938224761782425 -0.14727866388359392 -0.96879085178356628 -0.97947195576170354 0 0.20158047493828252 -0.029688503013930542 0.9890950384895596 -0.14425532095603433 4
2 477.47978331155673 908.92432724483911 316.70372778474916 -0.22625774479181457 -0.14639878036895956 -0.96300302700884755 -0.97349176282274918 6.9388939039072284e-18 0.22872207527096342 -0.033484632863126404 0.98922565530139839 -0.14251800677647894 4
1 474.50531306259012 909.51928239449512 321.53219793814964 -0.22625774479181457 -0.14639878036895956 -0.96300302700884755 
2 478.3992801138811 909.51928239449512 320.61730963706577 -0.22625774479181457 -0.14639878036895956 -0.96300302700884755 -0.97349176282274918 6.9388939039072284e-18 0.22872207527096342 -0.033484632863126404 0.98922565530139839 -0.14251800677647894 4
2 476.4462254152599 908.32937209518332 312.79014593243255 -0.25262635879414769 -0.14542131954280396 -0.95657334411159523 -0.96685114627157742 0 0.25534067626082801 -0.037131978074801529 0.98936981954294012 -0.14060076949228537 4
1 473.61237872647041 908.92432724483911 317.72509048979248 -0.25262635879414769 -0.14542131954280396 -0.95657334411159523 
2 477.47978331155673 908.92432724483911 316.70372778474916 -0.25262635879414769 -0.14542131954280396 -0.95657334411159523 -0.96685114627157742 0 0.25534067626082801 -0.037131978074801529 0.98936981954294012 -0.14060076949228537 4
2 475.29860642499068 907.7344169455273 308.87656408011594 -0.27844395833513613 -0.14435249704541006 -0.94954268922645912 -0.95959315179826754 -1.3877787807814457e-17 0.28139115661631425 -0.040619516104061039 0.98952632941056951 -0.13851966760975515 4
1 472.60785280806681 908.32937209518332 313.91571055889779 -0.27844395833513613 -0.14435249704541006 -0.94954268922645912 
2 476.4462254152599 908.32937209518332 312.79014593243255 -0.27844395833513613 -0.14435249704541006 -0.94954268922645912 -0.95959315179826754 -1.3877787807814457e-17 0.28139115661631425 -0.040619516104061039 0.98952632941056951 -0.13851966760975515 4
2 474.03692634074901 907.1394617958714 304.96298222779933 -0.30367186544265762 -0.14319885239316801 -0.9419540789294647 -0.95176300858261986 6.9388939039072268e-18 0.30683411722583875 -0.043938293461810884 0.98969393686799945 -0.13629137057930008 4
1 471.49155439066021 907.7344169455273 310.10390054901927 -0.30367186544265762 -0.14319885239316801 -0.9419540789294647 
2 475.29860642499068 907.7344169455273 308.87656408011594 -0.30367186544265762 -0.14319885239316801 -0.9419540789294647 -0.95176300858261986 6.9388939039072268e-18 0.30683411722583875 -0.043938293461810884 0.98969393686799945 -0.13629137057930008 4
2 472.66118516253493 906.54450664621538 301.04940037548272 -0.32827693801690505 -0.14196715041997199 -0.93385201192045308 -0.94340743724138487 -6.9388939039072299e-18 0.33163595606876306 -0.047081411659885317 0.98987136952314825 -0.13393286555016798 4
1 470.26329659178344 907.1394617958714 306.28952605207439 -0.32827693801690511 -0.14196715041997202 -0.9338520119204532 
2 474.03692634074901 907.1394617958714 304.96298222779933 -0.32827693801690505 -0.14196715041997199 -0.93385201192045308 -0.94340743724138487 -6.9388939039072299e-18 0.33163595606876306 -0.047081411659885317 0.98987136952314825 -0.13393286555016798 4
2 471.17138289034841 905.94955149655948 297.13581852316611 -0.35223154865895934 -0.14066428656895236 -0.92528184604117192 -0.93457398705758254 -1.3877787807814454e-17 0.35576883325453562 -0.050043969113217839 0.99005735110853443 -0.13146118313535615 4
1 468.92288921430463 906.54450664621538 302.47247570850084 -0.35223154865895934 -0.14066428656895236 -0.92528184604117192 
2 472.66118516253493 906.54450664621538 301.04940037548272 -0.35223154865895934 -0.14066428656895236 -0.92528184604117192 -0.93457398705758254 -1.3877787807814454e-17 0.35576883325453562 -0.050043969113217839 0.99005735110853443 -0.13146118313535615 4
2 469.56751952418949 905.35459634690358 293.2222366708495 -0.37551347050565881 -0.13929719810082913 -0.91628921420589371 -0.92531041698990846 -1.3877787807814457e-17 0.37921053810510291 -0.052822965448348559 0.99025062009637665 -0.12889314846020411 4
1 467.4701412223888 905.94955149655948 298.6526606755865 -0.37551347050565881 -0.13929719810082913 -0.91628921420589371 
2 471.17138289034841 905.94955149655948 297.13581852316611 -0.37551347050565881 -0.13929719810082913 -0.91628921420589371 -0.92531041698990846 -1.3877787807814457e-17 0.37921053810510291 -0.052822965448348559 0.99025062009637665 -0.12889314846020411 4
2 467.84959506405812 904.75964119724756 289.30865481853289 -0.3981056826881586 -0.13787278283733811 -0.90691948990198878 -0.91566413170333028 -6.9388939039072268e-18 0.40194427214725459 -0.055417175346470372 0.99044994611170956 -0.12624516198227304 4
1 465.9048629973762 905.35459634690358 294.83001375943854 -0.3981056826881586 -0.13787278283733811 -0.90691948990198878 
2 469.56751952418949 905.35459634690358 293.2222366708495 -0.3981056826881586 -0.13787278283733811 -0.90691948990198878 -0.91566413170333028 -6.9388939039072268e-18 0.40194427214725459 -0.055417175346470372 0.99044994611170956 -0.12624516198227304 4
2 466.01760950995435 904.16468604759166 285.39507296621628 -0.41999610911390395 -0.13639782660568178 -0.89721730992353677 -0.9056816805499055 6.9388939039072299e-18 0.42395836295124445 -0.057826999277852537 0.99065414393583717 -0.12353301282358849 4
1 464.22686834185851 904.75964119724756 291.00448827033784 -0.419996109113904 -0.13639782660568181 -0.89721730992353688 
2 467.84959506405812 904.75964119724756 289.30865481853289 -0.41999610911390395 -0.13639782660568178 -0.89721730992353677 -0.9056816805499055 6.9388939039072299e-18 0.42395836295124445 -0.057826999277852537 0.99065414393583717 -0.12353301282358849 4
2 464.07156286187814 903.56973089793564 281.48149111389966 -0.44117730462009092 -0.13487894010894422 -0.88722615910670666 -0.89540832425293426 6.9388939039072299e-18 0.44524592402239038 -0.060054298319967517 0.99086208501238349 -0.12077172573996164 4
1 462.43597621294259 904.16468604759166 287.17605666230583 -0.44117730462009097 -0.13487894010894425 -0.88722615910670677 
2 466.01760950995435 904.16468604759166 285.39507296621628 -0.44117730462009092 -0.13487894010894422 -0.88722615910670666 -0.89540832425293426 6.9388939039072299e-18 0.44524592402239038 -0.060054298319967517 0.99086208501238349 -0.12077172573996164 4
2 462.01145511982952 902.97477574827974 277.56790926158305 -0.46164610225952707 -0.13332250554272201 -0.87698801917950797 -0.88488767115832001 1.387778780781446e-17 0.46580447553883053 -0.062102219771850438 0.99107270647304724 -0.11797544144269149 4
1 460.53201217724484 903.56973089793564 283.34470901605499 -0.46164610225952707 -0.13332250554272201 -0.87698801917950797 
2 464.07156286187814 903.56973089793564 281.48149111389966 -0.46164610225952707 -0.13332250554272201 -0.87698801917950797 -0.88488767115832001 1.387778780781446e-17 0.46580447553883053 -0.062102219771850438 0.99107270647304724 -0.11797544144269149 4
2 459.83728628380845 902.37982059862384 273.65432740926644 -0.48140323468320045 -0.13173463292756155 -0.866543081516431 -0.87416138241615493 0 0.48563553977471308 -0.063975019568800057 0.99128501778622713 -0.11515732883204194 4
1 458.51480959016487 902.97477574827974 279.51045142068193 -0.48140323468320045 -0.13173463292756155 -0.866543081516431 
2 462.01145511982952 902.97477574827974 277.56790926158305 -0.48140323468320045 -0.13173463292756155 -0.866543081516431 -0.87416138241615493 0 0.48563553977471308 -0.063975019568800057 0.99128501778622713 -0.11515732883204194 4
2 457.54905635381499 901.78486544896782 269.74074555694983 -0.50045294140683805 -0.13012112583080732 -0.85592952166038005 -0.86326894340245597 0 0.50474422369830763 -0.065677886644220654 0.99149810519865511 -0.11232952681029908 4
1 456.38421051019861 902.37982059862384 275.67330430405968 -0.50045294140683816 -0.13012112583080734 -0.85592952166038017 
2 459.83728628380845 902.37982059862384 273.65432740926644 -0.50045294140683805 -0.13012112583080732 -0.85592952166038005 -0.86326894340245597 0 0.50474422369830763 -0.065677886644220654 0.99149810519865511 -0.11232952681029908 4
2 455.14676532984907 901.18991029931192 265.82716370463322 -0.51880257232156179 -0.12848745592358396 -0.8451833319598866 -0.85224749710291547 -6.9388939039072284e-18 0.5231387996333442 -0.067216773459805937 0.99171113418690893 -0.1095031127199956 4
1 454.14006636540336 901.78486544896782 271.83330075548321 -0.51880257232156179 -0.12848745592358396 -0.8451833319598866 
2 457.54905635381499 901.78486544896782 269.74074555694983 -0.51880257232156179 -0.12848745592358396 -0.8451833319598866 -0.85224749710291547 -6.9388939039072284e-18 0.5231387996333442 -0.067216773459805937 0.99171113418690893 -0.1095031127199956 4
2 452.63041321191071 900.5949551496559 261.91358185231661 -0.5364621962456505 -0.12683874564964337 -0.83433820756412591 -0.84113173404534203 0 0.54083029314367737 -0.068598235991672946 0.99192335016473177 -0.10668809407242058 4
1 451.78223839366768 901.18991029931192 267.9904848772079 -0.5364621962456505 -0.12683874564964337 -0.83433820756412591 
2 455.14676532984907 901.18991029931192 265.82716370463322 -0.5364621962456505 -0.12683874564964337 -0.83433820756412591 -0.84113173404534203 0 0.54083029314367737 -0.068598235991672946 0.99192335016473177 -0.10668809407242058 4
2 450 900 258 -0.55344422171696972 -0.12517975817139101 -0.82342548029086993 -0.82995383264665457 0 0.55783208555543762 -0.069829285570072383 0.99213407770530304 -0.10389342006412734 4
1 449.3105978813241 900.5949551496559 264.14491019453834 -0.55344422171696972 -0.12517975817139101 -0.82342548029086993 
2 452.63041321191071 900.5949551496559 261.91358185231661 -0.55344422171696972 -0.12517975817139101 -0.82342548029086993 -0.82995383264665457 0 0.55783208555543762 -0.069829285570072383 0.99213407770530304 -0.10389342006412734 4
2 300 947.59641197247561 571.08654818532887 -2.4492935982947064e-16 -1 0 1 -2.4492935982947064e-16 0 0 0 1 4
2 306.38041321191076 947.0014568228197 567.17296633301225 -2.4492935982947064e-16 -1 0 1 -2.4492935982947064e-16 0 0 0 1 4
2 312.64676532984907 946.40650167316369 563.25938448069564 -2.4492935982947064e-16 -1 0 1 -2.4492935982947064e-16 0 0 0 1 4
2 318.79905635381499 945.81154652350779 559.34580262837903 -2.4492935982947064e-16 -1 0 1 -2.4492935982947064e-16 0 0 0 1 4
2 324.83728628380845 945.21659137385177 555.43222077606242 -2.4492935982947064e-16 -1 0 1 -2.4492935982947064e-16 0 0 0 1 4
2 330.76145511982952 944.62163622419587 551.51863892374581 -2.4492935982947064e-16 -1 0 1 -2.4492935982947064e-16 0 0 0 1 4
2 336.57156286187814 944.02668107453997 547.6050570714292 -2.4492935982947064e-16 -1 0 1 -2.4492935982947064e-16 0 0 0 1 4
2 342.26760950995435 943.43172592488395 543.69147521911259 -2.4492935982947064e-16 -1 0 1 -2.4492935982947064e-16 0 0 0 1 4
2 347.84959506405812 942.83677077522805 539.77789336679598 -2.4492935982947064e-16 -1 0 1 -2.4492935982947064e-16 0 0 0 1 4
2 353.31751952418949 942.24181562557203 535.86431151447937 -2.4492935982947064e-16 -1 0 1 -2.4492935982947064e-16 0 0 0 1 4
2 358.67138289034841 941.64686047591613 531.95072966216276 -2.4492935982947064e-16 -1 0 1 -2.4492935982947064e-16 0 0 0 1 4
2 363.91118516253493 941.05190532626023 528.03714780984615 -2.4492935982947064e-16 -1 0 1 -2.4492935982947064e-16 0 0 0 1 4
2 369.03692634074901 940.45695017660421 524.12356595752954 -2.4492935982947064e-16 -1 0 1 -2.4492935982947064e-16 0 0 0 1 4
2 374.04860642499068 939.86199502694831 520.20998410521292 -2.4492935982947064e-16 -1 0 1 -2.4492935982947064e-16 0 0 0 1 4
2 378.9462254152599 939.26703987729229 516.29640225289631 -2.4492935982947064e-16 -1 0 1 -2.4492935982947064e-16 0 0 0 1 4
2 383.72978331155673 938.67208472763639 512.3828204005797 -2.4492935982947064e-16 -1 0 1 -2.4492935982947064e-16 0 0 0 1 4
2 388.3992801138811 938.07712957798049 508.46923854826315 -2.4492935982947064e-16 -1 0 1 -2.4492935982947064e-16 0 0 0 1 4
2 392.95471582223308 937.48217442832447 504.55565669594648 -2.4492935982947064e-16 -1 0 1 -2.4492935982947064e-16 0 0 0 1 4
2 397.39609043661261 936.88721927866857 500.64207484362987 -2.4492935982947064e-16 -1 0 1 -2.4492935982947064e-16 0 0 0 1 4
2 401.72340395701974 936.29226412901266 496.7284929913132 -2.4492935982947064e-16 -1 0 1 -2.4492935982947064e-16 0 0 0 1 4
2 405.93665638345442 935.69730897935665 492.81491113899665 -2.4492935982947064e-16 -1 0 1 -2.4492935982947064e-16 0 0 0 1 4
2 410.0358477159167 935.10235382970075 488.9013292866801 -2.4492935982947064e-16 -1 0 1 -2.4492935982947064e-16 0 0 0 1 4
2 414.02097795440653 934.50739868004484 484.98774743436343 -2.4492935982947064e-16 -1 0 1 -2.4492935982947064e-16 0 0 0 1 4
2 417.89204709892397 933.91244353038894 481.07416558204682 -2.4492935982947064e-16 -1 0 1 -2.4492935982947064e-16 0 0 0 1 4
2 421.64905514946895 933.31748838073293 477.16058372973015 -2.4492935982947064e-16 -1 0 1 -2.4492935982947064e-16 0 0 0 1 4
2 425.29200210604154 932.72253323107702 473.2470018774136 -2.4492935982947064e-16 -1 0 1 -2.4492935982947064e-16 0 0 0 1 4
2 428.82088796864167 932.12757808142112 469.33342002509704 -2.4492935982947064e-16 -1 0 1 -2.4492935982947064e-16 0 0 0 1 4
2 432.23571273726941 931.5326229317651 465.41983817278037 -2.4492935982947064e-16 -1 0 1 -2.4492935982947064e-16 0 0 0 1 4
2 435.5364764119247 930.9376677821092 461.50625632046376 -2.4492935982947064e-16 -1 0 1 -2.4492935982947064e-16 0 0 0 1 4
2 438.72317899260759 930.34271263245319 457.5926744681471 -2.4492935982947064e-16 -1 0 1 -2.4492935982947064e-16 0 0 0 1 4
2 441.79582047931802 929.74775748279728 453.67909261583054 -2.4492935982947064e-16 -1 0 1 -2.4492935982947064e-16 0 0 0 1 4
2 444.75440087205607 929.15280233314138 449.76551076351399 -2.4492935982947064e-16 -1 0 1 -2.4492935982947064e-16 0 0 0 1 4
2 447.59892017082166 928.55784718348536 445.85192891119732 -2.4492935982947064e-16 -1 0 1 -2.4492935982947064e-16 0 0 0 1 4
2 450.32937837561485 927.96289203382946 441.93834705888071 -2.4492935982947064e-16 -1 0 1 -2.4492935982947064e-16 0 0 0 1 4
2 452.94577548643559 927.36793688417345 438.02476520656404 -2.4492935982947064e-16 -1 0 1 -2.4492935982947064e-16 0 0 0 1 4
2 455.44811150328394 926.77298173451754 434.11118335424749 -2.4492935982947064e-16 -1 0 1 -2.4492935982947064e-16 0 0 0 1 4
2 457.83638642615983 926.17802658486164 430.19760150193093 -2.4492935982947064e-16 -1 0 1 -2.4492935982947064e-16 0 0 0 1 4
2 460.11060025506333 925.58307143520562 426.28401964961427 -2.4492935982947064e-16 -1 0 1 -2.4492935982947064e-16 0 0 0 1 4
2 462.27075298999438 924.98811628554972 422.37043779729765 -2.4492935982947064e-16 -1 0 1 -2.4492935982947064e-16 0 0 0 1 4
2 464.31684463095303 924.39316113589371 418.45685594498099 -2.4492935982947064e-16 -1 0 1 -2.4492935982947064e-16 0 0 0 1 4
2 466.24887517793923 923.7982059862378 414.54327409266443 -2.4492935982947064e-16 -1 0 1 -2.4492935982947064e-16 0 0 0 1 4
2 468.06684463095303 923.2032508365819 410.62969224034782 -2.4492935982947064e-16 -1 0 1 -2.4492935982947064e-16 0 0 0 1 4
2 469.77075298999438 922.60829568692589 406.71611038803121 -2.4492935982947064e-16 -1 0 1 -2.4492935982947064e-16 0 0 0 1 4
2 471.36060025506333 922.01334053726998 402.8025285357146 -2.4492935982947064e-16 -1 0 1 -2.4492935982947064e-16 0 0 0 1 4
2 472.83638642615983 921.41838538761408 398.88894668339799 -2.4492935982947064e-16 -1 0 1 -2.4492935982947064e-16 0 0 0 1 4
2 474.19811150328394 920.82343023795806 394.97536483108138 -2.4492935982947064e-16 -1 0 1 -2.4492935982947064e-16 0 0 0 1 4
2 475.44577548643559 920.22847508830216 391.06178297876477 -2.4492935982947064e-16 -1 0 1 -2.4492935982947064e-16 0 0 0 1 4
2 476.57937837561485 919.63351993864615 387.14820112644816 -2.4492935982947064e-16 -1 0 1 -2.4492935982947064e-16 0 0 0 1 4
2 477.59892017082166 919.03856478899024 383.23461927413155 -2.4492935982947064e-16 -1 0 1 -2.4492935982947064e-16 0 0 0 1 4
2 478.50440087205607 918.44360963933423 379.32103742181494 -2.4492935982947064e-16 -1 0 1 -2.4492935982947064e-16 0 0 0 1 4
2 479.29582047931802 917.84865448967832 375.40745556949832 -2.4492935982947064e-16 -1 0 1 -2.4492935982947064e-16 0 0 0 1 4
2 479.97317899260759 917.25369934002242 371.49387371718171 -2.4492935982947064e-16 -1 0 1 -2.4492935982947064e-16 0 0 0 1 4
2 480.5364764119247 916.65874419036641 367.5802918648651 -2.4492935982947064e-16 -1 0 1 -2.4492935982947064e-16 0 0 0 1 4
2 480.98571273726941 916.06378904071062 363.66671001254849 -2.4492935982947064e-16 -1 0 1 -2.4492935982947064e-16 0 0 0 1 4
2 481.32088796864167 915.4688338910546 359.75312816023188 -2.4492935982947064e-16 -1 0 1 -2.4492935982947064e-16 0 0 0 1 4
2 481.54200210604154 914.87387874139858 355.83954630791527 -2.4492935982947064e-16 -1 0 1 -2.4492935982947064e-16 0 0 0 1 4
2 481.64905514946895 914.2789235917428 351.92596445559866 -2.4492935982947064e-16 -1 0 1 -2.4492935982947064e-16 0 0 0 1 4
2 481.64204709892397 913.68396844208678 348.01238260328205 -2.4492935982947064e-16 -1 0 1 -2.4492935982947064e-16 0 0 0 1 4
2 481.52097795440653 913.08901329243076 344.09880075096544 -2.4492935982947064e-16 -1 0 1 -2.4492935982947064e-16 0 0 0 1 4
2 481.2858477159167 912.49405814277475 340.18521889864883 -2.4492935982947064e-16 -1 0 1 -2.4492935982947064e-16 0 0 0 1 4
2 480.93665638345442 911.89910299311896 336.27163704633222 -2.4492935982947064e-16 -1 0 1 -2.4492935982947064e-16 0 0 0 1 4
2 480.47340395701974 911.30414784346294 332.35805519401561 -2.4492935982947064e-16 -1 0 1 -2.4492935982947064e-16 0 0 0 1 4
2 479.89609043661261 910.70919269380693 328.44447334169899 -2.4492935982947064e-16 -1 0 1 -2.4492935982947064e-16 0 0 0 1 4
2 479.20471582223308 910.11423754415114 324.53089148938238 -2.4492935982947064e-16 -1 0 1 -2.4492935982947064e-16 0 0 0 1 4
2 478.3992801138811 909.51928239449512 320.61730963706577 -2.4492935982947064e-16 -1 0 1 -2.4492935982947064e-16 0 0 0 1 4
2 477.47978331155673 908.92432724483911 316.70372778474916 -2.4492935982947064e-16 -1 0 1 -2.4492935982947064e-16 0 0 0 1 4
2 476.4462254152599 908.32937209518332 312.79014593243255 -2.4492935982947064e-16 -1 0 1 -2.4492935982947064e-16 0 0 0 1 4
2 475.29860642499068 907.7344169455273 308.87656408011594 -2.4492935982947064e-16 -1 0 1 -2.4492935982947064e-16 0 0 0 1 4
2 474.03692634074901 907.1394617958714 304.96298222779933 -2.4492935982947064e-16 -1 0 1 -2.4492935982947064e-16 0 0 0 1 4
2 472.66118516253493 906.54450664621538 301.04940037548272 -2.4492935982947064e-16 -1 0 1 -2.4492935982947064e-16 0 0 0 1 4
2 471.17138289034841 905.94955149655948 297.13581852316611 -2.4492935982947064e-16 -1 0 1 -2.4492935982947064e-16 0 0 0 1 4
2 469.56751952418949 905.35459634690358 293.2222366708495 -2.4492935982947064e-16 -1 0 1 -2.4492935982947064e-16 0 0 0 1 4
2 467.84959506405812 904.75964119724756 289.30865481853289 -2.4492935982947064e-16 -1 0 1 -2.4492935982947064e-16 0 0 0 1 4
2 466.01760950995435 904.16468604759166 285.39507296621628 -2.4492935982947064e-16 -1 0 1 -2.4492935982947064e-16 0 0 0 1 4
2 464.07156286187814 903.56973089793564 281.48149111389966 -2.4492935982947064e-16 -1 0 1 -2.4492935982947064e-16 0 0 0 1 4
2 462.01145511982952 902.97477574827974 277.56790926158305 -2.4492935982947064e-16 -1 0 1 -2.4492935982947064e-16 0 0 0 1 4
2 459.83728628380845 902.37982059862384 273.65432740926644 -2.4492935982947064e-16 -1 0 1 -2.4492935982947064e-16 0 0 0 1 4
2 457.54905635381499 901.78486544896782 269.74074555694983 -2.4492935982947064e-16 -1 0 1 -2.4492935982947064e-16 0 0 0 1 4
2 455.14676532984907 901.18991029931192 265.82716370463322 -2.4492935982947064e-16 -1 0 1 -2.4492935982947064e-16 0 0 0 1 4
2 452.63041321191071 900.5949551496559 261.91358185231661 -2.4492935982947064e-16 -1 0 1 -2.4492935982947064e-16 0 0 0 1 4
2 450 900 258 -2.4492935982947064e-16 -1 0 1 -2.4492935982947064e-16 0 0 0 1 4
Polygon3D 0
PolygonOnTriangulations 0
Surfaces 321
2 300 947.59641197247561 571.08654818532887 0.84974215961581756 -0.079236008225830434 -0.5212100509121852 0.5228539640235752 0 0.8524222734682817 -0.067542538272413841 -0.99685588476992804 0.041428860994280045 4
1 306.38041321191076 947.0014568228197 567.17296633301225 0.84974215961581756 -0.079236008225830434 -0.5212100509121852 0.5228539640235752 0 0.8524222734682817 -0.067542538272413841 -0.99685588476992804 0.041428860994280045 
1 300 947.59641197247561 571.08654818532887 0.84974215961581756 -0.079236008225830434 -0.5212100509121852 0.5228539640235752 0 0.8524222734682817 -0.067542538272413841 -0.99685588476992804 0.041428860994280045 
2 306.38041321191076 947.0014568228197 567.17296633301225 0.84543706513564032 -0.080269529408125359 -0.52800849571141684 0.52971779162957144 -6.9388939039072284e-18 0.84817395693990161 -0.068082524379793466 -0.99677319518965701 0.04252019785321709 4
1 312.64676532984907 946.40650167316369 563.25938448069564 0.84543706513564032 -0.080269529408125359 -0.52800849571141684 0.52971779162957144 -6.9388939039072284e-18 0.84817395693990161 -0.068082524379793466 -0.99677319518965701 0.04252019785321709 
1 306.38041321191076 947.0014568228197 567.17296633301225 0.84543706513564032 -0.080269529408125359 -0.52800849571141684 0.52971779162957144 -6.9388939039072284e-18 0.84817395693990161 -0.068082524379793466 -0.99677319518965701 0.04252019785321709 
2 312.64676532984907 946.40650167316369 563.25938448069564 0.8409606139828949 -0.081324801768624 -0.53495001855015067 0.5367278477023868 0 0.84375542516819624 -0.068618242693004608 -0.99668765248561897 0.043649285818096809 4
1 318.79905635381499 945.81154652350779 559.34580262837903 0.8409606139828949 -0.081324801768624 -0.53495001855015067 0.5367278477023868 0 0.84375542516819624 -0.068618242693004608 -0.99668765248561897 0.043649285818096809 
1 312.64676532984907 946.40650167316369 563.25938448069564 0.8409606139828949 -0.081324801768624 -0.53495001855015067 0.5367278477023868 0 0.84375542516819624 -0.068618242693004608 -0.99668765248561897 0.043649285818096809 
2 318.79905635381499 945.81154652350779 559.34580262837903 0.83630457184801776 -0.08240224659718888 -0.54203739064924261 0.54388706789944052 0 0.83915842209427272 -0.069148539231520173 -0.99659915199428917 0.044817516290071711 4
1 324.83728628380845 945.21659137385177 555.43222077606242 0.83630457184801776 -0.08240224659718888 -0.54203739064924261 0.54388706789944052 0 0.83915842209427272 -0.069148539231520173 -0.99659915199428917 0.044817516290071711 
1 318.79905635381499 945.81154652350779 559.34580262837903 0.83630457184801776 -0.08240224659718888 -0.54203739064924261 0.54388706789944052 0 0.83915842209427272 -0.069148539231520173 -0.99659915199428917 0.044817516290071711 
2 324.83728628380845 945.21659137385177 555.43222077606242 0.83146027870308314 -0.083502274874559634 -0.54927331541752933 0.55119832786056233 -6.9388939039072299e-18 0.83437425856969016 -0.069672148687343158 -0.99650758656960237 0.046026314283410308 4
1 330.76145511982952 944.62163622419587 551.51863892374581 0.83146027870308314 -0.083502274874559634 -0.54927331541752933 0.55119832786056233 -6.9388939039072299e-18 0.83437425856969016 -0.069672148687343158 -0.99650758656960237 0.046026314283410308 
1 324.83728628380845 945.21659137385177 555.43222077606242 0.83146027870308314 -0.083502274874559634 -0.54927331541752933 0.55119832786056233 -6.9388939039072299e-18 0.83437425856969016 -0.069672148687343158 -0.99650758656960237 0.046026314283410308 
2 330.76145511982952 944.62163622419587 551.51863892374581 0.82641862923395659 -0.084625284256940436 -0.55666040861507315 0.55866442349054624 0 0.82939379182989781 -0.070187685394546784 -0.99641284679816944 0.047277135642127224 4
1 336.57156286187814 944.02668107453997 547.6050570714292 0.82641862923395659 -0.084625284256940436 -0.55666040861507315 0.55866442349054624 0 0.82939379182989781 -0.070187685394546784 -0.99641284679816944 0.047277135642127224 
1 330.76145511982952 944.62163622419587 551.51863892374581 0.82641862923395659 -0.084625284256940436 -0.55666040861507315 0.55866442349054624 0 0.82939379182989781 -0.070187685394546784 -0.99641284679816944 0.047277135642127224 
2 336.57156286187814 944.02668107453997 547.6050570714292 0.82117005308256696 -0.085771655678027706 -0.56420117600251773 0.56628804867455274 0 0.82420740467940923 -0.070693633721443147 -0.99631482126998894 0.048571463525495941 4
1 342.26760950995435 943.43172592488395 543.69147521911259 0.82117005308256696 -0.085771655678027706 -0.56420117600251773 0.56628804867455274 0 0.82420740467940923 -0.070693633721443147 -0.99631482126998894 0.048571463525495941 
1 336.57156286187814 944.02668107453997 547.6050570714292 0.82117005308256696 -0.085771655678027706 -0.56420117600251773 0.56628804867455274 0 0.82420740467940923 -0.070693633721443147 -0.99631482126998894 0.048571463525495941 
2 342.26760950995435 943.43172592488395 543.69147521911259 0.81570449505428455 -0.086941749530904028 -0.57189798822581983 0.57407177016300348 0 0.8188049845365597 -0.071188337880233335 -0.99621339691278277 0.04991080405427456 4
1 347.84959506405812 942.83677077522805 539.77789336679598 0.81570449505428455 -0.086941749530904028 -0.57189798822581983 0.57407177016300348 0 0.8188049845365597 -0.071188337880233335 -0.99621339691278277 0.04991080405427456 
1 342.26760950995435 943.43172592488395 543.69147521911259 0.81570449505428455 -0.086941749530904028 -0.57189798822581983 0.57407177016300348 0 0.8188049845365597 -0.071188337880233335 -0.99621339691278277 0.04991080405427456 
2 347.84959506405812 942.83677077522805 539.77789336679598 0.81001139548032741 -0.088135901389079938 -0.57975305266841592 0.58201799934334852 0 0.81317590252070682 -0.071669991156541102 -0.9961084593990428 0.051296680996794956 4
1 353.31751952418949 942.24181562557203 535.86431151447937 0.81001139548032741 -0.088135901389079938 -0.57975305266841592 0.58201799934334852 0 0.81317590252070682 -0.071669991156541102 -0.9961084593990428 0.051296680996794956 
1 347.84959506405812 942.83677077522805 539.77789336679598 0.81001139548032741 -0.088135901389079938 -0.57975305266841592 0.58201799934334852 0 0.81317590252070682 -0.071669991156541102 -0.9961084593990428 0.051296680996794956 
2 353.31751952418949 942.24181562557203 535.86431151447937 0.80407967096510224 -0.089354417222927529 -0.58776838198681969 0.59012896059773845 0 0.8073089928050059 -0.072136624570919891 -0.99599989363591357 0.052730629360582884 4
1 358.67138289034841 941.64686047591613 531.95072966216276 0.80407967096510224 -0.089354417222927529 -0.58776838198681969 0.59012896059773845 0 0.8073089928050059 -0.072136624570919891 -0.99599989363591357 0.052730629360582884 
1 353.31751952418949 942.24181562557203 535.86431151447937 0.80407967096510224 -0.089354417222927529 -0.58776838198681969 0.59012896059773845 0 0.8073089928050059 -0.072136624570919891 -0.99599989363591357 0.052730629360582884 
2 358.67138289034841 941.64686047591613 531.95072966216276 0.79789769579452285 -0.090597568066902723 -0.59594575903026104 0.59840665592779829 0 0.80119253250470934 -0.07258609499828958 -0.99588758434893798 0.054214187742106346 4
1 363.91118516253493 941.05190532626023 528.03714780984615 0.79789769579452285 -0.090597568066902723 -0.59594575903026104 0.59840665592779829 0 0.80119253250470934 -0.07258609499828958 -0.99588758434893798 0.054214187742106346 
1 358.67138289034841 941.64686047591613 531.95072966216276 0.79789769579452285 -0.090597568066902723 -0.59594575903026104 0.59840665592779829 0 0.80119253250470934 -0.07258609499828958 -0.99588758434893798 0.054214187742106346 
2 363.91118516253493 941.05190532626023 528.03714780984615 0.79145328433393436 -0.091865584089188615 -0.60428669783222988 0.60685282551210473 0 0.79481422242431921 -0.073016072785404354 -0.99577141677191783 0.05574888927184396 4
1 369.03692634074901 940.45695017660421 524.12356595752954 0.79145328433393436 -0.091865584089188615 -0.60428669783222988 0.60685282551210473 0 0.79481422242431921 -0.073016072785404354 -0.99577141677191783 0.05574888927184396 
1 363.91118516253493 941.05190532626023 528.03714780984615 0.79145328433393436 -0.091865584089188615 -0.60428669783222988 0.60685282551210473 0 0.79481422242431921 -0.073016072785404354 -0.99577141677191783 0.05574888927184396 
2 369.03692634074901 940.45695017660421 524.12356595752954 0.7847336748041629 -0.093158648015295567 -0.61279240035130711 0.61546890384854325 -6.9388939039072284e-18 0.78816116904823019 -0.073424028926687937 -0.99565127745609927 0.057336250977986225 4
1 374.04860642499068 939.86199502694831 520.20998410521292 0.7847336748041629 -0.093158648015295567 -0.61279240035130711 0.61546890384854325 -6.9388939039072284e-18 0.78816116904823019 -0.073424028926687937 -0.99565127745609927 0.057336250977986225 
1 369.03692634074901 940.45695017660421 524.12356595752954 0.7847336748041629 -0.093158648015295567 -0.61279240035130711 0.61546890384854325 -6.9388939039072284e-18 0.78816116904823019 -0.073424028926687937 -0.99565127745609927 0.057336250977986225 
2 374.04860642499068 939.86199502694831 520.20998410521292 0.7777255148916028 -0.09447688785570485 -0.62146370863284661 0.62425597112463183 6.9388939039072284e-18 0.78121986822868428 -0.073807221881289936 -0.99552705521301654 0.058977761377195979 4
1 378.9462254152599 939.26703987729229 516.29640225289631 0.7777255148916028 -0.09447688785570485 -0.62146370863284661 0.62425597112463183 6.9388939039072284e-18 0.78121986822868428 -0.073807221881289936 -0.99552705521301654 0.058977761377195979 
1 374.04860642499068 939.86199502694831 520.20998410521292 0.7777255148916028 -0.09447688785570485 -0.62146370863284661 0.62425597112463183 6.9388939039072284e-18 0.78121986822868428 -0.073807221881289936 -0.99552705521301654 0.058977761377195979 
2 378.9462254152599 939.26703987729229 516.29640225289631 0.77041484972429042 -0.095820368886866444 -0.63030105206217435 0.6332146994545188 0 0.77397619110326876 -0.074162684141167057 -0.99539864220642027 0.060674866086318259 4
1 383.72978331155673 938.67208472763639 512.3828204005797 0.77041484972429042 -0.095820368886866444 -0.63030105206217435 0.6332146994545188 0 0.77397619110326876 -0.074162684141167057 -0.99539864220642027 0.060674866086318259 
1 378.9462254152599 939.26703987729229 516.29640225289631 0.77041484972429042 -0.095820368886866444 -0.63030105206217435 0.6332146994545188 0 0.77397619110326876 -0.074162684141167057 -0.99539864220642027 0.060674866086318259 
2 383.72978331155673 938.67208472763639 512.3828204005797 0.76278711283000789 -0.097189084837464121 -0.63930438938655565 0.64234529362444148 6.9388939039072299e-18 0.76641537286156391 -0.074487208693779242 -0.99526593520950779 0.062428951237011657 4
1 388.3992801138811 938.07712957798049 508.46923854826315 0.76278711283000789 -0.097189084837464121 -0.63930438938655565 0.64234529362444148 6.9388939039072299e-18 0.76641537286156391 -0.074487208693779242 -0.99526593520950779 0.062428951237011657 
1 383.72978331155673 938.67208472763639 512.3828204005797 0.76278711283000789 -0.097189084837464121 -0.63930438938655565 0.64234529362444148 6.9388939039072299e-18 0.76641537286156391 -0.074487208693779242 -0.99526593520950779 0.062428951237011657 
2 388.3992801138811 938.07712957798049 508.46923854826315 0.75482712078605141 -0.098582948232223383 -0.64847314519853672 0.65164742600001546 0 0.75852200507800327 -0.074777335559607083 -0.99512883704465271 0.064241324463021138 4
1 392.95471582223308 937.48217442832447 504.55565669594648 0.75482712078605141 -0.098582948232223383 -0.64847314519853672 0.65164742600001546 0 0.75852200507800327 -0.074777335559607083 -0.99512883704465271 0.064241324463021138 
1 388.3992801138811 938.07712957798049 508.46923854826315 0.75482712078605141 -0.098582948232223383 -0.64847314519853672 0.65164742600001546 0 0.75852200507800327 -0.074777335559607083 -0.99512883704465271 0.064241324463021138 
2 392.95471582223308 937.48217442832447 504.55565669594648 0.74651907237219395 -0.10000177985126629 -0.65780614060005393 0.66112016527197837 0 0.75028003243505814 -0.075029338630371617 -0.99498725822322909 0.066113193222761171 4
1 397.39609043661261 936.88721927866857 500.64207484362987 0.74651907237219395 -0.10000177985126629 -0.65780614060005393 0.66112016527197837 0 0.75028003243505814 -0.075029338630371617 -0.99498725822322909 0.066113193222761171 
1 392.95471582223308 937.48217442832447 504.55565669594648 0.74651907237219395 -0.10000177985126629 -0.65780614060005393 0.66112016527197837 0 0.75028003243505814 -0.075029338630371617 -0.99498725822322909 0.066113193222761171 
2 397.39609043661261 936.88721927866857 500.64207484362987 0.73784655314881886 -0.10144529726851079 -0.66730151780773772 0.67076189875458381 -1.387778780781446e-17 0.74167275477743244 -0.075239213084351969 -0.99484111880345172 0.068045640215549485 4
1 401.72340395701974 936.29226412901266 496.7284929913132 0.73784655314881886 -0.10144529726851079 -0.66730151780773772 0.67076189875458381 -1.387778780781446e-17 0.74167275477743244 -0.075239213084351969 -0.99484111880345172 0.068045640215549485 
1 397.39609043661261 936.88721927866857 500.64207484362987 0.73784655314881886 -0.10144529726851079 -0.66730151780773772 0.67076189875458381 -1.387778780781446e-17 0.74167275477743244 -0.075239213084351969 -0.99484111880345172 0.068045640215549485 
2 401.72340395701974 936.29226412901266 496.7284929913132 0.72879254650077907 -0.10291310244102284 -0.67695665851727416 0.68057024800520549 6.9388939039072284e-18 0.73268283556402014 -0.075402663713179094 -0.99469035048399035 0.070039595651272032 4
1 405.93665638345442 935.69730897935665 492.81491113899665 0.72879254650077907 -0.10291310244102284 -0.67695665851727416 0.68057024800520549 6.9388939039072284e-18 0.73268283556402014 -0.075402663713179094 -0.99469035048399035 0.070039595651272032 
1 401.72340395701974 936.29226412901266 496.7284929913132 0.72879254650077907 -0.10291310244102284 -0.67695665851727416 0.68057024800520549 6.9388939039072284e-18 0.73268283556402014 -0.075402663713179094 -0.99469035048399035 0.070039595651272032 
2 405.93665638345442 935.69730897935665 492.81491113899665 0.71933945231140628 -0.10440466833399889 -0.68676809592350285 0.69054197761020786 0 0.72329231791730175 -0.075515094560685184 -0.99453489895029212 0.072095806143097449 4
1 410.0358477159167 935.10235382970075 488.9013292866801 0.71933945231140628 -0.10440466833399889 -0.68676809592350285 0.69054197761020786 0 0.72329231791730175 -0.075515094560685184 -0.99453489895029212 0.072095806143097449 
1 405.93665638345442 935.69730897935665 492.81491113899665 0.71933945231140628 -0.10440466833399889 -0.68676809592350285 0.69054197761020786 0 0.72329231791730175 -0.075515094560685184 -0.99453489895029212 0.072095806143097449 
2 410.0358477159167 935.10235382970075 488.9013292866801 0.70946911456013229 -0.10591932458130159 -0.69673142039490565 0.70067289708268155 0 0.71348264960947871 -0.075571600347113424 -0.99437472648908409 0.074214800011421458 4
1 414.02097795440653 934.50739868004484 484.98774743436343 0.70946911456013229 -0.10591932458130159 -0.69673142039490565 0.70067289708268155 0 0.71348264960947871 -0.075571600347113424 -0.99437472648908409 0.074214800011421458 
1 410.0358477159167 935.10235382970075 488.9013292866801 0.70946911456013229 -0.10591932458130159 -0.69673142039490565 0.70067289708268155 0 0.71348264960947871 -0.075571600347113424 -0.99437472648908409 0.074214800011421458 
2 414.02097795440653 934.50739868004484 484.98774743436343 0.69916285926649924 -0.10745624220065524 -0.70684117893230269 -0.71095775594874588 0 -0.70323471846626273 0.075566960231420316 0.99420981488421956 -0.07639684881766276 4
1 417.89204709892397 933.91244353038894 481.07416558204682 0.69916285926649924 -0.10745624220065524 -0.70684117893230269 -0.71095775594874588 0 -0.70323471846626273 0.075566960231420316 0.99420981488421956 -0.07639684881766276 
1 414.02097795440653 934.50739868004484 484.98774743436343 0.69916285926649924 -0.10745624220065524 -0.70684117893230269 -0.71095775594874588 0 -0.70323471846626273 0.075566960231420316 0.99420981488421956 -0.07639684881766276 
2 417.89204709892397 933.91244353038894 481.07416558204682 0.68840154432964962 -0.10901441740873256 -0.71709076870476307 -0.72139013226424398 -6.9388939039072284e-18 -0.69252889980980337 0.075495634551476232 0.99404016860337929 -0.078641924993195084 4
1 421.64905514946895 933.31748838073293 477.16058372973015 0.68840154432964962 -0.10901441740873256 -0.71709076870476307 -0.72139013226424398 -6.9388939039072284e-18 -0.69252889980980337 0.075495634551476232 0.99404016860337929 -0.078641924993195084 
1 417.89204709892397 933.91244353038894 481.07416558204682 0.68840154432964962 -0.10901441740873256 -0.71709076870476307 -0.72139013226424398 -6.9388939039072284e-18 -0.69252889980980337 0.075495634551476232 0.99404016860337929 -0.078641924993195084 
2 421.64905514946895 933.31748838073293 477.16058372973015 0.6771656229309192 -0.11059265461052559 -0.72747232515524418 -0.7319623150073884 0 -0.68134511769662298 0.075351765271990515 0.99386581828041409 -0.080949655491532824 4
1 425.29200210604154 932.72253323107702 473.2470018774136 0.6771656229309192 -0.11059265461052559 -0.72747232515524418 -0.7319623150073884 0 -0.68134511769662298 0.075351765271990515 0.99386581828041409 -0.080949655491532824 
1 421.64905514946895 933.31748838073293 477.16058372973015 0.6771656229309192 -0.11059265461052559 -0.72747232515524418 -0.7319623150073884 0 -0.68134511769662298 0.075351765271990515 0.99386581828041409 -0.080949655491532824 
2 425.29200210604154 932.72253323107702 473.2470018774136 0.66543522226835361 -0.11218954867507931 -0.73797660541019106 -0.74266518104213175 0 -0.6696629218253447 0.07512918096402034 0.99368682449154078 -0.083319271477812831 4
1 428.82088796864167 932.12757808142112 469.33342002509704 0.66543522226835361 -0.11218954867507931 -0.73797660541019106 -0.74266518104213175 0 -0.6696629218253447 0.07512918096402034 0.99368682449154078 -0.083319271477812831 
1 425.29200210604154 932.72253323107702 473.2470018774136 0.66543522226835361 -0.11218954867507931 -0.73797660541019106 -0.74266518104213175 0 -0.6696629218253447 0.07512918096402034 0.99368682449154078 -0.083319271477812831 
2 428.82088796864167 932.12757808142112 469.33342002509704 0.65319023947100507 -0.11380346665181562 -0.74859286801160485 -0.75348806764251486 0 -0.65746158208700622 0.074821407231888556 0.9935032818154298 -0.085749554178495932 4
1 432.23571273726941 931.5326229317651 465.41983817278037 0.65319023947100507 -0.11380346665181562 -0.74859286801160485 -0.75348806764251486 0 -0.65746158208700622 0.074821407231888556 0.9935032818154298 -0.085749554178495932 
1 428.82088796864167 932.12757808142112 469.33342002509704 0.65319023947100507 -0.11380346665181562 -0.74859286801160485 -0.75348806764251486 0 -0.65746158208700622 0.074821407231888556 0.9935032818154298 -0.085749554178495932 
2 432.23571273726941 931.5326229317651 465.41983817278037 0.6404104565825357 -0.11543252913344623 -0.75930875032334777 -0.7644186419175778 0 -0.64472020279256492 0.074421683591774118 0.99331532315667825 -0.088238777153300196 4
1 435.5364764119247 930.9376677821092 461.50625632046376 0.6404104565825357 -0.11543252913344623 -0.75930875032334777 -0.7644186419175778 0 -0.64472020279256492 0.074421683591774118 0.99331532315667825 -0.088238777153300196 
1 432.23571273726941 931.5326229317651 465.41983817278037 0.6404104565825357 -0.11543252913344623 -0.75930875032334777 -0.7644186419175778 0 -0.64472020279256492 0.074421683591774118 0.99331532315667825 -0.088238777153300196 
2 435.5364764119247 930.9376677821092 461.50625632046376 0.62707567649930118 -0.11707459152882105 -0.77011014534370559 -0.77544276887814811 -6.9388939039072299e-18 -0.6314178586281759 0.073922987882896571 0.99312312429947969 -0.090784645420387181 4
1 438.72317899260759 930.34271263245319 457.5926744681471 0.62707567649930118 -0.11707459152882105 -0.77011014534370559 -0.77544276887814811 -6.9388939039072299e-18 -0.6314178586281759 0.073922987882896571 0.99312312429947969 -0.090784645420387181 
1 435.5364764119247 930.9376677821092 461.50625632046376 0.62707567649930118 -0.11707459152882105 -0.77011014534370559 -0.77544276887814811 -6.9388939039072299e-18 -0.6314178586281759 0.073922987882896571 0.99312312429947969 -0.090784645420387181 
2 438.72317899260759 930.34271263245319 457.5926744681471 0.6131658816805543 -0.11872722557349445 -0.78098108008486933 -0.78654438034326279 0 -0.61753375434095314 0.073318069350885265 0.99292690864313904 -0.093384232068578987 4
1 441.79582047931802 929.74775748279728 453.67909261583054 0.6131658816805543 -0.11872722557349445 -0.78098108008486933 -0.78654438034326279 0 -0.61753375434095314 0.073318069350885265 0.99292690864313904 -0.093384232068578987 
1 438.72317899260759 930.34271263245319 457.5926744681471 0.6131658816805543 -0.11872722557349445 -0.78098108008486933 -0.78654438034326279 0 -0.61753375434095314 0.073318069350885265 0.99292690864313904 -0.093384232068578987 
2 441.79582047931802 929.74775748279728 453.67909261583054 0.59866141730146438 -0.12038770147941823 -0.79190359815264399 -0.79770534739177734 6.9388939039072284e-18 -0.60304741002889961 0.072599491576495506 0.99272695205303185 -0.096033913230336915 4
1 444.75440087205607 929.15280233314138 449.76551076351399 0.59866141730146438 -0.12038770147941823 -0.79190359815264399 -0.79770534739177734 6.9388939039072284e-18 -0.60304741002889961 0.072599491576495506 0.99272695205303185 -0.096033913230336915 
1 441.79582047931802 929.74775748279728 453.67909261583054 0.59866141730146438 -0.12038770147941823 -0.79190359815264399 -0.79770534739177734 6.9388939039072284e-18 -0.60304741002889961 0.072599491576495506 0.99272695205303185 -0.096033913230336915 
2 444.75440087205607 929.15280233314138 449.76551076351399 0.58354320027657802 -0.12205297120042935 -0.8028576496690536 -0.80890535961651755 0 -0.58793887367963071 0.071759686416832821 0.99252358774043614 -0.09872930256114773 4
1 447.59892017082166 928.55784718348536 445.85192891119732 0.58354320027657802 -0.12205297120042935 -0.8028576496690536 -0.80890535961651755 0 -0.58793887367963071 0.071759686416832821 0.99252358774043614 -0.09872930256114773 
1 444.75440087205607 929.15280233314138 449.76551076351399 0.58354320027657802 -0.12205297120042935 -0.8028576496690536 -0.80890535961651755 0 -0.58793887367963071 0.071759686416832821 0.99252358774043614 -0.09872930256114773 
2 447.59892017082166 928.55784718348536 445.85192891119732 0.56779295522127327 -0.12371965337327905 -0.81382099221529591 -0.82012181502385073 6.9388939039072299e-18 -0.57218896225109495 0.070791020073721719 0.99231721106166237 -0.10146518667861529 4
1 450.32937837561485 927.96289203382946 441.93834705888071 0.56779295522127327 -0.12371965337327905 -0.81382099221529591 -0.82012181502385073 6.9388939039072299e-18 -0.57218896225109495 0.070791020073721719 0.99231721106166237 -0.10146518667861529 
1 447.59892017082166 928.55784718348536 445.85192891119732 0.56779295522127327 -0.12371965337327905 -0.81382099221529591 -0.82012181502385073 6.9388939039072299e-18 -0.57218896225109495 0.070791020073721719 0.99231721106166237 -0.10146518667861529 
2 450.32937837561485 927.96289203382946 441.93834705888071 0.55139347792406646 -0.1253840205758201 -0.82476910701543882 -0.8313297250227013 0 -0.55577953209314923 0.069685872287587089 0.99210828410221552 -0.10423546334753725 4
1 452.94577548643559 927.36793688417345 438.02476520656404 0.55139347792406646 -0.1253840205758201 -0.82476910701543882 -0.8313297250227013 0 -0.55577953209314923 0.069685872287587089 0.99210828410221552 -0.10423546334753725 
1 450.32937837561485 927.96289203382946 441.93834705888071 0.55139347792406646 -0.1253840205758201 -0.82476910701543882 -0.8313297250227013 0 -0.55577953209314923 0.069685872287587089 0.99210828410221552 -0.10423546334753725 
2 452.94577548643559 927.36793688417345 438.02476520656404 0.53432892625661887 -0.12704198962331073 -0.83567513510813474 -0.84250163953896495 0 -0.53869377885228653 0.068436729463094231 0.9918973398858123 -0.10703308454793146 4
1 455.44811150328394 926.77298173451754 434.11118335424749 0.53432892625661887 -0.12704198962331073 -0.83567513510813474 -0.84250163953896495 0 -0.53869377885228653 0.068436729463094231 0.9918973398858123 -0.10703308454793146 
1 452.94577548643559 927.36793688417345 438.02476520656404 0.53432892625661887 -0.12704198962331073 -0.83567513510813474 -0.84250163953896495 0 -0.53869377885228653 0.068436729463094231 0.9918973398858123 -0.10703308454793146 
2 455.44811150328394 926.77298173451754 434.11118335424749 0.51658513763385538 -0.12868911569898711 -0.84650983873574881 -0.85360759784391016 0 -0.52091656616309434 0.067036292252481519 0.99168498602157573 -0.10985000692046941 4
1 457.83638642615983 926.17802658486164 430.19760150193093 0.51658513763385538 -0.12868911569898711 -0.84650983873574881 -0.85360759784391016 0 -0.52091656616309434 0.067036292252481519 0.99168498602157573 -0.10985000692046941 
1 455.44811150328394 926.77298173451754 434.11118335424749 0.51658513763385538 -0.12868911569898711 -0.84650983873574881 -0.85360759784391016 0 -0.52091656616309434 0.067036292252481519 0.99168498602157573 -0.10985000692046941 
2 457.83638642615983 926.17802658486164 430.19760150193093 0.49814997115016141 -0.13032059117311812 -0.85724159357755292 -0.86461511115497047 6.9388939039072284e-18 -0.50243478140200259 0.065477597738245352 0.99147190757796522 -0.11267715242292699 4
1 460.11060025506333 925.58307143520562 426.28401964961427 0.49814997115016141 -0.13032059117311812 -0.85724159357755292 -0.86461511115497047 6.9388939039072284e-18 -0.50243478140200259 0.065477597738245352 0.99147190757796522 -0.11267715242292699 
1 457.83638642615983 926.17802658486164 430.19760150193093 0.49814997115016141 -0.13032059117311812 -0.85724159357755292 -0.86461511115497047 6.9388939039072284e-18 -0.50243478140200259 0.065477597738245352 0.99147190757796522 -0.11267715242292699 
2 460.11060025506333 925.58307143520562 426.28401964961427 0.4790136713531874 -0.13193125000777137 -0.86783641772405895 -0.87548918340938342 0 -0.48323771555329903 0.063754155863846598 0.99125886894967397 -0.11550438233548296 4
1 462.27075298999438 924.98811628554972 422.37043779729765 0.4790136713531874 -0.13193125000777137 -0.86783641772405895 -0.87548918340938342 0 -0.48323771555329903 0.063754155863846598 0.99125886894967397 -0.11550438233548296 
1 460.11060025506333 925.58307143520562 426.28401964961427 0.4790136713531874 -0.13193125000777137 -0.86783641772405895 -0.87548918340938342 0 -0.48323771555329903 0.063754155863846598 0.99125886894967397 -0.11550438233548296 
2 462.27075298999438 924.98811628554972 422.37043779729765 0.45916924929038527 -0.13351557865756541 -0.87825804338009883 -0.88619237676650198 6.9388939039072284e-18 -0.46331746282752873 0.061860099151572562 0.9910467144669497 -0.11832048798590274 4
1 464.31684463095303 924.39316113589371 418.45685594498099 0.45916924929038527 -0.13351557865756541 -0.87825804338009883 -0.88619237676650198 6.9388939039072284e-18 -0.46331746282752873 0.061860099151572562 0.9910467144669497 -0.11832048798590274 
1 462.27075298999438 924.98811628554972 422.37043779729765 0.45916924929038527 -0.13351557865756541 -0.87825804338009883 -0.88619237676650198 6.9388939039072284e-18 -0.46331746282752873 0.061860099151572562 0.9910467144669497 -0.11832048798590274 
2 464.31684463095303 924.39316113589371 418.45685594498099 0.43861287499677315 -0.13506773435429281 -0.88846803714228406 -0.8966849283045043 0 -0.44266933409888015 0.059790344024859242 0.99083636748778969 -0.12111320169573089 4
1 466.24887517793923 923.7982059862378 414.54327409266443 0.43861287499677315 -0.13506773435429281 -0.88846803714228406 -0.8966849283045043 0 -0.44266933409888015 0.059790344024859242 0.99083636748778969 -0.12111320169573089 
1 464.31684463095303 924.39316113589371 418.45685594498099 0.43861287499677315 -0.13506773435429281 -0.88846803714228406 -0.8966849283045043 0 -0.44266933409888015 0.059790344024859242 0.99083636748778969 -0.12111320169573089 
2 466.24887517793923 923.7982059862378 414.54327409266443 0.41734427402906832 -0.13658157159976944 -0.89842597426526294 -0.90692492397772007 6.9388939039072315e-18 -0.42129227653495727 0.057540761231989139 0.99062882771466787 -0.12386923143987844 4
1 468.06684463095303 923.2032508365819 410.62969224034782 0.41734427402906832 -0.13658157159976944 -0.89842597426526294 -0.90692492397772007 6.9388939039072315e-18 -0.42129227653495727 0.057540761231989139 0.99062882771466787 -0.12386923143987844 
1 466.24887517793923 923.7982059862378 414.54327409266443 0.41734427402906832 -0.13658157159976944 -0.89842597426526294 -0.90692492397772007 6.9388939039072315e-18 -0.42129227653495727 0.057540761231989139 0.99062882771466787 -0.12386923143987844 
2 468.06684463095303 923.2032508365819 410.62969224034782 0.39536711905332489 -0.1380506775715222 -0.9080896715597625 -0.91686853513175393 0 -0.39918929004339765 0.055108351969785953 0.99042516649267531 -0.12657432251894765 4
1 469.77075298999438 922.60829568692589 406.71611038803121 0.39536711905332489 -0.1380506775715222 -0.9080896715597625 -0.91686853513175393 0 -0.39918929004339765 0.055108351969785953 0.99042516649267531 -0.12657432251894765 
1 468.06684463095303 923.2032508365819 410.62969224034782 0.39536711905332489 -0.1380506775715222 -0.9080896715597625 -0.91686853513175393 0 -0.39918929004339765 0.055108351969785953 0.99042516649267531 -0.12657432251894765 
2 469.77075298999438 922.60829568692589 406.71611038803121 0.37268940594121325 -0.13946841697231022 -0.91741548241046356 -0.92647032168421661 0 -0.37636782944128483 0.052491425371480445 0.99022651987675925 -0.12921334913712471 4
1 471.36060025506333 922.01334053726998 402.8025285357146 0.37268940594121325 -0.13946841697231022 -0.91741548241046356 -0.92647032168421661 0 -0.37636782944128483 0.052491425371480445 0.99022651987675925 -0.12921334913712471 
1 469.77075298999438 922.60829568692589 406.71611038803121 0.37268940594121325 -0.13946841697231022 -0.91741548241046356 -0.92647032168421661 0 -0.37636782944128483 0.052491425371480445 0.99022651987675925 -0.12921334913712471 
2 471.36060025506333 922.01334053726998 402.8025285357146 0.3493238024267441 -0.14082798661594337 -0.92635865583683119 -0.9356836044340433 0 -0.3528401796753266 0.049689772100883954 0.99003407930520237 -0.13177043812199513 4
1 472.83638642615983 921.41838538761408 398.88894668339799 0.3493238024267441 -0.14082798661594337 -0.92635865583683119 -0.9356836044340433 0 -0.3528401796753266 0.049689772100883954 0.99003407930520237 -0.13177043812199513 
1 471.36060025506333 922.01334053726998 402.8025285357146 0.3493238024267441 -0.14082798661594337 -0.92635865583683119 -0.9356836044340433 0 -0.3528401796753266 0.049689772100883954 0.99003407930520237 -0.13177043812199513 
2 472.83638642615983 921.41838538761408 398.88894668339799 0.32528795623858758 -0.1421224797401526 -0.93487375954116525 -0.94446090685218897 -6.9388939039072299e-18 -0.32862379011255549 0.046704827952403827 0.98984907978565595 -0.13422912609946641 4
1 474.19811150328394 920.82343023795806 394.97536483108138 0.32528795623858758 -0.1421224797401526 -0.93487375954116525 -0.94446090685218897 -6.9388939039072299e-18 -0.32862379011255549 0.046704827952403827 0.98984907978565595 -0.13422912609946641 
1 472.83638642615983 921.41838538761408 398.88894668339799 0.32528795623858758 -0.1421224797401526 -0.93487375954116525 -0.94446090685218897 -6.9388939039072299e-18 -0.32862379011255549 0.046704827952403827 0.98984907978565595 -0.13422912609946641 
2 474.19811150328394 920.82343023795806 394.97536483108138 0.30060474888105976 -0.14334495967899324 -0.94291516452159307 -0.95275446415436804 0 -0.30374155302480954 0.043539820671176115 0.98967278558856409 -0.13657255024818871 4
1 475.44577548643559 920.22847508830216 391.06178297876477 0.30060474888105976 -0.14334495967899324 -0.94291516452159307 -0.95275446415436804 0 -0.30374155302480954 0.043539820671176115 0.98967278558856409 -0.13657255024818871 
1 474.19811150328394 920.82343023795806 394.97536483108138 0.30060474888105976 -0.14334495967899324 -0.94291516452159307 -0.95275446415436804 0 -0.30374155302480954 0.043539820671176115 0.98967278558856409 -0.13657255024818871 
2 475.44577548643559 920.22847508830216 391.06178297876477 0.27530248102266924 -0.1444885421173393 -0.95043758613575924 -0.96051679452504446 6.9388939039072284e-18 -0.27822201105472161 0.040199892762250992 0.98950647354972165 -0.13878367132014363 4
1 476.57937837561485 919.63351993864615 387.14820112644816 0.27530248102266924 -0.1444885421173393 -0.95043758613575924 -0.96051679452504446 6.9388939039072284e-18 -0.27822201105472161 0.040199892762250992 0.98950647354972165 -0.13878367132014363 
1 475.44577548643559 920.22847508830216 391.06178297876477 0.27530248102266924 -0.1444885421173393 -0.95043758613575924 -0.96051679452504446 6.9388939039072284e-18 -0.27822201105472161 0.040199892762250992 0.98950647354972165 -0.13878367132014363 
2 476.57937837561485 919.63351993864615 387.14820112644816 0.24941497588347533 -0.14554648470598161 -0.95739667358664704 -0.96770132416076238 6.9388939039072284e-18 -0.25209947881244649 0.036692192937361687 0.9893514142051506 -0.14084552597692254 4
1 477.59892017082166 919.03856478899024 383.23461927413155 0.24941497588347533 -0.14554648470598161 -0.95739667358664704 -0.96770132416076238 6.9388939039072284e-18 -0.25209947881244649 0.036692192937361687 0.9893514142051506 -0.14084552597692254 
1 476.57937837561485 919.63351993864615 387.14820112644816 0.24941497588347533 -0.14554648470598161 -0.95739667358664704 -0.96770132416076238 6.9388939039072284e-18 -0.25209947881244649 0.036692192937361687 0.9893514142051506 -0.14084552597692254 
2 477.59892017082166 919.03856478899024 383.23461927413155 0.22298158819219083 -0.14651228236290939 -0.96374963680620884 -0.97426305448396744 6.9388939039072268e-18 -0.22541406492845531 0.033025929129369039 0.98920885111123591 -0.14274150373430561 4
1 478.50440087205607 918.44360963933423 379.32103742181494 0.22298158819219083 -0.14651228236290939 -0.96374963680620884 -0.97426305448396744 6.9388939039072268e-18 -0.22541406492845531 0.033025929129369039 0.98920885111123591 -0.14274150373430561 
1 477.59892017082166 919.03856478899024 383.23461927413155 0.22298158819219083 -0.14651228236290939 -0.96374963680620884 -0.97426305448396744 6.9388939039072268e-18 -0.22541406492845531 0.033025929129369039 0.98920885111123591 -0.14274150373430561 
2 478.50440087205607 918.44360963933423 379.32103742181494 0.19604710826779639 -0.14737976614277448 -0.9694558968161141 -0.98015925664400649 -3.4694469519536142e-18 -0.19821158294879987 0.029212376741783262 0.98907997883472554 -0.14445564202686934 4
1 479.29582047931802 917.84865448967832 375.40745556949832 0.19604710826779639 -0.14737976614277448 -0.9694558968161141 -0.98015925664400649 -3.4694469519536142e-18 -0.19821158294879987 0.029212376741783262 0.98907997883472554 -0.14445564202686934 
1 478.50440087205607 918.44360963933423 379.32103742181494 0.19604710826779639 -0.14737976614277448 -0.9694558968161141 -0.98015925664400649 -3.4694469519536142e-18 -0.19821158294879987 0.029212376741783262 0.98907997883472554 -0.14445564202686934 
2 479.29582047931802 917.84865448967832 375.40745556949832 0.16866155357799106 -0.14814320316557986 -0.97447774305034818 -0.98535017549840809 0 -0.17054334242431343 0.025264837025302113 0.98896592021962104 -0.1459729312381004 4
1 479.97317899260759 917.25369934002242 371.49387371718171 0.16866155357799106 -0.14814320316557986 -0.97447774305034818 -0.98535017549840809 0 -0.17054334242431343 0.025264837025302113 0.98896592021962104 -0.1459729312381004 
1 479.29582047931802 917.84865448967832 375.40745556949832 0.16866155357799106 -0.14814320316557986 -0.97447774305034818 -0.98535017549840809 0 -0.17054334242431343 0.025264837025302113 0.98896592021962104 -0.1459729312381004 
2 479.97317899260759 917.25369934002242 371.49387371718171 0.14087984367822451 -0.14879739477717926 -0.9787809790513522 3.4694469519536134e-18 -0.98864099078060197 0.15029634509311895 -0.9900267014809242 -0.021173725602127085 -0.13927958823505618 4
1 480.5364764119247 916.65874419036641 367.5802918648651 0.14087984367822451 -0.14879739477717926 -0.9787809790513522 3.4694469519536134e-18 -0.98864099078060197 0.15029634509311895 -0.9900267014809242 -0.021173725602127085 -0.13927958823505618 
1 479.97317899260759 917.25369934002242 371.49387371718171 0.14087984367822451 -0.14879739477717926 -0.9787809790513522 3.4694469519536134e-18 -0.98864099078060197 0.15029634509311895 -0.9900267014809242 -0.021173725602127085 -0.13927958823505618 
2 480.5364764119247 916.65874419036641 367.5802918648651 0.11276135861566029 -0.14933776991228714 -0.98233553660690465 0 -0.98864099078061052 0.15029634509306283 -0.99362209919221844 -0.016947620067661893 -0.11148050130355412 4
1 480.98571273726941 916.06378904071062 363.66671001254849 0.11276135861566029 -0.14933776991228714 -0.98233553660690465 0 -0.98864099078061052 0.15029634509306283 -0.99362209919221844 -0.016947620067661893 -0.11148050130355412 
1 480.5364764119247 916.65874419036641 367.5802918648651 0.11276135861566029 -0.14933776991228714 -0.98233553660690465 0 -0.98864099078061052 0.15029634509306283 -0.99362209919221844 -0.016947620067661893 -0.11148050130355412 
2 480.98571273726941 916.06378904071062 363.66671001254849 0.084369385491882609 -0.14976047056400507 -0.98511603796109715 0 -0.98864099078060186 0.15029634509311898 -0.99643454716891577 -0.012680410277182376 -0.083411032864245366 4
1 481.32088796864167 915.4688338910546 359.75312816023188 0.084369385491882609 -0.14976047056400507 -0.98511603796109715 0 -0.98864099078060186 0.15029634509311898 -0.99643454716891577 -0.012680410277182376 -0.083411032864245366 
1 480.98571273726941 916.06378904071062 363.66671001254849 0.084369385491882609 -0.14976047056400507 -0.98511603796109715 0 -0.98864099078060186 0.15029634509311898 -0.99643454716891577 -0.012680410277182376 -0.083411032864245366 
2 481.32088796864167 915.4688338910546 359.75312816023188 0.055770462661867998 -0.15006242635391562 -0.98710228633675889 0 -0.98864099078060186 0.15029634509311895 -0.99844361658256964 -0.0083820967022310202 -0.055136965462321753 4
1 481.54200210604154 914.87387874139858 355.83954630791527 0.055770462661867998 -0.15006242635391562 -0.98710228633675889 0 -0.98864099078060186 0.15029634509311895 -0.99844361658256964 -0.0083820967022310202 -0.055136965462321753 
1 481.32088796864167 915.4688338910546 359.75312816023188 0.055770462661867998 -0.15006242635391562 -0.98710228633675889 0 -0.98864099078060186 0.15029634509311895 -0.99844361658256964 -0.0083820967022310202 -0.055136965462321753 
2 481.54200210604154 914.87387874139858 355.83954630791527 0.027033635700127501 -0.15024141545882311 -0.98827966670460343 0 -0.98864099078061041 0.15029634509306281 -0.99963452448424006 -0.0040630566403065055 -0.026726560382976133 4
1 481.64905514946895 914.2789235917428 351.92596445559866 0.027033635700127501 -0.15024141545882311 -0.98827966670460343 0 -0.98864099078061041 0.15029634509306281 -0.99963452448424006 -0.0040630566403065055 -0.026726560382976133 
1 481.54200210604154 914.87387874139858 355.83954630791527 0.027033635700127501 -0.15024141545882311 -0.98827966670460343 0 -0.98864099078061041 0.15029634509306281 -0.99963452448424006 -0.0040630566403065055 -0.026726560382976133 
2 481.64905514946895 914.2789235917428 351.92596445559866 -0.0017703565271504876 -0.15029610956637013 -0.98863944149876015 -5.4210108624275222e-20 -0.98864099078060186 0.15029634509311895 -0.99999843291765556 0.0002660781155424654 0.0017502470310369637 4
1 481.64204709892397 913.68396844208678 348.01238260328205 -0.0017703565271504876 -0.15029610956637013 -0.98863944149876015 -5.4210108624275222e-20 -0.98864099078060186 0.15029634509311895 -0.99999843291765556 0.0002660781155424654 0.0017502470310369637 
1 481.64905514946895 914.2789235917428 351.92596445559866 -0.0017703565271504876 -0.15029610956637013 -0.98863944149876015 -5.4210108624275222e-20 -0.98864099078060186 0.15029634509311895 -0.99999843291765556 0.0002660781155424654 0.0017502470310369637 
2 481.64204709892397 913.68396844208678 348.01238260328205 -0.030569943893384147 -0.1502261010975032 -0.98817892968803889 0 -0.98864099078060186 0.15029634509311895 -0.99953263004784165 0.0045945508368773489 0.030222699618862717 4
1 481.52097795440653 913.08901329243076 344.09880075096544 -0.030569943893384147 -0.1502261010975032 -0.98817892968803889 0 -0.98864099078060186 0.15029634509311895 -0.99953263004784165 0.0045945508368773489 0.030222699618862717 
1 481.64204709892397 913.68396844208678 348.01238260328205 -0.030569943893384147 -0.1502261010975032 -0.98817892968803889 0 -0.98864099078060186 0.15029634509311895 -0.99953263004784165 0.0045945508368773489 0.030222699618862717 
2 481.52097795440653 913.08901329243076 344.09880075096544 -0.059293610919744069 -0.15003191161194562 -0.98690156206288548 1.7347234759768071e-18 -0.98864099078060186 0.15029634509311898 -0.99824058608338406 0.0089116130086109822 0.058620094246655298 4
1 481.2858477159167 912.49405814277475 340.18521889864883 -0.059293610919744069 -0.15003191161194562 -0.98690156206288548 1.7347234759768071e-18 -0.98864099078060186 0.15029634509311898 -0.99824058608338406 0.0089116130086109822 0.058620094246655298 
1 481.52097795440653 913.08901329243076 344.09880075096544 -0.059293610919744069 -0.15003191161194562 -0.98690156206288548 1.7347234759768071e-18 -0.98864099078060186 0.15029634509311898 -0.99824058608338406 0.0089116130086109822 0.058620094246655298 
2 481.2858477159167 912.49405814277475 340.18521889864883 -0.087870781108540644 -0.14971498105683845 -0.98481681051580627 0 -0.98864099078061041 0.15029634509306283 -0.99613188174426737 0.01320665724108621 0.086872656095813766 4
1 480.93665638345442 911.89910299311896 336.27163704633222 -0.087870781108540644 -0.14971498105683845 -0.98481681051580627 0 -0.98864099078061041 0.15029634509306283 -0.99613188174426737 0.01320665724108621 0.086872656095813766 
1 481.2858477159167 912.49405814277475 340.18521889864883 -0.087870781108540644 -0.14971498105683845 -0.98481681051580627 0 -0.98864099078061041 0.15029634509306283 -0.99613188174426737 0.01320665724108621 0.086872656095813766 
2 480.93665638345442 911.89910299311896 336.27163704633222 -0.11623267433053683 -0.14927763829207827 -0.9819399941564203 3.4694469519536142e-18 -0.98864099078060186 0.15029634509311898 -0.99322201214933381 0.017469346132278473 0.11491238631122096 4
1 480.47340395701974 911.30414784346294 332.35805519401561 -0.11623267433053683 -0.14927763829207827 -0.9819399941564203 3.4694469519536142e-18 -0.98864099078060186 0.15029634509311898 -0.99322201214933381 0.017469346132278473 0.11491238631122096 
1 480.93665638345442 911.89910299311896 336.27163704633222 -0.11623267433053683 -0.14927763829207827 -0.9819399941564203 3.4694469519536142e-18 -0.98864099078060186 0.15029634509311898 -0.99322201214933381 0.017469346132278473 0.11491238631122096 
2 480.47340395701974 911.30414784346294 332.35805519401561 -0.14431311327766241 -0.14872305406408551 -0.97829196997928969 0 -0.98864099078060186 0.15029634509311895 -0.98953207392995035 0.021689733474641922 0.14267385929346144 4
1 479.89609043661261 910.70919269380693 328.44447334169899 -0.14431311327766241 -0.14872305406408551 -0.97829196997928969 0 -0.98864099078060186 0.15029634509311895 -0.98953207392995035 0.021689733474641922 0.14267385929346144 
1 480.47340395701974 911.30414784346294 332.35805519401561 -0.14431311327766241 -0.14872305406408551 -0.97829196997928969 0 -0.98864099078060186 0.15029634509311895 -0.98953207392995035 0.021689733474641922 0.14267385929346144 
2 479.89609043661261 910.70919269380693 328.44447334169899 -0.17204925756377731 -0.14805517826813586 -0.97389872017563683 -0.98475156675049214 3.469446951953615e-18 0.17396652489042569 -0.025756644855340072 0.98897910199760575 -0.14579756876507022 4
1 479.20471582223308 910.11423754415114 324.53089148938238 -0.17204925756377731 -0.14805517826813586 -0.97389872017563683 -0.98475156675049214 3.469446951953615e-18 0.17396652489042569 -0.025756644855340072 0.98897910199760575 -0.14579756876507022 
1 479.89609043661261 910.70919269380693 328.44447334169899 -0.17204925756377731 -0.14805517826813586 -0.97389872017563683 -0.98475156675049214 3.469446951953615e-18 0.17396652489042569 -0.025756644855340072 0.98897910199760575 -0.14579756876507022 
2 479.20471582223308 910.11423754415114 324.53089148938238 -0.19938224761782425 -0.14727866388359392 -0.96879085178356628 -0.97947195576170354 0 0.20158047493828252 -0.029688503013930542 0.9890950384895596 -0.14425532095603433 4
1 478.3992801138811 909.51928239449512 320.61730963706577 -0.19938224761782425 -0.14727866388359392 -0.96879085178356628 -0.97947195576170354 0 0.20158047493828252 -0.029688503013930542 0.9890950384895596 -0.14425532095603433 
1 479.20471582223308 910.11423754415114 324.53089148938238 -0.19938224761782425 -0.14727866388359392 -0.96879085178356628 -0.97947195576170354 0 0.20158047493828252 -0.029688503013930542 0.9890950384895596 -0.14425532095603433 
2 478.3992801138811 909.51928239449512 320.61730963706577 -0.22625774479181457 -0.14639878036895956 -0.96300302700884755 -0.97349176282274918 0 0.22872207527096342 -0.033484632863126411 0.98922565530139839 -0.14251800677647894 4
1 477.47978331155673 908.92432724483911 316.70372778474916 -0.22625774479181457 -0.14639878036895956 -0.96300302700884755 -0.97349176282274918 0 0.22872207527096342 -0.033484632863126411 0.98922565530139839 -0.14251800677647894 
1 478.3992801138811 909.51928239449512 320.61730963706577 -0.22625774479181457 -0.14639878036895956 -0.96300302700884755 -0.97349176282274918 0 0.22872207527096342 -0.033484632863126411 0.98922565530139839 -0.14251800677647894 
2 477.47978331155673 908.92432724483911 316.70372778474916 -0.25262635879414769 -0.14542131954280396 -0.95657334411159523 -0.96685114627157742 0 0.25534067626082801 -0.037131978074801529 0.98936981954294012 -0.14060076949228537 4
1 476.4462254152599 908.32937209518332 312.79014593243255 -0.25262635879414769 -0.14542131954280396 -0.95657334411159523 -0.96685114627157742 0 0.25534067626082801 -0.037131978074801529 0.98936981954294012 -0.14060076949228537 
1 477.47978331155673 908.92432724483911 316.70372778474916 -0.25262635879414769 -0.14542131954280396 -0.95657334411159523 -0.96685114627157742 0 0.25534067626082801 -0.037131978074801529 0.98936981954294012 -0.14060076949228537 
2 476.4462254152599 908.32937209518332 312.79014593243255 -0.27844395833513613 -0.14435249704541006 -0.94954268922645912 -0.95959315179826754 -6.9388939039072284e-18 0.28139115661631425 -0.040619516104061032 0.98952632941056951 -0.13851966760975515 4
1 475.29860642499068 907.7344169455273 308.87656408011594 -0.27844395833513613 -0.14435249704541006 -0.94954268922645912 -0.95959315179826754 -6.9388939039072284e-18 0.28139115661631425 -0.040619516104061032 0.98952632941056951 -0.13851966760975515 
1 476.4462254152599 908.32937209518332 312.79014593243255 -0.27844395833513613 -0.14435249704541006 -0.94954268922645912 -0.95959315179826754 -6.9388939039072284e-18 0.28139115661631425 -0.040619516104061032 0.98952632941056951 -0.13851966760975515 
2 475.29860642499068 907.7344169455273 308.87656408011594 -0.30367186544265762 -0.14319885239316801 -0.9419540789294647 -0.95176300858261997 0 0.30683411722583875 -0.043938293461810891 0.98969393686799956 -0.1362913705793001 4
1 474.03692634074901 907.1394617958714 304.96298222779933 -0.30367186544265762 -0.14319885239316801 -0.9419540789294647 -0.95176300858261997 0 0.30683411722583875 -0.043938293461810891 0.98969393686799956 -0.1362913705793001 
1 475.29860642499068 907.7344169455273 308.87656408011594 -0.30367186544265762 -0.14319885239316801 -0.9419540789294647 -0.95176300858261997 0 0.30683411722583875 -0.043938293461810891 0.98969393686799956 -0.1362913705793001 
2 474.03692634074901 907.1394617958714 304.96298222779933 -0.32827693801690505 -0.14196715041997199 -0.93385201192045308 -0.94340743724138487 0 0.33163595606876306 -0.04708141165988531 0.98987136952314825 -0.13393286555016798 4
1 472.66118516253493 906.54450664621538 301.04940037548272 -0.32827693801690505 -0.14196715041997199 -0.93385201192045308 -0.94340743724138487 0 0.33163595606876306 -0.04708141165988531 0.98987136952314825 -0.13393286555016798 
1 474.03692634074901 907.1394617958714 304.96298222779933 -0.32827693801690505 -0.14196715041997199 -0.93385201192045308 -0.94340743724138487 0 0.33163595606876306 -0.04708141165988531 0.98987136952314825 -0.13393286555016798 
2 472.66118516253493 906.54450664621538 301.04940037548272 -0.35223154865895934 -0.14066428656895236 -0.92528184604117192 -0.93457398705758266 -6.9388939039072284e-18 0.35576883325453562 -0.050043969113217818 0.99005735110853432 -0.13146118313535615 4
1 471.17138289034841 905.94955149655948 297.13581852316611 -0.35223154865895934 -0.14066428656895236 -0.92528184604117192 -0.93457398705758266 -6.9388939039072284e-18 0.35576883325453562 -0.050043969113217818 0.99005735110853432 -0.13146118313535615 
1 472.66118516253493 906.54450664621538 301.04940037548272 -0.35223154865895934 -0.14066428656895236 -0.92528184604117192 -0.93457398705758266 -6.9388939039072284e-18 0.35576883325453562 -0.050043969113217818 0.99005735110853432 -0.13146118313535615 
2 471.17138289034841 905.94955149655948 297.13581852316611 -0.37551347050565881 -0.13929719810082913 -0.91628921420589371 -0.92531041698990846 -6.9388939039072284e-18 0.37921053810510291 -0.052822965448348552 0.99025062009637665 -0.12889314846020411 4
1 469.56751952418949 905.35459634690358 293.2222366708495 -0.37551347050565881 -0.13929719810082913 -0.91628921420589371 -0.92531041698990846 -6.9388939039072284e-18 0.37921053810510291 -0.052822965448348552 0.99025062009637665 -0.12889314846020411 
1 471.17138289034841 905.94955149655948 297.13581852316611 -0.37551347050565881 -0.13929719810082913 -0.91628921420589371 -0.92531041698990846 -6.9388939039072284e-18 0.37921053810510291 -0.052822965448348552 0.99025062009637665 -0.12889314846020411 
2 469.56751952418949 905.35459634690358 293.2222366708495 -0.3981056826881586 -0.13787278283733811 -0.90691948990198878 -0.91566413170333039 0 0.40194427214725464 -0.055417175346470358 0.99044994611170944 -0.12624516198227301 4
1 467.84959506405812 904.75964119724756 289.30865481853289 -0.3981056826881586 -0.13787278283733811 -0.90691948990198878 -0.91566413170333039 0 0.40194427214725464 -0.055417175346470358 0.99044994611170944 -0.12624516198227301 
1 469.56751952418949 905.35459634690358 293.2222366708495 -0.3981056826881586 -0.13787278283733811 -0.90691948990198878 -0.91566413170333039 0 0.40194427214725464 -0.055417175346470358 0.99044994611170944 -0.12624516198227301 
2 467.84959506405812 904.75964119724756 289.30865481853289 -0.41999610911390395 -0.13639782660568178 -0.89721730992353677 -0.9056816805499055 0 0.42395836295124445 -0.057826999277852544 0.99065414393583717 -0.12353301282358849 4
1 466.01760950995435 904.16468604759166 285.39507296621628 -0.41999610911390395 -0.13639782660568178 -0.89721730992353677 -0.9056816805499055 0 0.42395836295124445 -0.057826999277852544 0.99065414393583717 -0.12353301282358849 
1 467.84959506405812 904.75964119724756 289.30865481853289 -0.41999610911390395 -0.13639782660568178 -0.89721730992353677 -0.9056816805499055 0 0.42395836295124445 -0.057826999277852544 0.99065414393583717 -0.12353301282358849 
2 466.01760950995435 904.16468604759166 285.39507296621628 -0.44117730462009092 -0.13487894010894422 -0.88722615910670666 -0.89540832425293426 6.9388939039072299e-18 0.44524592402239038 -0.060054298319967517 0.99086208501238349 -0.12077172573996164 4
1 464.07156286187814 903.56973089793564 281.48149111389966 -0.44117730462009092 -0.13487894010894422 -0.88722615910670666 -0.89540832425293426 6.9388939039072299e-18 0.44524592402239038 -0.060054298319967517 0.99086208501238349 -0.12077172573996164 
1 466.01760950995435 904.16468604759166 285.39507296621628 -0.44117730462009092 -0.13487894010894422 -0.88722615910670666 -0.89540832425293426 6.9388939039072299e-18 0.44524592402239038 -0.060054298319967517 0.99086208501238349 -0.12077172573996164 
2 464.07156286187814 903.56973089793564 281.48149111389966 -0.46164610225952707 -0.13332250554272201 -0.87698801917950797 -0.88488767115832001 6.9388939039072299e-18 0.46580447553883053 -0.062102219771850445 0.99107270647304724 -0.11797544144269149 4
1 462.01145511982952 902.97477574827974 277.56790926158305 -0.46164610225952707 -0.13332250554272201 -0.87698801917950797 -0.88488767115832001 6.9388939039072299e-18 0.46580447553883053 -0.062102219771850445 0.99107270647304724 -0.11797544144269149 
1 464.07156286187814 903.56973089793564 281.48149111389966 -0.46164610225952707 -0.13332250554272201 -0.87698801917950797 -0.88488767115832001 6.9388939039072299e-18 0.46580447553883053 -0.062102219771850445 0.99107270647304724 -0.11797544144269149 
2 462.01145511982952 902.97477574827974 277.56790926158305 -0.48140323468320045 -0.13173463292756155 -0.866543081516431 -0.87416138241615493 0 0.48563553977471308 -0.063975019568800057 0.99128501778622713 -0.11515732883204194 4
1 459.83728628380845 902.37982059862384 273.65432740926644 -0.48140323468320045 -0.13173463292756155 -0.866543081516431 -0.87416138241615493 0 0.48563553977471308 -0.063975019568800057 0.99128501778622713 -0.11515732883204194 
1 462.01145511982952 902.97477574827974 277.56790926158305 -0.48140323468320045 -0.13173463292756155 -0.866543081516431 -0.87416138241615493 0 0.48563553977471308 -0.063975019568800057 0.99128501778622713 -0.11515732883204194 
2 459.83728628380845 902.37982059862384 273.65432740926644 -0.50045294140683805 -0.13012112583080732 -0.85592952166038005 -0.86326894340245597 0 0.50474422369830763 -0.065677886644220654 0.99149810519865511 -0.11232952681029908 4
1 457.54905635381499 901.78486544896782 269.74074555694983 -0.50045294140683805 -0.13012112583080732 -0.85592952166038005 -0.86326894340245597 0 0.50474422369830763 -0.065677886644220654 0.99149810519865511 -0.11232952681029908 
1 459.83728628380845 902.37982059862384 273.65432740926644 -0.50045294140683805 -0.13012112583080732 -0.85592952166038005 -0.86326894340245597 0 0.50474422369830763 -0.065677886644220654 0.99149810519865511 -0.11232952681029908 
2 457.54905635381499 901.78486544896782 269.74074555694983 -0.51880257232156179 -0.12848745592358396 -0.8451833319598866 -0.85224749710291536 0 0.5231387996333442 -0.067216773459805951 0.99171113418690893 -0.1095031127199956 4
1 455.14676532984907 901.18991029931192 265.82716370463322 -0.51880257232156179 -0.12848745592358396 -0.8451833319598866 -0.85224749710291536 0 0.5231387996333442 -0.067216773459805951 0.99171113418690893 -0.1095031127199956 
1 457.54905635381499 901.78486544896782 269.74074555694983 -0.51880257232156179 -0.12848745592358396 -0.8451833319598866 -0.85224749710291536 0 0.5231387996333442 -0.067216773459805951 0.99171113418690893 -0.1095031127199956 
2 455.14676532984907 901.18991029931192 265.82716370463322 -0.5364621962456505 -0.12683874564964337 -0.83433820756412591 -0.84113173404534203 0 0.54083029314367737 -0.068598235991672946 0.99192335016473177 -0.10668809407242058 4
1 452.63041321191071 900.5949551496559 261.91358185231661 -0.5364621962456505 -0.12683874564964337 -0.83433820756412591 -0.84113173404534203 0 0.54083029314367737 -0.068598235991672946 0.99192335016473177 -0.10668809407242058 
1 455.14676532984907 901.18991029931192 265.82716370463322 -0.5364621962456505 -0.12683874564964337 -0.83433820756412591 -0.84113173404534203 0 0.54083029314367737 -0.068598235991672946 0.99192335016473177 -0.10668809407242058 
2 452.63041321191071 900.5949551496559 261.91358185231661 -0.55344422171696972 -0.12517975817139101 -0.82342548029086993 -0.82995383264665445 0 0.55783208555543751 -0.069829285570072369 0.99213407770530293 -0.10389342006412733 4
1 450 900 258 -0.55344422171696972 -0.12517975817139101 -0.82342548029086993 -0.82995383264665445 0 0.55783208555543751 -0.069829285570072369 0.99213407770530293 -0.10389342006412733 
1 452.63041321191071 900.5949551496559 261.91358185231661 -0.55344422171696972 -0.12517975817139101 -0.82342548029086993 -0.82995383264665445 0 0.55783208555543751 -0.069829285570072369 0.99213407770530293 -0.10389342006412733 
4 300 947.59641197247561 571.08654818532887 0 0 1 1 0 -0 -0 1 0 4
4 306.38041321191076 947.0014568228197 567.17296633301225 0 0 1 1 0 -0 -0 1 0 4
4 312.64676532984907 946.40650167316369 563.25938448069564 0 0 1 1 0 -0 -0 1 0 4
4 318.79905635381499 945.81154652350779 559.34580262837903 0 0 1 1 0 -0 -0 1 0 4
4 324.83728628380845 945.21659137385177 555.43222077606242 0 0 1 1 0 -0 -0 1 0 4
4 330.76145511982952 944.62163622419587 551.51863892374581 0 0 1 1 0 -0 -0 1 0 4
4 336.57156286187814 944.02668107453997 547.6050570714292 0 0 1 1 0 -0 -0 1 0 4
4 342.26760950995435 943.43172592488395 543.69147521911259 0 0 1 1 0 -0 -0 1 0 4
4 347.84959506405812 942.83677077522805 539.77789336679598 0 0 1 1 0 -0 -0 1 0 4
4 353.31751952418949 942.24181562557203 535.86431151447937 0 0 1 1 0 -0 -0 1 0 4
4 358.67138289034841 941.64686047591613 531.95072966216276 0 0 1 1 0 -0 -0 1 0 4
4 363.91118516253493 941.05190532626023 528.03714780984615 0 0 1 1 0 -0 -0 1 0 4
4 369.03692634074901 940.45695017660421 524.12356595752954 0 0 1 1 0 -0 -0 1 0 4
4 374.04860642499068 939.86199502694831 520.20998410521292 0 0 1 1 0 -0 -0 1 0 4
4 378.9462254152599 939.26703987729229 516.29640225289631 0 0 1 1 0 -0 -0 1 0 4
4 383.72978331155673 938.67208472763639 512.3828204005797 0 0 1 1 0 -0 -0 1 0 4
4 388.3992801138811 938.07712957798049 508.46923854826315 0 0 1 1 0 -0 -0 1 0 4
4 392.95471582223308 937.48217442832447 504.55565669594648 0 0 1 1 0 -0 -0 1 0 4
4 397.39609043661261 936.88721927866857 500.64207484362987 0 0 1 1 0 -0 -0 1 0 4
4 401.72340395701974 936.29226412901266 496.7284929913132 0 0 1 1 0 -0 -0 1 0 4
4 405.93665638345442 935.69730897935665 492.81491113899665 0 0 1 1 0 -0 -0 1 0 4
4 410.0358477159167 935.10235382970075 488.9013292866801 0 0 1 1 0 -0 -0 1 0 4
4 414.02097795440653 934.50739868004484 484.98774743436343 0 0 1 1 0 -0 -0 1 0 4
4 417.89204709892397 933.91244353038894 481.07416558204682 0 0 1 1 0 -0 -0 1 0 4
4 421.64905514946895 933.31748838073293 477.16058372973015 0 0 1 1 0 -0 -0 1 0 4
4 425.29200210604154 932.72253323107702 473.2470018774136 0 0 1 1 0 -0 -0 1 0 4
4 428.82088796864167 932.12757808142112 469.33342002509704 0 0 1 1 0 -0 -0 1 0 4
4 432.23571273726941 931.5326229317651 465.41983817278037 0 0 1 1 0 -0 -0 1 0 4
4 435.5364764119247 930.9376677821092 461.50625632046376 0 0 1 1 0 -0 -0 1 0 4
4 438.72317899260759 930.34271263245319 457.5926744681471 0 0 1 1 0 -0 -0 1 0 4
4 441.79582047931802 929.74775748279728 453.67909261583054 0 0 1 1 0 -0 -0 1 0 4
4 444.75440087205607 929.15280233314138 449.76551076351399 0 0 1 1 0 -0 -0 1 0 4
4 447.59892017082166 928.55784718348536 445.85192891119732 0 0 1 1 0 -0 -0 1 0 4
4 450.32937837561485 927.96289203382946 441.93834705888071 0 0 1 1 0 -0 -0 1 0 4
4 452.94577548643559 927.36793688417345 438.02476520656404 0 0 1 1 0 -0 -0 1 0 4
4 455.44811150328394 926.77298173451754 434.11118335424749 0 0 1 1 0 -0 -0 1 0 4
4 457.83638642615983 926.17802658486164 430.19760150193093 0 0 1 1 0 -0 -0 1 0 4
4 460.11060025506333 925.58307143520562 426.28401964961427 0 0 1 1 0 -0 -0 1 0 4
4 462.27075298999438 924.98811628554972 422.37043779729765 0 0 1 1 0 -0 -0 1 0 4
4 464.31684463095303 924.39316113589371 418.45685594498099 0 0 1 1 0 -0 -0 1 0 4
4 466.24887517793923 923.7982059862378 414.54327409266443 0 0 1 1 0 -0 -0 1 0 4
4 468.06684463095303 923.2032508365819 410.62969224034782 0 0 1 1 0 -0 -0 1 0 4
4 469.77075298999438 922.60829568692589 406.71611038803121 0 0 1 1 0 -0 -0 1 0 4
4 471.36060025506333 922.01334053726998 402.8025285357146 0 0 1 1 0 -0 -0 1 0 4
4 472.83638642615983 921.41838538761408 398.88894668339799 0 0 1 1 0 -0 -0 1 0 4
4 474.19811150328394 920.82343023795806 394.97536483108138 0 0 1 1 0 -0 -0 1 0 4
4 475.44577548643559 920.22847508830216 391.06178297876477 0 0 1 1 0 -0 -0 1 0 4
4 476.57937837561485 919.63351993864615 387.14820112644816 0 0 1 1 0 -0 -0 1 0 4
4 477.59892017082166 919.03856478899024 383.23461927413155 0 0 1 1 0 -0 -0 1 0 4
4 478.50440087205607 918.44360963933423 379.32103742181494 0 0 1 1 0 -0 -0 1 0 4
4 479.29582047931802 917.84865448967832 375.40745556949832 0 0 1 1 0 -0 -0 1 0 4
4 479.97317899260759 917.25369934002242 371.49387371718171 0 0 1 1 0 -0 -0 1 0 4
4 480.5364764119247 916.65874419036641 367.5802918648651 0 0 1 1 0 -0 -0 1 0 4
4 480.98571273726941 916.06378904071062 363.66671001254849 0 0 1 1 0 -0 -0 1 0 4
4 481.32088796864167 915.4688338910546 359.75312816023188 0 0 1 1 0 -0 -0 1 0 4
4 481.54200210604154 914.87387874139858 355.83954630791527 0 0 1 1 0 -0 -0 1 0 4
4 481.64905514946895 914.2789235917428 351.92596445559866 0 0 1 1 0 -0 -0 1 0 4
4 481.64204709892397 913.68396844208678 348.01238260328205 0 0 1 1 0 -0 -0 1 0 4
4 481.52097795440653 913.08901329243076 344.09880075096544 0 0 1 1 0 -0 -0 1 0 4
4 481.2858477159167 912.49405814277475 340.18521889864883 0 0 1 1 0 -0 -0 1 0 4
4 480.93665638345442 911.89910299311896 336.27163704633222 0 0 1 1 0 -0 -0 1 0 4
4 480.47340395701974 911.30414784346294 332.35805519401561 0 0 1 1 0 -0 -0 1 0 4
4 479.89609043661261 910.70919269380693 328.44447334169899 0 0 1 1 0 -0 -0 1 0 4
4 479.20471582223308 910.11423754415114 324.53089148938238 0 0 1 1 0 -0 -0 1 0 4
4 478.3992801138811 909.51928239449512 320.61730963706577 0 0 1 1 0 -0 -0 1 0 4
4 477.47978331155673 908.92432724483911 316.70372778474916 0 0 1 1 0 -0 -0 1 0 4
4 476.4462254152599 908.32937209518332 312.79014593243255 0 0 1 1 0 -0 -0 1 0 4
4 475.29860642499068 907.7344169455273 308.87656408011594 0 0 1 1 0 -0 -0 1 0 4
4 474.03692634074901 907.1394617958714 304.96298222779933 0 0 1 1 0 -0 -0 1 0 4
4 472.66118516253493 906.54450664621538 301.04940037548272 0 0 1 1 0 -0 -0 1 0 4
4 471.17138289034841 905.94955149655948 297.13581852316611 0 0 1 1 0 -0 -0 1 0 4
4 469.56751952418949 905.35459634690358 293.2222366708495 0 0 1 1 0 -0 -0 1 0 4
4 467.84959506405812 904.75964119724756 289.30865481853289 0 0 1 1 0 -0 -0 1 0 4
4 466.01760950995435 904.16468604759166 285.39507296621628 0 0 1 1 0 -0 -0 1 0 4
4 464.07156286187814 903.56973089793564 281.48149111389966 0 0 1 1 0 -0 -0 1 0 4
4 462.01145511982952 902.97477574827974 277.56790926158305 0 0 1 1 0 -0 -0 1 0 4
4 459.83728628380845 902.37982059862384 273.65432740926644 0 0 1 1 0 -0 -0 1 0 4
4 457.54905635381499 901.78486544896782 269.74074555694983 0 0 1 1 0 -0 -0 1 0 4
4 455.14676532984907 901.18991029931192 265.82716370463322 0 0 1 1 0 -0 -0 1 0 4
4 452.63041321191071 900.5949551496559 261.91358185231661 0 0 1 1 0 -0 -0 1 0 4
4 450 900 258 0 0 1 1 0 -0 -0 1 0 4
Triangulations 0

TShapes 1770
Ve
1e-07
308.471829068005 947.00145682282 570.582655426885
0 0

0101101
*
Ed
 1e-07 1 1 0
1  1 0 0 6.28318530717959
2  1 1 0 0 6.28318530717959
2  2 2 0 0 6.28318530717959
0

0101000
+1770 0 -1770 0 *
Ve
1e-07
302.091415856094 947.596411972476 574.496237279202
0 0

0101101
*
Ed
 1e-07 1 1 0
1  2 0 0 7.50864616955743
3  3 4CN 1 0 0 7.50864616955743
0

0101000
-1770 0 +1768 0 *
Ed
 1e-07 1 1 0
1  3 0 0 6.28318530717959
2  5 1 0 0 6.28318530717959
2  6 3 0 0 6.28318530717959
0

0101000
+1768 0 -1768 0 *
Wi

0101100
-1769 0 +1767 0 +1766 0 -1767 0 *
Fa
0  1e-07 1 0

0111000
+1765 0 *
Wi

0101100
+1769 0 *
Fa
0  1e-07 2 0

0111000
+1763 0 *
Wi

0101100
-1766 0 *
Fa
0  1e-07 3 0

0111000
-1761 0 *
Sh

0101100
+1764 0 +1762 0 -1760 0 *
So

0100000
+1759 0 *
Ve
1e-07
314.765636496367 946.406501673164 566.652080308455
0 0

0101101
*
Ed
 1e-07 1 1 0
1  4 0 0 6.28318530717959
2  7 4 0 0 6.28318530717959
2  8 5 0 0 6.28318530717959
0

0101000
+1757 0 -1757 0 *
Ve
1e-07
308.499284378429 947.00145682282 570.565662160772
0 0

0101101
*
Ed
 1e-07 1 1 0
1  5 0 0 7.41196758026329
3  9 10CN 4 0 0 7.41196758026329
0

0101000
-1757 0 +1755 0 *
Ed
 1e-07 1 1 0
1  6 0 0 6.28318530717959
2  11 4 0 0 6.28318530717959
2  12 6 0 0 6.28318530717959
0

0101000
+1755 0 -1755 0 *
Wi

0101100
-1756 0 +1754 0 +1753 0 -1754 0 *
Fa
0  1e-07 4 0

0111000
+1752 0 *
Wi

0101100
+1756 0 *
Fa
0  1e-07 5 0

0111000
+1750 0 *
Wi

0101100
-1753 0 *
Fa
0  1e-07 6 0

0111000
-1748 0 *
Sh

0101100
+1751 0 +1749 0 -1747 0 *
So

0100000
+1746 0 *
Ve
1e-07
320.945967744625 945.811546523508 562.720824329052
0 0

0101101
*
Ed
 1e-07 1 1 0
1  7 0 0 6.28318530717959
2  13 7 0 0 6.28318530717959
2  14 8 0 0 6.28318530717959
0

0101000
+1744 0 -1744 0 *
Ve
1e-07
314.793676720659 946.406501673164 566.634406181368
0 0

0101101
*
Ed
 1e-07 1 1 0
1  8 0 0 7.31578973101712
3  15 16CN 7 0 0 7.31578973101712
0

0101000
-1744 0 +1742 0 *
Ed
 1e-07 1 1 0
1  9 0 0 6.28318530717959
2  17 7 0 0 6.28318530717959
2  18 9 0 0 6.28318530717959
0

0101000
+1742 0 -1742 0 *
Wi

0101100
-1743 0 +1741 0 +1740 0 -1741 0 *
Fa
0  1e-07 7 0

0111000
+1739 0 *
Wi

0101100
+1743 0 *
Fa
0  1e-07 8 0

0111000
+1737 0 *
Wi

0101100
-1740 0 *
Fa
0  1e-07 9 0

0111000
-1735 0 *
Sh

0101100
+1738 0 +1736 0 -1734 0 *
So

0100000
+1733 0 *
Ve
1e-07
327.012834555406 945.216591373852 558.78885446444
0 0

0101101
*
Ed
 1e-07 1 1 0
1  10 0 0 6.28318530717959
2  19 10 0 0 6.28318530717959
2  20 11 0 0 6.28318530717959
0

0101000
+1731 0 -1731 0 *
Ve
1e-07
320.974604625413 945.811546523508 562.702436316756
0 0

0101101
*
Ed
 1e-07 1 1 0
1  11 0 0 7.22013263260122
3  21 22CN 10 0 0 7.22013263260122
0

0101000
-1731 0 +1729 0 *
Ed
 1e-07 1 1 0
1  12 0 0 6.28318530717959
2  23 10 0 0 6.28318530717959
2  24 12 0 0 6.28318530717959
0

0101000
+1729 0 -1729 0 *
Wi

0101100
-1730 0 +1728 0 +1727 0 -1728 0 *
Fa
0  1e-07 10 0

0111000
+1726 0 *
Wi

0101100
+1730 0 *
Fa
0  1e-07 11 0

0111000
+1724 0 *
Wi

0101100
-1727 0 *
Fa
0  1e-07 12 0

0111000
-1722 0 *
Sh

0101100
+1725 0 +1723 0 -1721 0 *
So

0100000
+1720 0 *
Ve
1e-07
332.966248431272 944.621636224196 554.856135958025
0 0

0101101
*
Ed
 1e-07 1 1 0
1  13 0 0 6.28318530717959
2  25 13 0 0 6.28318530717959
2  26 14 0 0 6.28318530717959
0

0101000
+1718 0 -1718 0 *
Ve
1e-07
327.042079595251 945.216591373852 558.769717810341
0 0

0101101
*
Ed
 1e-07 1 1 0
1  14 0 0 7.12501725910662
3  27 28CN 13 0 0 7.12501725910662
0

0101000
-1718 0 +1716 0 *
Ed
 1e-07 1 1 0
1  15 0 0 6.28318530717959
2  29 13 0 0 6.28318530717959
2  30 15 0 0 6.28318530717959
0

0101000
+1716 0 -1716 0 *
Wi

0101100
-1717 0 +1715 0 +1714 0 -1715 0 *
Fa
0  1e-07 13 0

0111000
+1713 0 *
Wi

0101100
+1717 0 *
Fa
0  1e-07 14 0

0111000
+1711 0 *
Wi

0101100
-1714 0 *
Fa
0  1e-07 15 0

0111000
-1709 0 *
Sh

0101100
+1712 0 +1710 0 -1708 0 *
So

0100000
+1707 0 *
Ve
1e-07
338.80622055584 944.02668107454 550.922632238749
0 0

0101101
*
Ed
 1e-07 1 1 0
1  16 0 0 6.28318530717959
2  31 16 0 0 6.28318530717959
2  32 17 0 0 6.28318530717959
0

0101000
+1705 0 -1705 0 *
Ve
1e-07
332.996112813792 944.621636224196 554.836214091065
0 0

0101101
*
Ed
 1e-07 1 1 0
1  17 0 0 7.03046559760428
3  33 34CN 16 0 0 7.03046559760428
0

0101000
-1705 0 +1703 0 *
Ed
 1e-07 1 1 0
1  18 0 0 6.28318530717959
2  35 16 0 0 6.28318530717959
2  36 18 0 0 6.28318530717959
0

0101000
+1703 0 -1703 0 *
Wi

0101100
-1704 0 +1702 0 +1701 0 -1702 0 *
Fa
0  1e-07 16 0

0111000
+1700 0 *
Wi

0101100
+1704 0 *
Fa
0  1e-07 17 0

0111000
+1698 0 *
Wi

0101100
-1701 0 *
Fa
0  1e-07 18 0

0111000
-1696 0 *
Sh

0101100
+1699 0 +1697 0 -1695 0 *
So

0100000
+1694 0 *
Ve
1e-07
344.532761704653 943.431725924884 546.98830483783
0 0

0101101
*
Ed
 1e-07 1 1 0
1  19 0 0 6.28318530717959
2  37 19 0 0 6.28318530717959
2  38 20 0 0 6.28318530717959
0

0101000
+1692 0 -1692 0 *
Ve
1e-07
338.836715056576 944.02668107454 550.901886690147
0 0

0101101
*
Ed
 1e-07 1 1 0
1  20 0 0 6.93650070006084
3  39 40CN 19 0 0 6.93650070006084
0

0101000
-1692 0 +1690 0 *
Ed
 1e-07 1 1 0
1  21 0 0 6.28318530717959
2  41 19 0 0 6.28318530717959
2  42 21 0 0 6.28318530717959
0

0101000
+1690 0 -1690 0 *
Wi

0101100
-1691 0 +1689 0 +1688 0 -1689 0 *
Fa
0  1e-07 19 0

0111000
+1687 0 *
Wi

0101100
+1691 0 *
Fa
0  1e-07 20 0

0111000
+1685 0 *
Wi

0101100
-1688 0 *
Fa
0  1e-07 21 0

0111000
-1683 0 *
Sh

0101100
+1686 0 +1684 0 -1682 0 *
So

0100000
+1681 0 *
Ve
1e-07
350.14588214471 942.836770775228 543.053113304942
0 0

0101101
*
Ed
 1e-07 1 1 0
1  22 0 0 6.28318530717959
2  43 22 0 0 6.28318530717959
2  44 23 0 0 6.28318530717959
0

0101000
+1679 0 -1679 0 *
Ve
1e-07
344.563896590606 943.431725924884 546.966695157259
0 0

0101101
*
Ed
 1e-07 1 1 0
1  23 0 0 6.84314673751098
3  45 46CN 22 0 0 6.84314673751098
0

0101000
-1679 0 +1677 0 *
Ed
 1e-07 1 1 0
1  24 0 0 6.28318530717959
2  47 22 0 0 6.28318530717959
2  48 24 0 0 6.28318530717959
0

0101000
+1677 0 -1677 0 *
Wi

0101100
-1678 0 +1676 0 +1675 0 -1676 0 *
Fa
0  1e-07 22 0

0111000
+1674 0 *
Wi

0101100
+1678 0 *
Fa
0  1e-07 23 0

0111000
+1672 0 *
Wi

0101100
-1675 0 *
Fa
0  1e-07 24 0

0111000
-1670 0 *
Sh

0101100
+1673 0 +1671 0 -1669 0 *
So

0100000
+1668 0 *
Ve
1e-07
355.645591521563 942.241815625572 539.117015124562
0 0

0101101
*
Ed
 1e-07 1 1 0
1  25 0 0 6.28318530717959
2  49 25 0 0 6.28318530717959
2  50 26 0 0 6.28318530717959
0

0101000
+1666 0 -1666 0 *
Ve
1e-07
350.177667061432 942.836770775228 543.030596976879
0 0

0101101
*
Ed
 1e-07 1 1 0
1  26 0 0 6.7504290564813
3  51 52CN 25 0 0 6.7504290564813
0

0101000
-1666 0 +1664 0 *
Ed
 1e-07 1 1 0
1  27 0 0 6.28318530717959
2  53 25 0 0 6.28318530717959
2  54 27 0 0 6.28318530717959
0

0101000
+1664 0 -1664 0 *
Wi

0101100
-1665 0 +1663 0 +1662 0 -1663 0 *
Fa
0  1e-07 25 0

0111000
+1661 0 *
Wi

0101100
+1665 0 *
Fa
0  1e-07 26 0

0111000
+1659 0 *
Wi

0101100
-1662 0 *
Fa
0  1e-07 27 0

0111000
-1657 0 *
Sh

0101100
+1660 0 +1658 0 -1656 0 *
So

0100000
+1655 0 *
Ve
1e-07
361.031898732739 941.646860475916 535.179965633383
0 0

0101101
*
Ed
 1e-07 1 1 0
1  28 0 0 6.28318530717959
2  55 28 0 0 6.28318530717959
2  56 29 0 0 6.28318530717959
0

0101000
+1653 0 -1653 0 *
Ve
1e-07
355.67803536658 942.241815625572 539.093547485699
0 0

0101101
*
Ed
 1e-07 1 1 0
1  29 0 0 6.65837423763358
3  57 58CN 28 0 0 6.65837423763358
0

0101000
-1653 0 +1651 0 *
Ed
 1e-07 1 1 0
1  30 0 0 6.28318530717959
2  59 28 0 0 6.28318530717959
2  60 30 0 0 6.28318530717959
0

0101000
+1651 0 -1651 0 *
Wi

0101100
-1652 0 +1650 0 +1649 0 -1650 0 *
Fa
0  1e-07 28 0

0111000
+1648 0 *
Wi

0101100
+1652 0 *
Fa
0  1e-07 29 0

0111000
+1646 0 *
Wi

0101100
-1649 0 *
Fa
0  1e-07 30 0

0111000
-1644 0 *
Sh

0101100
+1647 0 +1645 0 -1643 0 *
So

0100000
+1642 0 *
Ve
1e-07
366.304811786246 941.05190532626 531.241917939865
0 0

0101101
*
Ed
 1e-07 1 1 0
1  31 0 0 6.28318530717959
2  61 31 0 0 6.28318530717959
2  62 32 0 0 6.28318530717959
0

0101000
+1640 0 -1640 0 *
Ve
1e-07
361.06500951406 941.646860475916 535.155499792182
0 0

0101101
*
Ed
 1e-07 1 1 0
1  32 0 0 6.56701015657011
3  63 64CN 31 0 0 6.56701015657011
0

0101000
-1640 0 +1638 0 *
Ed
 1e-07 1 1 0
1  33 0 0 6.28318530717959
2  65 31 0 0 6.28318530717959
2  66 33 0 0 6.28318530717959
0

0101000
+1638 0 -1638 0 *
Wi

0101100
-1639 0 +1637 0 +1636 0 -1637 0 *
Fa
0  1e-07 31 0

0111000
+1635 0 *
Wi

0101100
+1639 0 *
Fa
0  1e-07 32 0

0111000
+1633 0 *
Wi

0101100
-1636 0 *
Fa
0  1e-07 33 0

0111000
-1631 0 *
Sh

0101100
+1634 0 +1632 0 -1630 0 *
So

0100000
+1629 0 *
Ve
1e-07
371.464337642797 940.456950176604 527.302822847227
0 0

0101101
*
Ed
 1e-07 1 1 0
1  34 0 0 6.28318530717959
2  67 34 0 0 6.28318530717959
2  68 35 0 0 6.28318530717959
0

0101000
+1627 0 -1627 0 *
Ve
1e-07
366.338596464583 941.05190532626 531.216404699543
0 0

0101101
*
Ed
 1e-07 1 1 0
1  35 0 0 6.47636604670578
3  69 70CN 34 0 0 6.47636604670578
0

0101000
-1627 0 +1625 0 *
Ed
 1e-07 1 1 0
1  36 0 0 6.28318530717959
2  71 34 0 0 6.28318530717959
2  72 36 0 0 6.28318530717959
0

0101000
+1625 0 -1625 0 *
Wi

0101100
-1626 0 +1624 0 +1623 0 -1624 0 *
Fa
0  1e-07 34 0

0111000
+1622 0 *
Wi

0101100
+1626 0 *
Fa
0  1e-07 35 0

0111000
+1620 0 *
Wi

0101100
-1623 0 *
Fa
0  1e-07 36 0

0111000
-1618 0 *
Sh

0101100
+1621 0 +1619 0 -1617 0 *
So

0100000
+1616 0 *
Ve
1e-07
376.510482040385 939.861995026948 523.362628781406
0 0

0101101
*
Ed
 1e-07 1 1 0
1  37 0 0 6.28318530717959
2  73 37 0 0 6.28318530717959
2  74 38 0 0 6.28318530717959
0

0101000
+1614 0 -1614 0 *
Ve
1e-07
371.498801956143 940.456950176604 527.276210633722
0 0

0101101
*
Ed
 1e-07 1 1 0
1  38 0 0 6.3864725640739
3  75 76CN 37 0 0 6.3864725640739
0

0101000
-1614 0 +1612 0 *
Ed
 1e-07 1 1 0
1  39 0 0 6.28318530717959
2  77 37 0 0 6.28318530717959
2  78 39 0 0 6.28318530717959
0

0101000
+1612 0 -1612 0 *
Wi

0101100
-1613 0 +1611 0 +1610 0 -1611 0 *
Fa
0  1e-07 37 0

0111000
+1609 0 *
Wi

0101100
+1613 0 *
Fa
0  1e-07 38 0

0111000
+1607 0 *
Wi

0101100
-1610 0 *
Fa
0  1e-07 39 0

0111000
-1605 0 *
Sh

0101100
+1608 0 +1606 0 -1604 0 *
So

0100000
+1603 0 *
Ve
1e-07
381.443249299758 939.267039877292 519.421281725811
0 0

0101101
*
Ed
 1e-07 1 1 0
1  40 0 0 6.28318530717959
2  79 40 0 0 6.28318530717959
2  80 41 0 0 6.28318530717959
0

0101000
+1601 0 -1601 0 *
Ve
1e-07
376.545630309489 939.861995026948 523.334863578128
0 0

0101101
*
Ed
 1e-07 1 1 0
1  41 0 0 6.29736185388214
3  81 82CN 40 0 0 6.29736185388214
0

0101000
-1601 0 +1599 0 *
Ed
 1e-07 1 1 0
1  42 0 0 6.28318530717959
2  83 40 0 0 6.28318530717959
2  84 42 0 0 6.28318530717959
0

0101000
+1599 0 -1599 0 *
Wi

0101100
-1600 0 +1598 0 +1597 0 -1598 0 *
Fa
0  1e-07 40 0

0111000
+1596 0 *
Wi

0101100
+1600 0 *
Fa
0  1e-07 41 0

0111000
+1594 0 *
Wi

0101100
-1597 0 *
Fa
0  1e-07 42 0

0111000
-1592 0 *
Sh

0101100
+1595 0 +1593 0 -1591 0 *
So

0100000
+1590 0 *
Ve
1e-07
386.262642109375 938.672084727636 515.478725164993
0 0

0101101
*
Ed
 1e-07 1 1 0
1  43 0 0 6.28318530717959
2  85 43 0 0 6.28318530717959
2  86 44 0 0 6.28318530717959
0

0101000
+1588 0 -1588 0 *
Ve
1e-07
381.479084213078 939.267039877292 519.392307017309
0 0

0101101
*
Ed
 1e-07 1 1 0
1  44 0 0 6.20906761858073
3  87 88CN 43 0 0 6.20906761858073
0

0101000
-1588 0 +1586 0 *
Ed
 1e-07 1 1 0
1  45 0 0 6.28318530717959
2  89 43 0 0 6.28318530717959
2  90 45 0 0 6.28318530717959
0

0101000
+1586 0 -1586 0 *
Wi

0101100
-1587 0 +1585 0 +1584 0 -1585 0 *
Fa
0  1e-07 43 0

0111000
+1583 0 *
Wi

0101100
+1587 0 *
Fa
0  1e-07 44 0

0111000
+1581 0 *
Wi

0101100
-1584 0 *
Fa
0  1e-07 45 0

0111000
-1579 0 *
Sh

0101100
+1582 0 +1580 0 -1578 0 *
So

0100000
+1577 0 *
Ve
1e-07
390.968661288379 938.07712957798 511.534900039709
0 0

0101101
*
Ed
 1e-07 1 1 0
1  46 0 0 6.28318530717959
2  91 46 0 0 6.28318530717959
2  92 47 0 0 6.28318530717959
0

0101000
+1575 0 -1575 0 *
Ve
1e-07
386.299164486055 938.672084727636 515.448481892026
0 0

0101101
*
Ed
 1e-07 1 1 0
1  47 0 0 6.1216251871379
3  93 94CN 46 0 0 6.1216251871379
0

0101000
-1575 0 +1573 0 *
Ed
 1e-07 1 1 0
1  48 0 0 6.28318530717959
2  95 46 0 0 6.28318530717959
2  96 48 0 0 6.28318530717959
0

0101000
+1573 0 -1573 0 *
Wi

0101100
-1574 0 +1572 0 +1571 0 -1572 0 *
Fa
0  1e-07 46 0

0111000
+1570 0 *
Wi

0101100
+1574 0 *
Fa
0  1e-07 47 0

0111000
+1568 0 *
Wi

0101100
-1571 0 *
Fa
0  1e-07 48 0

0111000
-1566 0 *
Sh

0101100
+1569 0 +1567 0 -1565 0 *
So

0100000
+1564 0 *
Ve
1e-07
395.561305526233 937.482174428324 507.589744716259
0 0

0101101
*
Ed
 1e-07 1 1 0
1  49 0 0 6.28318530717959
2  97 49 0 0 6.28318530717959
2  98 50 0 0 6.28318530717959
0

0101000
+1562 0 -1562 0 *
Ve
1e-07
391.005869817881 938.07712957798 511.503326568575
0 0

0101101
*
Ed
 1e-07 1 1 0
1  50 0 0 6.03507158514403
3  99 100CN 49 0 0 6.03507158514403
0

0101000
-1562 0 +1560 0 *
Ed
 1e-07 1 1 0
1  51 0 0 6.28318530717959
2  101 49 0 0 6.28318530717959
2  102 51 0 0 6.28318530717959
0

0101000
+1560 0 -1560 0 *
Wi

0101100
-1561 0 +1559 0 +1558 0 -1559 0 *
Fa
0  1e-07 49 0

0111000
+1557 0 *
Wi

0101100
+1561 0 *
Fa
0  1e-07 50 0

0111000
+1555 0 *
Wi

0101100
-1558 0 *
Fa
0  1e-07 51 0

0111000
-1553 0 *
Sh

0101100
+1556 0 +1554 0 -1552 0 *
So

0100000
+1551 0 *
Ve
1e-07
400.040571097701 936.887219278669 503.64319497337
0 0

0101101
*
Ed
 1e-07 1 1 0
1  52 0 0 6.28318530717959
2  103 52 0 0 6.28318530717959
2  104 53 0 0 6.28318530717959
0

0101000
+1549 0 -1549 0 *
Ve
1e-07
395.599196483321 937.482174428324 507.556776825687
0 0

0101101
*
Ed
 1e-07 1 1 0
1  53 0 0 5.94944560527608
3  105 106CN 52 0 0 5.94944560527608
0

0101000
-1549 0 +1547 0 *
Ed
 1e-07 1 1 0
1  54 0 0 6.28318530717959
2  107 52 0 0 6.28318530717959
2  108 54 0 0 6.28318530717959
0

0101000
+1547 0 -1547 0 *
Wi

0101100
-1548 0 +1546 0 +1545 0 -1546 0 *
Fa
0  1e-07 52 0

0111000
+1544 0 *
Wi

0101100
+1548 0 *
Fa
0  1e-07 53 0

0111000
+1542 0 *
Wi

0101100
-1545 0 *
Fa
0  1e-07 54 0

0111000
-1540 0 *
Sh

0101100
+1543 0 +1541 0 -1539 0 *
So

0100000
+1538 0 *
Ve
1e-07
404.406451552038 936.292264129013 499.695184010423
0 0

0101101
*
Ed
 1e-07 1 1 0
1  55 0 0 6.28318530717959
2  109 55 0 0 6.28318530717959
2  110 56 0 0 6.28318530717959
0

0101000
+1536 0 -1536 0 *
Ve
1e-07
400.079138031631 936.887219278669 503.60876586274
0 0

0101101
*
Ed
 1e-07 1 1 0
1  56 0 0 5.86478787756069
3  111 112CN 55 0 0 5.86478787756069
0

0101000
-1536 0 +1534 0 *
Ed
 1e-07 1 1 0
1  57 0 0 6.28318530717959
2  113 55 0 0 6.28318530717959
2  114 57 0 0 6.28318530717959
0

0101000
+1534 0 -1534 0 *
Wi

0101100
-1535 0 +1533 0 +1532 0 -1533 0 *
Fa
0  1e-07 55 0

0111000
+1531 0 *
Wi

0101100
+1535 0 *
Fa
0  1e-07 56 0

0111000
+1529 0 *
Wi

0101100
-1532 0 *
Fa
0  1e-07 57 0

0111000
-1527 0 *
Sh

0101100
+1530 0 +1528 0 -1526 0 *
So

0100000
+1525 0 *
Ve
1e-07
408.658937375475 935.697308979357 495.745642481253
0 0

0101101
*
Ed
 1e-07 1 1 0
1  58 0 0 6.28318530717959
2  115 58 0 0 6.28318530717959
2  116 59 0 0 6.28318530717959
0

0101000
+1523 0 -1523 0 *
Ve
1e-07
404.445684949041 936.292264129013 499.659224333569
0 0

0101101
*
Ed
 1e-07 1 1 0
1  59 0 0 5.78114093875434
3  117 118CN 58 0 0 5.78114093875434
0

0101000
-1523 0 +1521 0 *
Ed
 1e-07 1 1 0
1  60 0 0 6.28318530717959
2  119 58 0 0 6.28318530717959
2  120 60 0 0 6.28318530717959
0

0101000
+1521 0 -1521 0 *
Wi

0101100
-1522 0 +1520 0 +1519 0 -1520 0 *
Fa
0  1e-07 58 0

0111000
+1518 0 *
Wi

0101100
+1522 0 *
Fa
0  1e-07 59 0

0111000
+1516 0 *
Wi

0101100
-1519 0 *
Fa
0  1e-07 60 0

0111000
-1514 0 *
Sh

0101100
+1517 0 +1515 0 -1513 0 *
So

0100000
+1512 0 *
Ve
1e-07
412.798015626358 935.102353829701 491.794498558349
0 0

0101101
*
Ed
 1e-07 1 1 0
1  61 0 0 6.28318530717959
2  121 61 0 0 6.28318530717959
2  122 62 0 0 6.28318530717959
0

0101000
+1510 0 -1510 0 *
Ve
1e-07
408.698824293895 935.697308979357 495.708080410666
0 0

0101101
*
Ed
 1e-07 1 1 0
1  62 0 0 5.69854930004273
3  123 124CN 61 0 0 5.69854930004273
0

0101000
-1510 0 +1508 0 *
Ed
 1e-07 1 1 0
1  63 0 0 6.28318530717959
2  125 61 0 0 6.28318530717959
2  126 63 0 0 6.28318530717959
0

0101000
+1508 0 -1508 0 *
Wi

0101100
-1509 0 +1507 0 +1506 0 -1507 0 *
Fa
0  1e-07 61 0

0111000
+1505 0 *
Wi

0101100
+1509 0 *
Fa
0  1e-07 62 0

0111000
+1503 0 *
Wi

0101100
-1506 0 *
Fa
0  1e-07 63 0

0111000
-1501 0 *
Sh

0101100
+1504 0 +1502 0 -1500 0 *
So

0100000
+1499 0 *
Ve
1e-07
416.823669542737 934.507398680045 487.841678032801
0 0

0101101
*
Ed
 1e-07 1 1 0
1  64 0 0 6.28318530717959
2  127 64 0 0 6.28318530717959
2  128 65 0 0 6.28318530717959
0

0101000
+1497 0 -1497 0 *
Ve
1e-07
412.838539304247 935.102353829701 491.755259885118
0 0

0101101
*
Ed
 1e-07 1 1 0
1  65 0 0 5.61705951211223
3  129 130CN 64 0 0 5.61705951211223
0

0101000
-1497 0 +1495 0 *
Ed
 1e-07 1 1 0
1  66 0 0 6.28318530717959
2  131 64 0 0 6.28318530717959
2  132 66 0 0 6.28318530717959
0

0101000
+1495 0 -1495 0 *
Wi

0101100
-1496 0 +1494 0 +1493 0 -1494 0 *
Fa
0  1e-07 64 0

0111000
+1492 0 *
Wi

0101100
+1496 0 *
Fa
0  1e-07 65 0

0111000
+1490 0 *
Wi

0101100
-1493 0 *
Fa
0  1e-07 66 0

0111000
-1488 0 *
Sh

0101100
+1491 0 +1489 0 -1487 0 *
So

0100000
+1486 0 *
Ve
1e-07
415.048216075129 933.912443530389 478.261226708182
0 0

0101101
*
Ed
 1e-07 1 1 0
1  67 0 0 6.28318530717959
2  133 67 0 0 6.28318530717959
2  134 68 0 0 6.28318530717959
0

0101000
+1484 0 -1484 0 *
Ve
1e-07
411.177146930612 934.507398680045 482.174808560498
0 0

0101101
*
Ed
 1e-07 1 1 0
1  68 0 0 5.53672022649862
3  135 136CN 67 0 0 5.53672022649862
0

0101000
-1484 0 +1482 0 *
Ed
 1e-07 1 1 0
1  69 0 0 6.28318530717959
2  137 67 0 0 6.28318530717959
2  138 69 0 0 6.28318530717959
0

0101000
+1482 0 -1482 0 *
Wi

0101100
-1483 0 +1481 0 +1480 0 -1481 0 *
Fa
0  1e-07 67 0

0111000
+1479 0 *
Wi

0101100
+1483 0 *
Fa
0  1e-07 68 0

0111000
+1477 0 *
Wi

0101100
-1480 0 *
Fa
0  1e-07 69 0

0111000
-1475 0 *
Sh

0101100
+1478 0 +1476 0 -1474 0 *
So

0100000
+1473 0 *
Ve
1e-07
418.763494620412 933.317488380733 474.390468130491
0 0

0101101
*
Ed
 1e-07 1 1 0
1  70 0 0 6.28318530717959
2  139 70 0 0 6.28318530717959
2  140 71 0 0 6.28318530717959
0

0101000
+1471 0 -1471 0 *
Ve
1e-07
415.006486569867 933.912443530389 478.304049982808
0 0

0101101
*
Ed
 1e-07 1 1 0
1  71 0 0 5.45758225194494
3  141 142CN 70 0 0 5.45758225194494
0

0101000
-1471 0 +1469 0 *
Ed
 1e-07 1 1 0
1  72 0 0 6.28318530717959
2  143 70 0 0 6.28318530717959
2  144 72 0 0 6.28318530717959
0

0101000
+1469 0 -1469 0 *
Wi

0101100
-1470 0 +1468 0 +1467 0 -1468 0 *
Fa
0  1e-07 70 0

0111000
+1466 0 *
Wi

0101100
+1470 0 *
Fa
0  1e-07 71 0

0111000
+1464 0 *
Wi

0101100
-1467 0 *
Fa
0  1e-07 72 0

0111000
-1462 0 *
Sh

0101100
+1465 0 +1463 0 -1461 0 *
So

0100000
+1460 0 *
Ve
1e-07
422.364152846012 932.722533231077 470.521621406627
0 0

0101101
*
Ed
 1e-07 1 1 0
1  73 0 0 6.28318530717959
2  145 73 0 0 6.28318530717959
2  146 74 0 0 6.28318530717959
0

0101000
+1458 0 -1458 0 *
Ve
1e-07
418.721205889439 933.317488380733 474.435203258944
0 0

0101101
*
Ed
 1e-07 1 1 0
1  74 0 0 5.37969860431651
3  147 148CN 73 0 0 5.37969860431651
0

0101000
-1458 0 +1456 0 *
Ed
 1e-07 1 1 0
1  75 0 0 6.28318530717959
2  149 73 0 0 6.28318530717959
2  150 75 0 0 6.28318530717959
0

0101000
+1456 0 -1456 0 *
Wi

0101100
-1457 0 +1455 0 +1454 0 -1455 0 *
Fa
0  1e-07 73 0

0111000
+1453 0 *
Wi

0101100
+1457 0 *
Fa
0  1e-07 74 0

0111000
+1451 0 *
Wi

0101100
-1454 0 *
Fa
0  1e-07 75 0

0111000
-1449 0 *
Sh

0101100
+1452 0 +1450 0 -1448 0 *
So

0100000
+1447 0 *
Ve
1e-07
425.850227244473 932.127578081421 466.654768337796
0 0

0101101
*
Ed
 1e-07 1 1 0
1  76 0 0 6.28318530717959
2  151 76 0 0 6.28318530717959
2  152 77 0 0 6.28318530717959
0

0101000
+1445 0 -1445 0 *
Ve
1e-07
422.321341381873 932.722533231077 470.568350190112
0 0

0101101
*
Ed
 1e-07 1 1 0
1  77 0 0 5.30312454842828
3  153 154CN 76 0 0 5.30312454842828
0

0101000
-1445 0 +1443 0 *
Ed
 1e-07 1 1 0
1  78 0 0 6.28318530717959
2  155 76 0 0 6.28318530717959
2  156 78 0 0 6.28318530717959
0

0101000
+1443 0 -1443 0 *
Wi

0101100
-1444 0 +1442 0 +1441 0 -1442 0 *
Fa
0  1e-07 76 0

0111000
+1440 0 *
Wi

0101100
+1444 0 *
Fa
0  1e-07 77 0

0111000
+1438 0 *
Wi

0101100
-1441 0 *
Fa
0  1e-07 78 0

0111000
-1436 0 *
Sh

0101100
+1439 0 +1437 0 -1435 0 *
So

0100000
+1434 0 *
Ve
1e-07
429.221760466699 931.532622931765 462.789991844432
0 0

0101101
*
Ed
 1e-07 1 1 0
1  79 0 0 6.28318530717959
2  157 79 0 0 6.28318530717959
2  158 80 0 0 6.28318530717959
0

0101000
+1432 0 -1432 0 *
Ve
1e-07
425.806935698072 932.127578081421 466.703573696749
0 0

0101101
*
Ed
 1e-07 1 1 0
1  80 0 0 5.22791762992858
3  159 160CN 79 0 0 5.22791762992858
0

0101000
-1432 0 +1430 0 *
Ed
 1e-07 1 1 0
1  81 0 0 6.28318530717959
2  161 79 0 0 6.28318530717959
2  162 81 0 0 6.28318530717959
0

0101000
+1430 0 -1430 0 *
Wi

0101100
-1431 0 +1429 0 +1428 0 -1429 0 *
Fa
0  1e-07 79 0

0111000
+1427 0 *
Wi

0101100
+1431 0 *
Fa
0  1e-07 80 0

0111000
+1425 0 *
Wi

0101100
-1428 0 *
Fa
0  1e-07 81 0

0111000
-1423 0 *
Sh

0101100
+1426 0 +1424 0 -1422 0 *
So

0100000
+1421 0 *
Ve
1e-07
432.478801844254 930.937667782109 458.927375509293
0 0

0101101
*
Ed
 1e-07 1 1 0
1  82 0 0 6.28318530717959
2  163 82 0 0 6.28318530717959
2  164 83 0 0 6.28318530717959
0

0101000
+1419 0 -1419 0 *
Ve
1e-07
429.178038169599 931.532622931765 462.84095736161
0 0

0101101
*
Ed
 1e-07 1 1 0
1  83 0 0 5.15413769517345
3  165 166CN 82 0 0 5.15413769517345
0

0101000
-1419 0 +1417 0 *
Ed
 1e-07 1 1 0
1  84 0 0 6.28318530717959
2  167 82 0 0 6.28318530717959
2  168 84 0 0 6.28318530717959
0

0101000
+1417 0 -1417 0 *
Wi

0101100
-1418 0 +1416 0 +1415 0 -1416 0 *
Fa
0  1e-07 82 0

0111000
+1414 0 *
Wi

0101100
+1418 0 *
Fa
0  1e-07 83 0

0111000
+1412 0 *
Wi

0101100
-1415 0 *
Fa
0  1e-07 84 0

0111000
-1410 0 *
Sh

0101100
+1413 0 +1411 0 -1409 0 *
So

0100000
+1408 0 *
Ve
1e-07
435.621407917095 930.342712632453 455.067003033634
0 0

0101101
*
Ed
 1e-07 1 1 0
1  85 0 0 6.28318530717959
2  169 85 0 0 6.28318530717959
2  170 86 0 0 6.28318530717959
0

0101000
+1406 0 -1406 0 *
Ve
1e-07
432.434705336412 930.937667782109 458.980584885951
0 0

0101101
*
Ed
 1e-07 1 1 0
1  86 0 0 5.08184689680982
3  171 172CN 85 0 0 5.08184689680982
0

0101000
-1406 0 +1404 0 *
Ed
 1e-07 1 1 0
1  87 0 0 6.28318530717959
2  173 85 0 0 6.28318530717959
2  174 87 0 0 6.28318530717959
0

0101000
+1404 0 -1404 0 *
Wi

0101100
-1405 0 +1403 0 +1402 0 -1403 0 *
Fa
0  1e-07 85 0

0111000
+1401 0 *
Wi

0101100
+1405 0 *
Fa
0  1e-07 86 0

0111000
+1399 0 *
Wi

0101100
-1402 0 *
Fa
0  1e-07 87 0

0111000
-1397 0 *
Sh

0101100
+1400 0 +1398 0 -1396 0 *
So

0100000
+1395 0 *
Ve
1e-07
438.649642957945 929.747757482797 451.208957598467
0 0

0101101
*
Ed
 1e-07 1 1 0
1  88 0 0 6.28318530717959
2  175 88 0 0 6.28318530717959
2  176 89 0 0 6.28318530717959
0

0101000
+1393 0 -1393 0 *
Ve
1e-07
435.577001471235 930.342712632453 455.122539450783
0 0

0101101
*
Ed
 1e-07 1 1 0
1  89 0 0 5.01110968256909
3  177 178CN 88 0 0 5.01110968256909
0

0101000
-1393 0 +1391 0 *
Ed
 1e-07 1 1 0
1  90 0 0 6.28318530717959
2  179 88 0 0 6.28318530717959
2  180 90 0 0 6.28318530717959
0

0101000
+1391 0 -1391 0 *
Wi

0101100
-1392 0 +1390 0 +1389 0 -1390 0 *
Fa
0  1e-07 88 0

0111000
+1388 0 *
Wi

0101100
+1392 0 *
Fa
0  1e-07 89 0

0111000
+1386 0 *
Wi

0101100
-1389 0 *
Fa
0  1e-07 90 0

0111000
-1384 0 *
Sh

0101100
+1387 0 +1385 0 -1383 0 *
So

0100000
+1382 0 *
Ve
1e-07
441.563579482489 929.152802333141 447.353321123398
0 0

0101101
*
Ed
 1e-07 1 1 0
1  91 0 0 6.28318530717959
2  181 91 0 0 6.28318530717959
2  182 92 0 0 6.28318530717959
0

0101000
+1380 0 -1380 0 *
Ve
1e-07
438.604999089751 929.747757482797 451.266902975715
0 0

0101101
*
Ed
 1e-07 1 1 0
1  92 0 0 4.94199276458167
3  183 184CN 91 0 0 4.94199276458167
0

0101000
-1380 0 +1378 0 *
Ed
 1e-07 1 1 0
1  93 0 0 6.28318530717959
2  185 91 0 0 6.28318530717959
2  186 93 0 0 6.28318530717959
0

0101000
+1378 0 -1378 0 *
Wi

0101100
-1379 0 +1377 0 +1376 0 -1377 0 *
Fa
0  1e-07 91 0

0111000
+1375 0 *
Wi

0101100
+1379 0 *
Fa
0  1e-07 92 0

0111000
+1373 0 *
Wi

0101100
-1376 0 *
Fa
0  1e-07 93 0

0111000
-1371 0 *
Sh

0101100
+1374 0 +1372 0 -1370 0 *
So

0100000
+1369 0 *
Ve
1e-07
444.363298732356 928.557847183485 443.500173416479
0 0

0101101
*
Ed
 1e-07 1 1 0
1  94 0 0 6.28318530717959
2  187 94 0 0 6.28318530717959
2  188 95 0 0 6.28318530717959
0

0101000
+1367 0 -1367 0 *
Ve
1e-07
441.51877943359 929.152802333141 447.413755268795
0 0

0101101
*
Ed
 1e-07 1 1 0
1  95 0 0 4.87456506633509
3  189 190CN 94 0 0 4.87456506633509
0

0101000
-1367 0 +1365 0 *
Ed
 1e-07 1 1 0
1  96 0 0 6.28318530717959
2  191 94 0 0 6.28318530717959
2  192 96 0 0 6.28318530717959
0

0101000
+1365 0 -1365 0 *
Wi

0101100
-1366 0 +1364 0 +1363 0 -1364 0 *
Fa
0  1e-07 94 0

0111000
+1362 0 *
Wi

0101100
+1366 0 *
Fa
0  1e-07 95 0

0111000
+1360 0 *
Wi

0101100
-1363 0 *
Fa
0  1e-07 96 0

0111000
-1358 0 *
Sh

0101100
+1361 0 +1359 0 -1357 0 *
So

0100000
+1356 0 *
Ve
1e-07
447.048891115519 927.962892033829 439.649591209876
0 0

0101101
*
Ed
 1e-07 1 1 0
1  97 0 0 6.28318530717959
2  193 97 0 0 6.28318530717959
2  194 98 0 0 6.28318530717959
0

0101000
+1354 0 -1354 0 *
Ve
1e-07
444.318432910726 928.557847183485 443.563173062193
0 0

0101101
*
Ed
 1e-07 1 1 0
1  98 0 0 4.80889764426386
3  195 196CN 97 0 0 4.80889764426386
0

0101000
-1354 0 +1352 0 *
Ed
 1e-07 1 1 0
1  99 0 0 6.28318530717959
2  197 97 0 0 6.28318530717959
2  198 99 0 0 6.28318530717959
0

0101000
+1352 0 -1352 0 *
Wi

0101100
-1353 0 +1351 0 +1350 0 -1351 0 *
Fa
0  1e-07 97 0

0111000
+1349 0 *
Wi

0101100
+1353 0 *
Fa
0  1e-07 98 0

0111000
+1347 0 *
Wi

0101100
-1350 0 *
Fa
0  1e-07 99 0

0111000
-1345 0 *
Sh

0101100
+1348 0 +1346 0 -1344 0 *
So

0100000
+1343 0 *
Ve
1e-07
449.620456586345 927.367936884173 435.801647078191
0 0

0101101
*
Ed
 1e-07 1 1 0
1  100 0 0 6.28318530717959
2  199 100 0 0 6.28318530717959
2  200 101 0 0 6.28318530717959
0

0101000
+1341 0 -1341 0 *
Ve
1e-07
447.004059475524 927.962892033829 439.715228930508
0 0

0101101
*
Ed
 1e-07 1 1 0
1  101 0 0 4.74506358085913
3  201 202CN 100 0 0 4.74506358085913
0

0101000
-1341 0 +1339 0 *
Ed
 1e-07 1 1 0
1  102 0 0 6.28318530717959
2  203 100 0 0 6.28318530717959
2  204 102 0 0 6.28318530717959
0

0101000
+1339 0 -1339 0 *
Wi

0101100
-1340 0 +1338 0 +1337 0 -1338 0 *
Fa
0  1e-07 100 0

0111000
+1336 0 *
Wi

0101100
+1340 0 *
Fa
0  1e-07 101 0

0111000
+1334 0 *
Wi

0101100
-1337 0 *
Fa
0  1e-07 102 0

0111000
-1332 0 *
Sh

0101100
+1335 0 +1333 0 -1331 0 *
So

0100000
+1330 0 *
Ve
1e-07
452.078104945128 926.772981734517 431.956408238838
0 0

0101101
*
Ed
 1e-07 1 1 0
1  103 0 0 6.28318530717959
2  205 103 0 0 6.28318530717959
2  206 104 0 0 6.28318530717959
0

0101000
+1328 0 -1328 0 *
Ve
1e-07
449.57576892828 927.367936884173 435.869990091155
0 0

0101101
*
Ed
 1e-07 1 1 0
1  104 0 0 4.68313784615614
3  207 208CN 103 0 0 4.68313784615614
0

0101000
-1328 0 +1326 0 *
Ed
 1e-07 1 1 0
1  105 0 0 6.28318530717959
2  209 103 0 0 6.28318530717959
2  210 105 0 0 6.28318530717959
0

0101000
+1326 0 -1326 0 *
Wi

0101100
-1327 0 +1325 0 +1324 0 -1325 0 *
Fa
0  1e-07 103 0

0111000
+1323 0 *
Wi

0101100
+1327 0 *
Fa
0  1e-07 104 0

0111000
+1321 0 *
Wi

0101100
-1324 0 *
Fa
0  1e-07 105 0

0111000
-1319 0 *
Sh

0101100
+1322 0 +1320 0 -1318 0 *
So

0100000
+1317 0 *
Ve
1e-07
454.421956034784 926.178026584862 428.113935237279
0 0

0101101
*
Ed
 1e-07 1 1 0
1  106 0 0 6.28318530717959
2  211 106 0 0 6.28318530717959
2  212 107 0 0 6.28318530717959
0

0101000
+1315 0 -1315 0 *
Ve
1e-07
452.033681111908 926.772981734518 432.027517089595
0 0

0101101
*
Ed
 1e-07 1 1 0
1  107 0 0 4.62319712451474
3  213 214CN 106 0 0 4.62319712451474
0

0101000
-1315 0 +1313 0 *
Ed
 1e-07 1 1 0
1  108 0 0 6.28318530717959
2  215 106 0 0 6.28318530717959
2  216 108 0 0 6.28318530717959
0

0101000
+1313 0 -1313 0 *
Wi

0101100
-1314 0 +1312 0 +1311 0 -1312 0 *
Fa
0  1e-07 106 0

0111000
+1310 0 *
Wi

0101100
+1314 0 *
Fa
0  1e-07 107 0

0111000
+1308 0 *
Wi

0101100
-1311 0 *
Fa
0  1e-07 108 0

0111000
-1306 0 *
Sh

0101100
+1309 0 +1307 0 -1305 0 *
So

0100000
+1304 0 *
Ve
1e-07
456.652139810443 925.583071435206 424.274280524006
0 0

0101101
*
Ed
 1e-07 1 1 0
1  109 0 0 6.28318530717959
2  217 109 0 0 6.28318530717959
2  218 110 0 0 6.28318530717959
0

0101000
+1302 0 -1302 0 *
Ve
1e-07
454.37792598154 926.178026584862 428.187862376323
0 0

0101101
*
Ed
 1e-07 1 1 0
1  110 0 0 4.56531960375837
3  219 220CN 109 0 0 4.56531960375837
0

0101000
-1302 0 +1300 0 *
Ed
 1e-07 1 1 0
1  111 0 0 6.28318530717959
2  221 109 0 0 6.28318530717959
2  222 111 0 0 6.28318530717959
0

0101000
+1300 0 -1300 0 *
Wi

0101100
-1301 0 +1299 0 +1298 0 -1299 0 *
Fa
0  1e-07 109 0

0111000
+1297 0 *
Wi

0101100
+1301 0 *
Fa
0  1e-07 110 0

0111000
+1295 0 *
Wi

0101100
-1298 0 *
Fa
0  1e-07 111 0

0111000
-1293 0 *
Sh

0101100
+1296 0 +1294 0 -1292 0 *
So

0100000
+1291 0 *
Ve
1e-07
458.768796256357 924.98811628555 420.437486935084
0 0

0101101
*
Ed
 1e-07 1 1 0
1  112 0 0 6.28318530717959
2  223 112 0 0 6.28318530717959
2  224 113 0 0 6.28318530717959
0

0101000
+1289 0 -1289 0 *
Ve
1e-07
456.608643521426 925.583071435206 424.351068787401
0 0

0101101
*
Ed
 1e-07 1 1 0
1  113 0 0 4.50958472401995
3  225 226CN 112 0 0 4.50958472401995
0

0101000
-1289 0 +1287 0 *
Ed
 1e-07 1 1 0
1  114 0 0 6.28318530717959
2  227 112 0 0 6.28318530717959
2  228 114 0 0 6.28318530717959
0

0101000
+1287 0 -1287 0 *
Wi

0101100
-1288 0 +1286 0 +1285 0 -1286 0 *
Fa
0  1e-07 112 0

0111000
+1284 0 *
Wi

0101100
+1288 0 *
Fa
0  1e-07 113 0

0111000
+1282 0 *
Wi

0101100
-1285 0 *
Fa
0  1e-07 114 0

0111000
-1280 0 *
Sh

0101100
+1283 0 +1281 0 -1279 0 *
So

0100000
+1278 0 *
Ve
1e-07
460.772075123887 924.393161135894 416.603586093671
0 0

0101101
*
Ed
 1e-07 1 1 0
1  115 0 0 6.28318530717959
2  229 115 0 0 6.28318530717959
2  230 116 0 0 6.28318530717959
0

0101000
+1276 0 -1276 0 *
Ve
1e-07
458.725983482928 924.98811628555 420.517167945988
0 0

0101101
*
Ed
 1e-07 1 1 0
1  116 0 0 4.45607288406344
3  231 232CN 115 0 0 4.45607288406344
0

0101000
-1276 0 +1274 0 *
Ed
 1e-07 1 1 0
1  117 0 0 6.28318530717959
2  233 115 0 0 6.28318530717959
2  234 117 0 0 6.28318530717959
0

0101000
+1274 0 -1274 0 *
Wi

0101100
-1275 0 +1273 0 +1272 0 -1273 0 *
Fa
0  1e-07 115 0

0111000
+1271 0 *
Wi

0101100
+1275 0 *
Fa
0  1e-07 116 0

0111000
+1269 0 *
Wi

0101100
-1272 0 *
Fa
0  1e-07 117 0

0111000
-1267 0 *
Sh

0101100
+1270 0 +1268 0 -1266 0 *
So

0100000
+1265 0 *
Ve
1e-07
462.662135464721 923.798205986238 412.772596756269
0 0

0101101
*
Ed
 1e-07 1 1 0
1  118 0 0 6.28318530717959
2  235 118 0 0 6.28318530717959
2  236 119 0 0 6.28318530717959
0

0101000
+1263 0 -1263 0 *
Ve
1e-07
460.730104917735 924.393161135894 416.686178608585
0 0

0101101
*
Ed
 1e-07 1 1 0
1  119 0 0 4.404865103425
3  237 238CN 118 0 0 4.404865103425
0

0101000
-1263 0 +1261 0 *
Ed
 1e-07 1 1 0
1  120 0 0 6.28318530717959
2  239 118 0 0 6.28318530717959
2  240 120 0 0 6.28318530717959
0

0101000
+1261 0 -1261 0 *
Wi

0101100
-1262 0 +1260 0 +1259 0 -1260 0 *
Fa
0  1e-07 118 0

0111000
+1258 0 *
Wi

0101100
+1262 0 *
Fa
0  1e-07 119 0

0111000
+1256 0 *
Wi

0101100
-1259 0 *
Fa
0  1e-07 120 0

0111000
-1254 0 *
Sh

0101100
+1257 0 +1255 0 -1253 0 *
So

0100000
+1252 0 *
Ve
1e-07
464.439144935042 923.203250836582 408.944523134208
0 0

0101101
*
Ed
 1e-07 1 1 0
1  121 0 0 6.28318530717959
2  241 121 0 0 6.28318530717959
2  242 122 0 0 6.28318530717959
0

0101000
+1250 0 -1250 0 *
Ve
1e-07
462.621175482028 923.798205986238 412.858104986525
0 0

0101101
*
Ed
 1e-07 1 1 0
1  122 0 0 4.35604263948085
3  243 244CN 121 0 0 4.35604263948085
0

0101000
-1250 0 +1248 0 *
Ed
 1e-07 1 1 0
1  123 0 0 6.28318530717959
2  245 121 0 0 6.28318530717959
2  246 123 0 0 6.28318530717959
0

0101000
+1248 0 -1248 0 *
Wi

0101100
-1249 0 +1247 0 +1246 0 -1247 0 *
Fa
0  1e-07 121 0

0111000
+1245 0 *
Wi

0101100
+1249 0 *
Fa
0  1e-07 122 0

0111000
+1243 0 *
Wi

0101100
-1246 0 *
Fa
0  1e-07 123 0

0111000
-1241 0 *
Sh

0101100
+1244 0 +1242 0 -1240 0 *
So

0100000
+1239 0 *
Ve
1e-07
466.103278849467 922.608295686926 405.119353227858
0 0

0101101
*
Ed
 1e-07 1 1 0
1  124 0 0 6.28318530717959
2  247 124 0 0 6.28318530717959
2  248 125 0 0 6.28318530717959
0

0101000
+1237 0 -1237 0 *
Ve
1e-07
464.399370490426 923.203250836582 409.032935080174
0 0

0101101
*
Ed
 1e-07 1 1 0
1  125 0 0 4.30968655947218
3  249 250CN 124 0 0 4.30968655947218
0

0101000
-1237 0 +1235 0 *
Ed
 1e-07 1 1 0
1  126 0 0 6.28318530717959
2  251 124 0 0 6.28318530717959
2  252 126 0 0 6.28318530717959
0

0101000
+1235 0 -1235 0 *
Wi

0101100
-1236 0 +1234 0 +1233 0 -1234 0 *
Fa
0  1e-07 124 0

0111000
+1232 0 *
Wi

0101100
+1236 0 *
Fa
0  1e-07 125 0

0111000
+1230 0 *
Wi

0101100
-1233 0 *
Fa
0  1e-07 126 0

0111000
-1228 0 *
Sh

0101100
+1231 0 +1229 0 -1227 0 *
So

0100000
+1226 0 *
Ve
1e-07
467.654718968326 922.01334053727 401.297057217949
0 0

0101101
*
Ed
 1e-07 1 1 0
1  127 0 0 6.28318530717959
2  253 127 0 0 6.28318530717959
2  254 128 0 0 6.28318530717959
0

0101000
+1224 0 -1224 0 *
Ve
1e-07
466.064871703257 922.608295686926 405.210639070266
0 0

0101101
*
Ed
 1e-07 1 1 0
1  128 0 0 4.26587726864372
3  255 256CN 127 0 0 4.26587726864372
0

0101000
-1224 0 +1222 0 *
Ed
 1e-07 1 1 0
1  129 0 0 6.28318530717959
2  257 127 0 0 6.28318530717959
2  258 129 0 0 6.28318530717959
0

0101000
+1222 0 -1222 0 *
Wi

0101100
-1223 0 +1221 0 +1220 0 -1221 0 *
Fa
0  1e-07 127 0

0111000
+1219 0 *
Wi

0101100
+1223 0 *
Fa
0  1e-07 128 0

0111000
+1217 0 *
Wi

0101100
-1220 0 *
Fa
0  1e-07 129 0

0111000
-1215 0 *
Sh

0101100
+1218 0 +1216 0 -1214 0 *
So

0100000
+1213 0 *
Ve
1e-07
469.093652008424 921.418385387614 397.477585964697
0 0

0101101
*
Ed
 1e-07 1 1 0
1  130 0 0 6.28318530717959
2  259 130 0 0 6.28318530717959
2  260 131 0 0 6.28318530717959
0

0101000
+1211 0 -1211 0 *
Ve
1e-07
467.617865837327 922.01334053727 401.391167817013
0 0

0101101
*
Ed
 1e-07 1 1 0
1  131 0 0 4.2246939969285
3  261 262CN 130 0 0 4.2246939969285
0

0101000
-1211 0 +1209 0 *
Ed
 1e-07 1 1 0
1  132 0 0 6.28318530717959
2  263 130 0 0 6.28318530717959
2  264 132 0 0 6.28318530717959
0

0101000
+1209 0 -1209 0 *
Wi

0101100
-1210 0 +1208 0 +1207 0 -1208 0 *
Fa
0  1e-07 130 0

0111000
+1206 0 *
Wi

0101100
+1210 0 *
Fa
0  1e-07 131 0

0111000
+1204 0 *
Wi

0101100
-1207 0 *
Fa
0  1e-07 132 0

0111000
-1202 0 *
Sh

0101100
+1205 0 +1203 0 -1201 0 *
So

0100000
+1200 0 *
Ve
1e-07
470.420267875875 920.823430237958 393.660869670631
0 0

0101101
*
Ed
 1e-07 1 1 0
1  133 0 0 6.28318530717959
2  265 133 0 0 6.28318530717959
2  266 134 0 0 6.28318530717959
0

0101000
+1198 0 -1198 0 *
Ve
1e-07
469.058542798751 921.418385387614 397.574451522948
0 0

0101101
*
Ed
 1e-07 1 1 0
1  134 0 0 4.18621424804713
3  267 268CN 133 0 0 4.18621424804713
0

0101000
-1198 0 +1196 0 *
Ed
 1e-07 1 1 0
1  135 0 0 6.28318530717959
2  269 133 0 0 6.28318530717959
2  270 135 0 0 6.28318530717959
0

0101000
+1196 0 -1196 0 *
Wi

0101100
-1197 0 +1195 0 +1194 0 -1195 0 *
Fa
0  1e-07 133 0

0111000
+1193 0 *
Wi

0101100
+1197 0 *
Fa
0  1e-07 134 0

0111000
+1191 0 *
Wi

0101100
-1194 0 *
Fa
0  1e-07 135 0

0111000
-1189 0 *
Sh

0101100
+1192 0 +1190 0 -1188 0 *
So

0100000
+1187 0 *
Ve
1e-07
471.634757629818 920.228475088302 389.846816766666
0 0

0101101
*
Ed
 1e-07 1 1 0
1  136 0 0 6.28318530717959
2  271 136 0 0 6.28318530717959
2  272 137 0 0 6.28318530717959
0

0101000
+1185 0 -1185 0 *
Ve
1e-07
470.387093646666 920.823430237958 393.760398618982
0 0

0101101
*
Ed
 1e-07 1 1 0
1  137 0 0 4.15051321642732
3  273 274CN 136 0 0 4.15051321642732
0

0101000
-1185 0 +1183 0 *
Ed
 1e-07 1 1 0
1  138 0 0 6.28318530717959
2  275 136 0 0 6.28318530717959
2  276 138 0 0 6.28318530717959
0

0101000
+1183 0 -1183 0 *
Wi

0101100
-1184 0 +1182 0 +1181 0 -1182 0 *
Fa
0  1e-07 136 0

0111000
+1180 0 *
Wi

0101100
+1184 0 *
Fa
0  1e-07 137 0

0111000
+1178 0 *
Wi

0101100
-1181 0 *
Fa
0  1e-07 138 0

0111000
-1176 0 *
Sh

0101100
+1179 0 +1177 0 -1175 0 *
So

0100000
+1174 0 *
Ve
1e-07
472.737311197515 919.633519938646 386.035313082229
0 0

0101101
*
Ed
 1e-07 1 1 0
1  139 0 0 6.28318530717959
2  277 139 0 0 6.28318530717959
2  278 140 0 0 6.28318530717959
0

0101000
+1172 0 -1172 0 *
Ve
1e-07
471.603708308335 920.228475088302 389.948894934546
0 0

0101101
*
Ed
 1e-07 1 1 0
1  140 0 0 4.11766317894503
3  279 280CN 139 0 0 4.11766317894503
0

0101000
-1172 0 +1170 0 *
Ed
 1e-07 1 1 0
1  141 0 0 6.28318530717959
2  281 139 0 0 6.28318530717959
2  282 141 0 0 6.28318530717959
0

0101000
+1170 0 -1170 0 *
Wi

0101100
-1171 0 +1169 0 +1168 0 -1169 0 *
Fa
0  1e-07 139 0

0111000
+1167 0 *
Wi

0101100
+1171 0 *
Fa
0  1e-07 140 0

0111000
+1165 0 *
Wi

0101100
-1168 0 *
Fa
0  1e-07 141 0

0111000
-1163 0 *
Sh

0101100
+1166 0 +1164 0 -1162 0 *
So

0100000
+1161 0 *
Ve
1e-07
473.728114874179 919.03856478899 382.226221358882
0 0

0101101
*
Ed
 1e-07 1 1 0
1  142 0 0 6.28318530717959
2  283 142 0 0 6.28318530717959
2  284 143 0 0 6.28318530717959
0

0101000
+1159 0 -1159 0 *
Ve
1e-07
472.708573078972 919.633519938646 386.139803211198
0 0

0101101
*
Ed
 1e-07 1 1 0
1  143 0 0 4.08773287007083
3  285 286CN 142 0 0 4.08773287007083
0

0101000
-1159 0 +1157 0 *
Ed
 1e-07 1 1 0
1  144 0 0 6.28318530717959
2  287 142 0 0 6.28318530717959
2  288 144 0 0 6.28318530717959
0

0101000
+1157 0 -1157 0 *
Wi

0101100
-1158 0 +1156 0 +1155 0 -1156 0 *
Fa
0  1e-07 142 0

0111000
+1154 0 *
Wi

0101100
+1158 0 *
Fa
0  1e-07 143 0

0111000
+1152 0 *
Wi

0101100
-1155 0 *
Fa
0  1e-07 144 0

0111000
-1150 0 *
Sh

0101100
+1153 0 +1151 0 -1149 0 *
So

0100000
+1148 0 *
Ve
1e-07
474.60734865412 918.443609639334 378.419381162101
0 0

0101101
*
Ed
 1e-07 1 1 0
1  145 0 0 6.28318530717959
2  289 145 0 0 6.28318530717959
2  290 146 0 0 6.28318530717959
0

0101000
+1146 0 -1146 0 *
Ve
1e-07
473.701867952886 919.03856478899 382.332963014418
0 0

0101101
*
Ed
 1e-07 1 1 0
1  146 0 0 4.0607868504998
3  291 292CN 145 0 0 4.0607868504998
0

0101000
-1146 0 +1144 0 *
Ed
 1e-07 1 1 0
1  147 0 0 6.28318530717959
2  293 145 0 0 6.28318530717959
2  294 147 0 0 6.28318530717959
0

0101000
+1144 0 -1144 0 *
Wi

0101100
-1145 0 +1143 0 +1142 0 -1143 0 *
Fa
0  1e-07 145 0

0111000
+1141 0 *
Wi

0101100
+1145 0 *
Fa
0  1e-07 146 0

0111000
+1139 0 *
Wi

0101100
-1142 0 *
Fa
0  1e-07 147 0

0111000
-1137 0 *
Sh

0101100
+1140 0 +1138 0 -1136 0 *
So

0100000
+1135 0 *
Ve
1e-07
475.375183452742 917.848654489678 374.614609237703
0 0

0101101
*
Ed
 1e-07 1 1 0
1  148 0 0 6.28318530717959
2  295 148 0 0 6.28318530717959
2  296 149 0 0 6.28318530717959
0

0101000
+1133 0 -1133 0 *
Ve
1e-07
474.58376384548 918.443609639334 378.52819109002
0 0

0101101
*
Ed
 1e-07 1 1 0
1  149 0 0 4.03688488065274
3  297 298CN 148 0 0 4.03688488065274
0

0101000
-1133 0 +1131 0 *
Ed
 1e-07 1 1 0
1  150 0 0 6.28318530717959
2  299 148 0 0 6.28318530717959
2  300 150 0 0 6.28318530717959
0

0101000
+1131 0 -1131 0 *
Wi

0101100
-1132 0 +1130 0 +1129 0 -1130 0 *
Fa
0  1e-07 148 0

0111000
+1128 0 *
Wi

0101100
+1132 0 *
Fa
0  1e-07 149 0

0111000
+1126 0 *
Wi

0101100
-1129 0 *
Fa
0  1e-07 150 0

0111000
-1124 0 *
Sh

0101100
+1127 0 +1125 0 -1123 0 *
So

0100000
+1122 0 *
Ve
1e-07
476.031778290614 917.253699340022 370.811700347484
0 0

0101101
*
Ed
 1e-07 1 1 0
1  151 0 0 6.28318530717959
2  301 151 0 0 6.28318530717959
2  302 152 0 0 6.28318530717959
0

0101000
+1120 0 -1120 0 *
Ve
1e-07
475.354419777324 917.848654489678 374.725282199801
0 0

0101101
*
Ed
 1e-07 1 1 0
1  152 0 0 4.01608131147887
3  303 304CN 151 0 0 4.01608131147887
0

0101000
-1120 0 +1118 0 *
Ed
 1e-07 1 1 0
1  153 0 0 6.28318530717959
2  305 151 0 0 6.28318530717959
2  306 153 0 0 6.28318530717959
0

0101000
+1118 0 -1118 0 *
Wi

0101100
-1119 0 +1117 0 +1116 0 -1117 0 *
Fa
0  1e-07 151 0

0111000
+1115 0 *
Wi

0101100
+1119 0 *
Fa
0  1e-07 152 0

0111000
+1113 0 *
Wi

0101100
-1116 0 *
Fa
0  1e-07 153 0

0111000
-1111 0 *
Sh

0101100
+1114 0 +1112 0 -1110 0 *
So

0100000
+1109 0 *
Ve
1e-07
480.536476411925 912.704180227244 368.181477245238
0 0

0101101
*
Ed
 1e-07 1 1 0
1  154 0 0 6.28318530717959
2  307 154 0 0 6.28318530717959
2  308 155 0 0 6.28318530717959
0

0101000
+1107 0 -1107 0 *
Ve
1e-07
479.973178992608 913.2991353769 372.095059097554
0 0

0101101
*
Ed
 1e-07 1 1 0
1  155 0 0 3.99842450566388
3  309 310CN 154 0 0 3.99842450566388
0

0101000
-1107 0 +1105 0 *
Ed
 1e-07 1 1 0
1  156 0 0 6.28318530717959
2  311 154 0 0 6.28318530717959
2  312 156 0 0 6.28318530717959
0

0101000
+1105 0 -1105 0 *
Wi

0101100
-1106 0 +1104 0 +1103 0 -1104 0 *
Fa
0  1e-07 154 0

0111000
+1102 0 *
Wi

0101100
+1106 0 *
Fa
0  1e-07 155 0

0111000
+1100 0 *
Wi

0101100
-1103 0 *
Fa
0  1e-07 156 0

0111000
-1098 0 *
Sh

0101100
+1101 0 +1099 0 -1097 0 *
So

0100000
+1096 0 *
Ve
1e-07
480.985712737269 912.109225077588 364.267895392921
0 0

0101101
*
Ed
 1e-07 1 1 0
1  157 0 0 6.28318530717959
2  313 157 0 0 6.28318530717959
2  314 158 0 0 6.28318530717959
0

0101000
+1094 0 -1094 0 *
Ve
1e-07
480.536476411925 912.704180227244 368.181477245237
0 0

0101101
*
Ed
 1e-07 1 1 0
1  158 0 0 3.98395630258328
3  315 316CN 157 0 0 3.98395630258328
0

0101000
-1094 0 +1092 0 *
Ed
 1e-07 1 1 0
1  159 0 0 6.28318530717959
2  317 157 0 0 6.28318530717959
2  318 159 0 0 6.28318530717959
0

0101000
+1092 0 -1092 0 *
Wi

0101100
-1093 0 +1091 0 +1090 0 -1091 0 *
Fa
0  1e-07 157 0

0111000
+1089 0 *
Wi

0101100
+1093 0 *
Fa
0  1e-07 158 0

0111000
+1087 0 *
Wi

0101100
-1090 0 *
Fa
0  1e-07 159 0

0111000
-1085 0 *
Sh

0101100
+1088 0 +1086 0 -1084 0 *
So

0100000
+1083 0 *
Ve
1e-07
481.320887968642 911.514269927932 360.354313540604
0 0

0101101
*
Ed
 1e-07 1 1 0
1  160 0 0 6.28318530717959
2  319 160 0 0 6.28318530717959
2  320 161 0 0 6.28318530717959
0

0101000
+1081 0 -1081 0 *
Ve
1e-07
480.985712737269 912.109225077588 364.267895392921
0 0

0101101
*
Ed
 1e-07 1 1 0
1  161 0 0 3.97271154007053
3  321 322CN 160 0 0 3.97271154007053
0

0101000
-1081 0 +1079 0 *
Ed
 1e-07 1 1 0
1  162 0 0 6.28318530717959
2  323 160 0 0 6.28318530717959
2  324 162 0 0 6.28318530717959
0

0101000
+1079 0 -1079 0 *
Wi

0101100
-1080 0 +1078 0 +1077 0 -1078 0 *
Fa
0  1e-07 160 0

0111000
+1076 0 *
Wi

0101100
+1080 0 *
Fa
0  1e-07 161 0

0111000
+1074 0 *
Wi

0101100
-1077 0 *
Fa
0  1e-07 162 0

0111000
-1072 0 *
Sh

0101100
+1075 0 +1073 0 -1071 0 *
So

0100000
+1070 0 *
Ve
1e-07
481.542002106042 910.919314778276 356.440731688288
0 0

0101101
*
Ed
 1e-07 1 1 0
1  163 0 0 6.28318530717959
2  325 163 0 0 6.28318530717959
2  326 164 0 0 6.28318530717959
0

0101000
+1068 0 -1068 0 *
Ve
1e-07
481.320887968642 911.514269927932 360.354313540604
0 0

0101101
*
Ed
 1e-07 1 1 0
1  164 0 0 3.96471764526078
3  327 328CN 163 0 0 3.96471764526078
0

0101000
-1068 0 +1066 0 *
Ed
 1e-07 1 1 0
1  165 0 0 6.28318530717959
2  329 163 0 0 6.28318530717959
2  330 165 0 0 6.28318530717959
0

0101000
+1066 0 -1066 0 *
Wi

0101100
-1067 0 +1065 0 +1064 0 -1065 0 *
Fa
0  1e-07 163 0

0111000
+1063 0 *
Wi

0101100
+1067 0 *
Fa
0  1e-07 164 0

0111000
+1061 0 *
Wi

0101100
-1064 0 *
Fa
0  1e-07 165 0

0111000
-1059 0 *
Sh

0101100
+1062 0 +1060 0 -1058 0 *
So

0100000
+1057 0 *
Ve
1e-07
481.649055149469 910.32435962862 352.527149835971
0 0

0101101
*
Ed
 1e-07 1 1 0
1  166 0 0 6.28318530717959
2  331 166 0 0 6.28318530717959
2  332 167 0 0 6.28318530717959
0

0101000
+1055 0 -1055 0 *
Ve
1e-07
481.542002106042 910.919314778276 356.440731688288
0 0

0101101
*
Ed
 1e-07 1 1 0
1  167 0 0 3.95999430542405
3  333 334CN 166 0 0 3.95999430542405
0

0101000
-1055 0 +1053 0 *
Ed
 1e-07 1 1 0
1  168 0 0 6.28318530717959
2  335 166 0 0 6.28318530717959
2  336 168 0 0 6.28318530717959
0

0101000
+1053 0 -1053 0 *
Wi

0101100
-1054 0 +1052 0 +1051 0 -1052 0 *
Fa
0  1e-07 166 0

0111000
+1050 0 *
Wi

0101100
+1054 0 *
Fa
0  1e-07 167 0

0111000
+1048 0 *
Wi

0101100
-1051 0 *
Fa
0  1e-07 168 0

0111000
-1046 0 *
Sh

0101100
+1049 0 +1047 0 -1045 0 *
So

0100000
+1044 0 *
Ve
1e-07
481.642047098924 909.729404478964 348.613567983655
0 0

0101101
*
Ed
 1e-07 1 1 0
1  169 0 0 6.28318530717959
2  337 169 0 0 6.28318530717959
2  338 170 0 0 6.28318530717959
0

0101000
+1042 0 -1042 0 *
Ve
1e-07
481.649055149469 910.32435962862 352.527149835971
0 0

0101101
*
Ed
 1e-07 1 1 0
1  170 0 0 3.95855322784178
3  339 340CN 169 0 0 3.95855322784178
0

0101000
-1042 0 +1040 0 *
Ed
 1e-07 1 1 0
1  171 0 0 6.28318530717959
2  341 169 0 0 6.28318530717959
2  342 171 0 0 6.28318530717959
0

0101000
+1040 0 -1040 0 *
Wi

0101100
-1041 0 +1039 0 +1038 0 -1039 0 *
Fa
0  1e-07 169 0

0111000
+1037 0 *
Wi

0101100
+1041 0 *
Fa
0  1e-07 170 0

0111000
+1035 0 *
Wi

0101100
-1038 0 *
Fa
0  1e-07 171 0

0111000
-1033 0 *
Sh

0101100
+1036 0 +1034 0 -1032 0 *
So

0100000
+1031 0 *
Ve
1e-07
481.520977954407 909.134449329308 344.699986131338
0 0

0101101
*
Ed
 1e-07 1 1 0
1  172 0 0 6.28318530717959
2  343 172 0 0 6.28318530717959
2  344 173 0 0 6.28318530717959
0

0101000
+1029 0 -1029 0 *
Ve
1e-07
481.642047098924 909.729404478964 348.613567983655
0 0

0101101
*
Ed
 1e-07 1 1 0
1  173 0 0 3.96039799548458
3  345 346CN 172 0 0 3.96039799548458
0

0101000
-1029 0 +1027 0 *
Ed
 1e-07 1 1 0
1  174 0 0 6.28318530717959
2  347 172 0 0 6.28318530717959
2  348 174 0 0 6.28318530717959
0

0101000
+1027 0 -1027 0 *
Wi

0101100
-1028 0 +1026 0 +1025 0 -1026 0 *
Fa
0  1e-07 172 0

0111000
+1024 0 *
Wi

0101100
+1028 0 *
Fa
0  1e-07 173 0

0111000
+1022 0 *
Wi

0101100
-1025 0 *
Fa
0  1e-07 174 0

0111000
-1020 0 *
Sh

0101100
+1023 0 +1021 0 -1019 0 *
So

0100000
+1018 0 *
Ve
1e-07
481.285847715917 908.539494179652 340.786404279021
0 0

0101101
*
Ed
 1e-07 1 1 0
1  175 0 0 6.28318530717959
2  349 175 0 0 6.28318530717959
2  350 176 0 0 6.28318530717959
0

0101000
+1016 0 -1016 0 *
Ve
1e-07
481.520977954407 909.134449329308 344.699986131338
0 0

0101101
*
Ed
 1e-07 1 1 0
1  176 0 0 3.96552402261497
3  351 352CN 175 0 0 3.96552402261497
0

0101000
-1016 0 +1014 0 *
Ed
 1e-07 1 1 0
1  177 0 0 6.28318530717959
2  353 175 0 0 6.28318530717959
2  354 177 0 0 6.28318530717959
0

0101000
+1014 0 -1014 0 *
Wi

0101100
-1015 0 +1013 0 +1012 0 -1013 0 *
Fa
0  1e-07 175 0

0111000
+1011 0 *
Wi

0101100
+1015 0 *
Fa
0  1e-07 176 0

0111000
+1009 0 *
Wi

0101100
-1012 0 *
Fa
0  1e-07 177 0

0111000
-1007 0 *
Sh

0101100
+1010 0 +1008 0 -1006 0 *
So

0100000
+1005 0 *
Ve
1e-07
480.936656383454 907.944539029996 336.872822426704
0 0

0101101
*
Ed
 1e-07 1 1 0
1  178 0 0 6.28318530717959
2  355 178 0 0 6.28318530717959
2  356 179 0 0 6.28318530717959
0

0101000
+1003 0 -1003 0 *
Ve
1e-07
481.285847715917 908.539494179652 340.786404279021
0 0

0101101
*
Ed
 1e-07 1 1 0
1  179 0 0 3.97391861159116
3  357 358CN 178 0 0 3.97391861159116
0

0101000
-1003 0 +1001 0 *
Ed
 1e-07 1 1 0
1  180 0 0 6.28318530717959
2  359 178 0 0 6.28318530717959
2  360 180 0 0 6.28318530717959
0

0101000
+1001 0 -1001 0 *
Wi

0101100
-1002 0 +1000 0 +999 0 -1000 0 *
Fa
0  1e-07 178 0

0111000
+998 0 *
Wi

0101100
+1002 0 *
Fa
0  1e-07 179 0

0111000
+996 0 *
Wi

0101100
-999 0 *
Fa
0  1e-07 180 0

0111000
-994 0 *
Sh

0101100
+997 0 +995 0 -993 0 *
So

0100000
+992 0 *
Ve
1e-07
480.47340395702 907.349583880341 332.959240574388
0 0

0101101
*
Ed
 1e-07 1 1 0
1  181 0 0 6.28318530717959
2  361 181 0 0 6.28318530717959
2  362 182 0 0 6.28318530717959
0

0101000
+990 0 -990 0 *
Ve
1e-07
480.936656383454 907.944539029997 336.872822426705
0 0

0101101
*
Ed
 1e-07 1 1 0
1  182 0 0 3.98556110923942
3  363 364CN 181 0 0 3.98556110923942
0

0101000
-990 0 +988 0 *
Ed
 1e-07 1 1 0
1  183 0 0 6.28318530717959
2  365 181 0 0 6.28318530717959
2  366 183 0 0 6.28318530717959
0

0101000
+988 0 -988 0 *
Wi

0101100
-989 0 +987 0 +986 0 -987 0 *
Fa
0  1e-07 181 0

0111000
+985 0 *
Wi

0101100
+989 0 *
Fa
0  1e-07 182 0

0111000
+983 0 *
Wi

0101100
-986 0 *
Fa
0  1e-07 183 0

0111000
-981 0 *
Sh

0101100
+984 0 +982 0 -980 0 *
So

0100000
+979 0 *
Ve
1e-07
479.896090436613 906.754628730685 329.045658722071
0 0

0101101
*
Ed
 1e-07 1 1 0
1  184 0 0 6.28318530717959
2  367 184 0 0 6.28318530717959
2  368 185 0 0 6.28318530717959
0

0101000
+977 0 -977 0 *
Ve
1e-07
480.47340395702 907.349583880341 332.959240574388
0 0

0101101
*
Ed
 1e-07 1 1 0
1  185 0 0 4.00042315833325
3  369 370CN 184 0 0 4.00042315833325
0

0101000
-977 0 +975 0 *
Ed
 1e-07 1 1 0
1  186 0 0 6.28318530717959
2  371 184 0 0 6.28318530717959
2  372 186 0 0 6.28318530717959
0

0101000
+975 0 -975 0 *
Wi

0101100
-976 0 +974 0 +973 0 -974 0 *
Fa
0  1e-07 184 0

0111000
+972 0 *
Wi

0101100
+976 0 *
Fa
0  1e-07 185 0

0111000
+970 0 *
Wi

0101100
-973 0 *
Fa
0  1e-07 186 0

0111000
-968 0 *
Sh

0101100
+971 0 +969 0 -967 0 *
So

0100000
+966 0 *
Ve
1e-07
475.265709555231 910.114237544151 325.226757588944
0 0

0101101
*
Ed
 1e-07 1 1 0
1  187 0 0 6.28318530717959
2  373 187 0 0 6.28318530717959
2  374 188 0 0 6.28318530717959
0

0101000
+964 0 -964 0 *
Ve
1e-07
475.957084169611 910.709192693807 329.140339441261
0 0

0101101
*
Ed
 1e-07 1 1 0
1  188 0 0 4.01846903712002
3  375 376CN 187 0 0 4.01846903712002
0

0101000
-964 0 +962 0 *
Ed
 1e-07 1 1 0
1  189 0 0 6.28318530717959
2  377 187 0 0 6.28318530717959
2  378 189 0 0 6.28318530717959
0

0101000
+962 0 -962 0 *
Wi

0101100
-963 0 +961 0 +960 0 -961 0 *
Fa
0  1e-07 187 0

0111000
+959 0 *
Wi

0101100
+963 0 *
Fa
0  1e-07 188 0

0111000
+957 0 *
Wi

0101100
-960 0 *
Fa
0  1e-07 189 0

0111000
-955 0 *
Sh

0101100
+958 0 +956 0 -954 0 *
So

0100000
+953 0 *
Ve
1e-07
474.481392290834 909.519282394495 321.423631536819
0 0

0101101
*
Ed
 1e-07 1 1 0
1  190 0 0 6.28318530717959
2  379 190 0 0 6.28318530717959
2  380 191 0 0 6.28318530717959
0

0101000
+951 0 -951 0 *
Ve
1e-07
475.286827999186 910.114237544151 325.337213389136
0 0

0101101
*
Ed
 1e-07 1 1 0
1  191 0 0 4.03965607758539
3  381 382CN 190 0 0 4.03965607758539
0

0101000
-951 0 +949 0 *
Ed
 1e-07 1 1 0
1  192 0 0 6.28318530717959
2  383 190 0 0 6.28318530717959
2  384 192 0 0 6.28318530717959
0

0101000
+949 0 -949 0 *
Wi

0101100
-950 0 +948 0 +947 0 -948 0 *
Fa
0  1e-07 190 0

0111000
+946 0 *
Wi

0101100
+950 0 *
Fa
0  1e-07 191 0

0111000
+944 0 *
Wi

0101100
-947 0 *
Fa
0  1e-07 192 0

0111000
-942 0 *
Sh

0101100
+945 0 +943 0 -941 0 *
So

0100000
+940 0 *
Ve
1e-07
473.585816260266 908.924327244839 317.618616085833
0 0

0101101
*
Ed
 1e-07 1 1 0
1  193 0 0 6.28318530717959
2  385 193 0 0 6.28318530717959
2  386 194 0 0 6.28318530717959
0

0101000
+938 0 -938 0 *
Ve
1e-07
474.50531306259 909.519282394495 321.53219793815
0 0

0101101
*
Ed
 1e-07 1 1 0
1  194 0 0 4.06393515134886
3  387 388CN 193 0 0 4.06393515134886
0

0101000
-938 0 +936 0 *
Ed
 1e-07 1 1 0
1  195 0 0 6.28318530717959
2  389 193 0 0 6.28318530717959
2  390 195 0 0 6.28318530717959
0

0101000
+936 0 -936 0 *
Wi

0101100
-937 0 +935 0 +934 0 -935 0 *
Fa
0  1e-07 193 0

0111000
+933 0 *
Wi

0101100
+937 0 *
Fa
0  1e-07 194 0

0111000
+931 0 *
Wi

0101100
-934 0 *
Fa
0  1e-07 195 0

0111000
-929 0 *
Sh

0101100
+932 0 +930 0 -928 0 *
So

0100000
+927 0 *
Ve
1e-07
472.578820830174 908.329372095183 313.811508637476
0 0

0101101
*
Ed
 1e-07 1 1 0
1  196 0 0 6.28318530717959
2  391 196 0 0 6.28318530717959
2  392 197 0 0 6.28318530717959
0

0101000
+925 0 -925 0 *
Ve
1e-07
473.61237872647 908.924327244839 317.725090489792
0 0

0101101
*
Ed
 1e-07 1 1 0
1  197 0 0 4.09125121080109
3  393 394CN 196 0 0 4.09125121080109
0

0101000
-925 0 +923 0 *
Ed
 1e-07 1 1 0
1  198 0 0 6.28318530717959
2  395 196 0 0 6.28318530717959
2  396 198 0 0 6.28318530717959
0

0101000
+923 0 -923 0 *
Wi

0101100
-924 0 +922 0 +921 0 -922 0 *
Fa
0  1e-07 196 0

0111000
+920 0 *
Wi

0101100
+924 0 *
Fa
0  1e-07 197 0

0111000
+918 0 *
Wi

0101100
-921 0 *
Fa
0  1e-07 198 0

0111000
-916 0 *
Sh

0101100
+919 0 +917 0 -915 0 *
So

0100000
+914 0 *
Ve
1e-07
471.460233817798 907.734416945527 310.002128706581
0 0

0101101
*
Ed
 1e-07 1 1 0
1  199 0 0 6.28318530717959
2  397 199 0 0 6.28318530717959
2  398 200 0 0 6.28318530717959
0

0101000
+912 0 -912 0 *
Ve
1e-07
472.607852808067 908.329372095183 313.915710558898
0 0

0101101
*
Ed
 1e-07 1 1 0
1  200 0 0 4.12154387235059
3  399 400CN 199 0 0 4.12154387235059
0

0101000
-912 0 +910 0 *
Ed
 1e-07 1 1 0
1  201 0 0 6.28318530717959
2  401 199 0 0 6.28318530717959
2  402 201 0 0 6.28318530717959
0

0101000
+910 0 -910 0 *
Wi

0101100
-911 0 +909 0 +908 0 -909 0 *
Fa
0  1e-07 199 0

0111000
+907 0 *
Wi

0101100
+911 0 *
Fa
0  1e-07 200 0

0111000
+905 0 *
Wi

0101100
-908 0 *
Fa
0  1e-07 201 0

0111000
-903 0 *
Sh

0101100
+906 0 +904 0 -902 0 *
So

0100000
+901 0 *
Ve
1e-07
470.229874306419 907.139461795871 306.190318696703
0 0

0101101
*
Ed
 1e-07 1 1 0
1  202 0 0 6.28318530717959
2  403 202 0 0 6.28318530717959
2  404 203 0 0 6.28318530717959
0

0101000
+899 0 -899 0 *
Ve
1e-07
471.49155439066 907.734416945527 310.103900549019
0 0

0101101
*
Ed
 1e-07 1 1 0
1  203 0 0 4.15474802844361
3  405 406CN 202 0 0 4.15474802844361
0

0101000
-899 0 +897 0 *
Ed
 1e-07 1 1 0
1  204 0 0 6.28318530717959
2  407 202 0 0 6.28318530717959
2  408 204 0 0 6.28318530717959
0

0101000
+897 0 -897 0 *
Wi

0101100
-898 0 +896 0 +895 0 -896 0 *
Fa
0  1e-07 202 0

0111000
+894 0 *
Wi

0101100
+898 0 *
Fa
0  1e-07 203 0

0111000
+892 0 *
Wi

0101100
-895 0 *
Fa
0  1e-07 204 0

0111000
-890 0 *
Sh

0101100
+893 0 +891 0 -889 0 *
So

0100000
+888 0 *
Ve
1e-07
468.887555413569 906.544506646215 302.375944199758
0 0

0101101
*
Ed
 1e-07 1 1 0
1  205 0 0 6.28318530717959
2  409 205 0 0 6.28318530717959
2  410 206 0 0 6.28318530717959
0

0101000
+886 0 -886 0 *
Ve
1e-07
470.263296591783 907.139461795871 306.289526052074
0 0

0101101
*
Ed
 1e-07 1 1 0
1  206 0 0 4.19079447531348
3  411 412CN 205 0 0 4.19079447531348
0

0101000
-886 0 +884 0 *
Ed
 1e-07 1 1 0
1  207 0 0 6.28318530717959
2  413 205 0 0 6.28318530717959
2  414 207 0 0 6.28318530717959
0

0101000
+884 0 -884 0 *
Wi

0101100
-885 0 +883 0 +882 0 -883 0 *
Fa
0  1e-07 205 0

0111000
+881 0 *
Wi

0101100
+885 0 *
Fa
0  1e-07 206 0

0111000
+879 0 *
Wi

0101100
-882 0 *
Fa
0  1e-07 207 0

0111000
-877 0 *
Sh

0101100
+880 0 +878 0 -876 0 *
So

0100000
+875 0 *
Ve
1e-07
467.433086942118 905.949551496559 298.558893856184
0 0

0101101
*
Ed
 1e-07 1 1 0
1  208 0 0 6.28318530717959
2  415 208 0 0 6.28318530717959
2  416 209 0 0 6.28318530717959
0

0101000
+873 0 -873 0 *
Ve
1e-07
468.922889214305 906.544506646215 302.472475708501
0 0

0101101
*
Ed
 1e-07 1 1 0
1  209 0 0 4.22961054413951
3  417 418CN 208 0 0 4.22961054413951
0

0101000
-873 0 +871 0 *
Ed
 1e-07 1 1 0
1  210 0 0 6.28318530717959
2  419 208 0 0 6.28318530717959
2  420 210 0 0 6.28318530717959
0

0101000
+871 0 -871 0 *
Wi

0101100
-872 0 +870 0 +869 0 -870 0 *
Fa
0  1e-07 208 0

0111000
+868 0 *
Wi

0101100
+872 0 *
Fa
0  1e-07 209 0

0111000
+866 0 *
Wi

0101100
-869 0 *
Fa
0  1e-07 210 0

0111000
-864 0 *
Sh

0101100
+867 0 +865 0 -863 0 *
So

0100000
+862 0 *
Ve
1e-07
465.86627785623 905.354596346904 294.73907882327
0 0

0101101
*
Ed
 1e-07 1 1 0
1  211 0 0 6.28318530717959
2  421 211 0 0 6.28318530717959
2  422 212 0 0 6.28318530717959
0

0101000
+860 0 -860 0 *
Ve
1e-07
467.470141222389 905.949551496559 298.652660675587
0 0

0101101
*
Ed
 1e-07 1 1 0
1  212 0 0 4.27112072437558
3  423 424CN 211 0 0 4.27112072437558
0

0101000
-860 0 +858 0 *
Ed
 1e-07 1 1 0
1  213 0 0 6.28318530717959
2  425 211 0 0 6.28318530717959
2  426 213 0 0 6.28318530717959
0

0101000
+858 0 -858 0 *
Wi

0101100
-859 0 +857 0 +856 0 -857 0 *
Fa
0  1e-07 211 0

0111000
+855 0 *
Wi

0101100
+859 0 *
Fa
0  1e-07 212 0

0111000
+853 0 *
Wi

0101100
-856 0 *
Fa
0  1e-07 213 0

0111000
-851 0 *
Sh

0101100
+854 0 +852 0 -850 0 *
So

0100000
+849 0 *
Ve
1e-07
464.186938537245 904.759641197248 290.916431907122
0 0

0101101
*
Ed
 1e-07 1 1 0
1  214 0 0 6.28318530717959
2  427 214 0 0 6.28318530717959
2  428 215 0 0 6.28318530717959
0

0101000
+847 0 -847 0 *
Ve
1e-07
465.904862997376 905.354596346904 294.830013759439
0 0

0101101
*
Ed
 1e-07 1 1 0
1  215 0 0 4.31524726934643
3  429 430CN 214 0 0 4.31524726934643
0

0101000
-847 0 +845 0 *
Ed
 1e-07 1 1 0
1  216 0 0 6.28318530717959
2  431 214 0 0 6.28318530717959
2  432 216 0 0 6.28318530717959
0

0101000
+845 0 -845 0 *
Wi

0101100
-846 0 +844 0 +843 0 -844 0 *
Fa
0  1e-07 214 0

0111000
+842 0 *
Wi

0101100
+846 0 *
Fa
0  1e-07 215 0

0111000
+840 0 *
Wi

0101100
-843 0 *
Fa
0  1e-07 216 0

0111000
-838 0 *
Sh

0101100
+841 0 +839 0 -837 0 *
So

0100000
+836 0 *
Ve
1e-07
462.394882787755 904.164686047592 287.090906418021
0 0

0101101
*
Ed
 1e-07 1 1 0
1  217 0 0 6.28318530717959
2  433 217 0 0 6.28318530717959
2  434 218 0 0 6.28318530717959
0

0101000
+834 0 -834 0 *
Ve
1e-07
464.226868341859 904.759641197248 291.004488270338
0 0

0101101
*
Ed
 1e-07 1 1 0
1  218 0 0 4.36191077571847
3  435 436CN 217 0 0 4.36191077571847
0

0101000
-834 0 +832 0 *
Ed
 1e-07 1 1 0
1  219 0 0 6.28318530717959
2  437 217 0 0 6.28318530717959
2  438 219 0 0 6.28318530717959
0

0101000
+832 0 -832 0 *
Wi

0101100
-833 0 +831 0 +830 0 -831 0 *
Fa
0  1e-07 217 0

0111000
+829 0 *
Wi

0101100
+833 0 *
Fa
0  1e-07 218 0

0111000
+827 0 *
Wi

0101100
-830 0 *
Fa
0  1e-07 219 0

0111000
-825 0 *
Sh

0101100
+828 0 +826 0 -824 0 *
So

0100000
+823 0 *
Ve
1e-07
460.489929564866 903.569730897936 283.262474809989
0 0

0101101
*
Ed
 1e-07 1 1 0
1  220 0 0 6.28318530717959
2  439 220 0 0 6.28318530717959
2  440 221 0 0 6.28318530717959
0

0101000
+821 0 -821 0 *
Ve
1e-07
462.435976212943 904.164686047592 287.176056662306
0 0

0101101
*
Ed
 1e-07 1 1 0
1  221 0 0 4.41103073004177
3  441 442CN 220 0 0 4.41103073004177
0

0101000
-821 0 +819 0 *
Ed
 1e-07 1 1 0
1  222 0 0 6.28318530717959
2  443 220 0 0 6.28318530717959
2  444 222 0 0 6.28318530717959
0

0101000
+819 0 -819 0 *
Wi

0101100
-820 0 +818 0 +817 0 -818 0 *
Fa
0  1e-07 220 0

0111000
+816 0 *
Wi

0101100
+820 0 *
Fa
0  1e-07 221 0

0111000
+814 0 *
Wi

0101100
-817 0 *
Fa
0  1e-07 222 0

0111000
-812 0 *
Sh

0101100
+815 0 +813 0 -811 0 *
So

0100000
+810 0 *
Ve
1e-07
458.471904435196 902.97477574828 279.431127163738
0 0

0101101
*
Ed
 1e-07 1 1 0
1  223 0 0 6.28318530717959
2  445 223 0 0 6.28318530717959
2  446 224 0 0 6.28318530717959
0

0101000
+808 0 -808 0 *
Ve
1e-07
460.532012177245 903.569730897936 283.344709016055
0 0

0101101
*
Ed
 1e-07 1 1 0
1  224 0 0 4.4625260171491
3  447 448CN 223 0 0 4.4625260171491
0

0101000
-808 0 +806 0 *
Ed
 1e-07 1 1 0
1  225 0 0 6.28318530717959
2  449 223 0 0 6.28318530717959
2  450 225 0 0 6.28318530717959
0

0101000
+806 0 -806 0 *
Wi

0101100
-807 0 +805 0 +804 0 -805 0 *
Fa
0  1e-07 223 0

0111000
+803 0 *
Wi

0101100
+807 0 *
Fa
0  1e-07 224 0

0111000
+801 0 *
Wi

0101100
-804 0 *
Fa
0  1e-07 225 0

0111000
-799 0 *
Sh

0101100
+802 0 +800 0 -798 0 *
So

0100000
+797 0 *
Ve
1e-07
456.340640754144 902.379820598624 275.596869568365
0 0

0101101
*
Ed
 1e-07 1 1 0
1  226 0 0 6.28318530717959
2  451 226 0 0 6.28318530717959
2  452 227 0 0 6.28318530717959
0

0101000
+795 0 -795 0 *
Ve
1e-07
458.514809590165 902.97477574828 279.510451420682
0 0

0101101
*
Ed
 1e-07 1 1 0
1  227 0 0 4.51631538672945
3  453 454CN 226 0 0 4.51631538672945
0

0101000
-795 0 +793 0 *
Ed
 1e-07 1 1 0
1  228 0 0 6.28318530717959
2  455 226 0 0 6.28318530717959
2  456 228 0 0 6.28318530717959
0

0101000
+793 0 -793 0 *
Wi

0101100
-794 0 +792 0 +791 0 -792 0 *
Fa
0  1e-07 226 0

0111000
+790 0 *
Wi

0101100
+794 0 *
Fa
0  1e-07 227 0

0111000
+788 0 *
Wi

0101100
-791 0 *
Fa
0  1e-07 228 0

0111000
-786 0 *
Sh

0101100
+789 0 +787 0 -785 0 *
So

0100000
+784 0 *
Ve
1e-07
454.095980580205 901.784865448968 271.759722451743
0 0

0101101
*
Ed
 1e-07 1 1 0
1  229 0 0 6.28318530717959
2  457 229 0 0 6.28318530717959
2  458 230 0 0 6.28318530717959
0

0101000
+782 0 -782 0 *
Ve
1e-07
456.384210510199 902.379820598624 275.67330430406
0 0

0101101
*
Ed
 1e-07 1 1 0
1  230 0 0 4.57231787580457
3  459 460CN 229 0 0 4.57231787580457
0

0101000
-782 0 +780 0 *
Ed
 1e-07 1 1 0
1  231 0 0 6.28318530717959
2  461 229 0 0 6.28318530717959
2  462 231 0 0 6.28318530717959
0

0101000
+780 0 -780 0 *
Wi

0101100
-781 0 +779 0 +778 0 -779 0 *
Fa
0  1e-07 229 0

0111000
+777 0 *
Wi

0101100
+781 0 *
Fa
0  1e-07 230 0

0111000
+775 0 *
Wi

0101100
-778 0 *
Fa
0  1e-07 231 0

0111000
-773 0 *
Sh

0101100
+776 0 +774 0 -772 0 *
So

0100000
+771 0 *
Ve
1e-07
451.737775341437 901.189910299312 267.919718903167
0 0

0101101
*
Ed
 1e-07 1 1 0
1  232 0 0 6.28318530717959
2  463 232 0 0 6.28318530717959
2  464 233 0 0 6.28318530717959
0

0101000
+769 0 -769 0 *
Ve
1e-07
454.140066365403 901.784865448968 271.833300755483
0 0

0101101
*
Ed
 1e-07 1 1 0
1  233 0 0 4.63045318610514
3  465 466CN 232 0 0 4.63045318610514
0

0101000
-769 0 +767 0 *
Ed
 1e-07 1 1 0
1  234 0 0 6.28318530717959
2  467 232 0 0 6.28318530717959
2  468 234 0 0 6.28318530717959
0

0101000
+767 0 -767 0 *
Wi

0101100
-768 0 +766 0 +765 0 -766 0 *
Fa
0  1e-07 232 0

0111000
+764 0 *
Wi

0101100
+768 0 *
Fa
0  1e-07 233 0

0111000
+762 0 *
Wi

0101100
-765 0 *
Fa
0  1e-07 234 0

0111000
-760 0 *
Sh

0101100
+763 0 +761 0 -759 0 *
So

0100000
+758 0 *
Ve
1e-07
449.265886275729 900.594955149656 264.076903024891
0 0

0101101
*
Ed
 1e-07 1 1 0
1  235 0 0 6.28318530717959
2  469 235 0 0 6.28318530717959
2  470 236 0 0 6.28318530717959
0

0101000
+756 0 -756 0 *
Ve
1e-07
451.782238393668 901.189910299312 267.990484877208
0 0

0101101
*
Ed
 1e-07 1 1 0
1  236 0 0 4.69064201643411
3  471 472CN 235 0 0 4.69064201643411
0

0101000
-756 0 +754 0 *
Ed
 1e-07 1 1 0
1  237 0 0 6.28318530717959
2  473 235 0 0 6.28318530717959
2  474 237 0 0 6.28318530717959
0

0101000
+754 0 -754 0 *
Wi

0101100
-755 0 +753 0 +752 0 -753 0 *
Fa
0  1e-07 235 0

0111000
+751 0 *
Wi

0101100
+755 0 *
Fa
0  1e-07 236 0

0111000
+749 0 *
Wi

0101100
-752 0 *
Fa
0  1e-07 237 0

0111000
-747 0 *
Sh

0101100
+750 0 +748 0 -746 0 *
So

0100000
+745 0 *
Ve
1e-07
446.680184669413 900 260.231328342222
0 0

0101101
*
Ed
 1e-07 1 1 0
1  238 0 0 6.28318530717959
2  475 238 0 0 6.28318530717959
2  476 239 0 0 6.28318530717959
0

0101000
+743 0 -743 0 *
Ve
1e-07
449.310597881324 900.594955149656 264.144910194538
0 0

0101101
*
Ed
 1e-07 1 1 0
1  239 0 0 4.75280635101814
3  477 478CN 238 0 0 4.75280635101814
0

0101000
-743 0 +741 0 *
Ed
 1e-07 1 1 0
1  240 0 0 6.28318530717959
2  479 238 0 0 6.28318530717959
2  480 240 0 0 6.28318530717959
0

0101000
+741 0 -741 0 *
Wi

0101100
-742 0 +740 0 +739 0 -740 0 *
Fa
0  1e-07 238 0

0111000
+738 0 *
Wi

0101100
+742 0 *
Fa
0  1e-07 239 0

0111000
+736 0 *
Wi

0101100
-739 0 *
Fa
0  1e-07 240 0

0111000
-734 0 *
Sh

0101100
+737 0 +735 0 -733 0 *
So

0100000
+732 0 *
Ve
1e-07
300 947.596411972476 575.086548185329
0 0

0101101
*
Ed
 1e-07 1 1 1
2  481 241 0 0 6.28318530717959
0

0101000
+730 0 -730 0 *
Ve
1e-07
300 947.596411972476 567.086548185329
0 0

0101101
*
Ed
 1e-07 1 1 0
1  241 0 4.71238898038469 7.85398163397448
3  482 483CN 241 0 4.71238898038469 7.85398163397448
0

0101000
-730 0 +728 0 *
Ed
 1e-07 1 1 1
2  484 241 0 0 6.28318530717959
0

0101000
+728 0 -728 0 *
Wi

0101100
-729 0 +727 0 +726 0 -727 0 *
Fa
0  1e-07 241 0

0111000
+725 0 *
Sh

0101100
+724 0 *
So

0100000
+723 0 *
Ve
1e-07
306.380413211911 947.00145682282 571.172966333012
0 0

0101101
*
Ed
 1e-07 1 1 1
2  485 242 0 0 6.28318530717959
0

0101000
+721 0 -721 0 *
Ve
1e-07
306.380413211911 947.00145682282 563.172966333012
0 0

0101101
*
Ed
 1e-07 1 1 0
1  242 0 4.71238898038469 7.85398163397448
3  486 487CN 242 0 4.71238898038469 7.85398163397448
0

0101000
-721 0 +719 0 *
Ed
 1e-07 1 1 1
2  488 242 0 0 6.28318530717959
0

0101000
+719 0 -719 0 *
Wi

0101100
-720 0 +718 0 +717 0 -718 0 *
Fa
0  1e-07 242 0

0111000
+716 0 *
Sh

0101100
+715 0 *
So

0100000
+714 0 *
Ve
1e-07
312.646765329849 946.406501673164 567.259384480696
0 0

0101101
*
Ed
 1e-07 1 1 1
2  489 243 0 0 6.28318530717959
0

0101000
+712 0 -712 0 *
Ve
1e-07
312.646765329849 946.406501673164 559.259384480696
0 0

0101101
*
Ed
 1e-07 1 1 0
1  243 0 4.71238898038469 7.85398163397448
3  490 491CN 243 0 4.71238898038469 7.85398163397448
0

0101000
-712 0 +710 0 *
Ed
 1e-07 1 1 1
2  492 243 0 0 6.28318530717959
0

0101000
+710 0 -710 0 *
Wi

0101100
-711 0 +709 0 +708 0 -709 0 *
Fa
0  1e-07 243 0

0111000
+707 0 *
Sh

0101100
+706 0 *
So

0100000
+705 0 *
Ve
1e-07
318.799056353815 945.811546523508 563.345802628379
0 0

0101101
*
Ed
 1e-07 1 1 1
2  493 244 0 0 6.28318530717959
0

0101000
+703 0 -703 0 *
Ve
1e-07
318.799056353815 945.811546523508 555.345802628379
0 0

0101101
*
Ed
 1e-07 1 1 0
1  244 0 4.71238898038469 7.85398163397448
3  494 495CN 244 0 4.71238898038469 7.85398163397448
0

0101000
-703 0 +701 0 *
Ed
 1e-07 1 1 1
2  496 244 0 0 6.28318530717959
0

0101000
+701 0 -701 0 *
Wi

0101100
-702 0 +700 0 +699 0 -700 0 *
Fa
0  1e-07 244 0

0111000
+698 0 *
Sh

0101100
+697 0 *
So

0100000
+696 0 *
Ve
1e-07
324.837286283808 945.216591373852 559.432220776062
0 0

0101101
*
Ed
 1e-07 1 1 1
2  497 245 0 0 6.28318530717959
0

0101000
+694 0 -694 0 *
Ve
1e-07
324.837286283808 945.216591373852 551.432220776062
0 0

0101101
*
Ed
 1e-07 1 1 0
1  245 0 4.71238898038469 7.85398163397448
3  498 499CN 245 0 4.71238898038469 7.85398163397448
0

0101000
-694 0 +692 0 *
Ed
 1e-07 1 1 1
2  500 245 0 0 6.28318530717959
0

0101000
+692 0 -692 0 *
Wi

0101100
-693 0 +691 0 +690 0 -691 0 *
Fa
0  1e-07 245 0

0111000
+689 0 *
Sh

0101100
+688 0 *
So

0100000
+687 0 *
Ve
1e-07
330.76145511983 944.621636224196 555.518638923746
0 0

0101101
*
Ed
 1e-07 1 1 1
2  501 246 0 0 6.28318530717959
0

0101000
+685 0 -685 0 *
Ve
1e-07
330.76145511983 944.621636224196 547.518638923746
0 0

0101101
*
Ed
 1e-07 1 1 0
1  246 0 4.71238898038469 7.85398163397448
3  502 503CN 246 0 4.71238898038469 7.85398163397448
0

0101000
-685 0 +683 0 *
Ed
 1e-07 1 1 1
2  504 246 0 0 6.28318530717959
0

0101000
+683 0 -683 0 *
Wi

0101100
-684 0 +682 0 +681 0 -682 0 *
Fa
0  1e-07 246 0

0111000
+680 0 *
Sh

0101100
+679 0 *
So

0100000
+678 0 *
Ve
1e-07
336.571562861878 944.02668107454 551.605057071429
0 0

0101101
*
Ed
 1e-07 1 1 1
2  505 247 0 0 6.28318530717959
0

0101000
+676 0 -676 0 *
Ve
1e-07
336.571562861878 944.02668107454 543.605057071429
0 0

0101101
*
Ed
 1e-07 1 1 0
1  247 0 4.71238898038469 7.85398163397448
3  506 507CN 247 0 4.71238898038469 7.85398163397448
0

0101000
-676 0 +674 0 *
Ed
 1e-07 1 1 1
2  508 247 0 0 6.28318530717959
0

0101000
+674 0 -674 0 *
Wi

0101100
-675 0 +673 0 +672 0 -673 0 *
Fa
0  1e-07 247 0

0111000
+671 0 *
Sh

0101100
+670 0 *
So

0100000
+669 0 *
Ve
1e-07
342.267609509954 943.431725924884 547.691475219113
0 0

0101101
*
Ed
 1e-07 1 1 1
2  509 248 0 0 6.28318530717959
0

0101000
+667 0 -667 0 *
Ve
1e-07
342.267609509954 943.431725924884 539.691475219113
0 0

0101101
*
Ed
 1e-07 1 1 0
1  248 0 4.71238898038469 7.85398163397448
3  510 511CN 248 0 4.71238898038469 7.85398163397448
0

0101000
-667 0 +665 0 *
Ed
 1e-07 1 1 1
2  512 248 0 0 6.28318530717959
0

0101000
+665 0 -665 0 *
Wi

0101100
-666 0 +664 0 +663 0 -664 0 *
Fa
0  1e-07 248 0

0111000
+662 0 *
Sh

0101100
+661 0 *
So

0100000
+660 0 *
Ve
1e-07
347.849595064058 942.836770775228 543.777893366796
0 0

0101101
*
Ed
 1e-07 1 1 1
2  513 249 0 0 6.28318530717959
0

0101000
+658 0 -658 0 *
Ve
1e-07
347.849595064058 942.836770775228 535.777893366796
0 0

0101101
*
Ed
 1e-07 1 1 0
1  249 0 4.71238898038469 7.85398163397448
3  514 515CN 249 0 4.71238898038469 7.85398163397448
0

0101000
-658 0 +656 0 *
Ed
 1e-07 1 1 1
2  516 249 0 0 6.28318530717959
0

0101000
+656 0 -656 0 *
Wi

0101100
-657 0 +655 0 +654 0 -655 0 *
Fa
0  1e-07 249 0

0111000
+653 0 *
Sh

0101100
+652 0 *
So

0100000
+651 0 *
Ve
1e-07
353.317519524189 942.241815625572 539.864311514479
0 0

0101101
*
Ed
 1e-07 1 1 1
2  517 250 0 0 6.28318530717959
0

0101000
+649 0 -649 0 *
Ve
1e-07
353.317519524189 942.241815625572 531.864311514479
0 0

0101101
*
Ed
 1e-07 1 1 0
1  250 0 4.71238898038469 7.85398163397448
3  518 519CN 250 0 4.71238898038469 7.85398163397448
0

0101000
-649 0 +647 0 *
Ed
 1e-07 1 1 1
2  520 250 0 0 6.28318530717959
0

0101000
+647 0 -647 0 *
Wi

0101100
-648 0 +646 0 +645 0 -646 0 *
Fa
0  1e-07 250 0

0111000
+644 0 *
Sh

0101100
+643 0 *
So

0100000
+642 0 *
Ve
1e-07
358.671382890348 941.646860475916 535.950729662163
0 0

0101101
*
Ed
 1e-07 1 1 1
2  521 251 0 0 6.28318530717959
0

0101000
+640 0 -640 0 *
Ve
1e-07
358.671382890348 941.646860475916 527.950729662163
0 0

0101101
*
Ed
 1e-07 1 1 0
1  251 0 4.71238898038469 7.85398163397448
3  522 523CN 251 0 4.71238898038469 7.85398163397448
0

0101000
-640 0 +638 0 *
Ed
 1e-07 1 1 1
2  524 251 0 0 6.28318530717959
0

0101000
+638 0 -638 0 *
Wi

0101100
-639 0 +637 0 +636 0 -637 0 *
Fa
0  1e-07 251 0

0111000
+635 0 *
Sh

0101100
+634 0 *
So

0100000
+633 0 *
Ve
1e-07
363.911185162535 941.05190532626 532.037147809846
0 0

0101101
*
Ed
 1e-07 1 1 1
2  525 252 0 0 6.28318530717959
0

0101000
+631 0 -631 0 *
Ve
1e-07
363.911185162535 941.05190532626 524.037147809846
0 0

0101101
*
Ed
 1e-07 1 1 0
1  252 0 4.71238898038469 7.85398163397448
3  526 527CN 252 0 4.71238898038469 7.85398163397448
0

0101000
-631 0 +629 0 *
Ed
 1e-07 1 1 1
2  528 252 0 0 6.28318530717959
0

0101000
+629 0 -629 0 *
Wi

0101100
-630 0 +628 0 +627 0 -628 0 *
Fa
0  1e-07 252 0

0111000
+626 0 *
Sh

0101100
+625 0 *
So

0100000
+624 0 *
Ve
1e-07
369.036926340749 940.456950176604 528.12356595753
0 0

0101101
*
Ed
 1e-07 1 1 1
2  529 253 0 0 6.28318530717959
0

0101000
+622 0 -622 0 *
Ve
1e-07
369.036926340749 940.456950176604 520.12356595753
0 0

0101101
*
Ed
 1e-07 1 1 0
1  253 0 4.71238898038469 7.85398163397448
3  530 531CN 253 0 4.71238898038469 7.85398163397448
0

0101000
-622 0 +620 0 *
Ed
 1e-07 1 1 1
2  532 253 0 0 6.28318530717959
0

0101000
+620 0 -620 0 *
Wi

0101100
-621 0 +619 0 +618 0 -619 0 *
Fa
0  1e-07 253 0

0111000
+617 0 *
Sh

0101100
+616 0 *
So

0100000
+615 0 *
Ve
1e-07
374.048606424991 939.861995026948 524.209984105213
0 0

0101101
*
Ed
 1e-07 1 1 1
2  533 254 0 0 6.28318530717959
0

0101000
+613 0 -613 0 *
Ve
1e-07
374.048606424991 939.861995026948 516.209984105213
0 0

0101101
*
Ed
 1e-07 1 1 0
1  254 0 4.71238898038469 7.85398163397448
3  534 535CN 254 0 4.71238898038469 7.85398163397448
0

0101000
-613 0 +611 0 *
Ed
 1e-07 1 1 1
2  536 254 0 0 6.28318530717959
0

0101000
+611 0 -611 0 *
Wi

0101100
-612 0 +610 0 +609 0 -610 0 *
Fa
0  1e-07 254 0

0111000
+608 0 *
Sh

0101100
+607 0 *
So

0100000
+606 0 *
Ve
1e-07
378.94622541526 939.267039877292 520.296402252896
0 0

0101101
*
Ed
 1e-07 1 1 1
2  537 255 0 0 6.28318530717959
0

0101000
+604 0 -604 0 *
Ve
1e-07
378.94622541526 939.267039877292 512.296402252896
0 0

0101101
*
Ed
 1e-07 1 1 0
1  255 0 4.71238898038469 7.85398163397448
3  538 539CN 255 0 4.71238898038469 7.85398163397448
0

0101000
-604 0 +602 0 *
Ed
 1e-07 1 1 1
2  540 255 0 0 6.28318530717959
0

0101000
+602 0 -602 0 *
Wi

0101100
-603 0 +601 0 +600 0 -601 0 *
Fa
0  1e-07 255 0

0111000
+599 0 *
Sh

0101100
+598 0 *
So

0100000
+597 0 *
Ve
1e-07
383.729783311557 938.672084727636 516.38282040058
0 0

0101101
*
Ed
 1e-07 1 1 1
2  541 256 0 0 6.28318530717959
0

0101000
+595 0 -595 0 *
Ve
1e-07
383.729783311557 938.672084727636 508.38282040058
0 0

0101101
*
Ed
 1e-07 1 1 0
1  256 0 4.71238898038469 7.85398163397448
3  542 543CN 256 0 4.71238898038469 7.85398163397448
0

0101000
-595 0 +593 0 *
Ed
 1e-07 1 1 1
2  544 256 0 0 6.28318530717959
0

0101000
+593 0 -593 0 *
Wi

0101100
-594 0 +592 0 +591 0 -592 0 *
Fa
0  1e-07 256 0

0111000
+590 0 *
Sh

0101100
+589 0 *
So

0100000
+588 0 *
Ve
1e-07
388.399280113881 938.07712957798 512.469238548263
0 0

0101101
*
Ed
 1e-07 1 1 1
2  545 257 0 0 6.28318530717959
0

0101000
+586 0 -586 0 *
Ve
1e-07
388.399280113881 938.07712957798 504.469238548263
0 0

0101101
*
Ed
 1e-07 1 1 0
1  257 0 4.71238898038469 7.85398163397448
3  546 547CN 257 0 4.71238898038469 7.85398163397448
0

0101000
-586 0 +584 0 *
Ed
 1e-07 1 1 1
2  548 257 0 0 6.28318530717959
0

0101000
+584 0 -584 0 *
Wi

0101100
-585 0 +583 0 +582 0 -583 0 *
Fa
0  1e-07 257 0

0111000
+581 0 *
Sh

0101100
+580 0 *
So

0100000
+579 0 *
Ve
1e-07
392.954715822233 937.482174428324 508.555656695946
0 0

0101101
*
Ed
 1e-07 1 1 1
2  549 258 0 0 6.28318530717959
0

0101000
+577 0 -577 0 *
Ve
1e-07
392.954715822233 937.482174428324 500.555656695946
0 0

0101101
*
Ed
 1e-07 1 1 0
1  258 0 4.71238898038469 7.85398163397448
3  550 551CN 258 0 4.71238898038469 7.85398163397448
0

0101000
-577 0 +575 0 *
Ed
 1e-07 1 1 1
2  552 258 0 0 6.28318530717959
0

0101000
+575 0 -575 0 *
Wi

0101100
-576 0 +574 0 +573 0 -574 0 *
Fa
0  1e-07 258 0

0111000
+572 0 *
Sh

0101100
+571 0 *
So

0100000
+570 0 *
Ve
1e-07
397.396090436613 936.887219278669 504.64207484363
0 0

0101101
*
Ed
 1e-07 1 1 1
2  553 259 0 0 6.28318530717959
0

0101000
+568 0 -568 0 *
Ve
1e-07
397.396090436613 936.887219278669 496.64207484363
0 0

0101101
*
Ed
 1e-07 1 1 0
1  259 0 4.71238898038469 7.85398163397448
3  554 555CN 259 0 4.71238898038469 7.85398163397448
0

0101000
-568 0 +566 0 *
Ed
 1e-07 1 1 1
2  556 259 0 0 6.28318530717959
0

0101000
+566 0 -566 0 *
Wi

0101100
-567 0 +565 0 +564 0 -565 0 *
Fa
0  1e-07 259 0

0111000
+563 0 *
Sh

0101100
+562 0 *
So

0100000
+561 0 *
Ve
1e-07
401.72340395702 936.292264129013 500.728492991313
0 0

0101101
*
Ed
 1e-07 1 1 1
2  557 260 0 0 6.28318530717959
0

0101000
+559 0 -559 0 *
Ve
1e-07
401.72340395702 936.292264129013 492.728492991313
0 0

0101101
*
Ed
 1e-07 1 1 0
1  260 0 4.71238898038469 7.85398163397448
3  558 559CN 260 0 4.71238898038469 7.85398163397448
0

0101000
-559 0 +557 0 *
Ed
 1e-07 1 1 1
2  560 260 0 0 6.28318530717959
0

0101000
+557 0 -557 0 *
Wi

0101100
-558 0 +556 0 +555 0 -556 0 *
Fa
0  1e-07 260 0

0111000
+554 0 *
Sh

0101100
+553 0 *
So

0100000
+552 0 *
Ve
1e-07
405.936656383454 935.697308979357 496.814911138997
0 0

0101101
*
Ed
 1e-07 1 1 1
2  561 261 0 0 6.28318530717959
0

0101000
+550 0 -550 0 *
Ve
1e-07
405.936656383454 935.697308979357 488.814911138997
0 0

0101101
*
Ed
 1e-07 1 1 0
1  261 0 4.71238898038469 7.85398163397448
3  562 563CN 261 0 4.71238898038469 7.85398163397448
0

0101000
-550 0 +548 0 *
Ed
 1e-07 1 1 1
2  564 261 0 0 6.28318530717959
0

0101000
+548 0 -548 0 *
Wi

0101100
-549 0 +547 0 +546 0 -547 0 *
Fa
0  1e-07 261 0

0111000
+545 0 *
Sh

0101100
+544 0 *
So

0100000
+543 0 *
Ve
1e-07
410.035847715917 935.102353829701 492.90132928668
0 0

0101101
*
Ed
 1e-07 1 1 1
2  565 262 0 0 6.28318530717959
0

0101000
+541 0 -541 0 *
Ve
1e-07
410.035847715917 935.102353829701 484.90132928668
0 0

0101101
*
Ed
 1e-07 1 1 0
1  262 0 4.71238898038469 7.85398163397448
3  566 567CN 262 0 4.71238898038469 7.85398163397448
0

0101000
-541 0 +539 0 *
Ed
 1e-07 1 1 1
2  568 262 0 0 6.28318530717959
0

0101000
+539 0 -539 0 *
Wi

0101100
-540 0 +538 0 +537 0 -538 0 *
Fa
0  1e-07 262 0

0111000
+536 0 *
Sh

0101100
+535 0 *
So

0100000
+534 0 *
Ve
1e-07
414.020977954407 934.507398680045 488.987747434363
0 0

0101101
*
Ed
 1e-07 1 1 1
2  569 263 0 0 6.28318530717959
0

0101000
+532 0 -532 0 *
Ve
1e-07
414.020977954407 934.507398680045 480.987747434363
0 0

0101101
*
Ed
 1e-07 1 1 0
1  263 0 4.71238898038469 7.85398163397448
3  570 571CN 263 0 4.71238898038469 7.85398163397448
0

0101000
-532 0 +530 0 *
Ed
 1e-07 1 1 1
2  572 263 0 0 6.28318530717959
0

0101000
+530 0 -530 0 *
Wi

0101100
-531 0 +529 0 +528 0 -529 0 *
Fa
0  1e-07 263 0

0111000
+527 0 *
Sh

0101100
+526 0 *
So

0100000
+525 0 *
Ve
1e-07
417.892047098924 933.912443530389 485.074165582047
0 0

0101101
*
Ed
 1e-07 1 1 1
2  573 264 0 0 6.28318530717959
0

0101000
+523 0 -523 0 *
Ve
1e-07
417.892047098924 933.912443530389 477.074165582047
0 0

0101101
*
Ed
 1e-07 1 1 0
1  264 0 4.71238898038469 7.85398163397448
3  574 575CN 264 0 4.71238898038469 7.85398163397448
0

0101000
-523 0 +521 0 *
Ed
 1e-07 1 1 1
2  576 264 0 0 6.28318530717959
0

0101000
+521 0 -521 0 *
Wi

0101100
-522 0 +520 0 +519 0 -520 0 *
Fa
0  1e-07 264 0

0111000
+518 0 *
Sh

0101100
+517 0 *
So

0100000
+516 0 *
Ve
1e-07
421.649055149469 933.317488380733 481.16058372973
0 0

0101101
*
Ed
 1e-07 1 1 1
2  577 265 0 0 6.28318530717959
0

0101000
+514 0 -514 0 *
Ve
1e-07
421.649055149469 933.317488380733 473.16058372973
0 0

0101101
*
Ed
 1e-07 1 1 0
1  265 0 4.71238898038469 7.85398163397448
3  578 579CN 265 0 4.71238898038469 7.85398163397448
0

0101000
-514 0 +512 0 *
Ed
 1e-07 1 1 1
2  580 265 0 0 6.28318530717959
0

0101000
+512 0 -512 0 *
Wi

0101100
-513 0 +511 0 +510 0 -511 0 *
Fa
0  1e-07 265 0

0111000
+509 0 *
Sh

0101100
+508 0 *
So

0100000
+507 0 *
Ve
1e-07
425.292002106042 932.722533231077 477.247001877414
0 0

0101101
*
Ed
 1e-07 1 1 1
2  581 266 0 0 6.28318530717959
0

0101000
+505 0 -505 0 *
Ve
1e-07
425.292002106042 932.722533231077 469.247001877414
0 0

0101101
*
Ed
 1e-07 1 1 0
1  266 0 4.71238898038469 7.85398163397448
3  582 583CN 266 0 4.71238898038469 7.85398163397448
0

0101000
-505 0 +503 0 *
Ed
 1e-07 1 1 1
2  584 266 0 0 6.28318530717959
0

0101000
+503 0 -503 0 *
Wi

0101100
-504 0 +502 0 +501 0 -502 0 *
Fa
0  1e-07 266 0

0111000
+500 0 *
Sh

0101100
+499 0 *
So

0100000
+498 0 *
Ve
1e-07
428.820887968642 932.127578081421 473.333420025097
0 0

0101101
*
Ed
 1e-07 1 1 1
2  585 267 0 0 6.28318530717959
0

0101000
+496 0 -496 0 *
Ve
1e-07
428.820887968642 932.127578081421 465.333420025097
0 0

0101101
*
Ed
 1e-07 1 1 0
1  267 0 4.71238898038469 7.85398163397448
3  586 587CN 267 0 4.71238898038469 7.85398163397448
0

0101000
-496 0 +494 0 *
Ed
 1e-07 1 1 1
2  588 267 0 0 6.28318530717959
0

0101000
+494 0 -494 0 *
Wi

0101100
-495 0 +493 0 +492 0 -493 0 *
Fa
0  1e-07 267 0

0111000
+491 0 *
Sh

0101100
+490 0 *
So

0100000
+489 0 *
Ve
1e-07
432.235712737269 931.532622931765 469.41983817278
0 0

0101101
*
Ed
 1e-07 1 1 1
2  589 268 0 0 6.28318530717959
0

0101000
+487 0 -487 0 *
Ve
1e-07
432.235712737269 931.532622931765 461.41983817278
0 0

0101101
*
Ed
 1e-07 1 1 0
1  268 0 4.71238898038469 7.85398163397448
3  590 591CN 268 0 4.71238898038469 7.85398163397448
0

0101000
-487 0 +485 0 *
Ed
 1e-07 1 1 1
2  592 268 0 0 6.28318530717959
0

0101000
+485 0 -485 0 *
Wi

0101100
-486 0 +484 0 +483 0 -484 0 *
Fa
0  1e-07 268 0

0111000
+482 0 *
Sh

0101100
+481 0 *
So

0100000
+480 0 *
Ve
1e-07
435.536476411925 930.937667782109 465.506256320464
0 0

0101101
*
Ed
 1e-07 1 1 1
2  593 269 0 0 6.28318530717959
0

0101000
+478 0 -478 0 *
Ve
1e-07
435.536476411925 930.937667782109 457.506256320464
0 0

0101101
*
Ed
 1e-07 1 1 0
1  269 0 4.71238898038469 7.85398163397448
3  594 595CN 269 0 4.71238898038469 7.85398163397448
0

0101000
-478 0 +476 0 *
Ed
 1e-07 1 1 1
2  596 269 0 0 6.28318530717959
0

0101000
+476 0 -476 0 *
Wi

0101100
-477 0 +475 0 +474 0 -475 0 *
Fa
0  1e-07 269 0

0111000
+473 0 *
Sh

0101100
+472 0 *
So

0100000
+471 0 *
Ve
1e-07
438.723178992608 930.342712632453 461.592674468147
0 0

0101101
*
Ed
 1e-07 1 1 1
2  597 270 0 0 6.28318530717959
0

0101000
+469 0 -469 0 *
Ve
1e-07
438.723178992608 930.342712632453 453.592674468147
0 0

0101101
*
Ed
 1e-07 1 1 0
1  270 0 4.71238898038469 7.85398163397448
3  598 599CN 270 0 4.71238898038469 7.85398163397448
0

0101000
-469 0 +467 0 *
Ed
 1e-07 1 1 1
2  600 270 0 0 6.28318530717959
0

0101000
+467 0 -467 0 *
Wi

0101100
-468 0 +466 0 +465 0 -466 0 *
Fa
0  1e-07 270 0

0111000
+464 0 *
Sh

0101100
+463 0 *
So

0100000
+462 0 *
Ve
1e-07
441.795820479318 929.747757482797 457.679092615831
0 0

0101101
*
Ed
 1e-07 1 1 1
2  601 271 0 0 6.28318530717959
0

0101000
+460 0 -460 0 *
Ve
1e-07
441.795820479318 929.747757482797 449.679092615831
0 0

0101101
*
Ed
 1e-07 1 1 0
1  271 0 4.71238898038469 7.85398163397448
3  602 603CN 271 0 4.71238898038469 7.85398163397448
0

0101000
-460 0 +458 0 *
Ed
 1e-07 1 1 1
2  604 271 0 0 6.28318530717959
0

0101000
+458 0 -458 0 *
Wi

0101100
-459 0 +457 0 +456 0 -457 0 *
Fa
0  1e-07 271 0

0111000
+455 0 *
Sh

0101100
+454 0 *
So

0100000
+453 0 *
Ve
1e-07
444.754400872056 929.152802333141 453.765510763514
0 0

0101101
*
Ed
 1e-07 1 1 1
2  605 272 0 0 6.28318530717959
0

0101000
+451 0 -451 0 *
Ve
1e-07
444.754400872056 929.152802333141 445.765510763514
0 0

0101101
*
Ed
 1e-07 1 1 0
1  272 0 4.71238898038469 7.85398163397448
3  606 607CN 272 0 4.71238898038469 7.85398163397448
0

0101000
-451 0 +449 0 *
Ed
 1e-07 1 1 1
2  608 272 0 0 6.28318530717959
0

0101000
+449 0 -449 0 *
Wi

0101100
-450 0 +448 0 +447 0 -448 0 *
Fa
0  1e-07 272 0

0111000
+446 0 *
Sh

0101100
+445 0 *
So

0100000
+444 0 *
Ve
1e-07
447.598920170822 928.557847183485 449.851928911197
0 0

0101101
*
Ed
 1e-07 1 1 1
2  609 273 0 0 6.28318530717959
0

0101000
+442 0 -442 0 *
Ve
1e-07
447.598920170822 928.557847183485 441.851928911197
0 0

0101101
*
Ed
 1e-07 1 1 0
1  273 0 4.71238898038469 7.85398163397448
3  610 611CN 273 0 4.71238898038469 7.85398163397448
0

0101000
-442 0 +440 0 *
Ed
 1e-07 1 1 1
2  612 273 0 0 6.28318530717959
0

0101000
+440 0 -440 0 *
Wi

0101100
-441 0 +439 0 +438 0 -439 0 *
Fa
0  1e-07 273 0

0111000
+437 0 *
Sh

0101100
+436 0 *
So

0100000
+435 0 *
Ve
1e-07
450.329378375615 927.962892033829 445.938347058881
0 0

0101101
*
Ed
 1e-07 1 1 1
2  613 274 0 0 6.28318530717959
0

0101000
+433 0 -433 0 *
Ve
1e-07
450.329378375615 927.962892033829 437.938347058881
0 0

0101101
*
Ed
 1e-07 1 1 0
1  274 0 4.71238898038469 7.85398163397448
3  614 615CN 274 0 4.71238898038469 7.85398163397448
0

0101000
-433 0 +431 0 *
Ed
 1e-07 1 1 1
2  616 274 0 0 6.28318530717959
0

0101000
+431 0 -431 0 *
Wi

0101100
-432 0 +430 0 +429 0 -430 0 *
Fa
0  1e-07 274 0

0111000
+428 0 *
Sh

0101100
+427 0 *
So

0100000
+426 0 *
Ve
1e-07
452.945775486436 927.367936884173 442.024765206564
0 0

0101101
*
Ed
 1e-07 1 1 1
2  617 275 0 0 6.28318530717959
0

0101000
+424 0 -424 0 *
Ve
1e-07
452.945775486436 927.367936884173 434.024765206564
0 0

0101101
*
Ed
 1e-07 1 1 0
1  275 0 4.71238898038469 7.85398163397448
3  618 619CN 275 0 4.71238898038469 7.85398163397448
0

0101000
-424 0 +422 0 *
Ed
 1e-07 1 1 1
2  620 275 0 0 6.28318530717959
0

0101000
+422 0 -422 0 *
Wi

0101100
-423 0 +421 0 +420 0 -421 0 *
Fa
0  1e-07 275 0

0111000
+419 0 *
Sh

0101100
+418 0 *
So

0100000
+417 0 *
Ve
1e-07
455.448111503284 926.772981734518 438.111183354247
0 0

0101101
*
Ed
 1e-07 1 1 1
2  621 276 0 0 6.28318530717959
0

0101000
+415 0 -415 0 *
Ve
1e-07
455.448111503284 926.772981734518 430.111183354247
0 0

0101101
*
Ed
 1e-07 1 1 0
1  276 0 4.71238898038469 7.85398163397448
3  622 623CN 276 0 4.71238898038469 7.85398163397448
0

0101000
-415 0 +413 0 *
Ed
 1e-07 1 1 1
2  624 276 0 0 6.28318530717959
0

0101000
+413 0 -413 0 *
Wi

0101100
-414 0 +412 0 +411 0 -412 0 *
Fa
0  1e-07 276 0

0111000
+410 0 *
Sh

0101100
+409 0 *
So

0100000
+408 0 *
Ve
1e-07
457.83638642616 926.178026584862 434.197601501931
0 0

0101101
*
Ed
 1e-07 1 1 1
2  625 277 0 0 6.28318530717959
0

0101000
+406 0 -406 0 *
Ve
1e-07
457.83638642616 926.178026584862 426.197601501931
0 0

0101101
*
Ed
 1e-07 1 1 0
1  277 0 4.71238898038469 7.85398163397448
3  626 627CN 277 0 4.71238898038469 7.85398163397448
0

0101000
-406 0 +404 0 *
Ed
 1e-07 1 1 1
2  628 277 0 0 6.28318530717959
0

0101000
+404 0 -404 0 *
Wi

0101100
-405 0 +403 0 +402 0 -403 0 *
Fa
0  1e-07 277 0

0111000
+401 0 *
Sh

0101100
+400 0 *
So

0100000
+399 0 *
Ve
1e-07
460.110600255063 925.583071435206 430.284019649614
0 0

0101101
*
Ed
 1e-07 1 1 1
2  629 278 0 0 6.28318530717959
0

0101000
+397 0 -397 0 *
Ve
1e-07
460.110600255063 925.583071435206 422.284019649614
0 0

0101101
*
Ed
 1e-07 1 1 0
1  278 0 4.71238898038469 7.85398163397448
3  630 631CN 278 0 4.71238898038469 7.85398163397448
0

0101000
-397 0 +395 0 *
Ed
 1e-07 1 1 1
2  632 278 0 0 6.28318530717959
0

0101000
+395 0 -395 0 *
Wi

0101100
-396 0 +394 0 +393 0 -394 0 *
Fa
0  1e-07 278 0

0111000
+392 0 *
Sh

0101100
+391 0 *
So

0100000
+390 0 *
Ve
1e-07
462.270752989994 924.98811628555 426.370437797298
0 0

0101101
*
Ed
 1e-07 1 1 1
2  633 279 0 0 6.28318530717959
0

0101000
+388 0 -388 0 *
Ve
1e-07
462.270752989994 924.98811628555 418.370437797298
0 0

0101101
*
Ed
 1e-07 1 1 0
1  279 0 4.71238898038469 7.85398163397448
3  634 635CN 279 0 4.71238898038469 7.85398163397448
0

0101000
-388 0 +386 0 *
Ed
 1e-07 1 1 1
2  636 279 0 0 6.28318530717959
0

0101000
+386 0 -386 0 *
Wi

0101100
-387 0 +385 0 +384 0 -385 0 *
Fa
0  1e-07 279 0

0111000
+383 0 *
Sh

0101100
+382 0 *
So

0100000
+381 0 *
Ve
1e-07
464.316844630953 924.393161135894 422.456855944981
0 0

0101101
*
Ed
 1e-07 1 1 1
2  637 280 0 0 6.28318530717959
0

0101000
+379 0 -379 0 *
Ve
1e-07
464.316844630953 924.393161135894 414.456855944981
0 0

0101101
*
Ed
 1e-07 1 1 0
1  280 0 4.71238898038469 7.85398163397448
3  638 639CN 280 0 4.71238898038469 7.85398163397448
0

0101000
-379 0 +377 0 *
Ed
 1e-07 1 1 1
2  640 280 0 0 6.28318530717959
0

0101000
+377 0 -377 0 *
Wi

0101100
-378 0 +376 0 +375 0 -376 0 *
Fa
0  1e-07 280 0

0111000
+374 0 *
Sh

0101100
+373 0 *
So

0100000
+372 0 *
Ve
1e-07
466.248875177939 923.798205986238 418.543274092664
0 0

0101101
*
Ed
 1e-07 1 1 1
2  641 281 0 0 6.28318530717959
0

0101000
+370 0 -370 0 *
Ve
1e-07
466.248875177939 923.798205986238 410.543274092664
0 0

0101101
*
Ed
 1e-07 1 1 0
1  281 0 4.71238898038469 7.85398163397448
3  642 643CN 281 0 4.71238898038469 7.85398163397448
0

0101000
-370 0 +368 0 *
Ed
 1e-07 1 1 1
2  644 281 0 0 6.28318530717959
0

0101000
+368 0 -368 0 *
Wi

0101100
-369 0 +367 0 +366 0 -367 0 *
Fa
0  1e-07 281 0

0111000
+365 0 *
Sh

0101100
+364 0 *
So

0100000
+363 0 *
Ve
1e-07
468.066844630953 923.203250836582 414.629692240348
0 0

0101101
*
Ed
 1e-07 1 1 1
2  645 282 0 0 6.28318530717959
0

0101000
+361 0 -361 0 *
Ve
1e-07
468.066844630953 923.203250836582 406.629692240348
0 0

0101101
*
Ed
 1e-07 1 1 0
1  282 0 4.71238898038469 7.85398163397448
3  646 647CN 282 0 4.71238898038469 7.85398163397448
0

0101000
-361 0 +359 0 *
Ed
 1e-07 1 1 1
2  648 282 0 0 6.28318530717959
0

0101000
+359 0 -359 0 *
Wi

0101100
-360 0 +358 0 +357 0 -358 0 *
Fa
0  1e-07 282 0

0111000
+356 0 *
Sh

0101100
+355 0 *
So

0100000
+354 0 *
Ve
1e-07
469.770752989994 922.608295686926 410.716110388031
0 0

0101101
*
Ed
 1e-07 1 1 1
2  649 283 0 0 6.28318530717959
0

0101000
+352 0 -352 0 *
Ve
1e-07
469.770752989994 922.608295686926 402.716110388031
0 0

0101101
*
Ed
 1e-07 1 1 0
1  283 0 4.71238898038469 7.85398163397448
3  650 651CN 283 0 4.71238898038469 7.85398163397448
0

0101000
-352 0 +350 0 *
Ed
 1e-07 1 1 1
2  652 283 0 0 6.28318530717959
0

0101000
+350 0 -350 0 *
Wi

0101100
-351 0 +349 0 +348 0 -349 0 *
Fa
0  1e-07 283 0

0111000
+347 0 *
Sh

0101100
+346 0 *
So

0100000
+345 0 *
Ve
1e-07
471.360600255063 922.01334053727 406.802528535715
0 0

0101101
*
Ed
 1e-07 1 1 1
2  653 284 0 0 6.28318530717959
0

0101000
+343 0 -343 0 *
Ve
1e-07
471.360600255063 922.01334053727 398.802528535715
0 0

0101101
*
Ed
 1e-07 1 1 0
1  284 0 4.71238898038469 7.85398163397448
3  654 655CN 284 0 4.71238898038469 7.85398163397448
0

0101000
-343 0 +341 0 *
Ed
 1e-07 1 1 1
2  656 284 0 0 6.28318530717959
0

0101000
+341 0 -341 0 *
Wi

0101100
-342 0 +340 0 +339 0 -340 0 *
Fa
0  1e-07 284 0

0111000
+338 0 *
Sh

0101100
+337 0 *
So

0100000
+336 0 *
Ve
1e-07
472.83638642616 921.418385387614 402.888946683398
0 0

0101101
*
Ed
 1e-07 1 1 1
2  657 285 0 0 6.28318530717959
0

0101000
+334 0 -334 0 *
Ve
1e-07
472.83638642616 921.418385387614 394.888946683398
0 0

0101101
*
Ed
 1e-07 1 1 0
1  285 0 4.71238898038469 7.85398163397448
3  658 659CN 285 0 4.71238898038469 7.85398163397448
0

0101000
-334 0 +332 0 *
Ed
 1e-07 1 1 1
2  660 285 0 0 6.28318530717959
0

0101000
+332 0 -332 0 *
Wi

0101100
-333 0 +331 0 +330 0 -331 0 *
Fa
0  1e-07 285 0

0111000
+329 0 *
Sh

0101100
+328 0 *
So

0100000
+327 0 *
Ve
1e-07
474.198111503284 920.823430237958 398.975364831081
0 0

0101101
*
Ed
 1e-07 1 1 1
2  661 286 0 0 6.28318530717959
0

0101000
+325 0 -325 0 *
Ve
1e-07
474.198111503284 920.823430237958 390.975364831081
0 0

0101101
*
Ed
 1e-07 1 1 0
1  286 0 4.71238898038469 7.85398163397448
3  662 663CN 286 0 4.71238898038469 7.85398163397448
0

0101000
-325 0 +323 0 *
Ed
 1e-07 1 1 1
2  664 286 0 0 6.28318530717959
0

0101000
+323 0 -323 0 *
Wi

0101100
-324 0 +322 0 +321 0 -322 0 *
Fa
0  1e-07 286 0

0111000
+320 0 *
Sh

0101100
+319 0 *
So

0100000
+318 0 *
Ve
1e-07
475.445775486436 920.228475088302 395.061782978765
0 0

0101101
*
Ed
 1e-07 1 1 1
2  665 287 0 0 6.28318530717959
0

0101000
+316 0 -316 0 *
Ve
1e-07
475.445775486436 920.228475088302 387.061782978765
0 0

0101101
*
Ed
 1e-07 1 1 0
1  287 0 4.71238898038469 7.85398163397448
3  666 667CN 287 0 4.71238898038469 7.85398163397448
0

0101000
-316 0 +314 0 *
Ed
 1e-07 1 1 1
2  668 287 0 0 6.28318530717959
0

0101000
+314 0 -314 0 *
Wi

0101100
-315 0 +313 0 +312 0 -313 0 *
Fa
0  1e-07 287 0

0111000
+311 0 *
Sh

0101100
+310 0 *
So

0100000
+309 0 *
Ve
1e-07
476.579378375615 919.633519938646 391.148201126448
0 0

0101101
*
Ed
 1e-07 1 1 1
2  669 288 0 0 6.28318530717959
0

0101000
+307 0 -307 0 *
Ve
1e-07
476.579378375615 919.633519938646 383.148201126448
0 0

0101101
*
Ed
 1e-07 1 1 0
1  288 0 4.71238898038469 7.85398163397448
3  670 671CN 288 0 4.71238898038469 7.85398163397448
0

0101000
-307 0 +305 0 *
Ed
 1e-07 1 1 1
2  672 288 0 0 6.28318530717959
0

0101000
+305 0 -305 0 *
Wi

0101100
-306 0 +304 0 +303 0 -304 0 *
Fa
0  1e-07 288 0

0111000
+302 0 *
Sh

0101100
+301 0 *
So

0100000
+300 0 *
Ve
1e-07
477.598920170822 919.03856478899 387.234619274132
0 0

0101101
*
Ed
 1e-07 1 1 1
2  673 289 0 0 6.28318530717959
0

0101000
+298 0 -298 0 *
Ve
1e-07
477.598920170822 919.03856478899 379.234619274132
0 0

0101101
*
Ed
 1e-07 1 1 0
1  289 0 4.71238898038469 7.85398163397448
3  674 675CN 289 0 4.71238898038469 7.85398163397448
0

0101000
-298 0 +296 0 *
Ed
 1e-07 1 1 1
2  676 289 0 0 6.28318530717959
0

0101000
+296 0 -296 0 *
Wi

0101100
-297 0 +295 0 +294 0 -295 0 *
Fa
0  1e-07 289 0

0111000
+293 0 *
Sh

0101100
+292 0 *
So

0100000
+291 0 *
Ve
1e-07
478.504400872056 918.443609639334 383.321037421815
0 0

0101101
*
Ed
 1e-07 1 1 1
2  677 290 0 0 6.28318530717959
0

0101000
+289 0 -289 0 *
Ve
1e-07
478.504400872056 918.443609639334 375.321037421815
0 0

0101101
*
Ed
 1e-07 1 1 0
1  290 0 4.71238898038469 7.85398163397448
3  678 679CN 290 0 4.71238898038469 7.85398163397448
0

0101000
-289 0 +287 0 *
Ed
 1e-07 1 1 1
2  680 290 0 0 6.28318530717959
0

0101000
+287 0 -287 0 *
Wi

0101100
-288 0 +286 0 +285 0 -286 0 *
Fa
0  1e-07 290 0

0111000
+284 0 *
Sh

0101100
+283 0 *
So

0100000
+282 0 *
Ve
1e-07
479.295820479318 917.848654489678 379.407455569498
0 0

0101101
*
Ed
 1e-07 1 1 1
2  681 291 0 0 6.28318530717959
0

0101000
+280 0 -280 0 *
Ve
1e-07
479.295820479318 917.848654489678 371.407455569498
0 0

0101101
*
Ed
 1e-07 1 1 0
1  291 0 4.71238898038469 7.85398163397448
3  682 683CN 291 0 4.71238898038469 7.85398163397448
0

0101000
-280 0 +278 0 *
Ed
 1e-07 1 1 1
2  684 291 0 0 6.28318530717959
0

0101000
+278 0 -278 0 *
Wi

0101100
-279 0 +277 0 +276 0 -277 0 *
Fa
0  1e-07 291 0

0111000
+275 0 *
Sh

0101100
+274 0 *
So

0100000
+273 0 *
Ve
1e-07
479.973178992608 917.253699340022 375.493873717182
0 0

0101101
*
Ed
 1e-07 1 1 1
2  685 292 0 0 6.28318530717959
0

0101000
+271 0 -271 0 *
Ve
1e-07
479.973178992608 917.253699340022 367.493873717182
0 0

0101101
*
Ed
 1e-07 1 1 0
1  292 0 4.71238898038469 7.85398163397448
3  686 687CN 292 0 4.71238898038469 7.85398163397448
0

0101000
-271 0 +269 0 *
Ed
 1e-07 1 1 1
2  688 292 0 0 6.28318530717959
0

0101000
+269 0 -269 0 *
Wi

0101100
-270 0 +268 0 +267 0 -268 0 *
Fa
0  1e-07 292 0

0111000
+266 0 *
Sh

0101100
+265 0 *
So

0100000
+264 0 *
Ve
1e-07
480.536476411925 916.658744190366 371.580291864865
0 0

0101101
*
Ed
 1e-07 1 1 1
2  689 293 0 0 6.28318530717959
0

0101000
+262 0 -262 0 *
Ve
1e-07
480.536476411925 916.658744190366 363.580291864865
0 0

0101101
*
Ed
 1e-07 1 1 0
1  293 0 4.71238898038469 7.85398163397448
3  690 691CN 293 0 4.71238898038469 7.85398163397448
0

0101000
-262 0 +260 0 *
Ed
 1e-07 1 1 1
2  692 293 0 0 6.28318530717959
0

0101000
+260 0 -260 0 *
Wi

0101100
-261 0 +259 0 +258 0 -259 0 *
Fa
0  1e-07 293 0

0111000
+257 0 *
Sh

0101100
+256 0 *
So

0100000
+255 0 *
Ve
1e-07
480.985712737269 916.063789040711 367.666710012548
0 0

0101101
*
Ed
 1e-07 1 1 1
2  693 294 0 0 6.28318530717959
0

0101000
+253 0 -253 0 *
Ve
1e-07
480.985712737269 916.063789040711 359.666710012548
0 0

0101101
*
Ed
 1e-07 1 1 0
1  294 0 4.71238898038469 7.85398163397448
3  694 695CN 294 0 4.71238898038469 7.85398163397448
0

0101000
-253 0 +251 0 *
Ed
 1e-07 1 1 1
2  696 294 0 0 6.28318530717959
0

0101000
+251 0 -251 0 *
Wi

0101100
-252 0 +250 0 +249 0 -250 0 *
Fa
0  1e-07 294 0

0111000
+248 0 *
Sh

0101100
+247 0 *
So

0100000
+246 0 *
Ve
1e-07
481.320887968642 915.468833891055 363.753128160232
0 0

0101101
*
Ed
 1e-07 1 1 1
2  697 295 0 0 6.28318530717959
0

0101000
+244 0 -244 0 *
Ve
1e-07
481.320887968642 915.468833891055 355.753128160232
0 0

0101101
*
Ed
 1e-07 1 1 0
1  295 0 4.71238898038469 7.85398163397448
3  698 699CN 295 0 4.71238898038469 7.85398163397448
0

0101000
-244 0 +242 0 *
Ed
 1e-07 1 1 1
2  700 295 0 0 6.28318530717959
0

0101000
+242 0 -242 0 *
Wi

0101100
-243 0 +241 0 +240 0 -241 0 *
Fa
0  1e-07 295 0

0111000
+239 0 *
Sh

0101100
+238 0 *
So

0100000
+237 0 *
Ve
1e-07
481.542002106042 914.873878741399 359.839546307915
0 0

0101101
*
Ed
 1e-07 1 1 1
2  701 296 0 0 6.28318530717959
0

0101000
+235 0 -235 0 *
Ve
1e-07
481.542002106042 914.873878741399 351.839546307915
0 0

0101101
*
Ed
 1e-07 1 1 0
1  296 0 4.71238898038469 7.85398163397448
3  702 703CN 296 0 4.71238898038469 7.85398163397448
0

0101000
-235 0 +233 0 *
Ed
 1e-07 1 1 1
2  704 296 0 0 6.28318530717959
0

0101000
+233 0 -233 0 *
Wi

0101100
-234 0 +232 0 +231 0 -232 0 *
Fa
0  1e-07 296 0

0111000
+230 0 *
Sh

0101100
+229 0 *
So

0100000
+228 0 *
Ve
1e-07
481.649055149469 914.278923591743 355.925964455599
0 0

0101101
*
Ed
 1e-07 1 1 1
2  705 297 0 0 6.28318530717959
0

0101000
+226 0 -226 0 *
Ve
1e-07
481.649055149469 914.278923591743 347.925964455599
0 0

0101101
*
Ed
 1e-07 1 1 0
1  297 0 4.71238898038469 7.85398163397448
3  706 707CN 297 0 4.71238898038469 7.85398163397448
0

0101000
-226 0 +224 0 *
Ed
 1e-07 1 1 1
2  708 297 0 0 6.28318530717959
0

0101000
+224 0 -224 0 *
Wi

0101100
-225 0 +223 0 +222 0 -223 0 *
Fa
0  1e-07 297 0

0111000
+221 0 *
Sh

0101100
+220 0 *
So

0100000
+219 0 *
Ve
1e-07
481.642047098924 913.683968442087 352.012382603282
0 0

0101101
*
Ed
 1e-07 1 1 1
2  709 298 0 0 6.28318530717959
0

0101000
+217 0 -217 0 *
Ve
1e-07
481.642047098924 913.683968442087 344.012382603282
0 0

0101101
*
Ed
 1e-07 1 1 0
1  298 0 4.71238898038469 7.85398163397448
3  710 711CN 298 0 4.71238898038469 7.85398163397448
0

0101000
-217 0 +215 0 *
Ed
 1e-07 1 1 1
2  712 298 0 0 6.28318530717959
0

0101000
+215 0 -215 0 *
Wi

0101100
-216 0 +214 0 +213 0 -214 0 *
Fa
0  1e-07 298 0

0111000
+212 0 *
Sh

0101100
+211 0 *
So

0100000
+210 0 *
Ve
1e-07
481.520977954407 913.089013292431 348.098800750965
0 0

0101101
*
Ed
 1e-07 1 1 1
2  713 299 0 0 6.28318530717959
0

0101000
+208 0 -208 0 *
Ve
1e-07
481.520977954407 913.089013292431 340.098800750965
0 0

0101101
*
Ed
 1e-07 1 1 0
1  299 0 4.71238898038469 7.85398163397448
3  714 715CN 299 0 4.71238898038469 7.85398163397448
0

0101000
-208 0 +206 0 *
Ed
 1e-07 1 1 1
2  716 299 0 0 6.28318530717959
0

0101000
+206 0 -206 0 *
Wi

0101100
-207 0 +205 0 +204 0 -205 0 *
Fa
0  1e-07 299 0

0111000
+203 0 *
Sh

0101100
+202 0 *
So

0100000
+201 0 *
Ve
1e-07
481.285847715917 912.494058142775 344.185218898649
0 0

0101101
*
Ed
 1e-07 1 1 1
2  717 300 0 0 6.28318530717959
0

0101000
+199 0 -199 0 *
Ve
1e-07
481.285847715917 912.494058142775 336.185218898649
0 0

0101101
*
Ed
 1e-07 1 1 0
1  300 0 4.71238898038469 7.85398163397448
3  718 719CN 300 0 4.71238898038469 7.85398163397448
0

0101000
-199 0 +197 0 *
Ed
 1e-07 1 1 1
2  720 300 0 0 6.28318530717959
0

0101000
+197 0 -197 0 *
Wi

0101100
-198 0 +196 0 +195 0 -196 0 *
Fa
0  1e-07 300 0

0111000
+194 0 *
Sh

0101100
+193 0 *
So

0100000
+192 0 *
Ve
1e-07
480.936656383454 911.899102993119 340.271637046332
0 0

0101101
*
Ed
 1e-07 1 1 1
2  721 301 0 0 6.28318530717959
0

0101000
+190 0 -190 0 *
Ve
1e-07
480.936656383454 911.899102993119 332.271637046332
0 0

0101101
*
Ed
 1e-07 1 1 0
1  301 0 4.71238898038469 7.85398163397448
3  722 723CN 301 0 4.71238898038469 7.85398163397448
0

0101000
-190 0 +188 0 *
Ed
 1e-07 1 1 1
2  724 301 0 0 6.28318530717959
0

0101000
+188 0 -188 0 *
Wi

0101100
-189 0 +187 0 +186 0 -187 0 *
Fa
0  1e-07 301 0

0111000
+185 0 *
Sh

0101100
+184 0 *
So

0100000
+183 0 *
Ve
1e-07
480.47340395702 911.304147843463 336.358055194016
0 0

0101101
*
Ed
 1e-07 1 1 1
2  725 302 0 0 6.28318530717959
0

0101000
+181 0 -181 0 *
Ve
1e-07
480.47340395702 911.304147843463 328.358055194016
0 0

0101101
*
Ed
 1e-07 1 1 0
1  302 0 4.71238898038469 7.85398163397448
3  726 727CN 302 0 4.71238898038469 7.85398163397448
0

0101000
-181 0 +179 0 *
Ed
 1e-07 1 1 1
2  728 302 0 0 6.28318530717959
0

0101000
+179 0 -179 0 *
Wi

0101100
-180 0 +178 0 +177 0 -178 0 *
Fa
0  1e-07 302 0

0111000
+176 0 *
Sh

0101100
+175 0 *
So

0100000
+174 0 *
Ve
1e-07
479.896090436613 910.709192693807 332.444473341699
0 0

0101101
*
Ed
 1e-07 1 1 1
2  729 303 0 0 6.28318530717959
0

0101000
+172 0 -172 0 *
Ve
1e-07
479.896090436613 910.709192693807 324.444473341699
0 0

0101101
*
Ed
 1e-07 1 1 0
1  303 0 4.71238898038469 7.85398163397448
3  730 731CN 303 0 4.71238898038469 7.85398163397448
0

0101000
-172 0 +170 0 *
Ed
 1e-07 1 1 1
2  732 303 0 0 6.28318530717959
0

0101000
+170 0 -170 0 *
Wi

0101100
-171 0 +169 0 +168 0 -169 0 *
Fa
0  1e-07 303 0

0111000
+167 0 *
Sh

0101100
+166 0 *
So

0100000
+165 0 *
Ve
1e-07
479.204715822233 910.114237544151 328.530891489382
0 0

0101101
*
Ed
 1e-07 1 1 1
2  733 304 0 0 6.28318530717959
0

0101000
+163 0 -163 0 *
Ve
1e-07
479.204715822233 910.114237544151 320.530891489382
0 0

0101101
*
Ed
 1e-07 1 1 0
1  304 0 4.71238898038469 7.85398163397448
3  734 735CN 304 0 4.71238898038469 7.85398163397448
0

0101000
-163 0 +161 0 *
Ed
 1e-07 1 1 1
2  736 304 0 0 6.28318530717959
0

0101000
+161 0 -161 0 *
Wi

0101100
-162 0 +160 0 +159 0 -160 0 *
Fa
0  1e-07 304 0

0111000
+158 0 *
Sh

0101100
+157 0 *
So

0100000
+156 0 *
Ve
1e-07
478.399280113881 909.519282394495 324.617309637066
0 0

0101101
*
Ed
 1e-07 1 1 1
2  737 305 0 0 6.28318530717959
0

0101000
+154 0 -154 0 *
Ve
1e-07
478.399280113881 909.519282394495 316.617309637066
0 0

0101101
*
Ed
 1e-07 1 1 0
1  305 0 4.71238898038469 7.85398163397448
3  738 739CN 305 0 4.71238898038469 7.85398163397448
0

0101000
-154 0 +152 0 *
Ed
 1e-07 1 1 1
2  740 305 0 0 6.28318530717959
0

0101000
+152 0 -152 0 *
Wi

0101100
-153 0 +151 0 +150 0 -151 0 *
Fa
0  1e-07 305 0

0111000
+149 0 *
Sh

0101100
+148 0 *
So

0100000
+147 0 *
Ve
1e-07
477.479783311557 908.924327244839 320.703727784749
0 0

0101101
*
Ed
 1e-07 1 1 1
2  741 306 0 0 6.28318530717959
0

0101000
+145 0 -145 0 *
Ve
1e-07
477.479783311557 908.924327244839 312.703727784749
0 0

0101101
*
Ed
 1e-07 1 1 0
1  306 0 4.71238898038469 7.85398163397448
3  742 743CN 306 0 4.71238898038469 7.85398163397448
0

0101000
-145 0 +143 0 *
Ed
 1e-07 1 1 1
2  744 306 0 0 6.28318530717959
0

0101000
+143 0 -143 0 *
Wi

0101100
-144 0 +142 0 +141 0 -142 0 *
Fa
0  1e-07 306 0

0111000
+140 0 *
Sh

0101100
+139 0 *
So

0100000
+138 0 *
Ve
1e-07
476.44622541526 908.329372095183 316.790145932433
0 0

0101101
*
Ed
 1e-07 1 1 1
2  745 307 0 0 6.28318530717959
0

0101000
+136 0 -136 0 *
Ve
1e-07
476.44622541526 908.329372095183 308.790145932433
0 0

0101101
*
Ed
 1e-07 1 1 0
1  307 0 4.71238898038469 7.85398163397448
3  746 747CN 307 0 4.71238898038469 7.85398163397448
0

0101000
-136 0 +134 0 *
Ed
 1e-07 1 1 1
2  748 307 0 0 6.28318530717959
0

0101000
+134 0 -134 0 *
Wi

0101100
-135 0 +133 0 +132 0 -133 0 *
Fa
0  1e-07 307 0

0111000
+131 0 *
Sh

0101100
+130 0 *
So

0100000
+129 0 *
Ve
1e-07
475.298606424991 907.734416945527 312.876564080116
0 0

0101101
*
Ed
 1e-07 1 1 1
2  749 308 0 0 6.28318530717959
0

0101000
+127 0 -127 0 *
Ve
1e-07
475.298606424991 907.734416945527 304.876564080116
0 0

0101101
*
Ed
 1e-07 1 1 0
1  308 0 4.71238898038469 7.85398163397448
3  750 751CN 308 0 4.71238898038469 7.85398163397448
0

0101000
-127 0 +125 0 *
Ed
 1e-07 1 1 1
2  752 308 0 0 6.28318530717959
0

0101000
+125 0 -125 0 *
Wi

0101100
-126 0 +124 0 +123 0 -124 0 *
Fa
0  1e-07 308 0

0111000
+122 0 *
Sh

0101100
+121 0 *
So

0100000
+120 0 *
Ve
1e-07
474.036926340749 907.139461795871 308.962982227799
0 0

0101101
*
Ed
 1e-07 1 1 1
2  753 309 0 0 6.28318530717959
0

0101000
+118 0 -118 0 *
Ve
1e-07
474.036926340749 907.139461795871 300.962982227799
0 0

0101101
*
Ed
 1e-07 1 1 0
1  309 0 4.71238898038469 7.85398163397448
3  754 755CN 309 0 4.71238898038469 7.85398163397448
0

0101000
-118 0 +116 0 *
Ed
 1e-07 1 1 1
2  756 309 0 0 6.28318530717959
0

0101000
+116 0 -116 0 *
Wi

0101100
-117 0 +115 0 +114 0 -115 0 *
Fa
0  1e-07 309 0

0111000
+113 0 *
Sh

0101100
+112 0 *
So

0100000
+111 0 *
Ve
1e-07
472.661185162535 906.544506646215 305.049400375483
0 0

0101101
*
Ed
 1e-07 1 1 1
2  757 310 0 0 6.28318530717959
0

0101000
+109 0 -109 0 *
Ve
1e-07
472.661185162535 906.544506646215 297.049400375483
0 0

0101101
*
Ed
 1e-07 1 1 0
1  310 0 4.71238898038469 7.85398163397448
3  758 759CN 310 0 4.71238898038469 7.85398163397448
0

0101000
-109 0 +107 0 *
Ed
 1e-07 1 1 1
2  760 310 0 0 6.28318530717959
0

0101000
+107 0 -107 0 *
Wi

0101100
-108 0 +106 0 +105 0 -106 0 *
Fa
0  1e-07 310 0

0111000
+104 0 *
Sh

0101100
+103 0 *
So

0100000
+102 0 *
Ve
1e-07
471.171382890348 905.949551496559 301.135818523166
0 0

0101101
*
Ed
 1e-07 1 1 1
2  761 311 0 0 6.28318530717959
0

0101000
+100 0 -100 0 *
Ve
1e-07
471.171382890348 905.949551496559 293.135818523166
0 0

0101101
*
Ed
 1e-07 1 1 0
1  311 0 4.71238898038469 7.85398163397448
3  762 763CN 311 0 4.71238898038469 7.85398163397448
0

0101000
-100 0 +98 0 *
Ed
 1e-07 1 1 1
2  764 311 0 0 6.28318530717959
0

0101000
+98 0 -98 0 *
Wi

0101100
-99 0 +97 0 +96 0 -97 0 *
Fa
0  1e-07 311 0

0111000
+95 0 *
Sh

0101100
+94 0 *
So

0100000
+93 0 *
Ve
1e-07
469.567519524189 905.354596346904 297.222236670849
0 0

0101101
*
Ed
 1e-07 1 1 1
2  765 312 0 0 6.28318530717959
0

0101000
+91 0 -91 0 *
Ve
1e-07
469.567519524189 905.354596346904 289.222236670849
0 0

0101101
*
Ed
 1e-07 1 1 0
1  312 0 4.71238898038469 7.85398163397448
3  766 767CN 312 0 4.71238898038469 7.85398163397448
0

0101000
-91 0 +89 0 *
Ed
 1e-07 1 1 1
2  768 312 0 0 6.28318530717959
0

0101000
+89 0 -89 0 *
Wi

0101100
-90 0 +88 0 +87 0 -88 0 *
Fa
0  1e-07 312 0

0111000
+86 0 *
Sh

0101100
+85 0 *
So

0100000
+84 0 *
Ve
1e-07
467.849595064058 904.759641197248 293.308654818533
0 0

0101101
*
Ed
 1e-07 1 1 1
2  769 313 0 0 6.28318530717959
0

0101000
+82 0 -82 0 *
Ve
1e-07
467.849595064058 904.759641197248 285.308654818533
0 0

0101101
*
Ed
 1e-07 1 1 0
1  313 0 4.71238898038469 7.85398163397448
3  770 771CN 313 0 4.71238898038469 7.85398163397448
0

0101000
-82 0 +80 0 *
Ed
 1e-07 1 1 1
2  772 313 0 0 6.28318530717959
0

0101000
+80 0 -80 0 *
Wi

0101100
-81 0 +79 0 +78 0 -79 0 *
Fa
0  1e-07 313 0

0111000
+77 0 *
Sh

0101100
+76 0 *
So

0100000
+75 0 *
Ve
1e-07
466.017609509954 904.164686047592 289.395072966216
0 0

0101101
*
Ed
 1e-07 1 1 1
2  773 314 0 0 6.28318530717959
0

0101000
+73 0 -73 0 *
Ve
1e-07
466.017609509954 904.164686047592 281.395072966216
0 0

0101101
*
Ed
 1e-07 1 1 0
1  314 0 4.71238898038469 7.85398163397448
3  774 775CN 314 0 4.71238898038469 7.85398163397448
0

0101000
-73 0 +71 0 *
Ed
 1e-07 1 1 1
2  776 314 0 0 6.28318530717959
0

0101000
+71 0 -71 0 *
Wi

0101100
-72 0 +70 0 +69 0 -70 0 *
Fa
0  1e-07 314 0

0111000
+68 0 *
Sh

0101100
+67 0 *
So

0100000
+66 0 *
Ve
1e-07
464.071562861878 903.569730897936 285.4814911139
0 0

0101101
*
Ed
 1e-07 1 1 1
2  777 315 0 0 6.28318530717959
0

0101000
+64 0 -64 0 *
Ve
1e-07
464.071562861878 903.569730897936 277.4814911139
0 0

0101101
*
Ed
 1e-07 1 1 0
1  315 0 4.71238898038469 7.85398163397448
3  778 779CN 315 0 4.71238898038469 7.85398163397448
0

0101000
-64 0 +62 0 *
Ed
 1e-07 1 1 1
2  780 315 0 0 6.28318530717959
0

0101000
+62 0 -62 0 *
Wi

0101100
-63 0 +61 0 +60 0 -61 0 *
Fa
0  1e-07 315 0

0111000
+59 0 *
Sh

0101100
+58 0 *
So

0100000
+57 0 *
Ve
1e-07
462.01145511983 902.97477574828 281.567909261583
0 0

0101101
*
Ed
 1e-07 1 1 1
2  781 316 0 0 6.28318530717959
0

0101000
+55 0 -55 0 *
Ve
1e-07
462.01145511983 902.97477574828 273.567909261583
0 0

0101101
*
Ed
 1e-07 1 1 0
1  316 0 4.71238898038469 7.85398163397448
3  782 783CN 316 0 4.71238898038469 7.85398163397448
0

0101000
-55 0 +53 0 *
Ed
 1e-07 1 1 1
2  784 316 0 0 6.28318530717959
0

0101000
+53 0 -53 0 *
Wi

0101100
-54 0 +52 0 +51 0 -52 0 *
Fa
0  1e-07 316 0

0111000
+50 0 *
Sh

0101100
+49 0 *
So

0100000
+48 0 *
Ve
1e-07
459.837286283808 902.379820598624 277.654327409266
0 0

0101101
*
Ed
 1e-07 1 1 1
2  785 317 0 0 6.28318530717959
0

0101000
+46 0 -46 0 *
Ve
1e-07
459.837286283808 902.379820598624 269.654327409266
0 0

0101101
*
Ed
 1e-07 1 1 0
1  317 0 4.71238898038469 7.85398163397448
3  786 787CN 317 0 4.71238898038469 7.85398163397448
0

0101000
-46 0 +44 0 *
Ed
 1e-07 1 1 1
2  788 317 0 0 6.28318530717959
0

0101000
+44 0 -44 0 *
Wi

0101100
-45 0 +43 0 +42 0 -43 0 *
Fa
0  1e-07 317 0

0111000
+41 0 *
Sh

0101100
+40 0 *
So

0100000
+39 0 *
Ve
1e-07
457.549056353815 901.784865448968 273.74074555695
0 0

0101101
*
Ed
 1e-07 1 1 1
2  789 318 0 0 6.28318530717959
0

0101000
+37 0 -37 0 *
Ve
1e-07
457.549056353815 901.784865448968 265.74074555695
0 0

0101101
*
Ed
 1e-07 1 1 0
1  318 0 4.71238898038469 7.85398163397448
3  790 791CN 318 0 4.71238898038469 7.85398163397448
0

0101000
-37 0 +35 0 *
Ed
 1e-07 1 1 1
2  792 318 0 0 6.28318530717959
0

0101000
+35 0 -35 0 *
Wi

0101100
-36 0 +34 0 +33 0 -34 0 *
Fa
0  1e-07 318 0

0111000
+32 0 *
Sh

0101100
+31 0 *
So

0100000
+30 0 *
Ve
1e-07
455.146765329849 901.189910299312 269.827163704633
0 0

0101101
*
Ed
 1e-07 1 1 1
2  793 319 0 0 6.28318530717959
0

0101000
+28 0 -28 0 *
Ve
1e-07
455.146765329849 901.189910299312 261.827163704633
0 0

0101101
*
Ed
 1e-07 1 1 0
1  319 0 4.71238898038469 7.85398163397448
3  794 795CN 319 0 4.71238898038469 7.85398163397448
0

0101000
-28 0 +26 0 *
Ed
 1e-07 1 1 1
2  796 319 0 0 6.28318530717959
0

0101000
+26 0 -26 0 *
Wi

0101100
-27 0 +25 0 +24 0 -25 0 *
Fa
0  1e-07 319 0

0111000
+23 0 *
Sh

0101100
+22 0 *
So

0100000
+21 0 *
Ve
1e-07
452.630413211911 900.594955149656 265.913581852317
0 0

0101101
*
Ed
 1e-07 1 1 1
2  797 320 0 0 6.28318530717959
0

0101000
+19 0 -19 0 *
Ve
1e-07
452.630413211911 900.594955149656 257.913581852317
0 0

0101101
*
Ed
 1e-07 1 1 0
1  320 0 4.71238898038469 7.85398163397448
3  798 799CN 320 0 4.71238898038469 7.85398163397448
0

0101000
-19 0 +17 0 *
Ed
 1e-07 1 1 1
2  800 320 0 0 6.28318530717959
0

0101000
+17 0 -17 0 *
Wi

0101100
-18 0 +16 0 +15 0 -16 0 *
Fa
0  1e-07 320 0

0111000
+14 0 *
Sh

0101100
+13 0 *
So

0100000
+12 0 *
Ve
1e-07
450 900 262
0 0

0101101
*
Ed
 1e-07 1 1 1
2  801 321 0 0 6.28318530717959
0

0101000
+10 0 -10 0 *
Ve
1e-07
450 900 254
0 0

0101101
*
Ed
 1e-07 1 1 0
1  321 0 4.71238898038469 7.85398163397448
3  802 803CN 321 0 4.71238898038469 7.85398163397448
0

0101000
-10 0 +8 0 *
Ed
 1e-07 1 1 1
2  804 321 0 0 6.28318530717959
0

0101000
+8 0 -8 0 *
Wi

0101100
-9 0 +7 0 +6 0 -7 0 *
Fa
0  1e-07 321 0

0111000
+5 0 *
Sh

0101100
+4 0 *
So

0100000
+3 0 *
Co

0100000
+1758 0 +1745 0 +1732 0 +1719 0 +1706 0 +1693 0 +1680 0 +1667 0 +1654 0 +1641 0 
+1628 0 +1615 0 +1602 0 +1589 0 +1576 0 +1563 0 +1550 0 +1537 0 +1524 0 +1511 0 
+1498 0 +1485 0 +1472 0 +1459 0 +1446 0 +1433 0 +1420 0 +1407 0 +1394 0 +1381 0 
+1368 0 +1355 0 +1342 0 +1329 0 +1316 0 +1303 0 +1290 0 +1277 0 +1264 0 +1251 0 
+1238 0 +1225 0 +1212 0 +1199 0 +1186 0 +1173 0 +1160 0 +1147 0 +1134 0 +1121 0 
+1108 0 +1095 0 +1082 0 +1069 0 +1056 0 +1043 0 +1030 0 +1017 0 +1004 0 +991 0 
+978 0 +965 0 +952 0 +939 0 +926 0 +913 0 +900 0 +887 0 +874 0 +861 0 
+848 0 +835 0 +822 0 +809 0 +796 0 +783 0 +770 0 +757 0 +744 0 +731 0 
+722 0 +713 0 +704 0 +695 0 +686 0 +677 0 +668 0 +659 0 +650 0 +641 0 
+632 0 +623 0 +614 0 +605 0 +596 0 +587 0 +578 0 +569 0 +560 0 +551 0 
+542 0 +533 0 +524 0 +515 0 +506 0 +497 0 +488 0 +479 0 +470 0 +461 0 
+452 0 +443 0 +434 0 +425 0 +416 0 +407 0 +398 0 +389 0 +380 0 +371 0 
+362 0 +353 0 +344 0 +335 0 +326 0 +317 0 +308 0 +299 0 +290 0 +281 0 
+272 0 +263 0 +254 0 +245 0 +236 0 +227 0 +218 0 +209 0 +200 0 +191 0 
+182 0 +173 0 +164 0 +155 0 +146 0 +137 0 +128 0 +119 0 +110 0 +101 0 
+92 0 +83 0 +74 0 +65 0 +56 0 +47 0 +38 0 +29 0 +20 0 +11 0 
+2 0 *

+1 0 